X_test_index,quantile,pl_mass_pred,pl_rade_pred,pl_mass,pl_rade
1224,0.05,20.772147289318546,5.013351222254276,29.55,5.94241
475,0.05,27.92533837467245,5.294883348531963,77.13,10.417
1838,0.05,4.569936115734834,1.848550933852122,4.41,1.92318
1199,0.05,4.817377714195291,2.337967384486936,9.3,3.01287
53,0.05,4.660515623319137,1.9713542418589238,7.04,2.54474
1408,0.05,51.135397418863676,6.906694406117514,112.81,13.0531
1654,0.05,30.25398044901822,6.665507248596072,36.24,6.70553
18,0.05,28.431670169742432,7.99789198104341,76.0,10.32616195
731,0.05,12.26687150789455,3.5174323707001744,15.91,4.12435
1374,0.05,36.38102764714285,7.03543630238586,33.76,7.024177621489566
233,0.05,36.118591190606665,6.80792209498585,55.83,8.612116336
1390,0.05,43.32385424016625,7.5724075101281025,125.31,13.8742
621,0.05,28.7448399935856,6.086110391246453,68.34,9.70968
427,0.05,5.043304013607125,2.0240557138126407,6.82,2.50355
187,0.05,6.934717052700946,2.4249989077658367,21.79,4.952313354
1029,0.05,2.119493382143296,1.2549439187913003,3.27,1.62297957
390,0.05,40.77351449856566,7.318908410007822,82.55,10.8261
457,0.05,63.15838666583702,7.871519975731741,117.29,7.024177621489566
156,0.05,5.692976367348442,2.0550438533397593,13.61,4.509178613
1337,0.05,35.04284137104145,8.473320254336663,79.11,10.5731
1649,0.05,6.785620843643247,2.3912215037459754,7.06,2.54445
1628,0.05,62.129652164517154,8.773415635103934,112.16,12.9734
616,0.05,55.245322850305655,8.486239369868548,109.15,12.8076
726,0.05,8.549929404235279,3.093640474257921,122.07,13.6402
473,0.05,17.88550945175012,4.987598974052305,64.55,9.36472
853,0.05,2.8610241105081164,1.3876742406134364,4.59,1.980635825
1720,0.05,54.54393212464338,7.551662977049368,120.83,13.5597
1834,0.05,22.194178902161397,4.6277215128787414,60.85,9.059590395
440,0.05,38.229829368537224,7.0851773423501,55.55,8.56637
303,0.05,1.2013617182590086,1.0462136164056481,1.95,1.214566424
519,0.05,14.763164709379392,3.7154364726944347,21.07,4.86242
191,0.05,11.619863280252149,3.235394542511148,14.68,3.924832159
6,0.05,66.09667990896173,9.257755575898264,113.71,13.08687204
962,0.05,24.609822640128684,6.5438681291388265,29.29,7.024177621489566
434,0.05,21.631870877405547,5.176419661433666,90.34,11.8344
1693,0.05,2.1745803482378943,1.4090235792160775,2.52,1.393219042
412,0.05,5.574829600499085,2.2679745534172255,7.25,2.58794
124,0.05,21.460175005912475,5.107031656371599,43.24,6.99891
1768,0.05,1.0552110270781563,1.0664349138335725,0.86,0.965061868
1617,0.05,23.786594001362282,5.136434043921741,28.01,5.739561697
1294,0.05,11.726272367878881,3.8151895086869425,16.34,4.16809
318,0.05,0.8023275900431031,0.9104376321853904,0.56,0.856692464
17,0.05,89.22860542630112,10.659883674666188,124.3,13.79115826
1758,0.05,15.270559392676635,4.128709400146829,19.35,4.615
80,0.05,5.009893669142365,1.9872262135080463,19.13,2.432614
479,0.05,4.820237400425974,2.215889897685855,6.52,2.43432
744,0.05,14.902439149183355,3.8366409979537988,74.3,4.06597
963,0.05,3.9599646300412656,2.0005437730968576,4.31,1.90837771
135,0.05,47.721400252763324,7.65154359151325,94.26,11.7171
847,0.05,12.689708818354385,3.7885452700911735,23.64,5.21152
118,0.05,7.376150327252563,2.3722459530551863,11.71,3.435910248
85,0.05,2.4010192451239822,1.3564112377665867,3.61,1.741587
1103,0.05,51.25599346683107,7.243261324174594,92.98,11.62586504
1379,0.05,8.721238466927751,2.7481232566598495,11.82,3.44576
1789,0.05,0.24626650258449692,0.7939563255726171,0.63,0.885684603
1045,0.05,2.702135685112384,1.2394766174228726,7.43,2.629079023
792,0.05,11.123522928773452,3.207602999117765,14.5,3.90515
47,0.05,0.5451230408310146,0.8549589180322491,0.88,0.969819
77,0.05,10.418517839280893,3.772850307697609,56.57,8.85869
904,0.05,57.73189653183511,8.19077593065812,94.7,11.7215
107,0.05,48.34349949752147,7.411915757574821,108.69,12.74428382
1461,0.05,21.999539792876423,4.742535249039966,21.53,4.916984204
1856,0.05,47.57023676965139,8.199215243824758,109.94,12.82971612
30,0.05,28.045526421869635,6.482575783326473,43.22,7.42915
1437,0.05,2.7106543720375855,1.5366970771756507,2.3,1.318046443
596,0.05,19.935556208884062,4.6688363593312205,114.56,13.1383
1672,0.05,1.0554077004736335,0.983245019790145,1.38,1.101762401
1236,0.05,28.54305036973391,6.597519344820697,49.35,7.024177621489566
425,0.05,5.942560568927476,3.0147731149901054,19.67,4.66502
361,0.05,38.76002483279549,11.196333901467183,105.75,12.53990524
991,0.05,2.621816458266626,1.672624452189941,7.8,2.705027839
1728,0.05,9.303345416624865,2.8635501032951884,21.12,4.862440485
1780,0.05,46.43229526813272,7.772397432668989,77.3,10.4307
862,0.05,5.762499502433229,2.2343344595451664,8.15,2.77807
1723,0.05,64.12588702113202,7.37430503429908,92.69,11.6029
1239,0.05,34.09441215735198,6.85824261662827,40.44,7.13535
655,0.05,27.43571835689801,5.391150250511308,83.22,10.8884
883,0.05,5.799487479057373,2.1098047465996186,6.68,2.47030768
1599,0.05,7.158068950744546,2.805062770854671,9.39,3.00633
871,0.05,7.54179987554571,2.742878792102891,10.75,3.2807
1424,0.05,64.11174324798286,8.614687697584369,76.73,10.4386
1609,0.05,45.61820125534836,7.946694280710181,126.51,13.9433
326,0.05,4.799230600641819,1.9352474953801773,5.7,2.24794
1317,0.05,61.0209373273619,9.184349066794583,74.94,10.24074428
985,0.05,5.315000636098096,2.4158469096592956,6.69,2.47118
1476,0.05,7.506649111176033,2.6188462544400446,7.58,2.660025534
175,0.05,6.0789584661679,2.253834258657745,21.14,4.87824
1656,0.05,28.63521677887684,5.807752952752834,28.87,5.8474
557,0.05,7.419342764169614,2.316900629664336,11.57,3.412480023
1101,0.05,5.331248839174447,2.7645572237859106,19.85,4.517045331
459,0.05,43.10030164602513,7.0443716596941215,128.46,14.0608342
712,0.05,2.6585144541644827,1.4163504834929381,5.49,2.20071815
679,0.05,49.297717283276164,7.745598158800238,72.76,10.0433
923,0.05,10.198617595557797,3.47938016624183,14.47,3.89334
553,0.05,5.47369454361572,2.307706354319362,9.11,2.964146098
1182,0.05,15.25501320298237,4.099495427428294,47.07,7.82059
249,0.05,76.39157760710233,9.837807760108024,94.77,11.75690439
310,0.05,31.15001205972433,6.877717593331689,75.59,10.264
658,0.05,13.190764446451935,3.4823151987044274,17.25,4.31235
217,0.05,1.0266602473834503,1.0759813784592516,2.42,1.35917743
896,0.05,1.3780970593720128,1.1878210588679716,2.86,1.499704002
958,0.05,28.560464296465344,6.807236577547539,30.66,7.024177621489566
458,0.05,24.97421783577006,3.570885855474441,28.62,7.024177621489566
1695,0.05,25.296432103937494,4.953120100799687,39.6,7.03413
666,0.05,8.9973404735862,3.4771587068036043,34.8,6.35126
489,0.05,74.98744206354449,10.334616682048518,117.42,13.33687048
969,0.05,9.208121017228777,2.9957095859368414,12.74,3.60283
674,0.05,2.2557732041026206,1.3282909664565448,2.52,1.39527
1315,0.05,51.205635148652775,8.39120581258354,85.72,11.0715
1205,0.05,9.495569497312726,2.841182091055452,12.83,3.62818
1498,0.05,77.79317069746959,9.475640565160367,100.58,12.1616
743,0.05,26.10958756432253,6.512271610539717,36.91,7.024177621489566
1276,0.05,37.32229842077008,7.150003466703085,71.58,9.96751
1844,0.05,23.085948046343567,4.932560997933968,30.67,6.0323
148,0.05,22.163109179412494,5.329527545862876,101.78,12.2412
1074,0.05,62.0097600624029,8.779807620692175,113.65,13.0889
1497,0.05,6.338079127656462,2.340549760799132,7.58,2.65245
1416,0.05,65.43031401613017,8.794365315594733,69.6,9.82252
587,0.05,55.3821904739177,7.4630299615244065,105.95,12.55419255
517,0.05,8.469082322154739,3.0093887207871868,13.61,3.754833321
1661,0.05,8.173628050093177,2.543086168009124,12.36,3.548343316
1286,0.05,62.99130319346757,9.556792403921975,119.59,13.4003
76,0.05,0.9186362155312436,1.1242222316701067,2.12,1.671618
1081,0.05,2.9736309647227714,1.6266405302496372,3.42,1.666703009
1415,0.05,27.475040116489193,6.083345314736508,74.93,7.024177621489566
999,0.05,4.231913321127168,2.1490919664386317,28.55,5.805449843
1732,0.05,6.797478001887955,2.2499878727242524,2.72,1.455123436
593,0.05,34.46357708239966,7.045756595092987,69.0,9.754848091
1573,0.05,7.389521447211177,2.873127668953915,9.44,3.02618
262,0.05,94.13095381564139,10.50047105472671,116.99,13.30845019
1533,0.05,35.497819288570746,6.778845417828914,115.63,13.21716686
565,0.05,6.523069878362655,2.435854705947347,9.31,3.00264281
1287,0.05,82.53794455339067,9.996905008320851,117.11,13.31600225
34,0.05,30.068897800851452,6.049423538809033,80.03,10.6751
1183,0.05,36.544766213818455,6.509104556955799,68.76,9.735489661
1840,0.05,56.17173061149553,9.321995090742936,94.75,11.75567728
182,0.05,81.62249878810476,9.399281449577202,125.96,13.89945234
651,0.05,21.28787911535399,4.784897656185641,28.37,5.78741
276,0.05,3.0119726309748907,1.7669051065694255,9.56,3.05033809
567,0.05,3.0289518989253135,1.5752901681725904,3.03,1.553134989
775,0.05,17.874762167518487,4.191458577580401,27.13,5.62786
1188,0.05,14.447050589722036,4.063324773341996,37.53,6.82612
1823,0.05,37.238493920268795,7.28108943799555,63.36,9.29428
1593,0.05,5.783007040048258,2.2399369858031046,12.8,3.62613
840,0.05,2.006289179519596,1.2817722260915239,3.9,1.799296606
161,0.05,78.15637986429219,9.327570814260952,107.4,12.65489004
564,0.05,5.8848457144240225,2.283869798138197,7.4,2.623164132
579,0.05,8.14101516989782,2.9638325611897605,10.61,3.241642959
1151,0.05,15.648820873451873,3.8440286747918138,20.78,4.82429
14,0.05,6.0164559227627965,2.139671935601663,7.65,2.66889
1122,0.05,69.22002729390006,9.496315709589641,92.33,11.57792161
713,0.05,6.193836881865051,2.5442979021443035,14.52,3.91576
1097,0.05,1.7926367859527623,1.3416827824027837,4.02,1.833476886
254,0.05,4.155885383007403,1.8782667787693057,4.66,1.99787
1858,0.05,58.89881858588148,9.323202876935587,107.41,12.65581119
1158,0.05,82.35765613033767,10.303676011120626,115.93,13.2366563
970,0.05,20.84538911246774,4.911713824769335,55.42,8.575211206
526,0.05,28.844049914126273,5.057824046499845,101.51,12.2235
1651,0.05,35.2075656558473,6.296743831287589,48.11,7.88895
1769,0.05,18.389899662071684,4.3768925861513335,22.32,5.02186247
1213,0.05,42.62065759868527,6.835120344518406,58.05,8.78597
1735,0.05,40.588192999728996,8.344969559054606,106.05,12.56093758
893,0.05,6.278714971516381,2.4165345082067646,9.25,2.99324
1832,0.05,21.70198464357416,6.710190996067621,74.6,10.2495
1234,0.05,10.933938075530973,3.265617630175303,46.76,7.76491
733,0.05,6.330046090523014,2.899292968014508,9.15,7.024177621489566
1751,0.05,53.79408373392367,7.55258394417606,120.8,13.5278
1237,0.05,21.188705687605502,5.371994415465568,25.93,7.024177621489566
581,0.05,12.272286754708162,4.001386981629316,38.83,6.956425764
1551,0.05,26.551205839505368,6.64197736251492,42.05,7.290258938
37,0.05,28.991092268760625,6.799386713863835,48.6,7.99698
223,0.05,11.989561969993614,2.9262270798914476,27.51,3.493627
1523,0.05,36.09868542815589,6.5882891986841035,37.59,6.823692468
1382,0.05,6.158256422526508,2.844199302873011,6.63,2.16171
1042,0.05,19.008033469528183,4.271158658205056,98.43,12.0629
1070,0.05,29.42952505224618,5.7307062348223194,64.42,9.36468
443,0.05,18.72790189318323,4.149701675517138,19.99,4.70308
152,0.05,1.2777452623130066,1.078168925325213,3.82,1.77141
1799,0.05,37.95970107575272,7.046347133788286,101.42,12.1874
1759,0.05,44.79367741380086,7.00873648857326,74.91,10.2441
667,0.05,25.17811890003109,5.42414040927991,29.45,5.91488
485,0.05,72.94355065076002,7.909621000446985,119.75,12.962219
992,0.05,0.8905870678566375,1.1206251591865493,3.26,1.62083261
769,0.05,10.151196505049118,4.1569508761940055,10.87,7.024177621489566
1005,0.05,19.519393385661946,4.680468722607787,32.02,6.20845
572,0.05,9.663022480596288,2.6792115329110384,9.15,2.972828344
278,0.05,78.0318637382502,9.053347573772784,118.47,13.40695673
632,0.05,14.796916425886224,4.00801289551408,25.04,5.374472103
823,0.05,19.75797674969177,4.610578528554181,23.66,5.20733
141,0.05,48.975947989360286,7.438932275119764,66.94,9.58224
752,0.05,18.898506169249572,4.53077911193688,30.39,6.01061
240,0.05,2.963278287204442,1.4395886976346857,5.32,2.160174068
1824,0.05,4.302078669510536,2.107630449653669,6.67,2.46843
795,0.05,18.88459532345096,4.506450230433807,25.69,5.46087
55,0.05,3.583682892948506,1.6905977117924469,5.83,2.280732664
333,0.05,7.235435584814879,2.766016637564948,52.89,1.90058
897,0.05,2.962107419912845,1.5017408392760703,3.29,1.627714714
1364,0.05,31.048032297256377,5.918566765144375,44.16,7.48475
1492,0.05,87.4413740813222,10.898417848443065,115.71,13.22170304
215,0.05,82.33545659022202,10.219286944846658,116.63,13.28441341
672,0.05,3.0456426870063043,1.6228372033831377,4.87,2.051533242
446,0.05,34.209061452677766,6.57037886271401,108.18,13.7564
530,0.05,20.59377020469193,3.3394502302020217,119.29,7.024177621489566
789,0.05,36.64027808770103,6.9897036759412865,50.58,8.13315
576,0.05,8.388845348316273,3.1350329457547814,17.74,4.386987751
9,0.05,63.602939779593186,8.844836080003493,78.84,10.55059224
997,0.05,34.55076917333551,6.071829748691291,116.71,13.2583
1781,0.05,72.33110505406515,8.982258664874339,81.72,10.7664
1850,0.05,4.268512674357513,2.2810140949077873,9.37,3.01006
220,0.05,5.808484446019644,2.2854390790256436,7.69,2.67607
982,0.05,50.86512694327371,8.896445370155519,91.68,11.5159
259,0.05,1.0626385694872662,1.0350813542059039,2.16,1.26995
989,0.05,48.96281260530164,7.766511828376548,94.78,11.75821955
39,0.05,58.41913583326691,7.716603193149553,118.4,13.3028
229,0.05,18.874818830151966,4.439647365605867,26.9,5.933251
911,0.05,6.310351151901082,2.3140333512149907,6.67,2.45459
491,0.05,92.31956011853471,11.157986239040733,111.21,12.91712883
516,0.05,31.87612800839966,6.044031508108539,86.88,11.1424
66,0.05,1.5913222609782072,1.178083618621607,2.79,1.477775413
1464,0.05,40.6985021789302,9.635960178693296,94.75,11.75575788
933,0.05,46.21349846743829,8.697807879743259,90.81,11.48
615,0.05,69.75361079865088,9.080816771638208,96.91,11.8862
1246,0.05,66.76858914742844,9.36570998745374,85.94,11.1273
206,0.05,75.36256783748357,9.646985826068223,109.38,12.79215388
1612,0.05,6.3084201258315025,2.2728245751780523,8.39,2.823759908
461,0.05,6.914730307720615,2.405847351391234,9.97,3.34688
1788,0.05,0.46366292439879353,0.8576431897183829,0.83,0.955851376
1299,0.05,73.39852016424531,9.893279693819304,91.87,11.5444262
402,0.05,2.4234956010943196,1.3475138481388653,3.49,1.686631414
5,0.05,80.85183278609232,10.385520567459274,102.14,12.28673887
58,0.05,24.068378349132757,6.256918459350359,39.81,7.059079908
955,0.05,54.5301861129909,8.567685581564906,89.31,11.3749
762,0.05,10.546941350198832,3.3032423188013986,11.29,3.45648
1052,0.05,80.27657839829848,10.30054117885026,123.98,13.77034053
529,0.05,14.050818821204448,3.907757790503722,31.64,6.167248677
1388,0.05,81.39910342222952,10.028830730964533,121.48,13.6371
1568,0.05,7.7375445959775435,2.868092278211845,8.99,2.93924
1454,0.05,1.7780483134275953,1.2122268250093953,3.61,1.719326482
1664,0.05,5.089236664497732,2.1295197479209396,6.59,2.451177479
1855,0.05,7.417632724299052,2.5629465503944866,10.06,3.13923
1174,0.05,38.07733706424065,7.115175311296517,56.89,8.72806
768,0.05,17.569111772429515,4.444949815244217,21.99,4.98445
578,0.05,6.243314094475469,2.4064728767362102,6.58,2.448945353
740,0.05,29.893840188704615,5.954095215521141,95.88,11.8527
602,0.05,10.070744414019506,3.850418599650128,56.78,8.697617256
92,0.05,6.212944988993273,2.3551646663717474,8.4,2.826989728
993,0.05,0.8658073505849764,1.0132741408869541,1.35,1.097286737
1500,0.05,53.109880796105166,7.622480381365584,98.09,11.6786
575,0.05,5.416370344638208,2.056311795028109,5.8,2.273030104
1453,0.05,46.03754710695505,8.333293571643466,104.62,7.024177621489566
539,0.05,5.387721866521155,2.2805332933505826,6.16,2.35888
438,0.05,8.23773478298619,3.0150454128925097,13.08,3.64998
642,0.05,44.7570417907379,7.167305110164136,118.5,13.4294
144,0.05,15.456340867914927,4.720916244737315,36.52,6.64264
342,0.05,1.6332314897272973,1.37863095013481,5.9,2.29679437
1288,0.05,53.277876761284475,7.454440365300043,100.58,12.17579997
716,0.05,4.432858231039855,1.8979913959167523,5.34,2.16083
1047,0.05,6.108418847170988,2.0783090975634084,10.47,3.21883
1581,0.05,21.241777500091548,4.783308280543415,27.44,5.670863357
799,0.05,26.37401681919099,4.951809806969006,68.55,9.72386
1021,0.05,7.307861681284972,2.7024640581825743,13.85,3.78219
19,0.05,3.9151128804149415,1.9126365888525763,5.99,2.3216
1391,0.05,67.39886712546999,9.309805786054056,100.78,12.1827
54,0.05,4.7574073218669435,1.9700952150605593,12.29,3.751004
1558,0.05,40.47914981933758,6.975328681679308,65.62,9.49438
1319,0.05,64.39363083493203,8.869031705626659,110.71,12.8974
1083,0.05,3.0316085398195525,1.7748817406692785,15.33,4.026925833
1190,0.05,13.842915547396814,3.8622215297111353,18.15,4.46635
641,0.05,12.911193306552025,3.4654608607212545,22.95,5.10182
1,0.05,83.66356605140643,11.179560661147892,116.75,14.581841
1378,0.05,75.85090780899725,9.524832286527545,125.51,13.9016
113,0.05,3.6121186086684425,2.055889131901186,35.09,6.02383473
1546,0.05,48.80759727889363,7.413198008008561,71.54,9.98401
1064,0.05,50.661223255786965,7.4118498963366495,126.44,13.9111
298,0.05,4.579687636554224,1.9504202422230856,20.17,4.71785
279,0.05,69.04491963910687,9.089333910603075,100.48,12.1343
82,0.05,63.622557779712274,9.310636780036361,83.66,10.92571149
745,0.05,32.60217979526677,5.4645924563749375,95.12,11.8886
1127,0.05,24.380058268609947,5.064129537593708,31.68,6.170988152
1354,0.05,37.748950059178846,7.172760381190261,61.72,9.1446
1325,0.05,70.01985174082493,8.779793352438377,104.29,12.43773089
1087,0.05,9.669039162332227,3.226572503986995,25.19,5.41363
322,0.05,0.5373916450168736,0.6842230778412463,0.81,0.949185781
1039,0.05,9.625580496265622,3.0355447435128324,10.87,3.29096
122,0.05,2.010080318296249,1.2762055702056652,4.1,1.84555
1305,0.05,31.174221490135462,6.086569325138193,25.06,7.024177621489566
511,0.05,65.6328745274948,7.749224424348518,117.39,13.3343
48,0.05,1.4581563355063352,1.139919528160129,2.5,1.36751
1572,0.05,12.746043495906138,3.5198823754097615,21.87,4.95462
1611,0.05,62.945693835786706,8.59273894669816,89.82,11.3547
1010,0.05,6.7895339277802496,3.0006483446292687,19.42,4.33692
776,0.05,19.268679471517096,5.108352871413177,27.73,6.05271
842,0.05,9.902999242903725,3.067856667295421,12.14,3.49799
1841,0.05,6.0143235511477,2.395979280174936,12.38,3.550689516
1142,0.05,38.660919329767154,6.681572724223751,74.51,10.2185
52,0.05,1.4472073897219735,1.2570984366233158,4.71,2.02068
501,0.05,40.94784046720763,7.786130278242858,64.42,9.36823
1602,0.05,8.24557734777263,2.818956889165748,10.93,3.29943
1484,0.05,6.508286186014747,3.1750272638520345,38.8,6.952739141
1023,0.05,4.20053274323261,1.8378305753479673,4.46,1.947929019
159,0.05,2.768458971179722,1.530291902709739,5.47,2.195403439
686,0.05,16.844667398755696,4.137965571463884,20.97,4.841201962
1026,0.05,9.079049670178195,3.0012793671521885,12.16,3.5130935
353,0.05,92.99800263478794,10.772605256866749,114.53,13.14269004
1126,0.05,4.589448143876,1.5931783426196455,7.88,2.722617954
251,0.05,49.450363108864096,8.804479656679833,120.33,13.53006831
1516,0.05,5.185886128312123,1.9760712871286152,5.31,2.16267
1034,0.05,82.5463845191516,10.072321496787326,130.66,14.183
190,0.05,28.14020222134438,6.095477775405248,53.39,8.388894075
568,0.05,10.34507580176042,3.4462892970136703,23.63,5.193676358
924,0.05,48.661680461981106,8.45135777552927,99.95,12.0713
1258,0.05,69.17491743917876,9.582962118595102,99.82,12.168
1843,0.05,20.259517141390347,5.36520647349268,40.3,7.09086
1132,0.05,57.391259502319706,7.492273535780941,91.8,11.5451
376,0.05,25.47828542744376,4.98775625762827,41.34,7.216883182
1265,0.05,32.95355173366196,6.7753692947076924,124.53,7.024177621489566
1688,0.05,47.300859415109045,7.972037184336335,64.57,9.41494
487,0.05,79.28072108904661,7.408722560484363,125.28,13.446487
253,0.05,5.057740409357128,2.105880874723078,7.39,2.62025
1586,0.05,33.702248129656084,7.812282965401615,86.01,11.1331
299,0.05,5.860221807344811,2.3831670262679525,6.5,2.431285405
760,0.05,26.01580722600205,4.955252877577415,39.68,7.04152
1670,0.05,4.1113281767213685,1.963327353857426,6.98,2.533629389
1311,0.05,23.847292684910443,5.870648306023134,37.45,6.80431
994,0.05,3.5064447217185273,1.9621180994899434,25.62,5.37673
609,0.05,4.928979377207254,2.001206867443259,5.71,2.25345
1054,0.05,42.50402860903075,7.800478893513371,101.72,12.2521
1708,0.05,55.6910544304902,7.438633217546549,87.59,11.2199
271,0.05,14.58034706463496,4.826015292569702,15.31,7.024177621489566
214,0.05,1.414847514094363,1.1636333307339544,1.93,1.210733876
1279,0.05,38.44265583763483,6.868213933015327,126.78,13.9775
965,0.05,50.7897575204788,8.059451973683062,88.71,11.3151
665,0.05,10.519811299483967,3.258274548706695,11.63,3.41784
1271,0.05,37.74060673410221,7.201356217458286,75.49,7.024177621489566
4,0.05,75.62411927043996,10.25012119947809,99.64,12.10867994
204,0.05,10.346161933956274,3.3014997359259692,19.32,4.613131896
648,0.05,46.71484954422232,7.984690924850791,88.19,11.2446
219,0.05,7.0010530361437775,2.4635185442485095,23.11,2.582442
393,0.05,1.9432348444146483,1.151580699985842,3.52,1.69257
977,0.05,7.681009371998822,2.551759189844369,9.4,3.01498
948,0.05,86.80008775709342,11.146150145933584,116.12,13.24971416
1187,0.05,35.11035041036971,6.626555854494766,71.2,9.93735
900,0.05,5.195666388265651,2.0257821201887065,8.47,2.841179901
520,0.05,25.302166170627128,5.184755070997919,61.52,9.08479
1679,0.05,21.381656528973284,4.610232285883158,40.17,7.096299381
481,0.05,3.2481426777239095,1.7516327780618595,4.77,2.28501
538,0.05,29.205402505745536,6.3542652569863,64.15,9.39131
918,0.05,51.09027598585265,8.364129527625188,105.1,12.4956
268,0.05,28.17497846393879,5.480679764403574,52.53,8.309019329
521,0.05,12.118626549335776,3.387604347602601,26.66,5.58857
31,0.05,66.41887423229046,9.179771599966625,125.8,13.88927615
1818,0.05,11.98533515833279,3.8871153915722685,14.74,3.91968
814,0.05,3.8423896976816923,1.731381294234209,10.49,3.217
1335,0.05,66.22269344464401,9.314627778329493,111.35,12.92730565
825,0.05,3.9690102707476123,2.027712971559351,6.19,2.36311
1366,0.05,18.48407515900246,4.326485763580017,35.64,6.613947587
347,0.05,1.006518008356029,1.0834124395729456,1.83,1.192639209
512,0.05,17.077818778293942,4.887957399710003,30.62,7.024177621489566
1639,0.05,56.44808382878331,8.774432607174898,100.34,12.1366
1184,0.05,93.05831743306753,10.360591783262485,118.41,13.3524
773,0.05,10.185853968233069,4.005904378905679,77.22,10.3751
1480,0.05,64.85449352144845,9.021454292266847,90.85,11.46948561
1793,0.05,43.46271889720096,7.359216235402671,47.3,7.78724
1402,0.05,64.9379844917338,7.556154416233022,80.42,10.67471486
1025,0.05,6.496290222725644,2.37212064646623,7.18,2.578146532
1093,0.05,3.209678224104918,1.7585319566781588,5.59,2.225369592
89,0.05,0.9183125246945919,1.082273297165451,2.28,1.312234294
1170,0.05,3.2887568427704283,1.7456853493708244,21.9,4.98711
1646,0.05,0.7232606846789187,0.9870388035816235,4.32,1.89426
1353,0.05,46.81220274656129,8.746262987205398,106.65,12.5934
1355,0.05,10.97349979753106,3.1711254195756085,67.4,9.65497
177,0.05,3.85001794829964,1.761479479799089,4.38,1.925734586
1031,0.05,4.252616377206146,1.7726716659481325,3.45,1.674180322
1399,0.05,65.20100854247416,9.360934292225377,99.87,12.0428
1057,0.05,7.928031984038672,2.5811338955395837,16.75,4.242394637
1110,0.05,34.98244855585126,6.29161566758722,92.16,11.56559794
385,0.05,55.242800642301944,7.7370382522703816,77.93,10.47865795
1411,0.05,36.37636891820374,7.335148789345006,55.01,7.024177621489566
1543,0.05,53.35971370975206,8.14751624700522,93.35,11.6629
1137,0.05,1.1645871044072424,1.1155630171198714,4.65,1.99844
1393,0.05,23.53180385729734,5.305977594527548,45.24,7.64474
1367,0.05,17.240589008632696,4.330498694705457,35.03,6.547178712
1629,0.05,18.558818809475127,4.302506212770096,21.48,4.89644
408,0.05,4.729148411370465,1.997023851664111,7.73,2.28122
506,0.05,48.60625073954077,8.528369319863868,86.69,11.1276
1115,0.05,28.85184607002602,6.780287555225839,66.22,9.54792
813,0.05,37.30012789329804,6.697343119427115,86.56,11.1497
1136,0.05,54.12909985941528,8.611676720290237,81.5,10.753
302,0.05,18.355188769728898,4.644347995025972,121.01,13.57525892
436,0.05,16.71963353945889,4.21817028800296,23.06,5.118907941
979,0.05,35.695777971576575,6.908664046909575,47.76,7.024177621489566
171,0.05,64.19319723247821,9.372909586652796,121.6,13.61374033
1409,0.05,58.56668757172462,8.490819074117523,111.85,12.9673
1518,0.05,9.03601940796727,2.885914309902916,13.87,3.797335347
1427,0.05,4.273731749966365,2.0616592638162667,8.53,2.852334785
270,0.05,38.78180532585246,7.404599087840943,96.61,11.9045
227,0.05,38.048782434824396,5.500280724278326,97.07,11.92440528
1196,0.05,12.435543375543457,4.345181833212578,15.2,7.024177621489566
558,0.05,2.414580317221935,1.443549163218633,5.08,2.102385379
1511,0.05,42.20072631579811,7.030474646683243,59.27,8.920508561
1210,0.05,51.365896808712506,8.197546048649913,96.74,11.9007
618,0.05,35.71286318998396,6.128356238195495,55.39,8.57193
1588,0.05,16.429960113244626,4.434408754343025,25.49,5.44119
1530,0.05,1.6071346941034768,1.2996151241753853,2.83,1.5002
1784,0.05,0.7828967637920426,0.9596331682660645,0.85,0.961738557
597,0.05,10.104794600274907,3.2867961865564816,19.15,4.5947
1520,0.05,40.362264717251065,7.343713674098615,72.99,10.08322393
737,0.05,12.117532461637552,3.4463751113321552,13.87,3.80598
1334,0.05,36.71852608214162,7.047373818634337,80.26,10.66165646
1150,0.05,54.46050565337611,8.118748123187638,87.25,11.2009
378,0.05,6.164403303660175,2.3513796603699335,7.39,2.62397
866,0.05,5.601084523278318,2.1783079063321984,6.06,2.3352
1718,0.05,43.32536793977203,7.415769898105394,92.31,11.5845
379,0.05,5.203351811635017,1.9986274791236514,5.41,2.1838
192,0.05,3.7372376357354162,1.66335797030898,4.4,1.93236572
260,0.05,10.497208676361549,3.2804838199481585,46.67,7.7514065
1652,0.05,55.204221853382904,8.682459935278738,93.06,11.633
1212,0.05,37.24998783480747,7.206657253023778,55.03,8.52936
953,0.05,10.161696721551655,3.2304572894743186,9.44,3.026578642
1003,0.05,23.064141106067755,5.11482416646915,31.56,6.16036
861,0.05,3.6507558838214,1.7550830639658836,4.25,1.89435
308,0.05,44.98301608070513,6.932613336253131,112.5,13.0203
1591,0.05,48.88874684338131,7.78948883670561,87.58,11.2128
1268,0.05,18.474016641408337,4.494363976625624,21.13,4.86815
1164,0.05,61.38497978058684,9.321007350628397,76.52,10.3670919
360,0.05,4.448419039501463,1.914963945185748,6.93,2.512038
652,0.05,16.5834797750938,3.9857126238799783,17.99,4.42263
381,0.05,25.55667548844284,5.158786099530158,43.82,7.469402719
1775,0.05,5.866015646334303,2.1658191515035448,6.45,2.42354
1000,0.05,14.461786037817028,4.284167837287106,52.81,8.33267
452,0.05,21.685353620763582,4.5840382000267965,88.76,11.3113
414,0.05,2.6201406383396564,1.5566999907493844,6.1,2.340834103
987,0.05,9.396697867428887,3.932788928357109,73.79,10.1474
1459,0.05,45.948386974036374,7.521293451464053,63.99,9.33912
1358,0.05,45.66168523771628,7.822254799780036,72.87,10.0826
1703,0.05,93.55348637442845,10.104912580498032,129.15,14.10495771
638,0.05,36.66208353152914,7.117155890723684,70.99,9.91393
1404,0.05,50.47922926633103,7.747740498551122,105.27,12.5164
133,0.05,6.835848965017261,2.601402140209726,10.81,3.28324
202,0.05,65.15187664326795,9.529750057442318,91.33,11.50390062
1169,0.05,55.048177389036596,9.116516966734205,98.5,12.0756
198,0.05,11.256661766221667,2.963767586830087,16.17,4.155260325
796,0.05,23.819094675100306,4.7122981765656915,69.2,9.77911
574,0.05,80.9791844777366,10.886483847018958,119.35,13.46463141
1114,0.05,9.05473646556656,3.197020342017459,14.37,3.86968
317,0.05,0.8808129773371972,0.970463086293294,1.13,1.042840696
980,0.05,26.28879090498931,5.378318928537239,95.18,11.78712672
142,0.05,5.735810846222518,2.1416483580460453,9.61,3.12766
1413,0.05,7.194268796125715,3.11334005573864,17.74,4.37963
1806,0.05,8.654241073433381,3.8805945637479775,3.74,7.024177621489566
1852,0.05,31.266100379042474,7.854818065757408,117.29,13.3280613
465,0.05,49.35853384093349,7.192816880021671,74.24,7.024177621489566
315,0.05,65.90876455013121,8.902086435392555,110.17,12.84561173
1425,0.05,4.666235148293587,2.1030614325281833,4.37,1.93226
670,0.05,38.31487540933494,7.264906717264275,79.53,7.024177621489566
170,0.05,26.57686843061677,5.333866974191441,63.97,9.33715
467,0.05,24.695695026390712,4.7351792042713745,70.23,9.84223
1109,0.05,58.52243208187436,8.874179912984443,84.52,10.9933
1486,0.05,2.5879933333504814,1.424871064437236,3.44,1.67736
1398,0.05,49.64969327009746,7.618293887677894,96.4,11.87591193
1341,0.05,79.05876957771899,9.131905182168543,117.71,13.3674
1448,0.05,9.458936424053688,3.1419896477728035,10.1,3.16086
22,0.05,10.103209422205849,3.1884601846265395,12.19,3.517574786
1267,0.05,26.55906579931442,5.6951018039488055,35.89,6.63491
45,0.05,0.5984224032091956,0.911580340407488,1.65,1.15643
1224,0.1,21.044542357960832,5.0363802599905965,29.55,5.94241
475,0.1,30.170765344237264,6.2840067593059885,77.13,10.417
1838,0.1,4.04007383783793,1.873997887108182,4.41,1.92318
1199,0.1,5.892955624758927,2.3558338214547647,9.3,3.01287
53,0.1,5.049160765325393,2.2298845169262385,7.04,2.54474
1408,0.1,59.484677403326586,8.339274441830483,112.81,13.0531
1654,0.1,35.34776623083417,6.8180965080804325,36.24,6.70553
18,0.1,40.49658267228275,8.877839408054628,76.0,10.32616195
731,0.1,13.00723131854645,3.522143688766276,15.91,4.12435
1374,0.1,38.93965096361259,6.863438986818586,33.76,7.024177621489566
233,0.1,42.02362702420509,7.615348777876531,55.83,8.612116336
1390,0.1,58.996353722531204,9.441161691080987,125.31,13.8742
621,0.1,28.58777785570002,6.2085620407903646,68.34,9.70968
427,0.1,5.026074688859417,2.1191233169651995,6.82,2.50355
187,0.1,7.819918561347979,2.837661779862985,21.79,4.952313354
1029,0.1,2.3155944761649008,1.3573035083253315,3.27,1.62297957
390,0.1,48.55701059217866,8.261944031649586,82.55,10.8261
457,0.1,76.79529730847075,8.243691146893402,117.29,7.024177621489566
156,0.1,5.694339692680627,2.2941845843909743,13.61,4.509178613
1337,0.1,33.939789170800495,9.159522523785782,79.11,10.5731
1649,0.1,8.027650577592576,2.5651212590770758,7.06,2.54445
1628,0.1,75.66846888596409,10.58976132705173,112.16,12.9734
616,0.1,65.82750002456415,9.784747678202528,109.15,12.8076
726,0.1,13.273307376992447,4.866993158169576,122.07,13.6402
473,0.1,26.3639639645456,5.174793239976172,64.55,9.36472
853,0.1,2.5614556643232493,1.578216757907645,4.59,1.980635825
1720,0.1,69.12146476975155,9.620437511966648,120.83,13.5597
1834,0.1,31.698790017934055,6.215687763665604,60.85,9.059590395
440,0.1,44.2300333989945,7.559926764268116,55.55,8.56637
303,0.1,0.9327156094671866,1.0496079057122478,1.95,1.214566424
519,0.1,19.294737200716096,4.3230956112589745,21.07,4.86242
191,0.1,12.009364510249323,3.4094408194110466,14.68,3.924832159
6,0.1,81.1297060926425,10.30995221889749,113.71,13.08687204
962,0.1,27.688859791695187,6.994779001140205,29.29,7.024177621489566
434,0.1,35.86398426999716,7.483892158638716,90.34,11.8344
1693,0.1,2.345492923990093,1.4593329221317008,2.52,1.393219042
412,0.1,5.729296076701946,2.6422011139840014,7.25,2.58794
124,0.1,27.55153710984413,5.283289615295352,43.24,6.99891
1768,0.1,1.203863199884251,1.0538480655804487,0.86,0.965061868
1617,0.1,25.657861946021214,5.5734087438107505,28.01,5.739561697
1294,0.1,13.680692953054738,3.928127278478145,16.34,4.16809
318,0.1,0.877638598712286,0.9926680370075143,0.56,0.856692464
17,0.1,109.44419561619598,12.491898015053412,124.3,13.79115826
1758,0.1,17.70104944476867,4.152318981900393,19.35,4.615
80,0.1,7.1922364987291925,3.145160470301304,19.13,2.432614
479,0.1,5.466377000844281,2.177997261465042,6.52,2.43432
744,0.1,16.00927891034067,3.900448495831241,74.3,4.06597
963,0.1,4.286371332790592,1.7704547197086873,4.31,1.90837771
135,0.1,55.167082860980976,8.704282511366355,94.26,11.7171
847,0.1,14.425091965363126,3.9194827008821846,23.64,5.21152
118,0.1,6.05952865727218,2.2014183053693874,11.71,3.435910248
85,0.1,2.8792277795903756,1.9775279207009269,3.61,1.741587
1103,0.1,59.91571901754883,8.487575760350714,92.98,11.62586504
1379,0.1,8.539113379770473,2.955919594285102,11.82,3.44576
1789,0.1,0.46207299215613695,0.8452285756938579,0.63,0.885684603
1045,0.1,2.603990939834418,1.4413983821759873,7.43,2.629079023
792,0.1,10.624673393355573,3.1553118283527053,14.5,3.90515
47,0.1,0.8188318448957567,0.8947095134109245,0.88,0.969819
77,0.1,13.309068831158509,4.630749252476676,56.57,8.85869
904,0.1,69.72884537256478,9.490190744034056,94.7,11.7215
107,0.1,64.13816850258301,9.279203685531936,108.69,12.74428382
1461,0.1,21.095737377198503,4.811281586767552,21.53,4.916984204
1856,0.1,58.41750981772437,9.70250026879768,109.94,12.82971612
30,0.1,39.63972376083729,7.145702940263218,43.22,7.42915
1437,0.1,2.8438271013708203,1.4614364937860502,2.3,1.318046443
596,0.1,28.541798220773575,5.037792247444577,114.56,13.1383
1672,0.1,0.9828933373385209,1.0341507749783343,1.38,1.101762401
1236,0.1,31.223743660261068,6.741100746635196,49.35,7.024177621489566
425,0.1,9.181200215274641,3.7785786069056417,19.67,4.66502
361,0.1,48.37193853091787,12.750925937941915,105.75,12.53990524
991,0.1,3.7477188319180135,1.7255169667314412,7.8,2.705027839
1728,0.1,12.362098391195056,3.544838737128958,21.12,4.862440485
1780,0.1,58.692853487881344,8.834588797153291,77.3,10.4307
862,0.1,5.782885387864105,2.2982054030838017,8.15,2.77807
1723,0.1,73.79508083604925,8.076673506140908,92.69,11.6029
1239,0.1,37.12301784799519,7.306388608793787,40.44,7.13535
655,0.1,31.25686150972767,6.298792934878988,83.22,10.8884
883,0.1,6.100052384016227,2.273111548729643,6.68,2.47030768
1599,0.1,8.714373524991817,2.8982722985209413,9.39,3.00633
871,0.1,8.825362072522081,2.7969537311182147,10.75,3.2807
1424,0.1,72.11823242835267,10.55957989105534,76.73,10.4386
1609,0.1,64.84093668022516,9.295205949828446,126.51,13.9433
326,0.1,4.178497073789575,2.0761170440022587,5.7,2.24794
1317,0.1,75.39201204162451,10.268548253238563,74.94,10.24074428
985,0.1,5.698996792918577,2.4244477129710287,6.69,2.47118
1476,0.1,7.713722034518058,2.665453430048807,7.58,2.660025534
175,0.1,6.265744509313275,2.3133443708199484,21.14,4.87824
1656,0.1,34.42628438056767,6.457993837361842,28.87,5.8474
557,0.1,8.061747750319956,2.6938334891127727,11.57,3.412480023
1101,0.1,6.158775047122991,2.88526005197089,19.85,4.517045331
459,0.1,48.13751660283315,7.6006484090721464,128.46,14.0608342
712,0.1,2.934013887786907,1.5523664320278907,5.49,2.20071815
679,0.1,59.17428356832993,9.418080935705966,72.76,10.0433
923,0.1,12.334831950589916,3.619135143826195,14.47,3.89334
553,0.1,5.895553711839815,2.285640466135316,9.11,2.964146098
1182,0.1,16.930973036956804,4.240783464717707,47.07,7.82059
249,0.1,65.58771094274728,10.4988025480985,94.77,11.75690439
310,0.1,46.3889099891059,8.27576966526356,75.59,10.264
658,0.1,12.330012329681761,3.8605042459992718,17.25,4.31235
217,0.1,1.610569412563872,1.0506367090406434,2.42,1.35917743
896,0.1,2.0891978375267115,1.238375391668795,2.86,1.499704002
958,0.1,32.34434944916794,7.068640958870804,30.66,7.024177621489566
458,0.1,26.625693516419705,3.5695963577064598,28.62,7.024177621489566
1695,0.1,36.932209429554284,5.973226687811278,39.6,7.03413
666,0.1,11.762899562753349,4.188631605152706,34.8,6.35126
489,0.1,68.66255986612386,10.185830639172297,117.42,13.33687048
969,0.1,10.065665371597968,3.2500625867995185,12.74,3.60283
674,0.1,2.3608082797036207,1.3665116899180147,2.52,1.39527
1315,0.1,64.47218028471846,9.274200320408083,85.72,11.0715
1205,0.1,10.079638710735837,3.075116433767492,12.83,3.62818
1498,0.1,89.5068201584217,10.899688554186268,100.58,12.1616
743,0.1,28.41705858414877,6.946698254759622,36.91,7.024177621489566
1276,0.1,45.39968709046569,7.831018489438352,71.58,9.96751
1844,0.1,23.92490445307276,5.381305852315631,30.67,6.0323
148,0.1,22.293268385259374,5.785745355670413,101.78,12.2412
1074,0.1,84.78978025360199,10.74220893526195,113.65,13.0889
1497,0.1,7.04779516540967,2.4912276226678407,7.58,2.65245
1416,0.1,79.08177461729639,10.432974233936429,69.6,9.82252
587,0.1,65.78428581469242,9.618232812977688,105.95,12.55419255
517,0.1,10.007063652781145,3.1298716451454434,13.61,3.754833321
1661,0.1,7.092289005824786,2.5505095529576014,12.36,3.548343316
1286,0.1,69.49369584072826,9.518305274661504,119.59,13.4003
76,0.1,1.1647048652688803,1.3473162806826826,2.12,1.671618
1081,0.1,3.5902274182841807,1.6207061597262968,3.42,1.666703009
1415,0.1,28.251637270934392,6.340374639712078,74.93,7.024177621489566
999,0.1,5.755425522002453,2.526760299406314,28.55,5.805449843
1732,0.1,6.763118750595378,2.4692084736383957,2.72,1.455123436
593,0.1,44.1744898074186,7.58270214162006,69.0,9.754848091
1573,0.1,8.52900563346059,3.20245209485638,9.44,3.02618
262,0.1,106.44202582382944,12.166113512573466,116.99,13.30845019
1533,0.1,35.958738336955705,7.3233057687753105,115.63,13.21716686
565,0.1,6.982770797688367,2.3640439428964837,9.31,3.00264281
1287,0.1,90.61513010666137,11.502437261577871,117.11,13.31600225
34,0.1,34.82337105196098,7.081204110439434,80.03,10.6751
1183,0.1,41.45588456396713,7.48500165570395,68.76,9.735489661
1840,0.1,74.31244892396187,10.189292292972276,94.75,11.75567728
182,0.1,80.4403246201516,10.566933327133373,125.96,13.89945234
651,0.1,21.978891990196495,4.757089751972039,28.37,5.78741
276,0.1,3.7908173934089318,1.8446986127208538,9.56,3.05033809
567,0.1,3.2279654684657086,1.5983840104320912,3.03,1.553134989
775,0.1,18.640052675414548,4.544132946693902,27.13,5.62786
1188,0.1,15.76732199448529,4.106533805324299,37.53,6.82612
1823,0.1,53.743291005788386,8.480599517048837,63.36,9.29428
1593,0.1,7.5206112919635935,2.6995884957631318,12.8,3.62613
840,0.1,2.070062260797501,1.3360293501506293,3.9,1.799296606
161,0.1,96.23656003219483,10.477588476745542,107.4,12.65489004
564,0.1,6.1895360766744565,2.2992529704621183,7.4,2.623164132
579,0.1,9.080621807724915,3.0535453659866434,10.61,3.241642959
1151,0.1,16.581333925614967,3.9797043151194207,20.78,4.82429
14,0.1,6.742139542303536,2.437178357622311,7.65,2.66889
1122,0.1,68.32125664827214,9.717095088358514,92.33,11.57792161
713,0.1,7.121304650080041,2.71595846291251,14.52,3.91576
1097,0.1,2.1868383977763575,1.314434182151697,4.02,1.833476886
254,0.1,5.219629713582707,2.184464097197713,4.66,1.99787
1858,0.1,87.46660713828133,11.055606867678035,107.41,12.65581119
1158,0.1,97.39563534209951,12.316986351204765,115.93,13.2366563
970,0.1,31.921708647144644,6.03755892080906,55.42,8.575211206
526,0.1,37.75881618529317,6.347614241745932,101.51,12.2235
1651,0.1,39.28461507937952,6.9248326997071485,48.11,7.88895
1769,0.1,22.152482389098864,4.971632844680231,22.32,5.02186247
1213,0.1,50.75079201716468,7.932823170214467,58.05,8.78597
1735,0.1,63.82662034565972,9.58882446572396,106.05,12.56093758
893,0.1,6.89445490705567,2.3973259379163956,9.25,2.99324
1832,0.1,49.69113607965744,8.560670717634467,74.6,10.2495
1234,0.1,23.87239094528989,5.198129697160173,46.76,7.76491
733,0.1,6.0108405456779,2.9446477428651696,9.15,7.024177621489566
1751,0.1,57.599905225757844,7.709300432955392,120.8,13.5278
1237,0.1,20.312216424347564,6.209125051613799,25.93,7.024177621489566
581,0.1,29.948055188805746,5.628569301971961,38.83,6.956425764
1551,0.1,39.87753150809881,7.229980372386925,42.05,7.290258938
37,0.1,36.878452794502465,7.3969670373896825,48.6,7.99698
223,0.1,13.388872294833638,3.751370834186877,27.51,3.493627
1523,0.1,37.87493024824319,6.921678145630147,37.59,6.823692468
1382,0.1,8.120537514138512,2.9865336068482837,6.63,2.16171
1042,0.1,23.077886244746367,5.881503305618174,98.43,12.0629
1070,0.1,51.47882648685915,7.5707454186789604,64.42,9.36468
443,0.1,20.500180775777388,4.3711744449678,19.99,4.70308
152,0.1,1.3717059449340163,1.1487201738105508,3.82,1.77141
1799,0.1,46.2722555247176,8.199387385636877,101.42,12.1874
1759,0.1,52.47399353865104,8.266735182622822,74.91,10.2441
667,0.1,26.527569022904874,5.978262854228225,29.45,5.91488
485,0.1,89.35438199112656,8.674995977649592,119.75,12.962219
992,0.1,1.3444088998245451,1.2508753341588805,3.26,1.62083261
769,0.1,10.12922787514017,4.674315837556751,10.87,7.024177621489566
1005,0.1,24.638477944406013,5.255849719798959,32.02,6.20845
572,0.1,9.55637914531575,2.966022958367546,9.15,2.972828344
278,0.1,89.85605044738863,10.79038372643936,118.47,13.40695673
632,0.1,19.034399444859236,4.63610941313126,25.04,5.374472103
823,0.1,18.7235164613022,4.759012099043462,23.66,5.20733
141,0.1,50.98223969765483,7.3372446620282,66.94,9.58224
752,0.1,27.187252631966114,5.096584411749414,30.39,6.01061
240,0.1,2.75481345351248,1.5206551560178976,5.32,2.160174068
1824,0.1,5.0774838608416095,2.111423201934713,6.67,2.46843
795,0.1,21.50586569652322,4.53375928951592,25.69,5.46087
55,0.1,3.7690551045801453,2.011466791734282,5.83,2.280732664
333,0.1,9.384351465195028,2.9901105988468912,52.89,1.90058
897,0.1,2.7773258898522135,1.4722452622590703,3.29,1.627714714
1364,0.1,32.90516297072589,6.409056210432776,44.16,7.48475
1492,0.1,111.35432878377529,12.31511875203975,115.71,13.22170304
215,0.1,99.18615590568913,11.91371007314018,116.63,13.28441341
672,0.1,3.4517469148057445,1.663307417985521,4.87,2.051533242
446,0.1,52.22150929528497,8.353000104424808,108.18,13.7564
530,0.1,26.792678008488696,5.870730019543058,119.29,7.024177621489566
789,0.1,42.61722739485414,7.608790288719812,50.58,8.13315
576,0.1,9.733085367393567,3.155795127367671,17.74,4.386987751
9,0.1,73.23403179926355,9.555586260895296,78.84,10.55059224
997,0.1,41.47134889021899,7.389455009658106,116.71,13.2583
1781,0.1,92.42417708129135,10.918533992842695,81.72,10.7664
1850,0.1,6.5522499282942785,2.137799153925869,9.37,3.01006
220,0.1,6.422053671809573,2.3709802056438063,7.69,2.67607
982,0.1,64.45806241566241,10.688323373675185,91.68,11.5159
259,0.1,1.2236903952898175,1.0774534220998946,2.16,1.26995
989,0.1,53.66864491635812,8.743234702300947,94.78,11.75821955
39,0.1,76.40610999606129,10.352347762874508,118.4,13.3028
229,0.1,21.924282477140245,4.7970335422803005,26.9,5.933251
911,0.1,6.25579569987985,2.442595670569736,6.67,2.45459
491,0.1,106.58058984070311,12.788017786859669,111.21,12.91712883
516,0.1,33.24596493756907,7.863632415153582,86.88,11.1424
66,0.1,2.3280822077138486,1.4317574558840889,2.79,1.477775413
1464,0.1,53.40349730017503,10.714816266059145,94.75,11.75575788
933,0.1,52.72024331282121,9.669983181812048,90.81,11.48
615,0.1,82.33418809996292,10.793374041524874,96.91,11.8862
1246,0.1,87.77172683817663,10.637428905949703,85.94,11.1273
206,0.1,96.16082560535136,11.819460271318473,109.38,12.79215388
1612,0.1,7.265378194635534,2.6038478504729046,8.39,2.823759908
461,0.1,7.431918837225176,2.497747341746064,9.97,3.34688
1788,0.1,0.8312194229250824,0.9669737288450806,0.83,0.955851376
1299,0.1,82.89919973755428,10.375032770732293,91.87,11.5444262
402,0.1,2.845941370186072,1.5225251942517772,3.49,1.686631414
5,0.1,95.6871865218494,11.491539072521958,102.14,12.28673887
58,0.1,28.094170153479148,6.484425533321989,39.81,7.059079908
955,0.1,66.47838852930013,9.84305337019455,89.31,11.3749
762,0.1,10.548124740288323,3.221633127432772,11.29,3.45648
1052,0.1,93.91248236690106,11.727614514276171,123.98,13.77034053
529,0.1,19.178889953704758,4.463647250923972,31.64,6.167248677
1388,0.1,95.34100914327006,11.993311014675495,121.48,13.6371
1568,0.1,8.496719853870257,2.8010429344704106,8.99,2.93924
1454,0.1,1.6593202697881397,1.1553911486264674,3.61,1.719326482
1664,0.1,5.542853963426687,2.100931097106803,6.59,2.451177479
1855,0.1,7.952616221212543,2.8884328656881846,10.06,3.13923
1174,0.1,41.34347157833365,7.50842069257848,56.89,8.72806
768,0.1,19.241034054397534,4.61106339633461,21.99,4.98445
578,0.1,6.724112107338268,2.477506400378495,6.58,2.448945353
740,0.1,40.65577179281935,7.069922395350146,95.88,11.8527
602,0.1,14.468759653705169,4.622677894794512,56.78,8.697617256
92,0.1,6.918904118515377,2.508446565658587,8.4,2.826989728
993,0.1,0.815125134258028,1.0289152343015309,1.35,1.097286737
1500,0.1,58.659407795495156,7.7727251108373645,98.09,11.6786
575,0.1,5.442194845127089,2.20898359219041,5.8,2.273030104
1453,0.1,52.8704955765283,8.437241711532801,104.62,7.024177621489566
539,0.1,5.921948107734913,2.2111979563794195,6.16,2.35888
438,0.1,8.772684769080762,3.1476128679177453,13.08,3.64998
642,0.1,53.84608646773459,8.200857497805204,118.5,13.4294
144,0.1,25.12882571821284,5.8539937187856115,36.52,6.64264
342,0.1,2.610020103216562,1.487045227795716,5.9,2.29679437
1288,0.1,50.10455805049794,8.6098232220457,100.58,12.17579997
716,0.1,4.674224350091926,1.9069596619795837,5.34,2.16083
1047,0.1,6.966174674732506,2.3819704141587983,10.47,3.21883
1581,0.1,23.04939290835615,4.763641478891549,27.44,5.670863357
799,0.1,36.306425565004,6.65192387069931,68.55,9.72386
1021,0.1,7.6872390441314655,2.727940226426946,13.85,3.78219
19,0.1,4.716483889013369,2.0830397633265894,5.99,2.3216
1391,0.1,75.87289477436057,10.274907707741518,100.78,12.1827
54,0.1,4.734327787614475,2.3644412033540543,12.29,3.751004
1558,0.1,48.86877184991293,8.008012588051908,65.62,9.49438
1319,0.1,73.17367362600841,9.881243933894812,110.71,12.8974
1083,0.1,4.599532705156982,2.128495393008736,15.33,4.026925833
1190,0.1,18.401176816462037,4.018147982165869,18.15,4.46635
641,0.1,14.163729094680907,3.8887230945795324,22.95,5.10182
1,0.1,106.07341263177875,12.459460829992501,116.75,14.581841
1378,0.1,91.52084833720122,11.505706258273944,125.51,13.9016
113,0.1,6.429211944623324,2.6868131409432134,35.09,6.02383473
1546,0.1,55.98648942317244,8.530298710925058,71.54,9.98401
1064,0.1,48.73371083527877,7.686620591420163,126.44,13.9111
298,0.1,4.656223154760005,1.9797381462655492,20.17,4.71785
279,0.1,88.40464111335459,10.958904643872273,100.48,12.1343
82,0.1,71.45007981525303,9.826195840663967,83.66,10.92571149
745,0.1,46.03728185494127,7.663566699487062,95.12,11.8886
1127,0.1,26.27824333759421,5.899216848471981,31.68,6.170988152
1354,0.1,42.4088550080371,7.4131284621526685,61.72,9.1446
1325,0.1,68.01619307725181,9.81357776984729,104.29,12.43773089
1087,0.1,11.508185812609801,3.7853127990502453,25.19,5.41363
322,0.1,0.7431191760374646,0.7981576471207262,0.81,0.949185781
1039,0.1,9.992905622638245,3.2597029796063097,10.87,3.29096
122,0.1,2.184528831591764,1.5210734543289504,4.1,1.84555
1305,0.1,33.56477131591183,6.837547716088608,25.06,7.024177621489566
511,0.1,84.33940493810779,8.180652524146883,117.39,13.3343
48,0.1,1.395574835812135,1.1566207993607613,2.5,1.36751
1572,0.1,12.760079807797668,3.665768715998256,21.87,4.95462
1611,0.1,66.23316170706319,9.735798202506809,89.82,11.3547
1010,0.1,9.109791692661343,3.26644767317029,19.42,4.33692
776,0.1,22.626827135321275,5.370285346684084,27.73,6.05271
842,0.1,10.492176345186204,3.17722830721593,12.14,3.49799
1841,0.1,6.2410463835966565,2.4767323112348234,12.38,3.550689516
1142,0.1,39.21031727741955,7.840046113409773,74.51,10.2185
52,0.1,1.628039851992053,1.3688182206907962,4.71,2.02068
501,0.1,49.729118037103305,8.376578422016978,64.42,9.36823
1602,0.1,8.976726193900742,3.0763183976342257,10.93,3.29943
1484,0.1,20.337241288819225,5.167441923612628,38.8,6.952739141
1023,0.1,3.7614353275374897,1.8349258447576324,4.46,1.947929019
159,0.1,2.9031214850124427,1.6039895255600207,5.47,2.195403439
686,0.1,20.689744701938693,4.603016584515367,20.97,4.841201962
1026,0.1,9.631405585464238,3.374608213734524,12.16,3.5130935
353,0.1,102.22060565860146,11.976021735030043,114.53,13.14269004
1126,0.1,4.744318679099961,1.9213319223876613,7.88,2.722617954
251,0.1,66.77236386104885,10.145854626937293,120.33,13.53006831
1516,0.1,5.6936821818139,2.154440879311744,5.31,2.16267
1034,0.1,96.70044990220035,11.282696993682636,130.66,14.183
190,0.1,41.454470111172895,7.383819500825582,53.39,8.388894075
568,0.1,13.94133514085034,4.261136064798012,23.63,5.193676358
924,0.1,61.88232471659785,8.914890521251493,99.95,12.0713
1258,0.1,88.68392153614427,11.238720068503335,99.82,12.168
1843,0.1,22.5645589822551,5.749264772998259,40.3,7.09086
1132,0.1,68.95177332552393,9.25584252375748,91.8,11.5451
376,0.1,26.591174499531785,5.399096858671027,41.34,7.216883182
1265,0.1,32.95973291892437,6.913666591273021,124.53,7.024177621489566
1688,0.1,60.93902340667391,8.470420726974993,64.57,9.41494
487,0.1,83.54999683563446,8.75701563172018,125.28,13.446487
253,0.1,6.502510403393713,2.412516307413588,7.39,2.62025
1586,0.1,58.73675351636952,9.19971908732416,86.01,11.1331
299,0.1,6.121313927729218,2.1945498824158944,6.5,2.431285405
760,0.1,28.302119017831114,5.161899389651634,39.68,7.04152
1670,0.1,4.687151052369239,1.8870638840994707,6.98,2.533629389
1311,0.1,26.68725140496162,5.572955943372956,37.45,6.80431
994,0.1,4.502523530968162,2.324513736673062,25.62,5.37673
609,0.1,5.0338805233267285,2.176666165095602,5.71,2.25345
1054,0.1,57.92121957980839,9.123896391647698,101.72,12.2521
1708,0.1,71.22221958264662,9.145038735912854,87.59,11.2199
271,0.1,15.414961821035321,5.360133275262778,15.31,7.024177621489566
214,0.1,1.6866397492511849,1.1337328233029906,1.93,1.210733876
1279,0.1,43.40956510946142,7.378274123415287,126.78,13.9775
965,0.1,58.71282627870651,9.074442565179753,88.71,11.3151
665,0.1,11.247206143727102,3.5368352924157875,11.63,3.41784
1271,0.1,36.75833861579323,6.675028259114479,75.49,7.024177621489566
4,0.1,96.5157599585785,10.915101340443234,99.64,12.10867994
204,0.1,13.082026447509012,3.70271936350345,19.32,4.613131896
648,0.1,59.6996790387139,8.895902076891076,88.19,11.2446
219,0.1,7.228814964272106,2.6789079602539907,23.11,2.582442
393,0.1,2.267757423607252,1.331952870142669,3.52,1.69257
977,0.1,8.522607311192342,2.795134538883669,9.4,3.01498
948,0.1,107.22568156319551,11.793878843890417,116.12,13.24971416
1187,0.1,51.0794674175227,8.05656729207643,71.2,9.93735
900,0.1,6.05184647214737,2.4028511069910157,8.47,2.841179901
520,0.1,28.123131844864073,5.993949531774891,61.52,9.08479
1679,0.1,28.51664609869877,6.802537968635439,40.17,7.096299381
481,0.1,3.3798231156959155,1.8146635523077521,4.77,2.28501
538,0.1,45.50631633873872,7.662487728371194,64.15,9.39131
918,0.1,62.27389217718104,9.72436560485873,105.1,12.4956
268,0.1,38.027933121977156,6.8654311912206945,52.53,8.309019329
521,0.1,12.54207758067961,3.5633620756017867,26.66,5.58857
31,0.1,85.93664171085128,11.514371135786941,125.8,13.88927615
1818,0.1,15.390776119751738,4.212945534026881,14.74,3.91968
814,0.1,4.120108396096341,2.0237164713918205,10.49,3.217
1335,0.1,83.65503990266376,10.875943789164966,111.35,12.92730565
825,0.1,4.221276231192136,2.0796964034203658,6.19,2.36311
1366,0.1,19.948118779159564,4.943866439338499,35.64,6.613947587
347,0.1,1.34796743645973,1.1057989549692486,1.83,1.192639209
512,0.1,16.275137457852875,5.152674282309954,30.62,7.024177621489566
1639,0.1,72.41112241255809,10.81402609423315,100.34,12.1366
1184,0.1,102.83342323235964,11.390719541396638,118.41,13.3524
773,0.1,14.660184412241584,4.189265959427002,77.22,10.3751
1480,0.1,66.51710304474334,10.865486070191762,90.85,11.46948561
1793,0.1,49.69865684539406,7.591375584328901,47.3,7.78724
1402,0.1,66.34813082483682,8.24690811676108,80.42,10.67471486
1025,0.1,7.151380571433557,2.559797117731724,7.18,2.578146532
1093,0.1,3.8625055291493817,1.8669563490229137,5.59,2.225369592
89,0.1,1.0571795654580847,1.1698301293987892,2.28,1.312234294
1170,0.1,3.6761372522383517,1.8052879866344491,21.9,4.98711
1646,0.1,0.8517040252933353,1.03164882409657,4.32,1.89426
1353,0.1,57.4004981901428,9.017591713065618,106.65,12.5934
1355,0.1,10.37384804974071,3.633875452897522,67.4,9.65497
177,0.1,4.127743972129623,1.8478793158815123,4.38,1.925734586
1031,0.1,4.3351412025521965,1.788924605114333,3.45,1.674180322
1399,0.1,65.26410780236289,9.406244342002633,99.87,12.0428
1057,0.1,9.681804913100704,2.9706549867352523,16.75,4.242394637
1110,0.1,53.14548352256945,8.015060324595757,92.16,11.56559794
385,0.1,68.18676692913854,9.627117645439599,77.93,10.47865795
1411,0.1,41.96019484265064,6.949970536638069,55.01,7.024177621489566
1543,0.1,60.445789440782136,9.033125421096786,93.35,11.6629
1137,0.1,1.405397148220495,1.1592762708470892,4.65,1.99844
1393,0.1,23.672443736232378,5.328872310161318,45.24,7.64474
1367,0.1,19.277859461366276,4.968268492013341,35.03,6.547178712
1629,0.1,19.92535402929266,4.23113545239874,21.48,4.89644
408,0.1,5.0335154302503,2.0376251762320843,7.73,2.28122
506,0.1,68.3445402051664,9.403222281858811,86.69,11.1276
1115,0.1,38.97557201107228,7.663099742499246,66.22,9.54792
813,0.1,54.33290696617661,8.723714422804802,86.56,11.1497
1136,0.1,59.81095769771686,9.778481707338216,81.5,10.753
302,0.1,35.944675884898174,5.856175678177688,121.01,13.57525892
436,0.1,21.739274176721015,4.873503125464418,23.06,5.118907941
979,0.1,47.68248596690378,7.838572001973121,47.76,7.024177621489566
171,0.1,84.23725103120763,11.427865618486504,121.6,13.61374033
1409,0.1,66.0453648838259,9.615746454758545,111.85,12.9673
1518,0.1,9.370620692408092,2.9261918533391307,13.87,3.797335347
1427,0.1,5.128727471779895,2.328433955948941,8.53,2.852334785
270,0.1,59.19709769575416,9.508203894502529,96.61,11.9045
227,0.1,35.611577776930545,6.9201232818741,97.07,11.92440528
1196,0.1,14.536784956222634,4.760948189777107,15.2,7.024177621489566
558,0.1,2.979466553140734,1.5459735732008988,5.08,2.102385379
1511,0.1,48.64280672089415,7.989643405722057,59.27,8.920508561
1210,0.1,61.691810804331865,9.158211165968117,96.74,11.9007
618,0.1,37.93310982537428,6.942909213509822,55.39,8.57193
1588,0.1,21.21309550893753,4.407897134438711,25.49,5.44119
1530,0.1,2.0014489716420822,1.356687178811799,2.83,1.5002
1784,0.1,1.0252243133620353,0.9940308742170262,0.85,0.961738557
597,0.1,11.781995570255893,3.381235767928048,19.15,4.5947
1520,0.1,49.728189499868826,7.650018355080353,72.99,10.08322393
737,0.1,14.999644109321155,3.6960097606736495,13.87,3.80598
1334,0.1,45.78609764372196,7.507666926118453,80.26,10.66165646
1150,0.1,66.05182606694343,9.455220811938355,87.25,11.2009
378,0.1,6.037716607786179,2.3039186024096416,7.39,2.62397
866,0.1,5.936357455011167,2.260437087295038,6.06,2.3352
1718,0.1,52.60383076551702,8.548336742367784,92.31,11.5845
379,0.1,5.003644624916797,2.0851146147923387,5.41,2.1838
192,0.1,3.5225393401446956,1.7100290630622739,4.4,1.93236572
260,0.1,25.33544832611685,3.612251856435887,46.67,7.7514065
1652,0.1,73.09293425401339,9.452287142178074,93.06,11.633
1212,0.1,43.961026735229595,7.527542528041146,55.03,8.52936
953,0.1,11.197074891441176,3.1136975346253832,9.44,3.026578642
1003,0.1,25.922734392457883,5.354284913562589,31.56,6.16036
861,0.1,4.3283346899031825,2.0142961529146173,4.25,1.89435
308,0.1,59.93380348889211,8.214566341862158,112.5,13.0203
1591,0.1,68.94733671801,9.255888008321351,87.58,11.2128
1268,0.1,19.737584584117204,4.61373615503977,21.13,4.86815
1164,0.1,76.03773690410927,9.884975637101606,76.52,10.3670919
360,0.1,5.552008329333704,2.081225299663218,6.93,2.512038
652,0.1,19.541529026503433,4.097025283415332,17.99,4.42263
381,0.1,33.20429659241607,6.021884297477676,43.82,7.469402719
1775,0.1,6.150308760071648,2.2377691048554587,6.45,2.42354
1000,0.1,19.12365468233238,4.6168480449532625,52.81,8.33267
452,0.1,25.887538759109223,5.310988324300906,88.76,11.3113
414,0.1,2.979592805214989,1.440238784745943,6.1,2.340834103
987,0.1,20.486154304897298,5.07520333730778,73.79,10.1474
1459,0.1,54.33300275157776,8.55899074344872,63.99,9.33912
1358,0.1,51.83217082203703,8.615501156655204,72.87,10.0826
1703,0.1,105.311754504423,12.34201746414227,129.15,14.10495771
638,0.1,41.41260483828389,7.436566096809381,70.99,9.91393
1404,0.1,61.67408114016351,9.044076150848108,105.27,12.5164
133,0.1,8.03038556724983,2.649919714896393,10.81,3.28324
202,0.1,68.0718976750489,9.628642987266298,91.33,11.50390062
1169,0.1,78.6331039028823,10.914463725845518,98.5,12.0756
198,0.1,10.42932782130391,3.197490493134579,16.17,4.155260325
796,0.1,33.05091399554075,5.923547107449933,69.2,9.77911
574,0.1,90.7919447153151,11.239987406682893,119.35,13.46463141
1114,0.1,9.672235991227994,3.3047809623520252,14.37,3.86968
317,0.1,0.8868900359104286,1.0240269980057695,1.13,1.042840696
980,0.1,35.159963416656765,6.507342862335115,95.18,11.78712672
142,0.1,5.846840583082125,2.310157668573436,9.61,3.12766
1413,0.1,9.298183460558146,3.0593746794818997,17.74,4.37963
1806,0.1,7.590266039637788,3.8793705670665237,3.74,7.024177621489566
1852,0.1,56.20443440470317,9.841313144641791,117.29,13.3280613
465,0.1,55.97665877887676,7.400582809280456,74.24,7.024177621489566
315,0.1,76.91709538646549,10.016490044520998,110.17,12.84561173
1425,0.1,4.781968246032847,2.1360286953734544,4.37,1.93226
670,0.1,49.70900039416846,7.4636427961798715,79.53,7.024177621489566
170,0.1,33.92275873243836,6.600853406986134,63.97,9.33715
467,0.1,26.049152697866283,5.0156703212686145,70.23,9.84223
1109,0.1,68.45787135352683,9.921635374690876,84.52,10.9933
1486,0.1,2.497677494047358,1.364667086487525,3.44,1.67736
1398,0.1,50.61263043471053,9.290704567212071,96.4,11.87591193
1341,0.1,78.40366173673758,11.113646070089587,117.71,13.3674
1448,0.1,10.26868031765526,3.312982463868417,10.1,3.16086
22,0.1,11.289345063093904,3.2179413827273753,12.19,3.517574786
1267,0.1,30.49028314304839,6.310125224835508,35.89,6.63491
45,0.1,0.7628454658853736,0.9564586676656256,1.65,1.15643
1224,0.15,24.181008357099195,4.959390531839544,29.55,5.94241
475,0.15,32.61547143658898,6.563636887035623,77.13,10.417
1838,0.15,4.471478627617164,1.8500341477919908,4.41,1.92318
1199,0.15,6.878674201910909,2.5027397957703914,9.3,3.01287
53,0.15,6.794532811292521,2.4236942245626425,7.04,2.54474
1408,0.15,64.74963263927813,9.062653798753422,112.81,13.0531
1654,0.15,36.75665580605053,7.184090224219994,36.24,6.70553
18,0.15,45.33448616527211,9.486499707274055,76.0,10.32616195
731,0.15,14.995047895665556,3.553777508623876,15.91,4.12435
1374,0.15,42.81611260750813,6.923372262272757,33.76,7.024177621489566
233,0.15,42.34456689676564,8.276444261436197,55.83,8.612116336
1390,0.15,77.93056153042785,9.960558478749213,125.31,13.8742
621,0.15,33.36702867266212,6.540234470162785,68.34,9.70968
427,0.15,5.23463023556906,2.2415843316793795,6.82,2.50355
187,0.15,9.063441204500997,3.215492226242862,21.79,4.952313354
1029,0.15,2.6023873501591592,1.461455453762475,3.27,1.62297957
390,0.15,53.701797289108406,8.726601124430934,82.55,10.8261
457,0.15,86.14040735095632,8.938670001350367,117.29,7.024177621489566
156,0.15,5.9452034698014,2.3840479643821286,13.61,4.509178613
1337,0.15,53.722642285950236,9.741956648144066,79.11,10.5731
1649,0.15,8.13121309931386,2.7231638042190185,7.06,2.54445
1628,0.15,85.56306098343401,10.907750444556841,112.16,12.9734
616,0.15,80.63400358220788,10.026925415744692,109.15,12.8076
726,0.15,18.01374147002579,5.480654155699992,122.07,13.6402
473,0.15,26.556607167710084,5.555658578883334,64.55,9.36472
853,0.15,2.9064294749247535,1.6170577477768566,4.59,1.980635825
1720,0.15,70.83095032513383,9.318305634952903,120.83,13.5597
1834,0.15,29.804775766873032,6.842351762605415,60.85,9.059590395
440,0.15,46.06186244962673,7.783687420953624,55.55,8.56637
303,0.15,1.0299675642689157,0.9991108646745986,1.95,1.214566424
519,0.15,17.085412028215607,4.447042201185923,21.07,4.86242
191,0.15,13.759762528862955,3.431000420946957,14.68,3.924832159
6,0.15,86.61633921017082,10.68429691514198,113.71,13.08687204
962,0.15,28.124902820981685,7.270576831724455,29.29,7.024177621489566
434,0.15,55.07036266367328,7.120534936170396,90.34,11.8344
1693,0.15,2.861595467743548,1.5431193733554232,2.52,1.393219042
412,0.15,6.461648608068575,2.6384654775941807,7.25,2.58794
124,0.15,28.211853027143746,5.664004962501228,43.24,6.99891
1768,0.15,1.4480680816613094,1.1297658362972314,0.86,0.965061868
1617,0.15,25.640753468937866,5.589462255698163,28.01,5.739561697
1294,0.15,14.048486506804835,3.9923654139499685,16.34,4.16809
318,0.15,1.043249368090402,0.9992146008659916,0.56,0.856692464
17,0.15,105.80886764710942,12.609874653022189,124.3,13.79115826
1758,0.15,18.182127945037884,4.314179213007818,19.35,4.615
80,0.15,11.023169935331076,3.2208587202408303,19.13,2.432614
479,0.15,5.6767086429680695,2.2886264028041734,6.52,2.43432
744,0.15,15.750916517319556,4.03330614155069,74.3,4.06597
963,0.15,4.5997160600155,1.9472829234808682,4.31,1.90837771
135,0.15,64.16691990372465,8.67342168660133,94.26,11.7171
847,0.15,16.433539391920647,4.214939426456714,23.64,5.21152
118,0.15,7.332001800145498,2.5080502560719093,11.71,3.435910248
85,0.15,3.308675848704375,1.9273888523457938,3.61,1.741587
1103,0.15,60.04900612893836,9.08501365903177,92.98,11.62586504
1379,0.15,8.377028316385783,2.993337269404742,11.82,3.44576
1789,0.15,0.5627448192940809,0.9214795195432823,0.63,0.885684603
1045,0.15,3.10909710108918,1.6781690367445294,7.43,2.629079023
792,0.15,12.884997684807287,3.357599373939586,14.5,3.90515
47,0.15,0.9043699014029304,0.9741366511218295,0.88,0.969819
77,0.15,16.255418599623614,4.795406195521483,56.57,8.85869
904,0.15,70.79696135046879,9.252815961334463,94.7,11.7215
107,0.15,73.19430408773937,10.101851216643041,108.69,12.74428382
1461,0.15,22.665317642154918,5.001376451235291,21.53,4.916984204
1856,0.15,65.64551489707746,10.029394834361227,109.94,12.82971612
30,0.15,38.4245609080767,7.0778043831058906,43.22,7.42915
1437,0.15,3.3108753440040073,1.5339400948845943,2.3,1.318046443
596,0.15,29.6062535376621,5.3921597763184375,114.56,13.1383
1672,0.15,1.1573070628744522,1.0740212260240876,1.38,1.101762401
1236,0.15,30.41765775735937,7.11578095040772,49.35,7.024177621489566
425,0.15,12.721893045452623,3.9279655227239885,19.67,4.66502
361,0.15,106.26145070706653,13.038438973302933,105.75,12.53990524
991,0.15,4.346207726277498,1.8511054109727794,7.8,2.705027839
1728,0.15,14.225471870362847,4.107756300709931,21.12,4.862440485
1780,0.15,66.20976167554225,9.24539024530937,77.3,10.4307
862,0.15,5.955680133635879,2.2602449833593,8.15,2.77807
1723,0.15,78.79067180823365,8.316411232202906,92.69,11.6029
1239,0.15,41.03925166540539,7.5603870785352845,40.44,7.13535
655,0.15,35.295239115678655,6.451778602720965,83.22,10.8884
883,0.15,5.932900794111793,2.305044327580209,6.68,2.47030768
1599,0.15,9.530781051892964,2.947768363987304,9.39,3.00633
871,0.15,9.36554766164481,2.9183571893023563,10.75,3.2807
1424,0.15,71.20807630436799,10.10437172436085,76.73,10.4386
1609,0.15,71.38728418231545,9.422673948612621,126.51,13.9433
326,0.15,4.652447370107369,1.981233743905507,5.7,2.24794
1317,0.15,75.85772471167141,10.293060140828585,74.94,10.24074428
985,0.15,6.505608362792836,2.388773004560973,6.69,2.47118
1476,0.15,7.963510881086781,2.7783810663428685,7.58,2.660025534
175,0.15,7.489402919861043,2.5822276577068224,21.14,4.87824
1656,0.15,33.51419964392295,6.497203133859128,28.87,5.8474
557,0.15,8.551890771172737,2.7666917192263543,11.57,3.412480023
1101,0.15,10.310373961202112,2.9460663730649768,19.85,4.517045331
459,0.15,52.64917351706248,7.571315026378579,128.46,14.0608342
712,0.15,3.066109966146673,1.5376236819956823,5.49,2.20071815
679,0.15,68.49165503294293,9.812323652926723,72.76,10.0433
923,0.15,14.821680768885606,3.721562986775784,14.47,3.89334
553,0.15,6.135279408559324,2.472329682292938,9.11,2.964146098
1182,0.15,18.76183031170243,4.486889686639777,47.07,7.82059
249,0.15,69.31306268764735,10.553608558166495,94.77,11.75690439
310,0.15,49.289478386438894,8.611111200616758,75.59,10.264
658,0.15,14.860208273663492,4.097254696767136,17.25,4.31235
217,0.15,1.6390876860725336,1.0741765033674224,2.42,1.35917743
896,0.15,2.284473049846018,1.365364652115988,2.86,1.499704002
958,0.15,31.907458250366275,7.390315331393897,30.66,7.024177621489566
458,0.15,31.263755904027406,6.6103660525961265,28.62,7.024177621489566
1695,0.15,35.05400073595661,6.429492800112915,39.6,7.03413
666,0.15,12.649353564545402,3.997693729704651,34.8,6.35126
489,0.15,83.50976797290029,11.19856812677969,117.42,13.33687048
969,0.15,10.501715597709923,3.239042061974783,12.74,3.60283
674,0.15,2.945505653373208,1.4343181235029268,2.52,1.39527
1315,0.15,70.19250005343618,9.512919000059716,85.72,11.0715
1205,0.15,10.497905248336918,3.21638828097007,12.83,3.62818
1498,0.15,98.85738746592176,11.643224653024904,100.58,12.1616
743,0.15,31.4085374426126,7.047462228949834,36.91,7.024177621489566
1276,0.15,49.75401987884954,8.670025123299125,71.58,9.96751
1844,0.15,27.67655821403854,5.717130051837931,30.67,6.0323
148,0.15,27.195502650402297,6.057035771522249,101.78,12.2412
1074,0.15,92.7934883236851,11.647683185907182,113.65,13.0889
1497,0.15,7.188292171776129,2.4544002308284076,7.58,2.65245
1416,0.15,78.87807396955651,10.936014199928053,69.6,9.82252
587,0.15,71.35553785166357,9.855254269619254,105.95,12.55419255
517,0.15,10.67973408541232,2.9968595352210823,13.61,3.754833321
1661,0.15,7.531140316806244,2.8761994834233997,12.36,3.548343316
1286,0.15,76.77374451177461,9.735118635173,119.59,13.4003
76,0.15,1.5298274959639897,1.307109148759361,2.12,1.671618
1081,0.15,3.1616133435874776,1.5998611704872188,3.42,1.666703009
1415,0.15,30.81703559513811,6.576324826092606,74.93,7.024177621489566
999,0.15,6.553608474405426,2.715811787060895,28.55,5.805449843
1732,0.15,6.961192918737909,2.627306212787238,2.72,1.455123436
593,0.15,46.54321452006572,8.257861421342788,69.0,9.754848091
1573,0.15,9.572743699520126,3.0467863640461728,9.44,3.02618
262,0.15,102.42515802178681,12.076060047168788,116.99,13.30845019
1533,0.15,40.02306482450245,7.778478293091149,115.63,13.21716686
565,0.15,7.97861337056554,2.5552996800632792,9.31,3.00264281
1287,0.15,97.36665423492438,12.053563747863729,117.11,13.31600225
34,0.15,37.73695781192757,7.529730252148524,80.03,10.6751
1183,0.15,43.75189740852945,7.6553371496712765,68.76,9.735489661
1840,0.15,83.77333413346837,10.379721764301042,94.75,11.75567728
182,0.15,85.4928647285358,11.101431322670576,125.96,13.89945234
651,0.15,24.723541443830708,5.018047595195641,28.37,5.78741
276,0.15,4.6676550094876434,1.7987188464261086,9.56,3.05033809
567,0.15,3.2275674072361316,1.6277237947395686,3.03,1.553134989
775,0.15,20.042065808293746,4.964603054252827,27.13,5.62786
1188,0.15,15.71962457819368,4.276870485381675,37.53,6.82612
1823,0.15,57.58183320799392,8.849190547762996,63.36,9.29428
1593,0.15,8.675910824761097,2.798589420963311,12.8,3.62613
840,0.15,2.3767834367583673,1.380681197805043,3.9,1.799296606
161,0.15,100.6574021240715,11.63112388451197,107.4,12.65489004
564,0.15,6.3006256548521815,2.409121287809584,7.4,2.623164132
579,0.15,8.98462758551266,3.2276513475767232,10.61,3.241642959
1151,0.15,17.016735728046356,4.089928503154551,20.78,4.82429
14,0.15,6.785845454220794,2.4565864891252662,7.65,2.66889
1122,0.15,79.01590768658913,10.470850995791215,92.33,11.57792161
713,0.15,9.298455976895577,2.8792664769411993,14.52,3.91576
1097,0.15,2.6607973331644277,1.4221721989027587,4.02,1.833476886
254,0.15,5.565218634850563,2.0289596574699726,4.66,1.99787
1858,0.15,93.0457725299047,10.93145328345054,107.41,12.65581119
1158,0.15,95.48203139076364,11.791379370215196,115.93,13.2366563
970,0.15,33.80509349171408,6.167400214321568,55.42,8.575211206
526,0.15,44.786408192754145,6.651029246798259,101.51,12.2235
1651,0.15,39.95427913143696,6.614051738487809,48.11,7.88895
1769,0.15,21.48103639432996,4.873560818690863,22.32,5.02186247
1213,0.15,52.44839019571579,7.752179137300267,58.05,8.78597
1735,0.15,70.83634662542215,10.264400404849713,106.05,12.56093758
893,0.15,7.7065182024124255,2.6910638298371508,9.25,2.99324
1832,0.15,50.72972982289602,8.464400377487967,74.6,10.2495
1234,0.15,36.498869231423406,6.48645511037808,46.76,7.76491
733,0.15,7.048289585123394,2.9852066829596566,9.15,7.024177621489566
1751,0.15,57.4186111304736,8.064694305685164,120.8,13.5278
1237,0.15,23.68744956995816,6.487007895095575,25.93,7.024177621489566
581,0.15,33.12881755478082,6.4696034509610305,38.83,6.956425764
1551,0.15,39.96348337978345,7.531826235855195,42.05,7.290258938
37,0.15,38.32999457490921,7.439323646838689,48.6,7.99698
223,0.15,14.320069560076789,3.7020661716398404,27.51,3.493627
1523,0.15,38.01845125814915,7.420553280115299,37.59,6.823692468
1382,0.15,8.894979145130055,3.1713608332056404,6.63,2.16171
1042,0.15,22.80874068190667,6.306883963951868,98.43,12.0629
1070,0.15,52.71119833584844,8.317830795999942,64.42,9.36468
443,0.15,20.635963657768347,4.5219284214656525,19.99,4.70308
152,0.15,1.7008645263204827,1.246167999471397,3.82,1.77141
1799,0.15,51.521075919430224,7.868497068227023,101.42,12.1874
1759,0.15,59.01674076294218,8.259666584722146,74.91,10.2441
667,0.15,28.40829218125718,6.220005286219513,29.45,5.91488
485,0.15,99.53781715833212,8.620865942760181,119.75,12.962219
992,0.15,1.6656268457042651,1.409691076385211,3.26,1.62083261
769,0.15,10.27461108671098,4.531653244742135,10.87,7.024177621489566
1005,0.15,25.446098991337355,5.494896508519386,32.02,6.20845
572,0.15,9.531107054581648,3.085643694613196,9.15,2.972828344
278,0.15,91.12462145167589,11.464788441528631,118.47,13.40695673
632,0.15,19.422038174110032,4.732204812501083,25.04,5.374472103
823,0.15,19.661395930071794,4.910100892494153,23.66,5.20733
141,0.15,47.95126013331125,7.509453168308516,66.94,9.58224
752,0.15,28.046314518073334,5.0881212997682965,30.39,6.01061
240,0.15,3.166239391659424,1.5868356853156436,5.32,2.160174068
1824,0.15,5.6189146682943925,2.3024035697156853,6.67,2.46843
795,0.15,21.183142970007726,4.815265270329908,25.69,5.46087
55,0.15,4.454862884256482,2.1096147657446407,5.83,2.280732664
333,0.15,8.62725341550412,3.2851873988186227,52.89,1.90058
897,0.15,3.119353167933141,1.5420754971348112,3.29,1.627714714
1364,0.15,36.422021836566365,6.301740488312051,44.16,7.48475
1492,0.15,109.03650953337123,12.590296633293915,115.71,13.22170304
215,0.15,110.87159247445477,12.067566676114467,116.63,13.28441341
672,0.15,3.741887659783488,1.700930791976802,4.87,2.051533242
446,0.15,63.88951252768482,9.543432879888385,108.18,13.7564
530,0.15,31.67882372110954,6.6015704207736885,119.29,7.024177621489566
789,0.15,45.794523394136355,7.899000845229648,50.58,8.13315
576,0.15,10.203578791354436,3.303317016743982,17.74,4.386987751
9,0.15,78.46778368724138,10.616101721420128,78.84,10.55059224
997,0.15,53.79804573417695,7.663047992121635,116.71,13.2583
1781,0.15,81.44823957737488,10.74698616226008,81.72,10.7664
1850,0.15,6.774375249554699,2.625280922019518,9.37,3.01006
220,0.15,5.8356522851112125,2.434393250703695,7.69,2.67607
982,0.15,81.82161844940903,10.413445745740427,91.68,11.5159
259,0.15,1.4819299623857476,1.2208778732502434,2.16,1.26995
989,0.15,53.138580133221,7.998849710516436,94.78,11.75821955
39,0.15,83.16431177630662,11.08357634744181,118.4,13.3028
229,0.15,22.802604860993966,4.857237752114227,26.9,5.933251
911,0.15,6.375009280531249,2.335130108438039,6.67,2.45459
491,0.15,105.57502105516622,12.458001618975977,111.21,12.91712883
516,0.15,37.46201626697864,8.296071173095978,86.88,11.1424
66,0.15,2.633730473558927,1.4191000043033257,2.79,1.477775413
1464,0.15,71.08567933841387,10.805806407135009,94.75,11.75575788
933,0.15,61.264033780544004,9.636805599644747,90.81,11.48
615,0.15,86.60328921625543,11.616538265935715,96.91,11.8862
1246,0.15,78.54736251782536,11.092886362853747,85.94,11.1273
206,0.15,101.49166904051506,12.081343129217421,109.38,12.79215388
1612,0.15,7.3809278621225545,2.917205620041563,8.39,2.823759908
461,0.15,7.4451215037157645,2.7140259032771397,9.97,3.34688
1788,0.15,1.0879824857936515,1.0275158743930513,0.83,0.955851376
1299,0.15,80.24196468266355,11.408095767511885,91.87,11.5444262
402,0.15,3.0237604168772476,1.6315851380149762,3.49,1.686631414
5,0.15,95.8087332558314,11.874177396255032,102.14,12.28673887
58,0.15,29.081905948093247,6.742295814851154,39.81,7.059079908
955,0.15,75.21940464537415,10.095016926813443,89.31,11.3749
762,0.15,10.655451350180964,3.381623432677053,11.29,3.45648
1052,0.15,101.49197498810013,11.485320354539624,123.98,13.77034053
529,0.15,21.096194589234948,4.652583946619848,31.64,6.167248677
1388,0.15,104.64932522261715,11.833243143283399,121.48,13.6371
1568,0.15,9.03591162439975,2.9543304132102417,8.99,2.93924
1454,0.15,1.6890315513853307,1.3100516898723038,3.61,1.719326482
1664,0.15,5.937143916284668,2.2778428850882135,6.59,2.451177479
1855,0.15,10.011153564656764,3.123220274881071,10.06,3.13923
1174,0.15,49.90177392505489,7.33431148744634,56.89,8.72806
768,0.15,19.37702703931654,4.495680106277202,21.99,4.98445
578,0.15,6.628398120481189,2.430512445464072,6.58,2.448945353
740,0.15,46.11450567767987,8.156304077828016,95.88,11.8527
602,0.15,18.40936607450023,4.545088317305002,56.78,8.697617256
92,0.15,7.696056350843939,2.6421624151433654,8.4,2.826989728
993,0.15,0.9947438725051345,1.0777868881617139,1.35,1.097286737
1500,0.15,67.54813584938779,9.222228385280427,98.09,11.6786
575,0.15,5.449421895628554,2.0613245449058146,5.8,2.273030104
1453,0.15,62.18498334597888,7.692930296105123,104.62,7.024177621489566
539,0.15,5.787680579554739,2.270459055972558,6.16,2.35888
438,0.15,9.875046999164216,2.8360640111199857,13.08,3.64998
642,0.15,58.75411255204583,8.816711926718693,118.5,13.4294
144,0.15,26.868093203432508,5.933585313717017,36.52,6.64264
342,0.15,2.720423062857732,1.6021341238821383,5.9,2.29679437
1288,0.15,62.428076422817405,9.19045048726223,100.58,12.17579997
716,0.15,4.650675592117093,1.9985337814928492,5.34,2.16083
1047,0.15,7.556977638707096,2.621259896391051,10.47,3.21883
1581,0.15,24.934999374706628,5.117579318694091,27.44,5.670863357
799,0.15,44.910512237109074,7.543345010888363,68.55,9.72386
1021,0.15,7.914140753431475,2.834322168499185,13.85,3.78219
19,0.15,4.994428074286567,2.0859417593968983,5.99,2.3216
1391,0.15,83.32357402301842,10.61728961704048,100.78,12.1827
54,0.15,7.411026209791381,2.3503872418707736,12.29,3.751004
1558,0.15,50.937852425748616,8.418621360048242,65.62,9.49438
1319,0.15,79.67310946992271,10.546491859461877,110.71,12.8974
1083,0.15,5.3368970533834545,2.3072455608857814,15.33,4.026925833
1190,0.15,16.25723774561537,4.626771914293377,18.15,4.46635
641,0.15,16.774149241541085,4.067565263840887,22.95,5.10182
1,0.15,114.67988176480766,12.751981802139777,116.75,14.581841
1378,0.15,104.03538203396394,11.978441120022316,125.51,13.9016
113,0.15,7.423768119321199,2.9161085107310165,35.09,6.02383473
1546,0.15,61.514726369601476,8.784444248925428,71.54,9.98401
1064,0.15,58.15102939702805,7.991329171694349,126.44,13.9111
298,0.15,5.1456804377980845,2.2370164106549786,20.17,4.71785
279,0.15,93.87581396976532,11.549695057298758,100.48,12.1343
82,0.15,74.01464320761742,10.586975984939366,83.66,10.92571149
745,0.15,55.86717788906946,8.425162061721059,95.12,11.8886
1127,0.15,28.99095543754407,6.195943910542751,31.68,6.170988152
1354,0.15,46.68484578300948,7.788225144100262,61.72,9.1446
1325,0.15,81.03254239493646,10.033227882017357,104.29,12.43773089
1087,0.15,12.171832232017175,3.74136074329878,25.19,5.41363
322,0.15,0.7917143734435189,0.9473160244591361,0.81,0.949185781
1039,0.15,10.339540416346454,3.2591172998071647,10.87,3.29096
122,0.15,2.5761034050255147,1.5622771772623658,4.1,1.84555
1305,0.15,34.02096780523786,6.862803976247849,25.06,7.024177621489566
511,0.15,95.09869339253508,9.96064514877816,117.39,13.3343
48,0.15,1.5786591026936299,1.2229764092649005,2.5,1.36751
1572,0.15,13.3521020256738,3.669442732082164,21.87,4.95462
1611,0.15,68.92509256636393,9.967026021806882,89.82,11.3547
1010,0.15,10.55928394568945,3.361799886831552,19.42,4.33692
776,0.15,25.193894323409683,5.616804653862822,27.73,6.05271
842,0.15,10.765808217604743,3.26458271557694,12.14,3.49799
1841,0.15,6.31177874490586,2.6698360226442928,12.38,3.550689516
1142,0.15,43.8949279302477,8.231000799519615,74.51,10.2185
52,0.15,2.0145881292961967,1.361321793421295,4.71,2.02068
501,0.15,57.64603039401328,9.015943686700851,64.42,9.36823
1602,0.15,9.641596296066975,3.0802935560129185,10.93,3.29943
1484,0.15,23.893237868620087,5.220379560529243,38.8,6.952739141
1023,0.15,4.0045565514076955,1.8442880764468625,4.46,1.947929019
159,0.15,3.1962047933553346,1.7397935224434293,5.47,2.195403439
686,0.15,21.785753618808293,4.834215483396259,20.97,4.841201962
1026,0.15,12.135176298769641,3.21917974589903,12.16,3.5130935
353,0.15,105.19119945238882,12.11321703125359,114.53,13.14269004
1126,0.15,7.45736331510962,2.3799252823452584,7.88,2.722617954
251,0.15,73.94763103316305,10.50190966627754,120.33,13.53006831
1516,0.15,5.6891602521503675,2.1710928464200356,5.31,2.16267
1034,0.15,101.66987400695915,11.425756234622655,130.66,14.183
190,0.15,48.43208470617844,8.058218331418894,53.39,8.388894075
568,0.15,15.097614355633555,3.851024913564224,23.63,5.193676358
924,0.15,69.20312496104697,9.308512516694664,99.95,12.0713
1258,0.15,92.14257629055665,11.081179946924458,99.82,12.168
1843,0.15,26.1957781987098,5.927056796534028,40.3,7.09086
1132,0.15,70.10133399210247,10.461134936284292,91.8,11.5451
376,0.15,27.297820685693868,5.501951912478417,41.34,7.216883182
1265,0.15,47.42482695997468,6.9688271188324205,124.53,7.024177621489566
1688,0.15,69.53906792228315,8.584295895682597,64.57,9.41494
487,0.15,87.99050292825177,8.384567961230582,125.28,13.446487
253,0.15,6.219506432290026,2.350355811413392,7.39,2.62025
1586,0.15,68.02601086632728,9.829814347249146,86.01,11.1331
299,0.15,6.727275154531533,2.302677899859166,6.5,2.431285405
760,0.15,30.4892617066087,5.992971669628892,39.68,7.04152
1670,0.15,4.244387596190235,1.882245101956572,6.98,2.533629389
1311,0.15,31.38435413465977,5.9702655711467045,37.45,6.80431
994,0.15,4.91445060788427,2.431120098496018,25.62,5.37673
609,0.15,5.384567656572093,2.1934270194179923,5.71,2.25345
1054,0.15,65.21844000509891,9.087717196038367,101.72,12.2521
1708,0.15,70.37096485749109,9.63791860273254,87.59,11.2199
271,0.15,15.734716803175441,5.439385755745691,15.31,7.024177621489566
214,0.15,1.6612323840934853,1.1506892487243443,1.93,1.210733876
1279,0.15,49.05349785623036,8.208165826319249,126.78,13.9775
965,0.15,65.98005956866093,9.558063844731954,88.71,11.3151
665,0.15,11.042798194184527,3.3597613297109543,11.63,3.41784
1271,0.15,36.66255129063363,6.772797333147384,75.49,7.024177621489566
4,0.15,86.87707496436873,11.954492162381374,99.64,12.10867994
204,0.15,14.655477093215799,3.5086038295320474,19.32,4.613131896
648,0.15,65.56091888185206,9.177025414560596,88.19,11.2446
219,0.15,8.183694224493841,2.6807347383064926,23.11,2.582442
393,0.15,2.280659347838094,1.332362995943998,3.52,1.69257
977,0.15,8.175933591875971,2.9318102666124615,9.4,3.01498
948,0.15,110.63883575820333,12.420872799774314,116.12,13.24971416
1187,0.15,58.555856192496044,9.664448420990754,71.2,9.93735
900,0.15,7.216848933660538,2.394321962152137,8.47,2.841179901
520,0.15,30.94723209527341,6.2761702604035765,61.52,9.08479
1679,0.15,31.105239204431985,6.305163377560127,40.17,7.096299381
481,0.15,3.373417988050837,1.7792871186924843,4.77,2.28501
538,0.15,48.34146368917604,7.532966325979717,64.15,9.39131
918,0.15,72.1247009833635,9.938330389698281,105.1,12.4956
268,0.15,38.21283300881899,6.728582860729816,52.53,8.309019329
521,0.15,13.78234494594923,3.531323534950584,26.66,5.58857
31,0.15,86.9416125731392,12.0027501825441,125.8,13.88927615
1818,0.15,18.133334622140108,4.534593262444898,14.74,3.91968
814,0.15,4.879622250555815,2.0650685281415173,10.49,3.217
1335,0.15,88.56316538654465,11.182632954780102,111.35,12.92730565
825,0.15,4.93258419130503,2.0641671246259623,6.19,2.36311
1366,0.15,24.416851385318772,5.204319937744503,35.64,6.613947587
347,0.15,1.2537280660044834,1.0963734886773482,1.83,1.192639209
512,0.15,17.516586884300676,5.04195393023887,30.62,7.024177621489566
1639,0.15,80.07321213050358,10.626358642777008,100.34,12.1366
1184,0.15,104.66027122731698,11.78427222424319,118.41,13.3524
773,0.15,15.604387733680388,4.319851194715279,77.22,10.3751
1480,0.15,72.19073884070484,10.084370226000447,90.85,11.46948561
1793,0.15,48.6910363703034,8.30013892367319,47.3,7.78724
1402,0.15,73.77175516801857,8.607564863023372,80.42,10.67471486
1025,0.15,6.951455493660737,2.3299278997198174,7.18,2.578146532
1093,0.15,4.101701123588909,1.911169958699902,5.59,2.225369592
89,0.15,1.4823612585899164,1.1160374825904515,2.28,1.312234294
1170,0.15,3.988361486660961,1.8511756561956945,21.9,4.98711
1646,0.15,1.0486152104073863,1.0855015616206543,4.32,1.89426
1353,0.15,62.4243613668025,9.544037411433866,106.65,12.5934
1355,0.15,14.31402580303519,3.896738541654307,67.4,9.65497
177,0.15,4.054266480264524,1.8849731771284017,4.38,1.925734586
1031,0.15,4.1357068421682905,1.8838234329043093,3.45,1.674180322
1399,0.15,76.62147739853664,9.921470928377861,99.87,12.0428
1057,0.15,11.025752808952953,3.230570355188562,16.75,4.242394637
1110,0.15,60.01619448558831,9.018510495330826,92.16,11.56559794
385,0.15,73.64218481701805,9.10501302230332,77.93,10.47865795
1411,0.15,47.65294213964559,7.042705191669763,55.01,7.024177621489566
1543,0.15,66.37310660297634,9.8400500200611,93.35,11.6629
1137,0.15,1.5028719660731773,1.2689782128223488,4.65,1.99844
1393,0.15,25.55730040999018,5.443978438508843,45.24,7.64474
1367,0.15,21.782891424704,5.062756500592862,35.03,6.547178712
1629,0.15,21.834227795856766,4.815768892598041,21.48,4.89644
408,0.15,5.15179374736129,2.061364271597674,7.73,2.28122
506,0.15,69.8943297334698,9.620467540905167,86.69,11.1276
1115,0.15,44.35387828430961,7.914181365480758,66.22,9.54792
813,0.15,63.960033812182424,9.14523343773375,86.56,11.1497
1136,0.15,68.75804084745928,9.879878034789028,81.5,10.753
302,0.15,40.489862410414204,6.599709116612362,121.01,13.57525892
436,0.15,23.017240842793157,4.737912429216343,23.06,5.118907941
979,0.15,46.2576197569786,7.869092847420535,47.76,7.024177621489566
171,0.15,91.48777833508356,11.403006909426667,121.6,13.61374033
1409,0.15,77.84169950873299,9.798826675508591,111.85,12.9673
1518,0.15,9.670468268792035,3.239336768786944,13.87,3.797335347
1427,0.15,6.068160756957648,2.310353949953459,8.53,2.852334785
270,0.15,75.60288110013875,11.01165547160709,96.61,11.9045
227,0.15,41.6023031514157,8.065561272128068,97.07,11.92440528
1196,0.15,14.06449621069435,5.346097305939342,15.2,7.024177621489566
558,0.15,3.1102674228103506,1.4133600175253447,5.08,2.102385379
1511,0.15,50.94336832926678,8.626068282971232,59.27,8.920508561
1210,0.15,68.62261225196104,9.165266433549125,96.74,11.9007
618,0.15,41.03661943598428,6.811832320798838,55.39,8.57193
1588,0.15,19.586367458152846,4.485738345618424,25.49,5.44119
1530,0.15,2.094020316570828,1.4346004290726282,2.83,1.5002
1784,0.15,0.9176808866434841,0.9882549161986388,0.85,0.961738557
597,0.15,14.41277753198572,3.5384223627902966,19.15,4.5947
1520,0.15,52.333531962900324,8.1486490001373,72.99,10.08322393
737,0.15,15.972606933323638,3.880970247855418,13.87,3.80598
1334,0.15,51.910101178691896,7.874517822067078,80.26,10.66165646
1150,0.15,69.48113327190437,9.260144868445328,87.25,11.2009
378,0.15,6.650407271934521,2.4632074907041903,7.39,2.62397
866,0.15,5.996423848637734,2.2858022219414003,6.06,2.3352
1718,0.15,63.17023846316777,8.971096036257759,92.31,11.5845
379,0.15,5.365055763316126,2.1173105112708357,5.41,2.1838
192,0.15,3.6591674411635533,1.8152227863559467,4.4,1.93236572
260,0.15,26.66308139169698,3.7039662410983087,46.67,7.7514065
1652,0.15,72.05632188942484,9.9067903031547,93.06,11.633
1212,0.15,48.86697870847866,7.50989011321242,55.03,8.52936
953,0.15,10.597503452150129,3.407311626731382,9.44,3.026578642
1003,0.15,25.295925067238365,5.7383300160700275,31.56,6.16036
861,0.15,4.3341837701057395,2.035528350905195,4.25,1.89435
308,0.15,72.41534876269505,9.030061901520222,112.5,13.0203
1591,0.15,72.91500029277891,9.58457929792126,87.58,11.2128
1268,0.15,20.94070815766786,4.8905210078871555,21.13,4.86815
1164,0.15,74.85224694641535,10.168043845530677,76.52,10.3670919
360,0.15,5.945384531507853,2.2346928862528923,6.93,2.512038
652,0.15,19.68258313873541,4.333348926417853,17.99,4.42263
381,0.15,33.01096837943271,6.58649348533366,43.82,7.469402719
1775,0.15,7.194920356920757,2.545290523991759,6.45,2.42354
1000,0.15,24.68288725275406,5.456619047919136,52.81,8.33267
452,0.15,26.602078082753835,5.689822525857209,88.76,11.3113
414,0.15,3.6036243459759505,1.7925510797200244,6.1,2.340834103
987,0.15,26.28264769789395,5.775391035375004,73.79,10.1474
1459,0.15,57.930708145692364,8.503813233906504,63.99,9.33912
1358,0.15,54.665149379691506,8.865419758899842,72.87,10.0826
1703,0.15,106.47591839952145,11.81269104367187,129.15,14.10495771
638,0.15,45.76992837654886,7.65419817108666,70.99,9.91393
1404,0.15,66.57999038887846,9.192009648108543,105.27,12.5164
133,0.15,9.868120536889425,2.7388146631517722,10.81,3.28324
202,0.15,79.3419856612227,10.235856440246938,91.33,11.50390062
1169,0.15,74.31183345297549,10.352248468778697,98.5,12.0756
198,0.15,12.627627859412973,3.3465795096762867,16.17,4.155260325
796,0.15,42.496688610467146,7.1589064432521,69.2,9.77911
574,0.15,94.36494466517293,11.433336755121026,119.35,13.46463141
1114,0.15,10.817415471479007,3.248735633061666,14.37,3.86968
317,0.15,1.1014139435367587,0.9954461458185851,1.13,1.042840696
980,0.15,34.25021890019139,6.657578875797914,95.18,11.78712672
142,0.15,6.965456009983219,2.368912784124215,9.61,3.12766
1413,0.15,9.713485003410401,3.4290850919050477,17.74,4.37963
1806,0.15,7.923382173142406,3.937450424550681,3.74,7.024177621489566
1852,0.15,55.71164594208335,9.450099758909086,117.29,13.3280613
465,0.15,57.874029685431864,7.555805786843905,74.24,7.024177621489566
315,0.15,78.74458267867378,10.157755003506008,110.17,12.84561173
1425,0.15,5.37740255047141,2.2129423771950765,4.37,1.93226
670,0.15,55.04028198980356,7.365643021558656,79.53,7.024177621489566
170,0.15,38.21674924409524,6.554008584142047,63.97,9.33715
467,0.15,30.773042038691393,5.371588359684901,70.23,9.84223
1109,0.15,73.7678966184177,10.231588291672697,84.52,10.9933
1486,0.15,2.4360576854177793,1.421775841536603,3.44,1.67736
1398,0.15,56.556026679936124,9.567382652095896,96.4,11.87591193
1341,0.15,95.38952000326,10.984636320056357,117.71,13.3674
1448,0.15,11.17153722926381,3.3139363096925174,10.1,3.16086
22,0.15,12.776830998202056,3.3809316964078286,12.19,3.517574786
1267,0.15,32.6408831504491,6.654996235277003,35.89,6.63491
45,0.15,0.8434099002541651,1.0314661960221712,1.65,1.15643
1224,0.2,26.486925959837748,5.033854347799464,29.55,5.94241
475,0.2,34.56497053630438,7.039907335116178,77.13,10.417
1838,0.2,4.618956771037141,1.9201181783641625,4.41,1.92318
1199,0.2,7.826288701664957,2.549627316542535,9.3,3.01287
53,0.2,7.437487265318084,2.559231494424056,7.04,2.54474
1408,0.2,71.00988969712226,9.794015500770605,112.81,13.0531
1654,0.2,35.45335301548228,7.112470085587276,36.24,6.70553
18,0.2,56.95030425209146,9.096108995365903,76.0,10.32616195
731,0.2,15.84894844618622,3.821176033760846,15.91,4.12435
1374,0.2,41.723890703423336,7.064176598776072,33.76,7.024177621489566
233,0.2,53.27011187603624,8.287957387701717,55.83,8.612116336
1390,0.2,82.03073133860202,10.561143181240183,125.31,13.8742
621,0.2,40.05099868721184,7.8887535396243615,68.34,9.70968
427,0.2,5.477055930382023,2.1954835979416556,6.82,2.50355
187,0.2,10.454933390133107,3.388802919063572,21.79,4.952313354
1029,0.2,2.79665268202969,1.4636253948298996,3.27,1.62297957
390,0.2,56.878497858347195,9.125018342150156,82.55,10.8261
457,0.2,95.4651812737981,8.89798279205045,117.29,7.024177621489566
156,0.2,6.992598627405125,2.5277420015449925,13.61,4.509178613
1337,0.2,65.85566316153493,9.918481563561103,79.11,10.5731
1649,0.2,8.01536029023837,2.760008867084815,7.06,2.54445
1628,0.2,86.9755920854433,11.14620775822806,112.16,12.9734
616,0.2,81.35044883336018,10.877095423343071,109.15,12.8076
726,0.2,25.706476568822044,5.80479419314805,122.07,13.6402
473,0.2,33.48917481284248,6.5847043728236105,64.55,9.36472
853,0.2,3.4456224295669684,1.7049094297361052,4.59,1.980635825
1720,0.2,81.6725850268562,9.747997898018157,120.83,13.5597
1834,0.2,32.803189747894976,6.848880818716401,60.85,9.059590395
440,0.2,52.25069471846426,7.86430109145191,55.55,8.56637
303,0.2,1.0525286745701994,1.0611311820066982,1.95,1.214566424
519,0.2,20.763882243124456,4.510129838984617,21.07,4.86242
191,0.2,14.222528616346159,3.6320523278824295,14.68,3.924832159
6,0.2,79.36311638836827,10.636280242180918,113.71,13.08687204
962,0.2,29.936183550846533,7.505688804516562,29.29,7.024177621489566
434,0.2,62.24083964864626,8.116155811164457,90.34,11.8344
1693,0.2,2.6527016446314113,1.4956236519985806,2.52,1.393219042
412,0.2,6.9741676010722315,2.586887454945298,7.25,2.58794
124,0.2,27.010215375228142,5.582086389620347,43.24,6.99891
1768,0.2,1.654526817464836,1.1386478208514887,0.86,0.965061868
1617,0.2,26.269140913756775,5.5950622697375,28.01,5.739561697
1294,0.2,14.355804105816334,4.304484329345264,16.34,4.16809
318,0.2,1.0100072016999233,1.0098641118421572,0.56,0.856692464
17,0.2,109.99370347688478,12.247199829317594,124.3,13.79115826
1758,0.2,17.23027213673166,4.348859792477176,19.35,4.615
80,0.2,11.266260160624432,3.111546484799057,19.13,2.432614
479,0.2,5.817730018044908,2.269146119393526,6.52,2.43432
744,0.2,15.610835927039993,4.109406927852426,74.3,4.06597
963,0.2,4.445823008252168,2.130226478966111,4.31,1.90837771
135,0.2,73.09438854505609,10.028034817347972,94.26,11.7171
847,0.2,19.155850234044767,4.390675324273335,23.64,5.21152
118,0.2,8.775158976752131,2.7904079134653212,11.71,3.435910248
85,0.2,4.404369032443679,2.026257224072294,3.61,1.741587
1103,0.2,72.99511882728791,9.517494206418075,92.98,11.62586504
1379,0.2,8.339370136367402,2.931290370369035,11.82,3.44576
1789,0.2,0.5975913457359618,0.9289457390670025,0.63,0.885684603
1045,0.2,4.123062678360086,1.7608785044200959,7.43,2.629079023
792,0.2,12.46392134400464,3.4652382623269973,14.5,3.90515
47,0.2,1.0151175884565944,1.0147624418820045,0.88,0.969819
77,0.2,20.169699556675827,5.413124900944177,56.57,8.85869
904,0.2,79.09245201133865,10.420143821385984,94.7,11.7215
107,0.2,79.93669887652169,10.790264549103863,108.69,12.74428382
1461,0.2,24.573772914134377,5.13469846989385,21.53,4.916984204
1856,0.2,82.93611278703438,10.900233444253287,109.94,12.82971612
30,0.2,43.432296291570665,7.156519086036501,43.22,7.42915
1437,0.2,3.4070623761164534,1.4795696125233848,2.3,1.318046443
596,0.2,33.088236935626675,6.171421772903303,114.56,13.1383
1672,0.2,1.1621935304394289,1.0917841484539443,1.38,1.101762401
1236,0.2,35.25429098123876,7.142888703678372,49.35,7.024177621489566
425,0.2,13.805078428192507,3.7572613586684827,19.67,4.66502
361,0.2,109.09924116087645,13.4925652918838,105.75,12.53990524
991,0.2,5.207813340957702,1.9483256148665364,7.8,2.705027839
1728,0.2,15.232700308767582,4.302103448693658,21.12,4.862440485
1780,0.2,72.67338815239245,9.464407184001146,77.3,10.4307
862,0.2,6.282153650231329,2.298853395394018,8.15,2.77807
1723,0.2,87.41780719915312,9.890517573472737,92.69,11.6029
1239,0.2,42.383861523739384,7.114140866673494,40.44,7.13535
655,0.2,35.37054329301486,6.954096229223604,83.22,10.8884
883,0.2,6.054146528473848,2.3520366844420417,6.68,2.47030768
1599,0.2,9.179484155838198,3.0915927332553146,9.39,3.00633
871,0.2,8.732687118588508,3.0076178668359614,10.75,3.2807
1424,0.2,90.08199682652497,11.221981554647508,76.73,10.4386
1609,0.2,80.23767812323354,10.449191546950482,126.51,13.9433
326,0.2,4.874407207402761,2.089308951312787,5.7,2.24794
1317,0.2,76.21858202567151,10.411605760745694,74.94,10.24074428
985,0.2,6.222401917730398,2.516938712435474,6.69,2.47118
1476,0.2,7.708774027964499,2.7270362056646427,7.58,2.660025534
175,0.2,7.232118236457436,2.7598339217290664,21.14,4.87824
1656,0.2,32.38597065996394,6.491766854642896,28.87,5.8474
557,0.2,9.296543828470318,2.8064381720847957,11.57,3.412480023
1101,0.2,11.637005636305492,3.3405470067545444,19.85,4.517045331
459,0.2,53.82012347297898,8.19241072406431,128.46,14.0608342
712,0.2,3.6054424908859186,1.7560730982036463,5.49,2.20071815
679,0.2,78.60806495516901,10.161311480135675,72.76,10.0433
923,0.2,14.140790960598748,3.4018260659311608,14.47,3.89334
553,0.2,6.530034595294491,2.5943457620810646,9.11,2.964146098
1182,0.2,19.436840526422387,5.142498541371865,47.07,7.82059
249,0.2,85.75157436025536,10.747100895143541,94.77,11.75690439
310,0.2,55.86067345173355,9.001722073044105,75.59,10.264
658,0.2,15.216696765874264,4.132936019669735,17.25,4.31235
217,0.2,1.9041115815340728,1.2228518113748317,2.42,1.35917743
896,0.2,2.4777253697354227,1.4498832176553504,2.86,1.499704002
958,0.2,37.99135754818312,7.455185958093163,30.66,7.024177621489566
458,0.2,30.862911039382947,6.808766606823597,28.62,7.024177621489566
1695,0.2,36.005739531077964,6.748913044333743,39.6,7.03413
666,0.2,14.190707698388863,3.9720581614901342,34.8,6.35126
489,0.2,89.46479683615013,11.536210861758802,117.42,13.33687048
969,0.2,11.393815558314714,3.424148948595619,12.74,3.60283
674,0.2,2.9249130415730704,1.4835943245444876,2.52,1.39527
1315,0.2,69.0597280239381,9.505592802134425,85.72,11.0715
1205,0.2,11.212001642506461,3.3446865947087088,12.83,3.62818
1498,0.2,91.76954019572105,11.452261395242566,100.58,12.1616
743,0.2,36.04626109064722,7.258078159680987,36.91,7.024177621489566
1276,0.2,55.718504800908384,9.25722678934943,71.58,9.96751
1844,0.2,28.13657198553821,5.791293734700232,30.67,6.0323
148,0.2,30.05519517063937,6.335225802784955,101.78,12.2412
1074,0.2,100.69690286556946,12.3974039489079,113.65,13.0889
1497,0.2,7.8730989645593645,2.5077113059876313,7.58,2.65245
1416,0.2,84.6847850672716,10.961020550770414,69.6,9.82252
587,0.2,90.98508919261849,11.319439090376857,105.95,12.55419255
517,0.2,10.273941063539194,3.156486200334003,13.61,3.754833321
1661,0.2,9.242006332612824,2.9859787467391,12.36,3.548343316
1286,0.2,80.62659678118287,9.773305652077328,119.59,13.4003
76,0.2,2.068536639622915,1.495969225996404,2.12,1.671618
1081,0.2,3.2457957763072596,1.7032298486195565,3.42,1.666703009
1415,0.2,30.89346177986273,6.75986742408932,74.93,7.024177621489566
999,0.2,8.848089217291381,2.5889797885776153,28.55,5.805449843
1732,0.2,6.661785053859432,2.757629077445915,2.72,1.455123436
593,0.2,47.16936909642131,8.380936417725795,69.0,9.754848091
1573,0.2,9.683167376517666,3.0439178181105255,9.44,3.02618
262,0.2,118.2525630077146,12.867859149092654,116.99,13.30845019
1533,0.2,45.06880453727025,8.01867861309617,115.63,13.21716686
565,0.2,8.742305462995676,2.8858133757780986,9.31,3.00264281
1287,0.2,95.4366068727989,11.86679078855482,117.11,13.31600225
34,0.2,40.35454183672127,7.030865401933786,80.03,10.6751
1183,0.2,45.03884212226369,7.678206900691339,68.76,9.735489661
1840,0.2,79.00943676281894,10.79625692849671,94.75,11.75567728
182,0.2,89.24761346498723,10.91966106605699,125.96,13.89945234
651,0.2,24.393695846910312,5.261333310856791,28.37,5.78741
276,0.2,4.085704530764048,1.9935645665609198,9.56,3.05033809
567,0.2,3.3038051910142108,1.6472052670718915,3.03,1.553134989
775,0.2,19.329555480051564,4.965777761455238,27.13,5.62786
1188,0.2,18.560013211010755,4.6285859452419365,37.53,6.82612
1823,0.2,57.400649108338825,8.85658791159774,63.36,9.29428
1593,0.2,8.810987583584922,2.7907306958146503,12.8,3.62613
840,0.2,2.858237754446979,1.4511397469609153,3.9,1.799296606
161,0.2,100.81535845477171,12.480343594309295,107.4,12.65489004
564,0.2,6.946978058320795,2.478594858208101,7.4,2.623164132
579,0.2,9.88244593531224,3.219289098561078,10.61,3.241642959
1151,0.2,17.37443123778705,4.321334062126696,20.78,4.82429
14,0.2,7.065725186717876,2.538389517784701,7.65,2.66889
1122,0.2,76.4427746100816,10.171579994820622,92.33,11.57792161
713,0.2,10.23946870527335,3.1885013994739877,14.52,3.91576
1097,0.2,3.1129585127028165,1.4579305217424092,4.02,1.833476886
254,0.2,6.737834740311165,2.2982979845526392,4.66,1.99787
1858,0.2,95.15384466580905,11.672045323080454,107.41,12.65581119
1158,0.2,98.86298259849455,11.717621840920517,115.93,13.2366563
970,0.2,32.1799729420482,6.576791291408888,55.42,8.575211206
526,0.2,55.05228203569916,8.258683063094033,101.51,12.2235
1651,0.2,40.63602620393112,7.184327059867777,48.11,7.88895
1769,0.2,22.31470768151667,5.352789870864358,22.32,5.02186247
1213,0.2,54.20883258741334,8.008535997453825,58.05,8.78597
1735,0.2,78.10867327608267,10.191576691174218,106.05,12.56093758
893,0.2,8.017396282551868,2.7023675311036395,9.25,2.99324
1832,0.2,57.14253744764033,9.215960055573053,74.6,10.2495
1234,0.2,37.59150841865753,7.123359442331148,46.76,7.76491
733,0.2,7.795083260123825,2.939258975262839,9.15,7.024177621489566
1751,0.2,61.675765226983636,7.994069810111265,120.8,13.5278
1237,0.2,26.955031790212814,6.9521461921129175,25.93,7.024177621489566
581,0.2,35.56194266245724,6.764675083499303,38.83,6.956425764
1551,0.2,45.60798841078008,7.882408811085362,42.05,7.290258938
37,0.2,39.479827055916004,7.229167912564098,48.6,7.99698
223,0.2,17.13778363843863,4.055322485795808,27.51,3.493627
1523,0.2,39.6814488122363,7.064987320599075,37.59,6.823692468
1382,0.2,10.35865227069656,3.36999370821371,6.63,2.16171
1042,0.2,22.759810443073967,6.324920346526188,98.43,12.0629
1070,0.2,52.229963414647024,8.856458868109117,64.42,9.36468
443,0.2,22.22929435568406,4.577584703416059,19.99,4.70308
152,0.2,1.6984420925148596,1.3221817705359264,3.82,1.77141
1799,0.2,57.11067089970344,8.78868867317429,101.42,12.1874
1759,0.2,63.35756197847682,8.806989490706638,74.91,10.2441
667,0.2,34.770736648238945,6.286011585223925,29.45,5.91488
485,0.2,92.54627906396291,8.271929627745747,119.75,12.962219
992,0.2,2.2823025136534483,1.4726264757574066,3.26,1.62083261
769,0.2,11.483960789850585,4.934546866846993,10.87,7.024177621489566
1005,0.2,26.781860776954883,5.890976874634409,32.02,6.20845
572,0.2,10.4680560204791,3.041861712848644,9.15,2.972828344
278,0.2,95.22811348915171,11.560197365109142,118.47,13.40695673
632,0.2,21.52104262356413,4.7672759913432685,25.04,5.374472103
823,0.2,19.522659332515328,5.001587555705316,23.66,5.20733
141,0.2,57.17272673740232,7.356765477477819,66.94,9.58224
752,0.2,32.55571519519594,5.588003942385283,30.39,6.01061
240,0.2,3.253227214282439,1.6892611088368978,5.32,2.160174068
1824,0.2,5.706498299316712,2.3576691771852403,6.67,2.46843
795,0.2,22.17437244099342,4.804363415388024,25.69,5.46087
55,0.2,4.679072668584612,2.1752009458846837,5.83,2.280732664
333,0.2,9.639626184984932,3.1413666705497203,52.89,1.90058
897,0.2,3.020188679007926,1.5944852879804665,3.29,1.627714714
1364,0.2,39.32654187266925,6.558489851273747,44.16,7.48475
1492,0.2,109.55071768554525,12.489464936486025,115.71,13.22170304
215,0.2,108.68624908977633,12.674625425147681,116.63,13.28441341
672,0.2,4.248949142789349,1.845738200570845,4.87,2.051533242
446,0.2,64.68742459164137,10.081398775969406,108.18,13.7564
530,0.2,44.922919328645015,6.868702095352779,119.29,7.024177621489566
789,0.2,48.91073517716721,8.040080555055114,50.58,8.13315
576,0.2,11.597826737920519,3.5018459781801403,17.74,4.386987751
9,0.2,74.76157014827278,9.905963160134965,78.84,10.55059224
997,0.2,60.150138202780184,9.171427350112612,116.71,13.2583
1781,0.2,92.83860804390115,11.246693595765212,81.72,10.7664
1850,0.2,7.212686325424041,2.7666695795306833,9.37,3.01006
220,0.2,7.223702396486423,2.584858262868832,7.69,2.67607
982,0.2,82.07296376825863,10.808655860291433,91.68,11.5159
259,0.2,1.3551019498401742,1.0846530749112604,2.16,1.26995
989,0.2,61.71553372839557,8.992932947705327,94.78,11.75821955
39,0.2,87.26075381556889,11.38151171529165,118.4,13.3028
229,0.2,25.142387819850345,5.209022547854044,26.9,5.933251
911,0.2,6.1486277473376365,2.338625465705401,6.67,2.45459
491,0.2,115.39276839719268,13.180132757437473,111.21,12.91712883
516,0.2,45.49542052767991,9.435385929163136,86.88,11.1424
66,0.2,2.2099698427117707,1.361261997596528,2.79,1.477775413
1464,0.2,73.22737085224121,10.050730733834452,94.75,11.75575788
933,0.2,73.12480896311467,10.188764194325044,90.81,11.48
615,0.2,91.24784116090063,11.570957207671785,96.91,11.8862
1246,0.2,90.70640424828133,11.362372346926179,85.94,11.1273
206,0.2,101.00517316325927,11.954621044554933,109.38,12.79215388
1612,0.2,8.179372587141557,2.7532346300182735,8.39,2.823759908
461,0.2,8.10176119090966,2.68486404836537,9.97,3.34688
1788,0.2,1.3601849719647834,1.0858429677715578,0.83,0.955851376
1299,0.2,88.8776323568922,10.833773025381923,91.87,11.5444262
402,0.2,3.2246330813907207,1.6259922299363372,3.49,1.686631414
5,0.2,94.70356885965248,11.331926962498677,102.14,12.28673887
58,0.2,34.62676731165901,6.757246843472456,39.81,7.059079908
955,0.2,78.3344598603584,10.543806923506063,89.31,11.3749
762,0.2,11.241103272866933,3.4266104291376513,11.29,3.45648
1052,0.2,108.6038328096099,12.267999930473492,123.98,13.77034053
529,0.2,23.048349590783157,5.00400228710302,31.64,6.167248677
1388,0.2,105.66911858372616,12.413144122323844,121.48,13.6371
1568,0.2,8.474300565925489,2.861878847070308,8.99,2.93924
1454,0.2,2.150785822749955,1.3461063010357104,3.61,1.719326482
1664,0.2,5.632526219335815,2.2066693535091613,6.59,2.451177479
1855,0.2,10.899540887496869,3.282818393191245,10.06,3.13923
1174,0.2,51.71425049753358,7.7038477083343535,56.89,8.72806
768,0.2,19.896531065975964,4.68045226044331,21.99,4.98445
578,0.2,7.129134356755328,2.6044825261284177,6.58,2.448945353
740,0.2,50.73114189384275,8.187556587982403,95.88,11.8527
602,0.2,18.153581057344784,5.056312092639781,56.78,8.697617256
92,0.2,7.08075821792694,2.506762828689176,8.4,2.826989728
993,0.2,1.132408114758036,1.0883745378842113,1.35,1.097286737
1500,0.2,68.48400642522817,9.821717920691345,98.09,11.6786
575,0.2,5.6651583060713335,2.2338923381745297,5.8,2.273030104
1453,0.2,70.33637040008024,7.890257834163823,104.62,7.024177621489566
539,0.2,5.651975299680307,2.1998138556133573,6.16,2.35888
438,0.2,9.341418415013148,2.8778942285468334,13.08,3.64998
642,0.2,63.89161533042232,9.07438785666082,118.5,13.4294
144,0.2,29.557801507992092,6.272127833672092,36.52,6.64264
342,0.2,3.354467599454832,1.674531259420852,5.9,2.29679437
1288,0.2,58.79786986945674,9.724590152449304,100.58,12.17579997
716,0.2,4.6108865397660175,1.945456003078237,5.34,2.16083
1047,0.2,6.859873779343553,2.698682940676392,10.47,3.21883
1581,0.2,23.508250992442697,5.361955373488605,27.44,5.670863357
799,0.2,53.7521021301829,8.263326870103272,68.55,9.72386
1021,0.2,8.448032445084227,3.210237623057286,13.85,3.78219
19,0.2,5.407442365868788,2.167026050434449,5.99,2.3216
1391,0.2,88.15699128043929,10.723433083322687,100.78,12.1827
54,0.2,7.8728705548335665,2.658628764025272,12.29,3.751004
1558,0.2,54.13095978116749,8.397550198027098,65.62,9.49438
1319,0.2,85.76247540507546,10.684375022848867,110.71,12.8974
1083,0.2,6.332815518075602,2.5807365251656225,15.33,4.026925833
1190,0.2,18.40516203179175,4.697233650298681,18.15,4.46635
641,0.2,19.54349026633372,4.597829122502577,22.95,5.10182
1,0.2,113.05437720389641,12.723672730834261,116.75,14.581841
1378,0.2,108.86455811775747,12.522227059243999,125.51,13.9016
113,0.2,9.278305431098444,2.8412338062906777,35.09,6.02383473
1546,0.2,62.24684088008492,8.97315601672859,71.54,9.98401
1064,0.2,59.90448968197556,7.991957011432491,126.44,13.9111
298,0.2,5.5252702656183015,2.3944220224322335,20.17,4.71785
279,0.2,95.72239693321902,12.225817479417545,100.48,12.1343
82,0.2,77.4968259749406,10.534198654447087,83.66,10.92571149
745,0.2,57.89405635866272,8.582413621065813,95.12,11.8886
1127,0.2,31.725351115703543,6.014598642037759,31.68,6.170988152
1354,0.2,48.016429901605136,7.938510538203588,61.72,9.1446
1325,0.2,95.9638092004764,10.595161854038565,104.29,12.43773089
1087,0.2,13.638215516888256,3.756447202864293,25.19,5.41363
322,0.2,0.8955303153846628,0.969891345241045,0.81,0.949185781
1039,0.2,10.893329885012554,3.2382938393926413,10.87,3.29096
122,0.2,3.1340980630166326,1.6070630071614356,4.1,1.84555
1305,0.2,36.49468214612668,6.763546337346393,25.06,7.024177621489566
511,0.2,92.73433701810693,10.834122640276064,117.39,13.3343
48,0.2,2.0383103867749504,1.2625086128476222,2.5,1.36751
1572,0.2,13.461936549476322,3.9566482085241614,21.87,4.95462
1611,0.2,76.16375665214088,10.409073522923066,89.82,11.3547
1010,0.2,11.5322680351753,3.7135843413974348,19.42,4.33692
776,0.2,26.495993462877756,5.600839436978992,27.73,6.05271
842,0.2,10.131437939422923,3.235758346553131,12.14,3.49799
1841,0.2,7.66226106113827,2.762177150423301,12.38,3.550689516
1142,0.2,50.016282829480275,8.44035829145405,74.51,10.2185
52,0.2,2.9919495043320508,1.4337748621394204,4.71,2.02068
501,0.2,58.29487629128118,9.326639723327487,64.42,9.36823
1602,0.2,10.278543444101086,3.0002938241119885,10.93,3.29943
1484,0.2,29.928967970260352,6.726367036101988,38.8,6.952739141
1023,0.2,3.8649909326985763,1.87823777218936,4.46,1.947929019
159,0.2,4.0241023547010935,1.7791889612321536,5.47,2.195403439
686,0.2,24.175693258004706,5.165494096151199,20.97,4.841201962
1026,0.2,11.85149622598344,3.3937658021226236,12.16,3.5130935
353,0.2,107.6838976882679,12.81245380975631,114.53,13.14269004
1126,0.2,8.05700391004849,2.7047231200414132,7.88,2.722617954
251,0.2,79.43700273971218,11.22910446077262,120.33,13.53006831
1516,0.2,5.816187088370031,2.2732729549980424,5.31,2.16267
1034,0.2,98.29546775242419,12.0099711619827,130.66,14.183
190,0.2,52.51816336396253,8.49756587772909,53.39,8.388894075
568,0.2,17.61853247046248,4.284425437871446,23.63,5.193676358
924,0.2,64.46043421804055,8.997415362757016,99.95,12.0713
1258,0.2,88.06962111433353,11.276454275183966,99.82,12.168
1843,0.2,27.65148324107962,6.522794265075055,40.3,7.09086
1132,0.2,79.51353624559144,10.614708819399358,91.8,11.5451
376,0.2,33.65888493442026,6.007048682971477,41.34,7.216883182
1265,0.2,47.15521422572812,7.0534446043192665,124.53,7.024177621489566
1688,0.2,71.58855873458737,9.11978486924068,64.57,9.41494
487,0.2,96.4770239042288,8.460054201272381,125.28,13.446487
253,0.2,6.429248099320097,2.575464519699197,7.39,2.62025
1586,0.2,72.15340492080459,9.961618613461228,86.01,11.1331
299,0.2,6.462146428913236,2.2782725025323765,6.5,2.431285405
760,0.2,35.4642985078304,6.013962330831008,39.68,7.04152
1670,0.2,4.390110360764727,2.019061875175878,6.98,2.533629389
1311,0.2,32.73206141725468,6.351132932009737,37.45,6.80431
994,0.2,4.991684123162488,2.714100791125595,25.62,5.37673
609,0.2,5.281342678355947,2.2338506401530043,5.71,2.25345
1054,0.2,67.59792242546854,9.350826437696485,101.72,12.2521
1708,0.2,79.17481905894802,10.03231427191135,87.59,11.2199
271,0.2,16.8371509933428,5.719007555199439,15.31,7.024177621489566
214,0.2,1.7609305922133578,1.1662423095911993,1.93,1.210733876
1279,0.2,54.462975587916475,8.796338950093912,126.78,13.9775
965,0.2,74.23361997513138,10.072682147938972,88.71,11.3151
665,0.2,12.206316418798645,3.2972730137202544,11.63,3.41784
1271,0.2,41.173226204445456,6.814873567007419,75.49,7.024177621489566
4,0.2,97.3938169431487,11.688430286727582,99.64,12.10867994
204,0.2,14.961028972033242,3.6812651003586114,19.32,4.613131896
648,0.2,68.178477864499,8.966136685162052,88.19,11.2446
219,0.2,7.8007707340142645,2.729626532937155,23.11,2.582442
393,0.2,2.646248667120443,1.4462423300655376,3.52,1.69257
977,0.2,8.935781331905343,3.0945258683824544,9.4,3.01498
948,0.2,112.21293324235106,12.648363811968057,116.12,13.24971416
1187,0.2,67.3590418679546,9.895210432881365,71.2,9.93735
900,0.2,6.804646374528679,2.47303156420534,8.47,2.841179901
520,0.2,39.29711274026837,7.9842369262518185,61.52,9.08479
1679,0.2,38.47077704838821,6.382310211260213,40.17,7.096299381
481,0.2,3.5642532524701713,1.8088075524284462,4.77,2.28501
538,0.2,52.241345608516994,7.836985977347292,64.15,9.39131
918,0.2,76.0497972386158,10.351279475871243,105.1,12.4956
268,0.2,37.86510269400325,7.122652435353683,52.53,8.309019329
521,0.2,13.60313432058601,3.8145952794937705,26.66,5.58857
31,0.2,98.84469782211441,11.568861995563314,125.8,13.88927615
1818,0.2,18.595037556431787,4.543232735569897,14.74,3.91968
814,0.2,5.083144518095066,2.043922254265669,10.49,3.217
1335,0.2,92.94627474888708,11.785815372429788,111.35,12.92730565
825,0.2,4.6838882176241965,2.1354730960922663,6.19,2.36311
1366,0.2,29.043037733347195,5.141843438511666,35.64,6.613947587
347,0.2,1.3128400476323467,1.1943902580952024,1.83,1.192639209
512,0.2,18.204600882690755,5.577940636211787,30.62,7.024177621489566
1639,0.2,78.5268141221525,10.83383002024727,100.34,12.1366
1184,0.2,103.25130144106926,12.558471400516483,118.41,13.3524
773,0.2,20.018743426963464,4.762954161545167,77.22,10.3751
1480,0.2,79.3694217988767,11.011632813006406,90.85,11.46948561
1793,0.2,51.525101027503474,8.203834636305146,47.3,7.78724
1402,0.2,78.656173916396,9.20132268415857,80.42,10.67471486
1025,0.2,6.6254520459787924,2.5358989859942973,7.18,2.578146532
1093,0.2,4.824715083998392,2.0218539294021807,5.59,2.225369592
89,0.2,1.738186961832479,1.2577757402126915,2.28,1.312234294
1170,0.2,4.736903390348216,1.947054603168046,21.9,4.98711
1646,0.2,1.1581963532532538,1.0877483941457666,4.32,1.89426
1353,0.2,73.56113134192766,10.516776975621026,106.65,12.5934
1355,0.2,15.957977960466211,4.060276518685547,67.4,9.65497
177,0.2,4.393370247889442,1.8995654069150243,4.38,1.925734586
1031,0.2,4.2518117495945384,1.8412705814934505,3.45,1.674180322
1399,0.2,85.94528004024454,10.33515363540965,99.87,12.0428
1057,0.2,12.477633181227322,3.44851436866648,16.75,4.242394637
1110,0.2,61.310537258760014,9.456276478490354,92.16,11.56559794
385,0.2,72.80992332636069,9.822436048728463,77.93,10.47865795
1411,0.2,49.940946446068615,6.852774569390308,55.01,7.024177621489566
1543,0.2,68.39413495592187,9.688328227492626,93.35,11.6629
1137,0.2,1.785175876140801,1.2873931525599098,4.65,1.99844
1393,0.2,27.49886651056343,5.621646772760673,45.24,7.64474
1367,0.2,26.120596363871716,5.135403881210373,35.03,6.547178712
1629,0.2,21.98612992621691,5.042193850851868,21.48,4.89644
408,0.2,5.711590209455369,2.1264078544613914,7.73,2.28122
506,0.2,72.82284656104473,10.116843434327135,86.69,11.1276
1115,0.2,44.612803248190204,8.161234961582306,66.22,9.54792
813,0.2,65.41955242982009,9.575635918277538,86.56,11.1497
1136,0.2,69.95654892001667,10.387590552894581,81.5,10.753
302,0.2,38.16285935265207,6.795597593744176,121.01,13.57525892
436,0.2,27.08355922171356,5.095981757180995,23.06,5.118907941
979,0.2,59.38043735050602,7.860274536490711,47.76,7.024177621489566
171,0.2,94.53299171994371,12.034653950599798,121.6,13.61374033
1409,0.2,81.6892873297569,10.181275341305732,111.85,12.9673
1518,0.2,10.4201103755787,3.3119169354212654,13.87,3.797335347
1427,0.2,6.506142292097139,2.5912216116694022,8.53,2.852334785
270,0.2,79.91168120192792,10.960813576823469,96.61,11.9045
227,0.2,59.15061202423253,8.629209981872753,97.07,11.92440528
1196,0.2,16.291455116741542,5.824699614044677,15.2,7.024177621489566
558,0.2,3.373850097661851,1.6284646159815335,5.08,2.102385379
1511,0.2,56.65879983397547,9.002825503541303,59.27,8.920508561
1210,0.2,65.97967364552484,9.531384124931073,96.74,11.9007
618,0.2,46.53791981241079,7.410016495564368,55.39,8.57193
1588,0.2,18.2523989842033,4.438347227898988,25.49,5.44119
1530,0.2,2.416597130200635,1.4819916347069695,2.83,1.5002
1784,0.2,1.03147187936431,0.9969383595453608,0.85,0.961738557
597,0.2,14.193140281586922,3.795654769066471,19.15,4.5947
1520,0.2,56.20707646702917,8.246122294230197,72.99,10.08322393
737,0.2,16.52483046645476,4.11078853976775,13.87,3.80598
1334,0.2,53.24864343306491,8.383223901598837,80.26,10.66165646
1150,0.2,73.5213997941317,9.344033895167042,87.25,11.2009
378,0.2,6.854438104808637,2.46473700396793,7.39,2.62397
866,0.2,5.946899820722614,2.4063209287532352,6.06,2.3352
1718,0.2,74.97603869987753,9.669766960611165,92.31,11.5845
379,0.2,5.440158150560505,2.138866493650225,5.41,2.1838
192,0.2,4.234077970353345,1.8100401860918116,4.4,1.93236572
260,0.2,33.61399902207581,5.9608256352894875,46.67,7.7514065
1652,0.2,75.28070162850011,10.452622996384362,93.06,11.633
1212,0.2,48.03882636229863,7.796611874630691,55.03,8.52936
953,0.2,11.381870298507508,3.202188211151875,9.44,3.026578642
1003,0.2,27.203009440591188,5.674737356261029,31.56,6.16036
861,0.2,5.212521559377377,2.0831886860273707,4.25,1.89435
308,0.2,75.34361515032529,9.60562193982005,112.5,13.0203
1591,0.2,73.5725482585909,10.094135987346634,87.58,11.2128
1268,0.2,21.061071327581686,4.81659691125701,21.13,4.86815
1164,0.2,79.54716429995432,9.818327073115473,76.52,10.3670919
360,0.2,5.691038833392558,2.2580010580669687,6.93,2.512038
652,0.2,20.56668447906755,4.475998035014826,17.99,4.42263
381,0.2,38.58025836533881,6.931621325640494,43.82,7.469402719
1775,0.2,7.2529967614895785,2.5700033063343612,6.45,2.42354
1000,0.2,24.390105584526104,6.031781979034548,52.81,8.33267
452,0.2,35.575723008014656,6.402634807463253,88.76,11.3113
414,0.2,5.195507876866042,2.0505594369850586,6.1,2.340834103
987,0.2,26.837274073405904,5.992806441236377,73.79,10.1474
1459,0.2,59.749353025402755,8.832109447384203,63.99,9.33912
1358,0.2,53.8154339593809,9.031721168042273,72.87,10.0826
1703,0.2,105.84905958764601,12.304491717604215,129.15,14.10495771
638,0.2,51.46934928959454,7.7249308637016565,70.99,9.91393
1404,0.2,70.17658519076018,9.762947483095259,105.27,12.5164
133,0.2,8.414431325887001,2.8879629421547346,10.81,3.28324
202,0.2,88.50099217466325,10.315614558147898,91.33,11.50390062
1169,0.2,85.73517282896587,10.553494570615056,98.5,12.0756
198,0.2,13.678768770535802,3.568456911807424,16.17,4.155260325
796,0.2,49.016005659595734,7.830360999944427,69.2,9.77911
574,0.2,94.31218875482841,11.182598270777744,119.35,13.46463141
1114,0.2,12.915753685630566,3.46770529306377,14.37,3.86968
317,0.2,1.0760397252591523,1.0176085047448302,1.13,1.042840696
980,0.2,43.35192794426069,7.094119564641633,95.18,11.78712672
142,0.2,7.72645617742061,2.5133603451662783,9.61,3.12766
1413,0.2,10.14289233757326,3.344976168625116,17.74,4.37963
1806,0.2,9.191294806714753,3.8168881972164677,3.74,7.024177621489566
1852,0.2,76.36937632139337,10.195485887819178,117.29,13.3280613
465,0.2,65.418566688019,7.291883510921272,74.24,7.024177621489566
315,0.2,84.70499941162863,10.211280553846924,110.17,12.84561173
1425,0.2,5.62537676321591,2.206374223954508,4.37,1.93226
670,0.2,55.51597620078779,7.5140302482320065,79.53,7.024177621489566
170,0.2,40.30920957313667,7.180619022172357,63.97,9.33715
467,0.2,29.83648760473576,6.087636241240781,70.23,9.84223
1109,0.2,76.1803275860671,10.664728017625972,84.52,10.9933
1486,0.2,3.016527567889333,1.4575499653980752,3.44,1.67736
1398,0.2,69.46306053290684,9.87913301180194,96.4,11.87591193
1341,0.2,90.23092632715532,11.499328654426423,117.71,13.3674
1448,0.2,11.704113514577061,3.5520874257262043,10.1,3.16086
22,0.2,12.637660710522619,3.375549965187966,12.19,3.517574786
1267,0.2,33.258991862574504,6.5775206606096095,35.89,6.63491
45,0.2,1.1453838751646106,1.0948316288311801,1.65,1.15643
1224,0.25,27.3438532552904,5.324896839625354,29.55,5.94241
475,0.25,42.24475621012892,7.288766562737618,77.13,10.417
1838,0.25,4.696147080360735,1.9685055495676558,4.41,1.92318
1199,0.25,7.412080300904301,2.6873114209177795,9.3,3.01287
53,0.25,7.777825940348489,2.716267718429169,7.04,2.54474
1408,0.25,73.03241482227872,9.985900010087477,112.81,13.0531
1654,0.25,37.05963854206428,7.104816933070962,36.24,6.70553
18,0.25,65.39857559694045,10.54740816053648,76.0,10.32616195
731,0.25,16.134040571083546,3.9645804298788456,15.91,4.12435
1374,0.25,47.068623213350364,6.923869424001333,33.76,7.024177621489566
233,0.25,52.85499875431225,9.6298506501876,55.83,8.612116336
1390,0.25,84.75404992058267,10.887210314837741,125.31,13.8742
621,0.25,43.00816114511655,7.610326832843057,68.34,9.70968
427,0.25,5.9086288760575085,2.2731745589274506,6.82,2.50355
187,0.25,12.034318750443166,3.826326468269727,21.79,4.952313354
1029,0.25,2.556862392965536,1.4936646969097402,3.27,1.62297957
390,0.25,60.516076912486945,9.657591445342252,82.55,10.8261
457,0.25,107.14851876138057,8.640167427977946,117.29,7.024177621489566
156,0.25,7.0020023551218,2.5919573480648173,13.61,4.509178613
1337,0.25,67.41617955180904,10.52838394041742,79.11,10.5731
1649,0.25,10.298711692921126,2.936891711316683,7.06,2.54445
1628,0.25,85.63221271599835,11.149434551319478,112.16,12.9734
616,0.25,88.40095355388851,10.806419960208938,109.15,12.8076
726,0.25,27.257068548314056,6.196566709586184,122.07,13.6402
473,0.25,34.33249141925965,6.7380260588406955,64.55,9.36472
853,0.25,4.180648705176245,1.8221535627851144,4.59,1.980635825
1720,0.25,81.95973097172126,10.322419293867071,120.83,13.5597
1834,0.25,34.08099706100436,7.572793256088832,60.85,9.059590395
440,0.25,55.59911925183912,8.318179384746601,55.55,8.56637
303,0.25,1.3179980910998286,1.0389987229779887,1.95,1.214566424
519,0.25,20.251065398001803,4.57155480294625,21.07,4.86242
191,0.25,12.878780208525193,3.6406050592316137,14.68,3.924832159
6,0.25,87.59445145612109,11.600935394866442,113.71,13.08687204
962,0.25,32.33748710759791,7.647334277173114,29.29,7.024177621489566
434,0.25,66.128621343126,9.07096893816058,90.34,11.8344
1693,0.25,2.5407764176688805,1.5141848412233552,2.52,1.393219042
412,0.25,7.131717515462274,2.602167585019191,7.25,2.58794
124,0.25,30.85994755039434,6.378479843139049,43.24,6.99891
1768,0.25,1.9937275205046945,1.20527492333292,0.86,0.965061868
1617,0.25,27.93505114527669,5.717770441558687,28.01,5.739561697
1294,0.25,16.760550681157337,4.053302660954008,16.34,4.16809
318,0.25,1.0927297376975056,1.0402185046357888,0.56,0.856692464
17,0.25,116.24130249786124,12.496630520119313,124.3,13.79115826
1758,0.25,17.30305126093281,4.469388946217548,19.35,4.615
80,0.25,10.726887244641425,3.7635241534967894,19.13,2.432614
479,0.25,6.532874898143562,2.478021407457794,6.52,2.43432
744,0.25,16.45455255525264,4.164370768969939,74.3,4.06597
963,0.25,5.200975860742415,2.067164264348227,4.31,1.90837771
135,0.25,75.03531704544721,10.026372560870248,94.26,11.7171
847,0.25,17.215060691480453,4.509807275115864,23.64,5.21152
118,0.25,7.938176076936136,2.9270439692971157,11.71,3.435910248
85,0.25,4.394480866030585,2.274141561150219,3.61,1.741587
1103,0.25,70.57938633863988,9.641325006027719,92.98,11.62586504
1379,0.25,8.31602654347446,2.968674794461025,11.82,3.44576
1789,0.25,0.6074267947226454,0.9685540489260449,0.63,0.885684603
1045,0.25,4.390585027445898,1.7982750782048804,7.43,2.629079023
792,0.25,12.896956136443146,3.3870986938853815,14.5,3.90515
47,0.25,1.1336168607473203,1.0119941120005445,0.88,0.969819
77,0.25,24.192561887086992,5.5859887120172775,56.57,8.85869
904,0.25,81.58269012846078,10.478172745261098,94.7,11.7215
107,0.25,80.38084657791438,11.192974506481217,108.69,12.74428382
1461,0.25,25.586615458400303,5.178674786757809,21.53,4.916984204
1856,0.25,79.9309058911392,11.72610064422963,109.94,12.82971612
30,0.25,42.60740972806152,7.421389732171523,43.22,7.42915
1437,0.25,3.5086576263911953,1.5005727961713324,2.3,1.318046443
596,0.25,33.88066115760832,6.202703287337654,114.56,13.1383
1672,0.25,1.246250697805475,1.0925069939458312,1.38,1.101762401
1236,0.25,36.08452436419912,7.2029195300137445,49.35,7.024177621489566
425,0.25,15.300588484855144,4.543066213817122,19.67,4.66502
361,0.25,110.90590794794667,12.982794162478514,105.75,12.53990524
991,0.25,5.606407873101824,2.0837911131923765,7.8,2.705027839
1728,0.25,16.353509172782694,4.25632840700624,21.12,4.862440485
1780,0.25,79.04231513468358,10.34296347473006,77.3,10.4307
862,0.25,6.789271463189481,2.453680263043343,8.15,2.77807
1723,0.25,92.48421551295817,10.621031561917366,92.69,11.6029
1239,0.25,43.24505455648857,7.528399348729542,40.44,7.13535
655,0.25,38.38268211695136,7.38435618245134,83.22,10.8884
883,0.25,6.192900389040003,2.303599729650287,6.68,2.47030768
1599,0.25,9.13931272071143,3.1244520271034477,9.39,3.00633
871,0.25,9.156714639231065,2.9835284799518216,10.75,3.2807
1424,0.25,89.46638219613237,11.098361763913564,76.73,10.4386
1609,0.25,82.26695275939954,10.997374772447174,126.51,13.9433
326,0.25,4.541754211560962,1.9527089975191467,5.7,2.24794
1317,0.25,83.33109075332314,10.53542233847219,74.94,10.24074428
985,0.25,6.109043246668648,2.4216813425999093,6.69,2.47118
1476,0.25,7.071927684221514,2.7379182593240317,7.58,2.660025534
175,0.25,8.94676655814338,2.8004583746369596,21.14,4.87824
1656,0.25,35.23546891651613,6.5028539130078675,28.87,5.8474
557,0.25,9.933593904561365,2.894997713005006,11.57,3.412480023
1101,0.25,12.498094714580676,3.4286439777904105,19.85,4.517045331
459,0.25,61.48583192091981,8.729366963727433,128.46,14.0608342
712,0.25,3.3133267205996115,1.8265684047196789,5.49,2.20071815
679,0.25,79.62032064037233,9.765081383309457,72.76,10.0433
923,0.25,14.956513477913795,3.9590429707352888,14.47,3.89334
553,0.25,6.831314099604093,2.6530084579919415,9.11,2.964146098
1182,0.25,19.911015927224646,5.378603054085489,47.07,7.82059
249,0.25,74.84100116136368,10.88928745571598,94.77,11.75690439
310,0.25,60.47156259273827,9.38022122704749,75.59,10.264
658,0.25,14.83292771890148,3.8519781684973284,17.25,4.31235
217,0.25,2.1730471023189653,1.2147759902497164,2.42,1.35917743
896,0.25,2.706008084994039,1.4287092737663647,2.86,1.499704002
958,0.25,33.60748436226413,7.340399527914637,30.66,7.024177621489566
458,0.25,32.430982725933156,7.022660026790157,28.62,7.024177621489566
1695,0.25,38.72953204482609,6.735328037701502,39.6,7.03413
666,0.25,14.763116732563775,4.304008831322493,34.8,6.35126
489,0.25,85.84185473422596,11.230521722286372,117.42,13.33687048
969,0.25,11.843881269829252,3.560033688449244,12.74,3.60283
674,0.25,3.1694305840320784,1.6502361683142865,2.52,1.39527
1315,0.25,69.31710967511204,9.709098471221884,85.72,11.0715
1205,0.25,10.656052428626136,3.3364635662045514,12.83,3.62818
1498,0.25,98.51961869383054,11.390765455768484,100.58,12.1616
743,0.25,37.53707125575083,7.074966088522098,36.91,7.024177621489566
1276,0.25,59.62808394344567,9.16312183726691,71.58,9.96751
1844,0.25,27.742991353579274,6.350506548031716,30.67,6.0323
148,0.25,29.343725439199208,6.8099825968891565,101.78,12.2412
1074,0.25,104.26895228019481,12.668102881728151,113.65,13.0889
1497,0.25,7.547484344164577,2.826628499320345,7.58,2.65245
1416,0.25,94.51237946507405,11.627094639613533,69.6,9.82252
587,0.25,90.57554595235958,11.038806756633122,105.95,12.55419255
517,0.25,10.521190356389603,3.2894737617235164,13.61,3.754833321
1661,0.25,9.132974017094938,3.0603063215834947,12.36,3.548343316
1286,0.25,89.30813633256216,10.482099162864879,119.59,13.4003
76,0.25,2.3868559730400323,1.5125858864058876,2.12,1.671618
1081,0.25,3.3802023625279967,1.6442316598896614,3.42,1.666703009
1415,0.25,32.40505021225275,6.878914520739397,74.93,7.024177621489566
999,0.25,7.902585682361217,2.911433434165621,28.55,5.805449843
1732,0.25,9.502051060704671,3.3531820205694456,2.72,1.455123436
593,0.25,52.28315104896144,8.59741591257913,69.0,9.754848091
1573,0.25,10.102585721751964,3.1494712908056277,9.44,3.02618
262,0.25,116.68605231302035,12.77884768629497,116.99,13.30845019
1533,0.25,54.67010554036406,8.311896486295483,115.63,13.21716686
565,0.25,9.216160488595358,3.1246094380159866,9.31,3.00264281
1287,0.25,102.43630798790086,12.183541096912457,117.11,13.31600225
34,0.25,47.680860345079125,7.424163831789027,80.03,10.6751
1183,0.25,51.33124980430614,8.437775672154688,68.76,9.735489661
1840,0.25,88.77774352511922,11.316489532273106,94.75,11.75567728
182,0.25,94.46080432746628,11.392593000633148,125.96,13.89945234
651,0.25,27.031637460949916,5.421993080624122,28.37,5.78741
276,0.25,4.255947479655577,2.011557783502738,9.56,3.05033809
567,0.25,3.3234526485741127,1.7414524252276973,3.03,1.553134989
775,0.25,22.49294185989079,5.168352510180493,27.13,5.62786
1188,0.25,20.525589674246113,4.6691843677084774,37.53,6.82612
1823,0.25,60.852804793746955,9.225999209182513,63.36,9.29428
1593,0.25,10.384961876405141,2.984612500310553,12.8,3.62613
840,0.25,2.87017800645862,1.5981929117286389,3.9,1.799296606
161,0.25,98.44371865974878,11.99967295134921,107.4,12.65489004
564,0.25,7.198764814391128,2.5106014486537536,7.4,2.623164132
579,0.25,10.549810530049735,3.2934045000420835,10.61,3.241642959
1151,0.25,18.635958532105228,4.371247441035127,20.78,4.82429
14,0.25,7.088765916326193,2.4931595414549226,7.65,2.66889
1122,0.25,75.32748395808594,11.0318341969996,92.33,11.57792161
713,0.25,10.281157951114876,3.3374035505602575,14.52,3.91576
1097,0.25,3.1905616438854207,1.4813740040762229,4.02,1.833476886
254,0.25,6.542986865811528,2.3929960799316317,4.66,1.99787
1858,0.25,98.97714779252732,11.736005627480289,107.41,12.65581119
1158,0.25,98.35435010659107,11.941528623297764,115.93,13.2366563
970,0.25,35.89111011935085,7.0167839641148655,55.42,8.575211206
526,0.25,55.87986321000989,8.154559066274542,101.51,12.2235
1651,0.25,45.27258995182408,7.394719173984273,48.11,7.88895
1769,0.25,23.361475447517062,5.106277039004707,22.32,5.02186247
1213,0.25,53.41700017060077,8.253035292347784,58.05,8.78597
1735,0.25,82.29734627852066,10.904116797551037,106.05,12.56093758
893,0.25,7.959464063072336,2.6428000123422546,9.25,2.99324
1832,0.25,70.75231203873275,9.814988764406765,74.6,10.2495
1234,0.25,42.90638472989896,6.975706432265037,46.76,7.76491
733,0.25,7.828596393877338,3.1178783285076137,9.15,7.024177621489566
1751,0.25,75.82976882907364,7.816313460096813,120.8,13.5278
1237,0.25,26.20455805049898,6.911421951082172,25.93,7.024177621489566
581,0.25,38.07210192649141,6.304493900546785,38.83,6.956425764
1551,0.25,49.089867475592385,7.826612726520413,42.05,7.290258938
37,0.25,45.020777201114825,7.879113859251361,48.6,7.99698
223,0.25,21.886297525825746,3.870425396440675,27.51,3.493627
1523,0.25,41.61920230086847,6.982220762863948,37.59,6.823692468
1382,0.25,12.800449428203105,3.629986178901562,6.63,2.16171
1042,0.25,27.825086703030884,6.495917974846293,98.43,12.0629
1070,0.25,58.967709094892264,8.704104891559796,64.42,9.36468
443,0.25,22.366377176305132,4.592409545468409,19.99,4.70308
152,0.25,2.379333949065919,1.3710482368809631,3.82,1.77141
1799,0.25,67.99060013114166,9.10101654566683,101.42,12.1874
1759,0.25,58.2098240490073,9.252690633982445,74.91,10.2441
667,0.25,32.21671263230494,6.7646172193864915,29.45,5.91488
485,0.25,103.37340439860064,10.061138989002968,119.75,12.962219
992,0.25,2.480043549123593,1.5056849946314612,3.26,1.62083261
769,0.25,11.939275070222706,4.884830533816692,10.87,7.024177621489566
1005,0.25,29.096501757235163,6.071747975703162,32.02,6.20845
572,0.25,9.274748546087858,3.09787581708205,9.15,2.972828344
278,0.25,100.20447900974499,11.713286344884644,118.47,13.40695673
632,0.25,22.774840645122364,5.001570473494318,25.04,5.374472103
823,0.25,22.312958450237698,5.079138524271846,23.66,5.20733
141,0.25,54.0681182764168,7.6184551445329305,66.94,9.58224
752,0.25,32.802761729949545,5.60566358888606,30.39,6.01061
240,0.25,3.3770586999578764,1.6624481918758447,5.32,2.160174068
1824,0.25,5.040440410070858,2.289945906158089,6.67,2.46843
795,0.25,24.08186259656792,4.7103354039680605,25.69,5.46087
55,0.25,5.122750785327906,2.4255984261614634,5.83,2.280732664
333,0.25,10.261306087631013,3.2455162880050334,52.89,1.90058
897,0.25,3.2332355462085283,1.5625529146817938,3.29,1.627714714
1364,0.25,43.33251621328093,6.865447420580147,44.16,7.48475
1492,0.25,108.06198683844126,12.957338976056647,115.71,13.22170304
215,0.25,111.8882426983085,12.897810073193574,116.63,13.28441341
672,0.25,4.2404205165382995,1.9149874155935835,4.87,2.051533242
446,0.25,73.03452169073482,10.153099173628787,108.18,13.7564
530,0.25,40.37535712340353,7.123519240373454,119.29,7.024177621489566
789,0.25,50.97748874826121,8.530388983430042,50.58,8.13315
576,0.25,12.32185091450229,3.4077463025935524,17.74,4.386987751
9,0.25,81.02484462969973,10.50379527166668,78.84,10.55059224
997,0.25,65.70476113291525,9.139425660398395,116.71,13.2583
1781,0.25,96.26942326519794,11.781117518459663,81.72,10.7664
1850,0.25,7.702236366281111,2.790031912292513,9.37,3.01006
220,0.25,7.6856441049439,2.704757339514735,7.69,2.67607
982,0.25,86.7183582868347,11.519989189487443,91.68,11.5159
259,0.25,1.1652607241928283,1.137300875116869,2.16,1.26995
989,0.25,65.08839607550412,10.120341828682047,94.78,11.75821955
39,0.25,94.39304123896827,11.722235624191363,118.4,13.3028
229,0.25,27.670526017043827,5.447519957531118,26.9,5.933251
911,0.25,6.474894015662955,2.439914107171041,6.67,2.45459
491,0.25,113.85721720950424,12.775138651819006,111.21,12.91712883
516,0.25,52.61964283843568,9.67974524108668,86.88,11.1424
66,0.25,2.7835642294325122,1.4416104939401315,2.79,1.477775413
1464,0.25,84.70102676482685,10.80170258672889,94.75,11.75575788
933,0.25,79.54118815248006,10.635497258624936,90.81,11.48
615,0.25,95.42602278257812,11.633118607113786,96.91,11.8862
1246,0.25,92.59810662757606,11.587322350944872,85.94,11.1273
206,0.25,94.4214730108875,12.468597583322563,109.38,12.79215388
1612,0.25,8.772770969365585,2.8082791371698437,8.39,2.823759908
461,0.25,7.875348166015486,2.660741807486005,9.97,3.34688
1788,0.25,1.4123322151828277,1.0723866795805956,0.83,0.955851376
1299,0.25,87.9346279200359,11.425130824008361,91.87,11.5444262
402,0.25,3.019724190371791,1.5767295899666849,3.49,1.686631414
5,0.25,101.79992088721951,12.107338276235028,102.14,12.28673887
58,0.25,38.66208916449162,7.68115772664582,39.81,7.059079908
955,0.25,80.11839888558474,10.58463226296632,89.31,11.3749
762,0.25,10.67856029472581,3.3648903305223357,11.29,3.45648
1052,0.25,111.09909977288467,12.89043202251296,123.98,13.77034053
529,0.25,24.542672736476952,5.292963952834429,31.64,6.167248677
1388,0.25,108.32492630278286,13.037986802663942,121.48,13.6371
1568,0.25,9.07966256334966,3.193803518091739,8.99,2.93924
1454,0.25,2.129541202155705,1.3026295557252658,3.61,1.719326482
1664,0.25,5.471451137453979,2.192299784198223,6.59,2.451177479
1855,0.25,10.281618004322402,3.460640934371141,10.06,3.13923
1174,0.25,52.48464072638973,7.630990614919092,56.89,8.72806
768,0.25,20.51771771400517,4.856718310160718,21.99,4.98445
578,0.25,7.602927110709385,2.5913184910622955,6.58,2.448945353
740,0.25,53.502950012658495,8.670167804264109,95.88,11.8527
602,0.25,20.540553088149334,5.4176873935342735,56.78,8.697617256
92,0.25,7.256918138073588,2.578601495804655,8.4,2.826989728
993,0.25,1.3913122085503327,1.1394723559398434,1.35,1.097286737
1500,0.25,72.15978645247417,10.24771977410726,98.09,11.6786
575,0.25,5.116632937608419,2.178872933366529,5.8,2.273030104
1453,0.25,85.92425510785799,7.802033158348213,104.62,7.024177621489566
539,0.25,5.8437443153061945,2.3478790391763957,6.16,2.35888
438,0.25,9.677089874544096,3.030604051531261,13.08,3.64998
642,0.25,69.01220125228491,9.154779924111526,118.5,13.4294
144,0.25,30.346104975785337,6.496455407387114,36.52,6.64264
342,0.25,4.073967170424693,1.6394147123404896,5.9,2.29679437
1288,0.25,64.18702207543366,10.282047549820696,100.58,12.17579997
716,0.25,4.705437407853506,1.9745378344793196,5.34,2.16083
1047,0.25,7.944866790364086,2.880983061933528,10.47,3.21883
1581,0.25,23.74020196626092,5.094016045784274,27.44,5.670863357
799,0.25,55.38437167855544,8.075408961374,68.55,9.72386
1021,0.25,10.540103087938771,3.3232010298962855,13.85,3.78219
19,0.25,5.508638004520119,2.2174361761004695,5.99,2.3216
1391,0.25,91.87236540197782,11.384131767819767,100.78,12.1827
54,0.25,8.643461345276627,2.820411520831163,12.29,3.751004
1558,0.25,54.21931577660045,8.492902846829866,65.62,9.49438
1319,0.25,84.35449082426204,10.959910179523773,110.71,12.8974
1083,0.25,7.078711879393396,2.8205631204290516,15.33,4.026925833
1190,0.25,23.711377724729886,4.702959512172362,18.15,4.46635
641,0.25,20.694210743110613,5.226532143947333,22.95,5.10182
1,0.25,114.51000548939562,13.313615102487558,116.75,14.581841
1378,0.25,111.78346401910395,12.51739315322262,125.51,13.9016
113,0.25,8.379932148965999,3.0290979465428576,35.09,6.02383473
1546,0.25,60.173051300386604,9.169520866363186,71.54,9.98401
1064,0.25,63.309616304443665,8.081209021150158,126.44,13.9111
298,0.25,5.884229233123293,2.4873795277974238,20.17,4.71785
279,0.25,102.47827455021972,12.104253911813426,100.48,12.1343
82,0.25,75.92734939185978,10.578109961317152,83.66,10.92571149
745,0.25,65.33616368930302,8.598079989495538,95.12,11.8886
1127,0.25,34.78261916732115,6.457994386472659,31.68,6.170988152
1354,0.25,49.324051502098875,8.31157584763044,61.72,9.1446
1325,0.25,87.86706304218933,11.274673730764825,104.29,12.43773089
1087,0.25,14.093557178919937,3.961277494918036,25.19,5.41363
322,0.25,0.9268846652151908,0.9952064137949753,0.81,0.949185781
1039,0.25,10.80097469324473,3.3566568178978273,10.87,3.29096
122,0.25,3.3527095910853433,1.585255938884168,4.1,1.84555
1305,0.25,39.064257514079756,6.932240706429436,25.06,7.024177621489566
511,0.25,102.61940800577604,11.696173349197815,117.39,13.3343
48,0.25,2.2500294499788756,1.43985021280977,2.5,1.36751
1572,0.25,16.71645757389194,4.2623387365749466,21.87,4.95462
1611,0.25,78.6890340313864,10.638189650691077,89.82,11.3547
1010,0.25,11.712317682773108,3.579182441742187,19.42,4.33692
776,0.25,26.567540822680346,5.637813616856101,27.73,6.05271
842,0.25,11.677696760465611,3.2040948665767433,12.14,3.49799
1841,0.25,7.601300706226445,2.861833285968176,12.38,3.550689516
1142,0.25,53.215111389989076,8.966403519236415,74.51,10.2185
52,0.25,2.660734189514765,1.5221002191742918,4.71,2.02068
501,0.25,62.14323493694685,9.414607935883964,64.42,9.36823
1602,0.25,10.880395356961701,3.279020884721121,10.93,3.29943
1484,0.25,37.31132586773152,6.946291089639798,38.8,6.952739141
1023,0.25,4.1031308819455745,1.9559550365057106,4.46,1.947929019
159,0.25,4.149968023965583,1.85355908465216,5.47,2.195403439
686,0.25,25.885100069611454,5.103451229459849,20.97,4.841201962
1026,0.25,13.381141418085114,3.4448649060350203,12.16,3.5130935
353,0.25,109.94794230185849,12.527183115344732,114.53,13.14269004
1126,0.25,9.317993043082017,2.8053901765642686,7.88,2.722617954
251,0.25,87.68704663691429,10.84912899785145,120.33,13.53006831
1516,0.25,6.002882080381839,2.263278308510926,5.31,2.16267
1034,0.25,98.40988335616866,12.112644638788456,130.66,14.183
190,0.25,55.383433989122544,8.675919940200169,53.39,8.388894075
568,0.25,16.796669335270607,4.758356067796202,23.63,5.193676358
924,0.25,71.42334295813383,10.329483831075049,99.95,12.0713
1258,0.25,96.1314094308356,11.770690685780297,99.82,12.168
1843,0.25,29.866260476737402,6.959715544702558,40.3,7.09086
1132,0.25,77.01155744252047,10.668827227656742,91.8,11.5451
376,0.25,34.199547973302046,6.4226075743445605,41.34,7.216883182
1265,0.25,51.380075325989544,6.929642735972453,124.53,7.024177621489566
1688,0.25,69.99710351239523,9.34192077102108,64.57,9.41494
487,0.25,98.73382843117957,10.310044392709575,125.28,13.446487
253,0.25,7.563377640278746,2.638396754688392,7.39,2.62025
1586,0.25,75.52445569789046,10.385029655897593,86.01,11.1331
299,0.25,6.575209657118419,2.296160686867482,6.5,2.431285405
760,0.25,37.11214029058352,6.2771983807375555,39.68,7.04152
1670,0.25,4.892210581503576,2.0367293374715594,6.98,2.533629389
1311,0.25,35.94982619796387,6.548760756888071,37.45,6.80431
994,0.25,6.862740159623077,2.61863631839367,25.62,5.37673
609,0.25,5.841079487839638,2.277404833049081,5.71,2.25345
1054,0.25,76.88585003494539,9.947000801928056,101.72,12.2521
1708,0.25,78.22637869236455,10.513578410536235,87.59,11.2199
271,0.25,16.106322008755253,5.987640004020647,15.31,7.024177621489566
214,0.25,1.8251193845576505,1.2321005492868313,1.93,1.210733876
1279,0.25,61.18884267033138,9.256610157967588,126.78,13.9775
965,0.25,77.02118762766743,10.462882703399108,88.71,11.3151
665,0.25,12.238414206663666,3.5490929452003663,11.63,3.41784
1271,0.25,40.19595303693445,6.896977021953383,75.49,7.024177621489566
4,0.25,92.22418119066377,11.787719466063093,99.64,12.10867994
204,0.25,13.431391309106258,3.9465988895770394,19.32,4.613131896
648,0.25,75.80122309516078,10.243731031761895,88.19,11.2446
219,0.25,7.652349225011158,2.767384618318155,23.11,2.582442
393,0.25,2.7116422364281934,1.432438144221599,3.52,1.69257
977,0.25,9.421939929347374,2.950194388009355,9.4,3.01498
948,0.25,117.00851144602886,12.853875691008785,116.12,13.24971416
1187,0.25,70.38393701851284,10.39457619549107,71.2,9.93735
900,0.25,6.801534258995838,2.471802433269475,8.47,2.841179901
520,0.25,43.82232473591656,7.811579793666492,61.52,9.08479
1679,0.25,38.80250458605511,6.789341857868246,40.17,7.096299381
481,0.25,3.6861703018379974,1.836422926657066,4.77,2.28501
538,0.25,51.86921443502036,7.837718770933806,64.15,9.39131
918,0.25,82.79642536613541,10.484081403288927,105.1,12.4956
268,0.25,42.070320646165754,7.541345287550773,52.53,8.309019329
521,0.25,13.522048636037272,3.6634589311305827,26.66,5.58857
31,0.25,100.33231126348826,12.446332129029296,125.8,13.88927615
1818,0.25,19.733502022913246,4.815330620635705,14.74,3.91968
814,0.25,5.413496113241251,2.0442018527487233,10.49,3.217
1335,0.25,94.7846460950857,11.578344474255557,111.35,12.92730565
825,0.25,5.124707994715073,2.217354116763294,6.19,2.36311
1366,0.25,28.786341237838037,5.4978595554460625,35.64,6.613947587
347,0.25,1.386162031322957,1.1188539456181215,1.83,1.192639209
512,0.25,18.07331841917046,5.559068812362211,30.62,7.024177621489566
1639,0.25,84.07325842911871,11.029685507829331,100.34,12.1366
1184,0.25,108.5153423764702,12.723009945451794,118.41,13.3524
773,0.25,19.79667093567865,4.665038175413835,77.22,10.3751
1480,0.25,81.00017110387572,11.469182875470018,90.85,11.46948561
1793,0.25,51.67016521609651,8.550414811742371,47.3,7.78724
1402,0.25,87.66807423968383,9.91306322881607,80.42,10.67471486
1025,0.25,7.032227529239117,2.3503577315576023,7.18,2.578146532
1093,0.25,4.765553522422531,2.12979153919705,5.59,2.225369592
89,0.25,1.844268506090075,1.3680079568270413,2.28,1.312234294
1170,0.25,4.975870750797161,2.112920858131033,21.9,4.98711
1646,0.25,1.4557478514278852,1.2051436865892675,4.32,1.89426
1353,0.25,78.41777399891242,11.058539259298845,106.65,12.5934
1355,0.25,16.30733684838405,4.318698137583169,67.4,9.65497
177,0.25,4.366837302906479,1.912324115447878,4.38,1.925734586
1031,0.25,4.097706543370648,1.929006377650244,3.45,1.674180322
1399,0.25,71.78901864382071,10.46850648267101,99.87,12.0428
1057,0.25,13.312644369181044,3.3184165816933815,16.75,4.242394637
1110,0.25,64.25662983121255,9.364387101731099,92.16,11.56559794
385,0.25,81.12437808669299,9.896679329467913,77.93,10.47865795
1411,0.25,51.06261436959556,6.916457994724291,55.01,7.024177621489566
1543,0.25,69.32509829890817,9.628199399365998,93.35,11.6629
1137,0.25,2.117520949939082,1.3549434760505874,4.65,1.99844
1393,0.25,30.857200713349112,5.970272001534927,45.24,7.64474
1367,0.25,25.825587974367448,5.366957225773691,35.03,6.547178712
1629,0.25,21.892273557253745,4.8298340759324265,21.48,4.89644
408,0.25,6.01418079212266,2.183205095571908,7.73,2.28122
506,0.25,79.06962612884703,9.783423202816861,86.69,11.1276
1115,0.25,52.11154288297949,8.636288015874637,66.22,9.54792
813,0.25,69.68425752162396,9.597601977838195,86.56,11.1497
1136,0.25,78.11151825045177,10.478432630093925,81.5,10.753
302,0.25,44.54463513660583,7.3119043090855556,121.01,13.57525892
436,0.25,26.868411946080315,5.497981702997291,23.06,5.118907941
979,0.25,55.701398231190154,8.098032859281725,47.76,7.024177621489566
171,0.25,98.88615413568506,12.056243400472228,121.6,13.61374033
1409,0.25,84.52646222525726,10.366561807314016,111.85,12.9673
1518,0.25,12.73545971229269,3.6719891949735928,13.87,3.797335347
1427,0.25,7.05712043066965,2.5083274283939896,8.53,2.852334785
270,0.25,75.32586196652183,10.913263362918322,96.61,11.9045
227,0.25,65.25297280676033,8.956726521341649,97.07,11.92440528
1196,0.25,16.01675109712987,5.828468816663181,15.2,7.024177621489566
558,0.25,3.817561569219641,1.7257490772459971,5.08,2.102385379
1511,0.25,56.86955684954886,8.75390345561739,59.27,8.920508561
1210,0.25,66.71451556560385,10.013289998967341,96.74,11.9007
618,0.25,47.13923429042752,7.330633138083602,55.39,8.57193
1588,0.25,19.60185010233096,4.631646843838922,25.49,5.44119
1530,0.25,2.703269474317895,1.5457169048113044,2.83,1.5002
1784,0.25,1.0583906997553794,1.0692479710837952,0.85,0.961738557
597,0.25,13.665590460531073,3.9084103293877925,19.15,4.5947
1520,0.25,55.07966079195745,8.767991038646269,72.99,10.08322393
737,0.25,15.762576097808239,4.249661404970449,13.87,3.80598
1334,0.25,59.6745942943847,9.151148439406274,80.26,10.66165646
1150,0.25,69.70316331359487,10.020154906066438,87.25,11.2009
378,0.25,7.267185639735115,2.430814394259807,7.39,2.62397
866,0.25,6.458967029184486,2.4361890360092278,6.06,2.3352
1718,0.25,72.510602368097,10.056222124616022,92.31,11.5845
379,0.25,5.345290571067408,2.2117399731856193,5.41,2.1838
192,0.25,4.292499391219031,1.875959103483279,4.4,1.93236572
260,0.25,36.10505719563712,6.290612028513022,46.67,7.7514065
1652,0.25,78.84341566055086,10.652692867740127,93.06,11.633
1212,0.25,49.74533841838088,8.081191354416733,55.03,8.52936
953,0.25,11.978148214990451,3.355931841546804,9.44,3.026578642
1003,0.25,25.873757145230897,5.531002084503689,31.56,6.16036
861,0.25,5.355122754977757,2.150677722417646,4.25,1.89435
308,0.25,76.70495590594972,9.558755674363397,112.5,13.0203
1591,0.25,77.28579880491033,10.578589346741381,87.58,11.2128
1268,0.25,19.284662641837322,4.435401872683876,21.13,4.86815
1164,0.25,79.22806843250073,10.106412970126032,76.52,10.3670919
360,0.25,6.13291042361012,2.191795621686473,6.93,2.512038
652,0.25,21.474809715589476,4.4609993628266915,17.99,4.42263
381,0.25,42.79560931202887,7.0059465863377826,43.82,7.469402719
1775,0.25,6.669151856738647,2.4669700591601194,6.45,2.42354
1000,0.25,25.48242991568141,5.818959681340267,52.81,8.33267
452,0.25,35.58555879285793,5.844307645814328,88.76,11.3113
414,0.25,5.441712267291408,2.1461195240700826,6.1,2.340834103
987,0.25,27.980360324943558,6.312928600734639,73.79,10.1474
1459,0.25,58.0631197338795,8.790605285331747,63.99,9.33912
1358,0.25,60.83676734375602,9.251209744441297,72.87,10.0826
1703,0.25,104.66499248931903,12.734175765226178,129.15,14.10495771
638,0.25,56.68667644941356,8.194471522874649,70.99,9.91393
1404,0.25,77.48314016439033,10.657181023502854,105.27,12.5164
133,0.25,9.91423644225223,3.010707848933049,10.81,3.28324
202,0.25,77.91776763145204,11.000690319166639,91.33,11.50390062
1169,0.25,87.8086944318977,11.271750851667393,98.5,12.0756
198,0.25,19.872676201565454,3.6482990061074636,16.17,4.155260325
796,0.25,50.6726862040192,7.646989849505232,69.2,9.77911
574,0.25,97.71722147746664,11.498303812575822,119.35,13.46463141
1114,0.25,12.380989364766423,3.6656793618728205,14.37,3.86968
317,0.25,1.0996540972633793,0.9880769907769064,1.13,1.042840696
980,0.25,40.756281689973605,7.2014393831257015,95.18,11.78712672
142,0.25,8.301092622570554,2.601423303300739,9.61,3.12766
1413,0.25,11.14493526649479,3.6785305744142542,17.74,4.37963
1806,0.25,9.083523425884449,4.012284305397426,3.74,7.024177621489566
1852,0.25,74.57953865886984,11.028699771151329,117.29,13.3280613
465,0.25,61.371702062214666,7.7279839407735285,74.24,7.024177621489566
315,0.25,88.37026331036851,10.793271341048507,110.17,12.84561173
1425,0.25,5.227315203508667,2.2801233317962915,4.37,1.93226
670,0.25,62.250369517339635,7.153887488036826,79.53,7.024177621489566
170,0.25,39.710078402317556,7.280241120343943,63.97,9.33715
467,0.25,30.958975808660973,6.186499589609682,70.23,9.84223
1109,0.25,87.42792475536045,11.003607320490294,84.52,10.9933
1486,0.25,2.5032917331187945,1.5415462896035794,3.44,1.67736
1398,0.25,77.99575024297587,10.818035907696169,96.4,11.87591193
1341,0.25,96.60453298359252,12.291581977205077,117.71,13.3674
1448,0.25,13.129932560236114,3.55138277444287,10.1,3.16086
22,0.25,11.962793578780134,3.551164290896256,12.19,3.517574786
1267,0.25,35.164322321810005,7.006381195416222,35.89,6.63491
45,0.25,1.114250666195124,1.1064552181869125,1.65,1.15643
1224,0.3,25.958597630062975,5.382624275793092,29.55,5.94241
475,0.3,46.38643749299261,7.465809239633387,77.13,10.417
1838,0.3,4.806622461350844,2.003435376307575,4.41,1.92318
1199,0.3,7.211010592463127,2.7872952717480985,9.3,3.01287
53,0.3,7.725955059458918,2.722128201898341,7.04,2.54474
1408,0.3,73.64304204793665,10.669111783158547,112.81,13.0531
1654,0.3,37.93918496879636,7.276047511951301,36.24,6.70553
18,0.3,69.26031819835842,10.361468856019531,76.0,10.32616195
731,0.3,15.86809491876737,4.156815300067229,15.91,4.12435
1374,0.3,43.56663674262509,6.983321464098512,33.76,7.024177621489566
233,0.3,62.786784996905745,9.412633333850117,55.83,8.612116336
1390,0.3,92.46898162329278,10.982162740504466,125.31,13.8742
621,0.3,47.126911151428374,7.907634112594326,68.34,9.70968
427,0.3,6.187696758937056,2.3110727270965548,6.82,2.50355
187,0.3,13.54692654673113,3.792218553530457,21.79,4.952313354
1029,0.3,2.700869946431278,1.4920397329897694,3.27,1.62297957
390,0.3,68.82543002972157,9.792907191706334,82.55,10.8261
457,0.3,110.63038239352917,11.272772425725991,117.29,7.024177621489566
156,0.3,6.866710537456296,2.7206689236036157,13.61,4.509178613
1337,0.3,70.64980876638427,10.495834988685923,79.11,10.5731
1649,0.3,9.959007636264495,2.9671164705267654,7.06,2.54445
1628,0.3,91.35983641532609,11.30153139190361,112.16,12.9734
616,0.3,89.71563615064171,10.974416772619616,109.15,12.8076
726,0.3,29.35028138002583,6.076004650144115,122.07,13.6402
473,0.3,41.98999239185119,7.1988877029392215,64.55,9.36472
853,0.3,4.581719200217292,1.895367315682985,4.59,1.980635825
1720,0.3,87.46370030096064,11.233764014944391,120.83,13.5597
1834,0.3,45.79194236835993,7.260842473977381,60.85,9.059590395
440,0.3,54.01169366575491,8.34258445546765,55.55,8.56637
303,0.3,1.3248587176602826,1.0542189362341758,1.95,1.214566424
519,0.3,20.23175373219926,4.792822097303677,21.07,4.86242
191,0.3,15.104796035125485,3.698041739278743,14.68,3.924832159
6,0.3,91.00531142176803,11.5896630773014,113.71,13.08687204
962,0.3,34.0495813723068,7.319270804063706,29.29,7.024177621489566
434,0.3,76.72898281958491,9.187574708643927,90.34,11.8344
1693,0.3,2.657094550184755,1.562443305742097,2.52,1.393219042
412,0.3,7.377558954357664,2.7026404789309573,7.25,2.58794
124,0.3,31.73252508637169,6.664504278203358,43.24,6.99891
1768,0.3,2.105150548978969,1.228828272028594,0.86,0.965061868
1617,0.3,27.522243586030534,6.240913215219,28.01,5.739561697
1294,0.3,16.124945947141473,4.327477580850849,16.34,4.16809
318,0.3,1.1034717658938464,1.0170921754520423,0.56,0.856692464
17,0.3,113.92785837518231,12.95169297121403,124.3,13.79115826
1758,0.3,16.838681719796693,4.538855691479767,19.35,4.615
80,0.3,12.23098682994617,4.415478494648661,19.13,2.432614
479,0.3,6.546893256324624,2.509117335617533,6.52,2.43432
744,0.3,15.986668373238423,4.190492871201095,74.3,4.06597
963,0.3,4.903220609301565,2.124924945944279,4.31,1.90837771
135,0.3,79.03645651631352,11.271587951082635,94.26,11.7171
847,0.3,19.29726277873367,4.645440275593061,23.64,5.21152
118,0.3,8.166157098831679,2.86160800806445,11.71,3.435910248
85,0.3,5.737992949697499,2.3554625519546195,3.61,1.741587
1103,0.3,75.64661715185777,10.243541896737646,92.98,11.62586504
1379,0.3,8.86546098904381,2.9781989469626517,11.82,3.44576
1789,0.3,0.888685754927278,0.9921229029757646,0.63,0.885684603
1045,0.3,4.431092226076196,1.9359613911108873,7.43,2.629079023
792,0.3,13.808450472679613,3.463361406988299,14.5,3.90515
47,0.3,1.3636414018855891,1.0332973234182217,0.88,0.969819
77,0.3,25.707158216677982,5.8013524051555665,56.57,8.85869
904,0.3,87.83164349865709,10.844373728916109,94.7,11.7215
107,0.3,87.3564537217049,11.597257087703891,108.69,12.74428382
1461,0.3,23.03921485493387,5.206413959526261,21.53,4.916984204
1856,0.3,90.8677621214043,12.222841370995022,109.94,12.82971612
30,0.3,41.80894026358193,7.280857165905294,43.22,7.42915
1437,0.3,3.396916209027427,1.6735360858569237,2.3,1.318046443
596,0.3,34.889979601512294,6.348193297347832,114.56,13.1383
1672,0.3,1.2726445338446335,1.1631218469175428,1.38,1.101762401
1236,0.3,36.07729380569256,7.071576720409933,49.35,7.024177621489566
425,0.3,15.006036388023302,4.472573585041496,19.67,4.66502
361,0.3,116.012127544731,13.343580440714348,105.75,12.53990524
991,0.3,5.277880338556987,2.230755119911879,7.8,2.705027839
1728,0.3,17.41544643420246,4.3478711975904805,21.12,4.862440485
1780,0.3,76.6533488011018,10.47482658133196,77.3,10.4307
862,0.3,6.709193041687814,2.5115429202641635,8.15,2.77807
1723,0.3,89.30160215343966,10.956810685828254,92.69,11.6029
1239,0.3,44.8183701605495,7.595675370195732,40.44,7.13535
655,0.3,40.206092728579996,7.487765882356404,83.22,10.8884
883,0.3,6.617454596492555,2.39854072722383,6.68,2.47030768
1599,0.3,9.561103325386197,2.9858164709865673,9.39,3.00633
871,0.3,8.886950220369771,2.924123645615983,10.75,3.2807
1424,0.3,87.41941718558517,11.55146781177317,76.73,10.4386
1609,0.3,89.12001824486603,11.943104839463677,126.51,13.9433
326,0.3,4.622479098065188,2.0586014647898017,5.7,2.24794
1317,0.3,81.42663317353254,10.978986652712054,74.94,10.24074428
985,0.3,6.731889267156145,2.4977049833077487,6.69,2.47118
1476,0.3,7.655924843897367,2.8148926357069968,7.58,2.660025534
175,0.3,10.164633358593663,2.760470976244874,21.14,4.87824
1656,0.3,34.28621582204997,6.509018021163218,28.87,5.8474
557,0.3,9.989276962585112,2.94579236273035,11.57,3.412480023
1101,0.3,13.647999419662613,3.8740515939116578,19.85,4.517045331
459,0.3,62.970331668138016,9.415445875842755,128.46,14.0608342
712,0.3,3.778241469369398,1.8650791150818127,5.49,2.20071815
679,0.3,81.45534499858007,10.588498204407223,72.76,10.0433
923,0.3,16.487593718125574,3.644169965047785,14.47,3.89334
553,0.3,7.712950976500978,2.772868195665609,9.11,2.964146098
1182,0.3,19.192025489345646,5.534896633269167,47.07,7.82059
249,0.3,87.54713293965663,11.069577161531946,94.77,11.75690439
310,0.3,61.2368374063754,9.897996793840287,75.59,10.264
658,0.3,17.17443289924515,4.260187364878414,17.25,4.31235
217,0.3,2.2496170691078166,1.217563411055611,2.42,1.35917743
896,0.3,2.5074080061148774,1.4044852356252195,2.86,1.499704002
958,0.3,37.099863832056286,7.764591982925702,30.66,7.024177621489566
458,0.3,36.206677496570826,7.2421983533889716,28.62,7.024177621489566
1695,0.3,40.39951724430702,6.965262117005404,39.6,7.03413
666,0.3,14.469951759399548,4.309941388098004,34.8,6.35126
489,0.3,99.94747708334666,11.909977012301589,117.42,13.33687048
969,0.3,11.757206644823334,3.296559524286242,12.74,3.60283
674,0.3,3.121778796577684,1.6627614835202702,2.52,1.39527
1315,0.3,76.20708746781091,10.083190768443941,85.72,11.0715
1205,0.3,11.211609652882924,3.3025723303089833,12.83,3.62818
1498,0.3,102.82013573252006,11.976120997945852,100.58,12.1616
743,0.3,40.05205222323238,6.884693007581214,36.91,7.024177621489566
1276,0.3,61.60003622726397,9.716097511406218,71.58,9.96751
1844,0.3,28.712979388849977,6.136432097280886,30.67,6.0323
148,0.3,33.164734208019766,6.375248317896911,101.78,12.2412
1074,0.3,112.18426488706599,12.637720744670318,113.65,13.0889
1497,0.3,8.594811857466308,2.640264765051747,7.58,2.65245
1416,0.3,88.70641645840315,11.550223184753833,69.6,9.82252
587,0.3,93.42740942041618,11.52701092447171,105.95,12.55419255
517,0.3,11.389078442628332,3.531108179558539,13.61,3.754833321
1661,0.3,9.758061552970878,3.1477462055885996,12.36,3.548343316
1286,0.3,87.55613217534761,10.952036141529321,119.59,13.4003
76,0.3,2.255742723857025,1.6055297602262533,2.12,1.671618
1081,0.3,3.3779195578863166,1.5924941107110273,3.42,1.666703009
1415,0.3,32.617660491672005,6.824376184724353,74.93,7.024177621489566
999,0.3,8.986853486668256,2.789009511291014,28.55,5.805449843
1732,0.3,8.206636947523311,3.0844622920354943,2.72,1.455123436
593,0.3,52.33830103245253,8.572067646379798,69.0,9.754848091
1573,0.3,10.853924552213948,3.4051264999611557,9.44,3.02618
262,0.3,116.1147261785049,13.031421085122792,116.99,13.30845019
1533,0.3,60.4338887818188,8.568504328878085,115.63,13.21716686
565,0.3,10.00190907917779,2.9853266439678845,9.31,3.00264281
1287,0.3,103.63675921451498,12.397983531782538,117.11,13.31600225
34,0.3,49.91958018323711,7.90161982513517,80.03,10.6751
1183,0.3,57.8838880248727,8.042137537359993,68.76,9.735489661
1840,0.3,89.08999531973691,11.490583694818936,94.75,11.75567728
182,0.3,96.52109719080804,11.8894473532679,125.96,13.89945234
651,0.3,26.280464736259816,5.372002734600195,28.37,5.78741
276,0.3,4.742090862378912,2.0742024507742185,9.56,3.05033809
567,0.3,3.432159758354034,1.6585401403865574,3.03,1.553134989
775,0.3,23.007470399009918,5.380896848544747,27.13,5.62786
1188,0.3,20.672378762689544,4.822995705751899,37.53,6.82612
1823,0.3,61.111407824368044,9.637198099178148,63.36,9.29428
1593,0.3,9.872569611632766,2.984140127979669,12.8,3.62613
840,0.3,2.7213137536343237,1.5118345658188448,3.9,1.799296606
161,0.3,105.58159121653327,12.564333555260928,107.4,12.65489004
564,0.3,7.420044266847193,2.351969151608063,7.4,2.623164132
579,0.3,10.972172458295985,3.1818366777093208,10.61,3.241642959
1151,0.3,18.932210029025196,4.2353716974573485,20.78,4.82429
14,0.3,7.284242703308414,2.52880211752835,7.65,2.66889
1122,0.3,84.91489614104546,10.605070978841795,92.33,11.57792161
713,0.3,10.905570480328958,3.392785692798805,14.52,3.91576
1097,0.3,2.7070606429538224,1.507706912385554,4.02,1.833476886
254,0.3,6.40295383678853,2.359466256264364,4.66,1.99787
1858,0.3,98.84959053569109,11.897605421617271,107.41,12.65581119
1158,0.3,101.67511395364988,12.384480378594814,115.93,13.2366563
970,0.3,42.25935168299126,7.424072074387486,55.42,8.575211206
526,0.3,52.36434255773417,8.734013312174248,101.51,12.2235
1651,0.3,47.53859757624513,7.625479481013556,48.11,7.88895
1769,0.3,26.28664363936326,5.385426973202135,22.32,5.02186247
1213,0.3,55.26372258610688,8.06202894066068,58.05,8.78597
1735,0.3,86.64597639971079,11.284085082538382,106.05,12.56093758
893,0.3,7.63210234729846,2.711048259664442,9.25,2.99324
1832,0.3,66.08887857392932,9.462078977714489,74.6,10.2495
1234,0.3,39.71460908802,7.459854284241477,46.76,7.76491
733,0.3,8.184770630049623,3.1496323896598866,9.15,7.024177621489566
1751,0.3,80.08233486257102,7.725544735776997,120.8,13.5278
1237,0.3,27.311236925184705,6.566145712255496,25.93,7.024177621489566
581,0.3,39.968015929804515,6.52124501536188,38.83,6.956425764
1551,0.3,48.23224737675585,7.624860172935328,42.05,7.290258938
37,0.3,48.84392047760167,7.903500438231552,48.6,7.99698
223,0.3,30.170756148405804,4.322528310901695,27.51,3.493627
1523,0.3,46.09663085212782,6.940003452601248,37.59,6.823692468
1382,0.3,11.573394078614522,3.3363695597537517,6.63,2.16171
1042,0.3,32.765671325152255,7.923973474440964,98.43,12.0629
1070,0.3,64.90415864071555,8.760710205838619,64.42,9.36468
443,0.3,23.376910939864594,4.730315455623275,19.99,4.70308
152,0.3,2.2334123224636078,1.3654882832746815,3.82,1.77141
1799,0.3,71.32935059629868,8.999597785313409,101.42,12.1874
1759,0.3,68.96326773196223,9.46787557259508,74.91,10.2441
667,0.3,38.290052630128464,6.823036240087189,29.45,5.91488
485,0.3,109.09495732848701,11.177740632636787,119.75,12.962219
992,0.3,2.59883699419654,1.5132421575886126,3.26,1.62083261
769,0.3,11.728702805039878,5.162838009622928,10.87,7.024177621489566
1005,0.3,34.371966832197366,5.998189474013842,32.02,6.20845
572,0.3,9.528524869326294,3.069916387818334,9.15,2.972828344
278,0.3,103.82575841833078,11.843741582654427,118.47,13.40695673
632,0.3,25.774876677940416,5.165403214889429,25.04,5.374472103
823,0.3,22.758151704595498,5.2405496851717945,23.66,5.20733
141,0.3,59.400692115543094,8.02558905812628,66.94,9.58224
752,0.3,31.992316576878046,5.852224185670881,30.39,6.01061
240,0.3,3.3243789065813942,1.814863479892234,5.32,2.160174068
1824,0.3,6.928642982352923,2.4270612703642347,6.67,2.46843
795,0.3,24.371046982840532,4.914759060205317,25.69,5.46087
55,0.3,5.446472371877651,2.269982336132719,5.83,2.280732664
333,0.3,11.104327208064877,3.2163551860253077,52.89,1.90058
897,0.3,3.170714911312395,1.5612799155370816,3.29,1.627714714
1364,0.3,45.66637440266579,6.655179113764225,44.16,7.48475
1492,0.3,110.98638157057599,13.036430158343183,115.71,13.22170304
215,0.3,113.13506374698277,12.86600394091363,116.63,13.28441341
672,0.3,4.0740789766499645,1.9211059410269173,4.87,2.051533242
446,0.3,80.74490970116321,10.217665133256395,108.18,13.7564
530,0.3,42.34265567267973,6.68727393941733,119.29,7.024177621489566
789,0.3,53.21082095995272,8.343187290291418,50.58,8.13315
576,0.3,12.48227007167024,3.327072883427834,17.74,4.386987751
9,0.3,85.33802703513624,10.793073366808141,78.84,10.55059224
997,0.3,67.02021585459238,9.80361590426483,116.71,13.2583
1781,0.3,94.38013088281882,11.660142042045258,81.72,10.7664
1850,0.3,8.77102772090683,2.825420763306856,9.37,3.01006
220,0.3,7.3809352657966265,2.6024213307672106,7.69,2.67607
982,0.3,96.6486466258859,11.774547011866952,91.68,11.5159
259,0.3,1.5952484305695414,1.188068185249311,2.16,1.26995
989,0.3,72.89073983152777,11.079431729180286,94.78,11.75821955
39,0.3,92.94609631216437,11.726213206966465,118.4,13.3028
229,0.3,28.196956601216478,5.766359979487834,26.9,5.933251
911,0.3,6.77469216232089,2.4913739323145307,6.67,2.45459
491,0.3,110.82714271637529,12.89582967883038,111.21,12.91712883
516,0.3,54.125447402305426,10.238471403009312,86.88,11.1424
66,0.3,2.79008293297785,1.5566635702091913,2.79,1.477775413
1464,0.3,84.05492282839086,11.214815016015413,94.75,11.75575788
933,0.3,80.52611285142024,11.129126246887415,90.81,11.48
615,0.3,95.42054307236086,12.110900886177584,96.91,11.8862
1246,0.3,93.22320719867992,11.698476790480727,85.94,11.1273
206,0.3,101.35623017753068,12.446639057280082,109.38,12.79215388
1612,0.3,9.255770691655684,2.9800504755336292,8.39,2.823759908
461,0.3,8.190366513109765,2.673836016424077,9.97,3.34688
1788,0.3,1.591650238456157,1.1166954468853778,0.83,0.955851376
1299,0.3,90.08143709193101,11.86433927056591,91.87,11.5444262
402,0.3,3.6254526052312688,1.6130382480302992,3.49,1.686631414
5,0.3,99.54282089842924,12.196252294834345,102.14,12.28673887
58,0.3,45.436923609530865,7.830328123885959,39.81,7.059079908
955,0.3,84.28162628312168,11.21465735801772,89.31,11.3749
762,0.3,10.1009783871269,3.5527935593494235,11.29,3.45648
1052,0.3,115.0930545782786,13.175736158545321,123.98,13.77034053
529,0.3,24.67702107451004,5.358579782616796,31.64,6.167248677
1388,0.3,105.31679731116738,12.77951025680634,121.48,13.6371
1568,0.3,9.565803677282421,3.0194560340746324,8.99,2.93924
1454,0.3,2.245925635384217,1.4403802741759801,3.61,1.719326482
1664,0.3,5.4442150143029036,2.142686963842216,6.59,2.451177479
1855,0.3,12.528196790508737,3.5052219924769688,10.06,3.13923
1174,0.3,59.16205171356801,7.933998303691799,56.89,8.72806
768,0.3,20.208102032382076,5.0036542572166764,21.99,4.98445
578,0.3,7.703101970547508,2.5857714979304056,6.58,2.448945353
740,0.3,60.33464645792196,8.716493213658564,95.88,11.8527
602,0.3,22.816775410828832,4.944813508304439,56.78,8.697617256
92,0.3,6.955505074803897,2.539591031814432,8.4,2.826989728
993,0.3,1.3585785929580916,1.216957662551962,1.35,1.097286737
1500,0.3,75.49823218437339,10.532712203560378,98.09,11.6786
575,0.3,5.16357799124671,2.2723453172725767,5.8,2.273030104
1453,0.3,88.95401633562831,8.035683537612385,104.62,7.024177621489566
539,0.3,6.525598573432782,2.4122025335762376,6.16,2.35888
438,0.3,11.334004661218078,3.2460266850729993,13.08,3.64998
642,0.3,67.94755151285563,9.057541797287637,118.5,13.4294
144,0.3,33.95499648435306,6.7975819833354425,36.52,6.64264
342,0.3,4.422560269463866,1.7984968863747033,5.9,2.29679437
1288,0.3,71.97253833651463,10.284701497755604,100.58,12.17579997
716,0.3,4.921100646430043,2.056282164048532,5.34,2.16083
1047,0.3,8.629012300637546,3.007114854748608,10.47,3.21883
1581,0.3,26.317339642903054,5.2807772548664715,27.44,5.670863357
799,0.3,63.92269708836602,8.975910368500859,68.55,9.72386
1021,0.3,10.617803318410342,3.3221440154801556,13.85,3.78219
19,0.3,5.4619635699328954,2.2679454034984903,5.99,2.3216
1391,0.3,90.03778755729508,10.894058959546406,100.78,12.1827
54,0.3,8.670588833164512,2.93885620500761,12.29,3.751004
1558,0.3,56.99827649222863,8.777217337883654,65.62,9.49438
1319,0.3,89.11612348419115,11.297559418718919,110.71,12.8974
1083,0.3,8.306447235876098,2.817590889534562,15.33,4.026925833
1190,0.3,22.311863049564963,5.007276817244282,18.15,4.46635
641,0.3,20.734567264186598,5.232561561529364,22.95,5.10182
1,0.3,112.5036726084811,13.102649413987308,116.75,14.581841
1378,0.3,111.67511443497179,13.137656306083622,125.51,13.9016
113,0.3,9.863534908932335,3.353016493671814,35.09,6.02383473
1546,0.3,63.90276609033169,9.195767790558957,71.54,9.98401
1064,0.3,74.17968086679191,7.7790491693417865,126.44,13.9111
298,0.3,6.541636255062099,2.6939476667425923,20.17,4.71785
279,0.3,102.91532108267332,12.317173330560262,100.48,12.1343
82,0.3,79.75937447537234,10.48593689214652,83.66,10.92571149
745,0.3,55.532952357584364,9.153440028056572,95.12,11.8886
1127,0.3,33.81446925546183,6.154820258147962,31.68,6.170988152
1354,0.3,52.02354373045066,8.296366092669848,61.72,9.1446
1325,0.3,97.48502192733946,11.405864740372994,104.29,12.43773089
1087,0.3,14.16426256555149,3.873603781717274,25.19,5.41363
322,0.3,1.003157275033673,0.9812560779456321,0.81,0.949185781
1039,0.3,11.531475232995605,3.3629176403578396,10.87,3.29096
122,0.3,3.4229894039925557,1.7378496449526062,4.1,1.84555
1305,0.3,40.731276812175146,6.8819010275231545,25.06,7.024177621489566
511,0.3,101.8468726616564,11.811972126953226,117.39,13.3343
48,0.3,2.639438556077982,1.492302013366082,2.5,1.36751
1572,0.3,16.36349447458742,4.371082570865084,21.87,4.95462
1611,0.3,78.28475508791901,10.422709951563721,89.82,11.3547
1010,0.3,13.341822346020653,4.085979040283254,19.42,4.33692
776,0.3,27.440152929122153,5.566438335100401,27.73,6.05271
842,0.3,10.482296174232486,3.2217171992424545,12.14,3.49799
1841,0.3,8.441535903168475,2.586024909023451,12.38,3.550689516
1142,0.3,62.12233172222556,9.33640041277833,74.51,10.2185
52,0.3,2.9235180198464565,1.5164344215053533,4.71,2.02068
501,0.3,64.25851452064285,10.002508446720464,64.42,9.36823
1602,0.3,11.999431818182419,3.3928907273932194,10.93,3.29943
1484,0.3,42.056338755660484,7.093004333598198,38.8,6.952739141
1023,0.3,4.155636660550647,1.9066604953788988,4.46,1.947929019
159,0.3,4.3329620089918475,1.871460665959721,5.47,2.195403439
686,0.3,26.70861709026708,5.457503651236873,20.97,4.841201962
1026,0.3,13.742382616591636,3.6856720946118626,12.16,3.5130935
353,0.3,111.3907287747892,12.925557546744425,114.53,13.14269004
1126,0.3,8.723026616063562,2.7859762558423826,7.88,2.722617954
251,0.3,87.88945437398021,11.422218380933078,120.33,13.53006831
1516,0.3,6.010387048521955,2.278811470302186,5.31,2.16267
1034,0.3,103.00166398493405,12.109770752493475,130.66,14.183
190,0.3,59.18725972936744,9.193846342502155,53.39,8.388894075
568,0.3,19.207938070725106,4.6362988511304675,23.63,5.193676358
924,0.3,73.68747649612297,10.253203405117937,99.95,12.0713
1258,0.3,99.96581975773108,11.61849255994351,99.82,12.168
1843,0.3,30.176515416610396,7.445357259303777,40.3,7.09086
1132,0.3,85.43621599265781,11.017148321998016,91.8,11.5451
376,0.3,36.082389269030344,6.702843263474197,41.34,7.216883182
1265,0.3,53.23849971198305,7.044200379823781,124.53,7.024177621489566
1688,0.3,64.32272489391235,9.95606843008331,64.57,9.41494
487,0.3,96.69460701375851,11.263872912808358,125.28,13.446487
253,0.3,7.843184433213729,2.531982779908322,7.39,2.62025
1586,0.3,78.2963502103872,10.658457751435021,86.01,11.1331
299,0.3,6.801150477765464,2.296470492803465,6.5,2.431285405
760,0.3,35.86488788750091,6.322656782958418,39.68,7.04152
1670,0.3,5.03629685180091,2.0779330317835183,6.98,2.533629389
1311,0.3,34.19668461483037,6.7128417832193525,37.45,6.80431
994,0.3,7.704031264282619,2.7726448114842275,25.62,5.37673
609,0.3,5.594506198442074,2.3657364047648954,5.71,2.25345
1054,0.3,79.17340118054751,10.390618879026894,101.72,12.2521
1708,0.3,79.71972296224608,10.33674931128559,87.59,11.2199
271,0.3,16.304387985605274,5.908380158044032,15.31,7.024177621489566
214,0.3,1.9234781552728821,1.2850429474557088,1.93,1.210733876
1279,0.3,63.59804289153497,9.60238048815208,126.78,13.9775
965,0.3,77.86026056271172,10.952212763896949,88.71,11.3151
665,0.3,12.41653282855889,3.814282146239951,11.63,3.41784
1271,0.3,40.24743114965671,6.899958515515564,75.49,7.024177621489566
4,0.3,97.07245553531479,11.796029180814841,99.64,12.10867994
204,0.3,16.737122204548793,4.28677958381859,19.32,4.613131896
648,0.3,80.31186916073128,10.231340146827181,88.19,11.2446
219,0.3,7.574025706853096,2.775064345108713,23.11,2.582442
393,0.3,2.9854637873921583,1.4928075993628196,3.52,1.69257
977,0.3,9.759444942527619,3.0972488411251033,9.4,3.01498
948,0.3,113.83693074605915,13.165225498119794,116.12,13.24971416
1187,0.3,68.92109593825577,10.411143067622325,71.2,9.93735
900,0.3,6.558911355009246,2.61699752913767,8.47,2.841179901
520,0.3,46.57355019232991,8.101383713929607,61.52,9.08479
1679,0.3,40.41805264479125,7.26199039667239,40.17,7.096299381
481,0.3,3.6131057576511476,1.8198147174250123,4.77,2.28501
538,0.3,53.508110023587165,8.843005344225688,64.15,9.39131
918,0.3,83.38779290849591,10.917900267110156,105.1,12.4956
268,0.3,43.83521773648014,8.085501793121724,52.53,8.309019329
521,0.3,14.552912404560534,3.766479981394286,26.66,5.58857
31,0.3,105.14299761327904,12.265557005521572,125.8,13.88927615
1818,0.3,18.885480597827787,4.712813107008494,14.74,3.91968
814,0.3,5.352635876079266,2.0680585352437504,10.49,3.217
1335,0.3,95.6900506353182,11.581268453187517,111.35,12.92730565
825,0.3,5.492498985797128,2.213215368661399,6.19,2.36311
1366,0.3,27.880233036014094,5.8982976939713065,35.64,6.613947587
347,0.3,1.8005609319237585,1.19793247647556,1.83,1.192639209
512,0.3,17.232110591033855,5.728300939472996,30.62,7.024177621489566
1639,0.3,89.64593091553665,11.38255967505692,100.34,12.1366
1184,0.3,111.8502710126587,12.578431243460424,118.41,13.3524
773,0.3,19.670572772150283,4.707802479371083,77.22,10.3751
1480,0.3,88.40091653232422,11.48477881484542,90.85,11.46948561
1793,0.3,55.22895360274356,8.880071440907704,47.3,7.78724
1402,0.3,88.03036349513742,10.381119557509395,80.42,10.67471486
1025,0.3,7.040931000007379,2.4761705053721697,7.18,2.578146532
1093,0.3,5.422482729492318,2.0360696952517605,5.59,2.225369592
89,0.3,2.191524085884933,1.3154899360939858,2.28,1.312234294
1170,0.3,5.455252233590616,2.115639704049521,21.9,4.98711
1646,0.3,1.4646483221988553,1.201638139430903,4.32,1.89426
1353,0.3,83.43377962886863,11.476152339113648,106.65,12.5934
1355,0.3,14.241583043962944,4.119146630065726,67.4,9.65497
177,0.3,4.086780502872905,1.8811195395946283,4.38,1.925734586
1031,0.3,4.5969682024060425,1.915216476749282,3.45,1.674180322
1399,0.3,79.929075221186,10.211913911530814,99.87,12.0428
1057,0.3,13.753088241108745,3.450322881721595,16.75,4.242394637
1110,0.3,66.73628205997595,9.982391606358625,92.16,11.56559794
385,0.3,80.19645252828197,10.252669078245338,77.93,10.47865795
1411,0.3,53.593325780800406,6.802621134982859,55.01,7.024177621489566
1543,0.3,76.46893301160634,10.220376324943674,93.35,11.6629
1137,0.3,2.5192340267923132,1.4034351849546682,4.65,1.99844
1393,0.3,29.882620434394877,6.034206448008084,45.24,7.64474
1367,0.3,27.59980541978997,5.652955615516008,35.03,6.547178712
1629,0.3,22.587405855866592,4.945996005883603,21.48,4.89644
408,0.3,6.852171106717545,2.2906599126972496,7.73,2.28122
506,0.3,77.30016206224197,10.204726490073057,86.69,11.1276
1115,0.3,55.12702371291985,8.65310400763533,66.22,9.54792
813,0.3,69.42157976740901,9.890094094591943,86.56,11.1497
1136,0.3,77.83153820298693,10.751367578252689,81.5,10.753
302,0.3,49.84962453611062,6.941171667211784,121.01,13.57525892
436,0.3,27.91431500617458,5.666560106881441,23.06,5.118907941
979,0.3,63.550599615641964,8.140624778979213,47.76,7.024177621489566
171,0.3,104.75968073283028,12.137266769622743,121.6,13.61374033
1409,0.3,88.28961685473769,11.076826261251549,111.85,12.9673
1518,0.3,10.70017901893816,3.5345268376151204,13.87,3.797335347
1427,0.3,7.516401171406692,2.5003381976148353,8.53,2.852334785
270,0.3,87.90507722354702,11.72141789629187,96.61,11.9045
227,0.3,75.18708673933615,9.638978028542244,97.07,11.92440528
1196,0.3,14.681772191828967,5.766573321336269,15.2,7.024177621489566
558,0.3,3.8471955676796283,1.7659322791659107,5.08,2.102385379
1511,0.3,61.49052780600129,9.187038838040726,59.27,8.920508561
1210,0.3,68.12293632651166,10.463661044044516,96.74,11.9007
618,0.3,46.17171881879383,7.715505680657112,55.39,8.57193
1588,0.3,20.172381847746205,4.719281655407967,25.49,5.44119
1530,0.3,3.154146264168573,1.612768594093423,2.83,1.5002
1784,0.3,1.233233441211403,1.0787354293754092,0.85,0.961738557
597,0.3,14.863430137697627,4.011450025950921,19.15,4.5947
1520,0.3,51.607743420291854,8.542513507023008,72.99,10.08322393
737,0.3,15.540639002969499,3.9753944899321008,13.87,3.80598
1334,0.3,63.043517226829564,9.527640557756646,80.26,10.66165646
1150,0.3,74.46309207052205,10.880864317479446,87.25,11.2009
378,0.3,7.13073085282318,2.4883001691476307,7.39,2.62397
866,0.3,6.669788407666296,2.46524133908661,6.06,2.3352
1718,0.3,75.94379531832763,10.242451898311673,92.31,11.5845
379,0.3,5.6227065495724124,2.1755530298499735,5.41,2.1838
192,0.3,4.16775954784845,2.0561716025765415,4.4,1.93236572
260,0.3,36.30684430517419,6.608425798196774,46.67,7.7514065
1652,0.3,79.09602409185813,10.656811990389285,93.06,11.633
1212,0.3,51.4614827137979,8.02106538401679,55.03,8.52936
953,0.3,11.907725421390051,3.2329429564966228,9.44,3.026578642
1003,0.3,27.714941410459037,5.7728664451028076,31.56,6.16036
861,0.3,5.095721234414346,2.131680426816085,4.25,1.89435
308,0.3,87.06234828187719,10.53220006233284,112.5,13.0203
1591,0.3,82.30084063864624,11.396874848855768,87.58,11.2128
1268,0.3,21.151198393608652,4.727251390410331,21.13,4.86815
1164,0.3,87.16762057158353,10.338461518999829,76.52,10.3670919
360,0.3,5.822186744848793,2.1114337922264887,6.93,2.512038
652,0.3,21.07463404122259,4.421209624181055,17.99,4.42263
381,0.3,45.31217922729463,7.594894358153556,43.82,7.469402719
1775,0.3,6.907505137894651,2.482384047015827,6.45,2.42354
1000,0.3,31.088362967127278,6.439215079677356,52.81,8.33267
452,0.3,38.400963591363976,7.108235043351876,88.76,11.3113
414,0.3,5.17505998987714,2.1279312858094483,6.1,2.340834103
987,0.3,33.92379042504344,6.318839495329447,73.79,10.1474
1459,0.3,60.12174511147278,8.947626307635556,63.99,9.33912
1358,0.3,63.505656316251994,9.46410432663277,72.87,10.0826
1703,0.3,111.69950048233932,12.581128375374046,129.15,14.10495771
638,0.3,55.64771781961202,8.6404633314521,70.99,9.91393
1404,0.3,82.01377860754793,10.674939977563643,105.27,12.5164
133,0.3,9.161024083339395,2.935661887075163,10.81,3.28324
202,0.3,84.43151007519248,10.47698121418459,91.33,11.50390062
1169,0.3,92.4994315308618,11.16427222335428,98.5,12.0756
198,0.3,19.157342506489247,4.0650514233448485,16.17,4.155260325
796,0.3,56.63134181848381,8.926129016689748,69.2,9.77911
574,0.3,98.42696514518832,11.264218998634185,119.35,13.46463141
1114,0.3,13.882807654955496,3.7570796140529925,14.37,3.86968
317,0.3,1.1168154048314265,1.0070464867057343,1.13,1.042840696
980,0.3,42.75258904114355,6.959368353769958,95.18,11.78712672
142,0.3,8.423168771813032,2.8145796741332356,9.61,3.12766
1413,0.3,11.368097504278538,3.4260689162625666,17.74,4.37963
1806,0.3,9.630065610092654,4.140998531356583,3.74,7.024177621489566
1852,0.3,76.16539764758616,10.657171704767729,117.29,13.3280613
465,0.3,66.40947988382705,7.524744640561121,74.24,7.024177621489566
315,0.3,88.08246876666217,10.766047354038722,110.17,12.84561173
1425,0.3,5.51341589855858,2.154706984725818,4.37,1.93226
670,0.3,62.26069537940574,7.191823697265994,79.53,7.024177621489566
170,0.3,47.936397911209184,7.261950962276107,63.97,9.33715
467,0.3,34.22967108074257,6.762819500426413,70.23,9.84223
1109,0.3,81.35511763471638,10.907068764215177,84.52,10.9933
1486,0.3,2.6950149140715824,1.4906919723448495,3.44,1.67736
1398,0.3,84.85936833208696,9.996414518404269,96.4,11.87591193
1341,0.3,95.85257216946778,11.811528145125669,117.71,13.3674
1448,0.3,12.185572517958452,3.6593754936414524,10.1,3.16086
22,0.3,11.455431228902702,3.5543397240672,12.19,3.517574786
1267,0.3,32.53993600548131,6.774553477341122,35.89,6.63491
45,0.3,1.3193331858567054,1.0938441806359844,1.65,1.15643
1224,0.35,26.962933787167636,5.844722017550623,29.55,5.94241
475,0.35,53.20353798487858,7.907054739252796,77.13,10.417
1838,0.35,4.86240273570456,1.9777642546052292,4.41,1.92318
1199,0.35,8.112777654643555,2.737338568391055,9.3,3.01287
53,0.35,7.58148154429457,2.731835904111301,7.04,2.54474
1408,0.35,79.98410128146176,10.94489085242483,112.81,13.0531
1654,0.35,39.40630262714547,7.29485711118844,36.24,6.70553
18,0.35,77.887224601696,9.921047857333141,76.0,10.32616195
731,0.35,18.244518459088365,4.5013967406174515,15.91,4.12435
1374,0.35,46.7573061600741,6.920674461357542,33.76,7.024177621489566
233,0.35,59.89743392998719,9.462182584205706,55.83,8.612116336
1390,0.35,85.88532658325931,10.806079413182243,125.31,13.8742
621,0.35,47.469201425323845,7.923295413609338,68.34,9.70968
427,0.35,5.7210997867583915,2.2943780997790113,6.82,2.50355
187,0.35,14.323066707513538,4.149545083590144,21.79,4.952313354
1029,0.35,2.587156824015994,1.441885001527424,3.27,1.62297957
390,0.35,63.65582056254636,10.270141084935688,82.55,10.8261
457,0.35,109.38690091497182,12.08669331549986,117.29,7.024177621489566
156,0.35,7.175644058652367,2.709511964747468,13.61,4.509178613
1337,0.35,73.67227741726725,10.525134405780882,79.11,10.5731
1649,0.35,9.961641227102998,3.110428362126457,7.06,2.54445
1628,0.35,91.23428097830191,11.088412488203918,112.16,12.9734
616,0.35,87.89858307764268,11.206094450557362,109.15,12.8076
726,0.35,26.645647604743942,5.8862223719081745,122.07,13.6402
473,0.35,44.584548363054,7.395103540723407,64.55,9.36472
853,0.35,3.844377724672894,1.9406496504473834,4.59,1.980635825
1720,0.35,87.52775881275166,11.553178403435235,120.83,13.5597
1834,0.35,44.881461512379445,7.8901307375291925,60.85,9.059590395
440,0.35,58.66093345367286,8.965395611638302,55.55,8.56637
303,0.35,1.6587654121101947,1.1478093004505532,1.95,1.214566424
519,0.35,21.367767996148938,4.703486024967014,21.07,4.86242
191,0.35,13.56005521322109,3.88578325214513,14.68,3.924832159
6,0.35,90.49462687735848,11.807515200793155,113.71,13.08687204
962,0.35,34.52716766437395,7.591325356927166,29.29,7.024177621489566
434,0.35,89.08455193179418,10.011082051544609,90.34,11.8344
1693,0.35,2.7598429541366376,1.5184889477683086,2.52,1.393219042
412,0.35,7.633064484427967,2.809758225132942,7.25,2.58794
124,0.35,33.99348585690657,6.864068452713709,43.24,6.99891
1768,0.35,1.9123192614954447,1.238998223831981,0.86,0.965061868
1617,0.35,28.948083576911017,6.637595002489848,28.01,5.739561697
1294,0.35,16.727964309124488,4.619637338725967,16.34,4.16809
318,0.35,1.2008366860081485,0.9951466913880517,0.56,0.856692464
17,0.35,113.32742430876831,12.981687749291945,124.3,13.79115826
1758,0.35,18.088614664019367,4.614761597744557,19.35,4.615
80,0.35,13.002286593177821,5.192237287815479,19.13,2.432614
479,0.35,6.896788248976434,2.59449753025133,6.52,2.43432
744,0.35,15.96918299631987,4.036999946265974,74.3,4.06597
963,0.35,5.309257492951245,2.289870979988535,4.31,1.90837771
135,0.35,78.05184669116724,11.439959827093746,94.26,11.7171
847,0.35,21.435785371255747,4.653834983796233,23.64,5.21152
118,0.35,8.53675082225795,3.0982060440079335,11.71,3.435910248
85,0.35,6.20980850493623,2.4031140739337027,3.61,1.741587
1103,0.35,80.48155676029506,10.710391223317066,92.98,11.62586504
1379,0.35,8.626193301527707,3.0730093796022317,11.82,3.44576
1789,0.35,1.1230676618489552,1.0669619327792805,0.63,0.885684603
1045,0.35,4.834839486034255,2.0537549788995544,7.43,2.629079023
792,0.35,13.708973325819134,3.571851759303805,14.5,3.90515
47,0.35,1.4596278895568924,1.0507107782847596,0.88,0.969819
77,0.35,26.73347655720542,6.852764837699957,56.57,8.85869
904,0.35,90.348883897518,11.176570902710411,94.7,11.7215
107,0.35,87.76514703436705,11.576059535765152,108.69,12.74428382
1461,0.35,22.312221796290466,5.118467779893242,21.53,4.916984204
1856,0.35,90.91707997533946,12.101858837573841,109.94,12.82971612
30,0.35,42.64611116415196,7.519979838163893,43.22,7.42915
1437,0.35,3.64276419477629,1.7202648862844965,2.3,1.318046443
596,0.35,37.628244518749376,6.654436152167095,114.56,13.1383
1672,0.35,1.6833382060168685,1.1797694960247407,1.38,1.101762401
1236,0.35,36.860861195313355,7.27370705055719,49.35,7.024177621489566
425,0.35,13.72136471434022,4.399634770972354,19.67,4.66502
361,0.35,111.9879973129046,13.25932739201953,105.75,12.53990524
991,0.35,5.427902767606341,2.086300574885462,7.8,2.705027839
1728,0.35,17.337416298145595,3.8757941410166583,21.12,4.862440485
1780,0.35,83.5929307153186,10.704463518651501,77.3,10.4307
862,0.35,6.434345356247944,2.640445739454055,8.15,2.77807
1723,0.35,93.4191975107778,10.685655521740554,92.69,11.6029
1239,0.35,42.77353567267479,7.633122877322248,40.44,7.13535
655,0.35,44.74125178429307,7.586425921707725,83.22,10.8884
883,0.35,7.223678735078072,2.330570909227574,6.68,2.47030768
1599,0.35,9.418507732114449,3.140923226119738,9.39,3.00633
871,0.35,9.199467008257379,3.022006946497461,10.75,3.2807
1424,0.35,92.68613563854483,11.790142471420763,76.73,10.4386
1609,0.35,93.88694355886584,11.37346222441456,126.51,13.9433
326,0.35,4.301895958570295,1.9944702430163088,5.7,2.24794
1317,0.35,80.80835295922242,11.294423244339573,74.94,10.24074428
985,0.35,6.899113819580387,2.5822850137940474,6.69,2.47118
1476,0.35,8.518458554385592,2.8228532979096124,7.58,2.660025534
175,0.35,10.67358143766758,2.760234923053699,21.14,4.87824
1656,0.35,34.09464132999515,6.784038028305637,28.87,5.8474
557,0.35,9.569860016838799,2.8826104405437554,11.57,3.412480023
1101,0.35,13.62492664472333,3.8869108260292906,19.85,4.517045331
459,0.35,61.54159892109681,9.15844804243302,128.46,14.0608342
712,0.35,4.678698191178707,1.9523654760859612,5.49,2.20071815
679,0.35,81.96077491799677,11.033451969482636,72.76,10.0433
923,0.35,16.68045181396402,3.7830000531500114,14.47,3.89334
553,0.35,7.497139512902988,2.921732896068875,9.11,2.964146098
1182,0.35,21.30115091633206,5.418479450955171,47.07,7.82059
249,0.35,81.62965697047407,11.499082726912308,94.77,11.75690439
310,0.35,66.17872984776523,10.3938007194134,75.59,10.264
658,0.35,15.370069189500336,4.159564272674864,17.25,4.31235
217,0.35,2.121706152493135,1.3180344902746715,2.42,1.35917743
896,0.35,2.675986707116568,1.4903907923831243,2.86,1.499704002
958,0.35,41.183002687075415,8.030403342902208,30.66,7.024177621489566
458,0.35,38.982529154910395,7.803454344801717,28.62,7.024177621489566
1695,0.35,40.613347082196434,7.528787805369431,39.6,7.03413
666,0.35,16.310394221270883,4.896853713075713,34.8,6.35126
489,0.35,92.32846447375363,12.001453488614327,117.42,13.33687048
969,0.35,12.693681024297337,3.601388385919652,12.74,3.60283
674,0.35,3.4425680355345887,1.7584378309825468,2.52,1.39527
1315,0.35,76.03524381475893,10.355871398179822,85.72,11.0715
1205,0.35,11.920464583177273,3.2739602208153964,12.83,3.62818
1498,0.35,101.91787376114921,12.110393761395361,100.58,12.1616
743,0.35,41.003936756560414,7.029408415474535,36.91,7.024177621489566
1276,0.35,71.33439591103402,10.521157226717449,71.58,9.96751
1844,0.35,29.447788601957388,6.301481980957506,30.67,6.0323
148,0.35,39.753440635604505,7.010649032465509,101.78,12.2412
1074,0.35,112.73948555422562,13.031580740611346,113.65,13.0889
1497,0.35,7.534200302396201,2.613323137497186,7.58,2.65245
1416,0.35,90.5773188083855,12.104543276693915,69.6,9.82252
587,0.35,99.87482846866918,12.062356055170145,105.95,12.55419255
517,0.35,11.21726056476721,3.5877274589076626,13.61,3.754833321
1661,0.35,10.373040690564714,3.16325345259637,12.36,3.548343316
1286,0.35,85.78145246580496,10.781778150543973,119.59,13.4003
76,0.35,2.247560342758031,1.5479004771221627,2.12,1.671618
1081,0.35,3.4849080296251396,1.6796617195234713,3.42,1.666703009
1415,0.35,34.48620221465796,6.925543054642432,74.93,7.024177621489566
999,0.35,8.944930048568137,2.9097948545528065,28.55,5.805449843
1732,0.35,8.631243704100713,2.864977685241151,2.72,1.455123436
593,0.35,57.49360913469182,8.810117382795596,69.0,9.754848091
1573,0.35,10.805258351063971,3.395374856277354,9.44,3.02618
262,0.35,116.74518469733727,12.83659014984846,116.99,13.30845019
1533,0.35,56.10667678769419,8.977933905898869,115.63,13.21716686
565,0.35,10.925253393185267,3.468812721743436,9.31,3.00264281
1287,0.35,104.00467430510028,12.320316173953074,117.11,13.31600225
34,0.35,55.11558137926874,8.479769758883853,80.03,10.6751
1183,0.35,59.49240208854292,7.981658061050983,68.76,9.735489661
1840,0.35,96.28490469925708,12.08341580581398,94.75,11.75567728
182,0.35,100.77847511650074,11.78000791556488,125.96,13.89945234
651,0.35,27.830857181859297,5.652358855819943,28.37,5.78741
276,0.35,5.233296161111789,2.2816383173718644,9.56,3.05033809
567,0.35,3.905671805722396,1.7183692292683732,3.03,1.553134989
775,0.35,21.982224771928784,5.553396525672344,27.13,5.62786
1188,0.35,19.693647221417024,4.808508643492691,37.53,6.82612
1823,0.35,68.67698276204032,10.019407044720776,63.36,9.29428
1593,0.35,10.071871844486285,2.9167964521323597,12.8,3.62613
840,0.35,2.843661461717901,1.558532344699318,3.9,1.799296606
161,0.35,106.38286704575856,12.51591062458029,107.4,12.65489004
564,0.35,7.5388394710325075,2.655499337200761,7.4,2.623164132
579,0.35,11.05308738112383,3.3465086433304676,10.61,3.241642959
1151,0.35,18.122819131752387,4.252092841115774,20.78,4.82429
14,0.35,7.109319597816973,2.486844653468586,7.65,2.66889
1122,0.35,84.48447761117625,11.089932761564288,92.33,11.57792161
713,0.35,11.074736264351229,3.4423467546751643,14.52,3.91576
1097,0.35,3.1236196771850877,1.600939459552874,4.02,1.833476886
254,0.35,6.894057099883596,2.4439717786335136,4.66,1.99787
1858,0.35,107.22919775865063,12.203949353981754,107.41,12.65581119
1158,0.35,106.10422199360555,12.218832325270844,115.93,13.2366563
970,0.35,46.76171832116907,7.698715910543952,55.42,8.575211206
526,0.35,63.64758306677129,8.920911983943759,101.51,12.2235
1651,0.35,47.819031315030195,7.529458533857849,48.11,7.88895
1769,0.35,24.878825711624412,5.13827328229928,22.32,5.02186247
1213,0.35,54.1693870684608,8.84155132069628,58.05,8.78597
1735,0.35,89.68095707077487,11.47482889355293,106.05,12.56093758
893,0.35,7.735344514984001,2.7401177831598824,9.25,2.99324
1832,0.35,73.49242355470477,10.316781198434175,74.6,10.2495
1234,0.35,52.66591602837397,7.466243214593509,46.76,7.76491
733,0.35,9.09466615047969,3.40752918522047,9.15,7.024177621489566
1751,0.35,77.7520365591321,7.730635694172383,120.8,13.5278
1237,0.35,25.050628562648303,6.717317172044975,25.93,7.024177621489566
581,0.35,44.97162807422102,7.599464730883701,38.83,6.956425764
1551,0.35,53.98528238016117,8.318275958006227,42.05,7.290258938
37,0.35,51.75352976802513,8.285621619038507,48.6,7.99698
223,0.35,29.59910279973306,4.974744610242927,27.51,3.493627
1523,0.35,47.47174656591409,7.528406894895794,37.59,6.823692468
1382,0.35,11.122542974994559,3.5117664687358263,6.63,2.16171
1042,0.35,37.41980101652159,8.28656877815909,98.43,12.0629
1070,0.35,66.85092043173363,8.587215763296193,64.42,9.36468
443,0.35,22.340953290750793,4.807712586855208,19.99,4.70308
152,0.35,2.438427080929879,1.3668326924643133,3.82,1.77141
1799,0.35,82.37412927505247,9.690345041879574,101.42,12.1874
1759,0.35,71.05315196298272,9.865283867599842,74.91,10.2441
667,0.35,43.104463164919245,7.233471783521955,29.45,5.91488
485,0.35,108.66450931732433,11.102876165229928,119.75,12.962219
992,0.35,2.783620247058185,1.563882909766759,3.26,1.62083261
769,0.35,12.005208886098409,5.133946181107953,10.87,7.024177621489566
1005,0.35,33.753057292652755,6.2660082019199805,32.02,6.20845
572,0.35,9.302259715109335,3.2970521960733303,9.15,2.972828344
278,0.35,101.50557833425685,11.832589934260712,118.47,13.40695673
632,0.35,24.584070692167835,5.203722553030121,25.04,5.374472103
823,0.35,24.171375213911297,5.341212908683336,23.66,5.20733
141,0.35,57.730198420270455,8.217071175337765,66.94,9.58224
752,0.35,38.14183062303343,6.138192498171274,30.39,6.01061
240,0.35,3.2466447796204143,1.7317818467576689,5.32,2.160174068
1824,0.35,7.615437353987254,2.5820551288925238,6.67,2.46843
795,0.35,24.455657734407854,4.6749441978766075,25.69,5.46087
55,0.35,5.521315898930459,2.278626826837054,5.83,2.280732664
333,0.35,11.520754639589024,3.348940016713,52.89,1.90058
897,0.35,3.472338019290013,1.6108078009697477,3.29,1.627714714
1364,0.35,45.751378435936275,7.246246647583044,44.16,7.48475
1492,0.35,112.61006326468,12.884541841176159,115.71,13.22170304
215,0.35,111.60210817989737,12.680510647727315,116.63,13.28441341
672,0.35,4.7446008219167295,1.9950855369975298,4.87,2.051533242
446,0.35,81.91628397485742,10.883617001587357,108.18,13.7564
530,0.35,46.40587911396507,6.764049409044284,119.29,7.024177621489566
789,0.35,58.7618799086024,8.417744620833057,50.58,8.13315
576,0.35,12.26960813826382,3.499980805527744,17.74,4.386987751
9,0.35,88.67207409738961,10.40823395674436,78.84,10.55059224
997,0.35,72.05956608078904,10.379515414713795,116.71,13.2583
1781,0.35,92.02205734692305,11.393595506043228,81.72,10.7664
1850,0.35,8.120094033601186,2.666396913702385,9.37,3.01006
220,0.35,7.736918091745408,2.7293026842179593,7.69,2.67607
982,0.35,89.37514450367237,11.984254916501564,91.68,11.5159
259,0.35,2.0126874109503694,1.194042781580148,2.16,1.26995
989,0.35,88.64190028118816,11.18329806209917,94.78,11.75821955
39,0.35,95.96321774231147,11.491408458672,118.4,13.3028
229,0.35,28.483559390221703,5.834249317597784,26.9,5.933251
911,0.35,6.703297410795801,2.446258166006883,6.67,2.45459
491,0.35,113.8116688739469,12.97033032001035,111.21,12.91712883
516,0.35,67.61779233811946,9.828552070740022,86.88,11.1424
66,0.35,3.0732151476652207,1.5476586117417943,2.79,1.477775413
1464,0.35,86.8481342962104,11.12363822385881,94.75,11.75575788
933,0.35,79.67808897825336,11.314408459780319,90.81,11.48
615,0.35,93.08634813878504,12.198352403432347,96.91,11.8862
1246,0.35,94.26985216269236,12.049119392412372,85.94,11.1273
206,0.35,105.32127012228436,12.648709718137786,109.38,12.79215388
1612,0.35,9.712387775549313,3.2427464060266127,8.39,2.823759908
461,0.35,8.203261855720605,2.7950038090069405,9.97,3.34688
1788,0.35,1.8487707910591282,1.2200213665676627,0.83,0.955851376
1299,0.35,84.95093975101183,11.572799643054582,91.87,11.5444262
402,0.35,3.7726616967401903,1.5873081208369821,3.49,1.686631414
5,0.35,100.04026811538799,12.681931043728447,102.14,12.28673887
58,0.35,54.24087842629248,8.142551162188337,39.81,7.059079908
955,0.35,83.07930661863114,11.492568878037936,89.31,11.3749
762,0.35,10.86297325580619,3.6580126264421016,11.29,3.45648
1052,0.35,112.85939736776682,13.172256284932331,123.98,13.77034053
529,0.35,28.03422905063505,5.714716301423422,31.64,6.167248677
1388,0.35,109.06633498528855,13.107552319841616,121.48,13.6371
1568,0.35,10.631174710323618,3.209096671065607,8.99,2.93924
1454,0.35,2.293871939624994,1.36591635112664,3.61,1.719326482
1664,0.35,6.06371076308428,2.349573384555351,6.59,2.451177479
1855,0.35,12.78553530183632,3.675311096511453,10.06,3.13923
1174,0.35,57.320433152927876,8.550113406412743,56.89,8.72806
768,0.35,21.646412087385603,5.16550015633937,21.99,4.98445
578,0.35,7.473642210981824,2.58852872465638,6.58,2.448945353
740,0.35,59.938875201482126,9.285342396562667,95.88,11.8527
602,0.35,21.528180539209057,6.051498919013457,56.78,8.697617256
92,0.35,7.605069191763752,2.54150280083757,8.4,2.826989728
993,0.35,1.6568877680925889,1.2334387862579266,1.35,1.097286737
1500,0.35,82.7649724886368,10.605381755904768,98.09,11.6786
575,0.35,5.686437974123147,2.1803681234330834,5.8,2.273030104
1453,0.35,85.02599442854074,8.165514224353197,104.62,7.024177621489566
539,0.35,6.675131480929631,2.4729993017920835,6.16,2.35888
438,0.35,11.953763117846071,3.235440864123832,13.08,3.64998
642,0.35,71.87955966079893,9.14325660966883,118.5,13.4294
144,0.35,37.30173030788399,7.2145529369312635,36.52,6.64264
342,0.35,4.870118471574943,1.835302864895079,5.9,2.29679437
1288,0.35,73.14670756441518,10.499157477586172,100.58,12.17579997
716,0.35,5.056771673475102,2.1204660344082282,5.34,2.16083
1047,0.35,9.743895315471189,3.0627883733206946,10.47,3.21883
1581,0.35,25.261104978798937,5.430327187604932,27.44,5.670863357
799,0.35,67.20114286391323,9.710879001461269,68.55,9.72386
1021,0.35,10.269732050224716,3.361902746276319,13.85,3.78219
19,0.35,5.826852228706683,2.346322091240662,5.99,2.3216
1391,0.35,91.02731965810109,11.318691105372235,100.78,12.1827
54,0.35,8.604137529390117,3.1441214773015544,12.29,3.751004
1558,0.35,55.64654041253508,8.881655008265191,65.62,9.49438
1319,0.35,87.9963538899131,11.053247093939909,110.71,12.8974
1083,0.35,7.994769012114928,2.849596303378654,15.33,4.026925833
1190,0.35,24.949919914001537,5.148705695942045,18.15,4.46635
641,0.35,23.673934133050917,5.360623826397864,22.95,5.10182
1,0.35,116.32115550823148,13.347281526832253,116.75,14.581841
1378,0.35,114.56604065231001,12.803713695859368,125.51,13.9016
113,0.35,10.126364717713262,3.351352733713261,35.09,6.02383473
1546,0.35,63.36611884362936,9.433668439296635,71.54,9.98401
1064,0.35,74.04017298847228,7.713408416601987,126.44,13.9111
298,0.35,7.072715838022513,2.4195608391639434,20.17,4.71785
279,0.35,104.19310806156594,12.488857862538511,100.48,12.1343
82,0.35,79.23772856461132,10.764016093540764,83.66,10.92571149
745,0.35,72.67571550675635,8.918160734080622,95.12,11.8886
1127,0.35,35.256387253287144,6.629285593438945,31.68,6.170988152
1354,0.35,50.97148627509818,8.47302279499781,61.72,9.1446
1325,0.35,90.49087286657911,11.128948238610302,104.29,12.43773089
1087,0.35,16.75707365201878,4.074603892251261,25.19,5.41363
322,0.35,0.9338986613592288,0.9952264508005106,0.81,0.949185781
1039,0.35,11.56985529787172,3.3499218086746643,10.87,3.29096
122,0.35,3.4972180542071962,1.790334268899251,4.1,1.84555
1305,0.35,41.560824741798804,6.832833128918583,25.06,7.024177621489566
511,0.35,107.03718150151123,11.343300854100686,117.39,13.3343
48,0.35,3.1751306823187657,1.7598479723063476,2.5,1.36751
1572,0.35,19.6127084266002,4.772585868526047,21.87,4.95462
1611,0.35,80.46406433843651,10.375086521221048,89.82,11.3547
1010,0.35,14.669079219341405,4.354027697257539,19.42,4.33692
776,0.35,29.019488425021986,5.941592053580121,27.73,6.05271
842,0.35,11.006020249501285,3.2526810574835903,12.14,3.49799
1841,0.35,8.692442114203933,2.7877703529803832,12.38,3.550689516
1142,0.35,64.72156454404394,10.231825818764323,74.51,10.2185
52,0.35,3.1266398453959594,1.6080205327187413,4.71,2.02068
501,0.35,67.85425345144544,9.958066980981123,64.42,9.36823
1602,0.35,10.68345524103265,3.2429950329824306,10.93,3.29943
1484,0.35,47.61548973988591,7.43904730781581,38.8,6.952739141
1023,0.35,4.603260629782056,1.9758258216729647,4.46,1.947929019
159,0.35,4.084605949457665,1.9036862309861826,5.47,2.195403439
686,0.35,26.01608746460273,5.265780408923495,20.97,4.841201962
1026,0.35,12.42030514141258,3.52267650166748,12.16,3.5130935
353,0.35,112.39088447488449,12.969464440965169,114.53,13.14269004
1126,0.35,10.208458427922903,2.74077374718327,7.88,2.722617954
251,0.35,92.5138425663441,11.404087345326113,120.33,13.53006831
1516,0.35,6.459596563689372,2.3760308587035226,5.31,2.16267
1034,0.35,101.26557598668762,12.180000429133047,130.66,14.183
190,0.35,58.071974730703694,8.954663654337851,53.39,8.388894075
568,0.35,17.40225451024694,4.698088639575797,23.63,5.193676358
924,0.35,83.38838015999421,11.554846187350858,99.95,12.0713
1258,0.35,97.72962550814155,12.018361661934762,99.82,12.168
1843,0.35,33.88615561601865,6.984479799395355,40.3,7.09086
1132,0.35,85.05431916702912,11.059936148268472,91.8,11.5451
376,0.35,37.10707084538873,6.879725316561695,41.34,7.216883182
1265,0.35,52.90492400774755,6.987066132227011,124.53,7.024177621489566
1688,0.35,72.86000113386551,9.545294781920887,64.57,9.41494
487,0.35,101.20996938813528,11.238082744015205,125.28,13.446487
253,0.35,7.438720542034871,2.509481985103961,7.39,2.62025
1586,0.35,94.75113757873163,11.006572105782443,86.01,11.1331
299,0.35,7.0630210383423035,2.455759715820084,6.5,2.431285405
760,0.35,41.95660752822123,6.672694783389424,39.68,7.04152
1670,0.35,5.090435005672839,2.1575993555607877,6.98,2.533629389
1311,0.35,35.303134408659,6.717496848325882,37.45,6.80431
994,0.35,7.647920526966735,3.0344310888457104,25.62,5.37673
609,0.35,6.173391342704625,2.400130331017956,5.71,2.25345
1054,0.35,80.82095317787366,11.100769059162225,101.72,12.2521
1708,0.35,84.69620797399956,10.623776565102752,87.59,11.2199
271,0.35,16.89151570531731,6.128381642368304,15.31,7.024177621489566
214,0.35,2.0041757429454643,1.2694332422328862,1.93,1.210733876
1279,0.35,66.61713914602481,9.972362995176018,126.78,13.9775
965,0.35,78.27908592025831,11.067982908273617,88.71,11.3151
665,0.35,12.057183410183102,3.928921911921332,11.63,3.41784
1271,0.35,43.08485420444916,6.916949157772977,75.49,7.024177621489566
4,0.35,93.46028356237608,12.137010161788902,99.64,12.10867994
204,0.35,15.337189665446198,4.288307389792527,19.32,4.613131896
648,0.35,80.06412995156604,10.536048045298612,88.19,11.2446
219,0.35,8.324197110555717,2.945829710941021,23.11,2.582442
393,0.35,2.8915130712124,1.5244573303612594,3.52,1.69257
977,0.35,9.653669839381443,3.134172330756917,9.4,3.01498
948,0.35,115.03180866596327,13.203687685360222,116.12,13.24971416
1187,0.35,80.23633127763145,10.693878277087236,71.2,9.93735
900,0.35,7.536204073845908,2.55770635951411,8.47,2.841179901
520,0.35,53.02987271731336,8.384368900265722,61.52,9.08479
1679,0.35,42.91277252475648,7.778886672571226,40.17,7.096299381
481,0.35,3.7786853944467325,1.79821324835142,4.77,2.28501
538,0.35,57.94244430844116,8.604652665063796,64.15,9.39131
918,0.35,80.53488875869381,11.506598611506622,105.1,12.4956
268,0.35,55.51752374658385,8.212168051339713,52.53,8.309019329
521,0.35,16.021231144626604,3.8715834401686537,26.66,5.58857
31,0.35,100.59570766999458,12.147225368629693,125.8,13.88927615
1818,0.35,21.26956667387015,4.810702482088772,14.74,3.91968
814,0.35,4.965125003766238,2.0569966881555386,10.49,3.217
1335,0.35,96.26360511378616,11.512003489268345,111.35,12.92730565
825,0.35,5.637157694271413,2.2343464033831033,6.19,2.36311
1366,0.35,31.518904812655563,6.329114542879257,35.64,6.613947587
347,0.35,1.909594588260856,1.1929662209691252,1.83,1.192639209
512,0.35,17.147373820503503,5.523421805178309,30.62,7.024177621489566
1639,0.35,90.59949034284912,11.897991211952933,100.34,12.1366
1184,0.35,110.68023429106717,12.39791717090585,118.41,13.3524
773,0.35,24.43632953910406,4.843635455500612,77.22,10.3751
1480,0.35,88.56452476107597,11.82070457762629,90.85,11.46948561
1793,0.35,57.731200224307074,9.220499978463469,47.3,7.78724
1402,0.35,86.33138637052923,10.180196858502265,80.42,10.67471486
1025,0.35,7.810794168316259,2.7122486175594656,7.18,2.578146532
1093,0.35,5.788698531875572,2.2353968323245947,5.59,2.225369592
89,0.35,2.4258285213191364,1.3209279972070491,2.28,1.312234294
1170,0.35,6.305661806159297,2.261322392397125,21.9,4.98711
1646,0.35,1.72590010349058,1.2540184701223511,4.32,1.89426
1353,0.35,84.32689465887871,11.08513769517309,106.65,12.5934
1355,0.35,13.287752550656643,3.958651251147523,67.4,9.65497
177,0.35,4.182532477160268,1.9345128062768977,4.38,1.925734586
1031,0.35,4.532625442456676,1.9953512076532087,3.45,1.674180322
1399,0.35,75.73569933454276,10.43918855751038,99.87,12.0428
1057,0.35,12.201556127178906,3.227156894825162,16.75,4.242394637
1110,0.35,68.88766140170698,9.941983666536853,92.16,11.56559794
385,0.35,94.1295885172901,10.815629135474405,77.93,10.47865795
1411,0.35,48.80408851407891,6.902968533057087,55.01,7.024177621489566
1543,0.35,77.42612190423192,10.370989259883068,93.35,11.6629
1137,0.35,2.5542262541445715,1.4938459302902065,4.65,1.99844
1393,0.35,29.49458684190573,6.146402407988819,45.24,7.64474
1367,0.35,30.798370414243376,6.129095909115331,35.03,6.547178712
1629,0.35,23.35392993130679,5.214392811707219,21.48,4.89644
408,0.35,6.293850844306055,2.338267598527277,7.73,2.28122
506,0.35,78.33446953242053,10.525879945950638,86.69,11.1276
1115,0.35,62.9529182023236,9.030055348918683,66.22,9.54792
813,0.35,73.36786145960463,10.294978714689984,86.56,11.1497
1136,0.35,81.40361948138505,11.125235208960238,81.5,10.753
302,0.35,54.59517645125201,7.813965031968652,121.01,13.57525892
436,0.35,28.756550337331436,5.707399927609839,23.06,5.118907941
979,0.35,59.63755187322144,8.103451233771533,47.76,7.024177621489566
171,0.35,107.52549178044396,12.11294234398432,121.6,13.61374033
1409,0.35,91.12097596818884,11.411014575281897,111.85,12.9673
1518,0.35,10.950447159983959,3.4107680475049666,13.87,3.797335347
1427,0.35,7.698857969741186,2.594654385544507,8.53,2.852334785
270,0.35,92.31447689576369,12.099104642866541,96.61,11.9045
227,0.35,76.60485677817171,9.594792016999678,97.07,11.92440528
1196,0.35,15.08794397656011,5.74878411817587,15.2,7.024177621489566
558,0.35,3.928820177213912,1.6982575640397213,5.08,2.102385379
1511,0.35,62.797481130173715,9.242349564418294,59.27,8.920508561
1210,0.35,77.611281794444,10.717862352448762,96.74,11.9007
618,0.35,50.502190906933876,7.643434852012295,55.39,8.57193
1588,0.35,19.093294689213366,4.754831007533603,25.49,5.44119
1530,0.35,3.0133314638011988,1.589408990710924,2.83,1.5002
1784,0.35,1.491323248905106,1.1227857796621485,0.85,0.961738557
597,0.35,15.064567181639433,3.9426405540559726,19.15,4.5947
1520,0.35,60.25780743381798,8.73636217466299,72.99,10.08322393
737,0.35,16.10437758869696,4.086370488965578,13.87,3.80598
1334,0.35,70.94612401411486,9.837015816084705,80.26,10.66165646
1150,0.35,79.9473336876925,10.87444415659825,87.25,11.2009
378,0.35,7.455038992226278,2.5335813426085307,7.39,2.62397
866,0.35,6.857414586105188,2.616015161060496,6.06,2.3352
1718,0.35,79.41004844169042,10.665006114783283,92.31,11.5845
379,0.35,5.5265516220267275,2.1836816674884894,5.41,2.1838
192,0.35,4.439511471210645,2.0629634556762677,4.4,1.93236572
260,0.35,39.01620529117139,6.870557237493759,46.67,7.7514065
1652,0.35,82.04592389081449,10.827391687751225,93.06,11.633
1212,0.35,52.525615478708794,8.176999112768085,55.03,8.52936
953,0.35,12.350845210857353,3.2904493262901364,9.44,3.026578642
1003,0.35,28.322986998035333,6.08483119487157,31.56,6.16036
861,0.35,4.886349885707672,2.2129553813307057,4.25,1.89435
308,0.35,93.75865977748705,11.080558993451273,112.5,13.0203
1591,0.35,90.59426822074143,11.42413911113006,87.58,11.2128
1268,0.35,22.172489167684848,5.219227504016441,21.13,4.86815
1164,0.35,87.76453109750285,10.825567769353446,76.52,10.3670919
360,0.35,6.43719257515081,2.4111218305119824,6.93,2.512038
652,0.35,21.62160289255747,4.617609429985024,17.99,4.42263
381,0.35,50.250042607915475,7.725901167273819,43.82,7.469402719
1775,0.35,6.9149939883060405,2.591237620595372,6.45,2.42354
1000,0.35,32.05189443846563,6.5382735581121425,52.81,8.33267
452,0.35,48.790210181367236,7.225275561731401,88.76,11.3113
414,0.35,5.284709452298415,2.315413854137123,6.1,2.340834103
987,0.35,31.301239569402394,6.352288540595697,73.79,10.1474
1459,0.35,63.814062234070626,8.93538841671385,63.99,9.33912
1358,0.35,66.8450522518298,9.976936155860924,72.87,10.0826
1703,0.35,115.66764389585265,12.089399772060737,129.15,14.10495771
638,0.35,58.126598454445805,8.936273149007604,70.99,9.91393
1404,0.35,86.11109752608779,11.055385170544628,105.27,12.5164
133,0.35,9.419265921086723,2.994275292994978,10.81,3.28324
202,0.35,79.44728516083336,10.26850751009583,91.33,11.50390062
1169,0.35,106.22778146114558,12.173297041032107,98.5,12.0756
198,0.35,27.246157045780425,4.419010270605821,16.17,4.155260325
796,0.35,62.327920272353325,9.049410731103347,69.2,9.77911
574,0.35,102.58547013583046,12.221337586498839,119.35,13.46463141
1114,0.35,12.008820572468482,3.520722591451703,14.37,3.86968
317,0.35,1.3015190517685655,1.0165183805695104,1.13,1.042840696
980,0.35,43.61104618142109,7.835259250242795,95.18,11.78712672
142,0.35,8.72545704396746,2.8505709164685915,9.61,3.12766
1413,0.35,10.342842037354364,3.5361653380732236,17.74,4.37963
1806,0.35,10.264871229051078,4.440812775747221,3.74,7.024177621489566
1852,0.35,87.62280731828837,11.696795056335773,117.29,13.3280613
465,0.35,71.73166055983124,7.513927427951293,74.24,7.024177621489566
315,0.35,79.27840478822294,10.936671205860879,110.17,12.84561173
1425,0.35,5.548859104813039,2.236145276919961,4.37,1.93226
670,0.35,64.2710549344088,7.62320730398867,79.53,7.024177621489566
170,0.35,46.89052397996321,7.482417493977176,63.97,9.33715
467,0.35,38.57254516396172,7.260581464460441,70.23,9.84223
1109,0.35,86.32813368230936,11.443059436177863,84.52,10.9933
1486,0.35,2.7019126393244774,1.447289467572839,3.44,1.67736
1398,0.35,74.96954968742838,10.920929091962602,96.4,11.87591193
1341,0.35,103.23094651990164,12.285274529793977,117.71,13.3674
1448,0.35,12.361697718166605,3.5817069314530223,10.1,3.16086
22,0.35,12.59597485332597,3.537451928207034,12.19,3.517574786
1267,0.35,35.568095269944784,6.855360917042022,35.89,6.63491
45,0.35,1.9709843064589359,1.1849590582254954,1.65,1.15643
1224,0.4,27.553080547000164,5.290700104396013,29.55,5.94241
475,0.4,57.77386175168257,8.55985493886084,77.13,10.417
1838,0.4,4.565815925738438,2.024793168342902,4.41,1.92318
1199,0.4,8.16361901174282,2.8205210921537986,9.3,3.01287
53,0.4,8.24551610583751,2.6596507785293046,7.04,2.54474
1408,0.4,83.0927108748584,10.472684115774554,112.81,13.0531
1654,0.4,38.95619094532993,7.478269466895715,36.24,6.70553
18,0.4,85.66807504673534,11.173581469076153,76.0,10.32616195
731,0.4,17.519507685694922,4.565232418817812,15.91,4.12435
1374,0.4,47.06142437941644,6.913265621438275,33.76,7.024177621489566
233,0.4,68.40669903674787,9.514373058461032,55.83,8.612116336
1390,0.4,82.28611746763846,11.000352580492475,125.31,13.8742
621,0.4,55.182856582809166,8.109023871451955,68.34,9.70968
427,0.4,6.296500638275442,2.409439691636813,6.82,2.50355
187,0.4,14.363793481246317,4.130017620170097,21.79,4.952313354
1029,0.4,2.5605252476546028,1.491497509571539,3.27,1.62297957
390,0.4,74.90838704894236,10.223988323638315,82.55,10.8261
457,0.4,114.78348690715413,11.728282807707242,117.29,7.024177621489566
156,0.4,7.363509413708011,2.71221478543921,13.61,4.509178613
1337,0.4,78.10573000831023,10.7743550885744,79.11,10.5731
1649,0.4,9.140018105990496,2.992936850287321,7.06,2.54445
1628,0.4,94.22905407127664,11.559006448686617,112.16,12.9734
616,0.4,90.69907756067204,11.408814469086163,109.15,12.8076
726,0.4,34.63254996480193,6.719162999602747,122.07,13.6402
473,0.4,45.22033025680132,7.567498295482156,64.55,9.36472
853,0.4,4.213838444747245,2.015144980576019,4.59,1.980635825
1720,0.4,92.45665801042416,11.781203610280958,120.83,13.5597
1834,0.4,44.63008563120859,7.646842029261174,60.85,9.059590395
440,0.4,59.94019733720794,8.723448673477282,55.55,8.56637
303,0.4,2.0004007943658113,1.1856256038690576,1.95,1.214566424
519,0.4,21.781744630109195,5.395320264385172,21.07,4.86242
191,0.4,14.542611668465407,4.029643026750515,14.68,3.924832159
6,0.4,95.60298257207869,11.547631054961542,113.71,13.08687204
962,0.4,33.23618951718458,7.511757279128965,29.29,7.024177621489566
434,0.4,98.40365608986374,10.631213070936163,90.34,11.8344
1693,0.4,2.9367560830495756,1.7799913686373,2.52,1.393219042
412,0.4,7.938419429375918,2.7329331070346505,7.25,2.58794
124,0.4,40.737560326096194,6.630843224897607,43.24,6.99891
1768,0.4,2.178492933700524,1.2299917282347101,0.86,0.965061868
1617,0.4,29.841187538617266,6.677976955269205,28.01,5.739561697
1294,0.4,16.270214755396562,4.663718508446314,16.34,4.16809
318,0.4,1.2002880970137855,0.9995086716559034,0.56,0.856692464
17,0.4,114.41161040010708,13.130615584967305,124.3,13.79115826
1758,0.4,19.196824401179704,4.603618999630811,19.35,4.615
80,0.4,18.646761074712536,5.924053335869224,19.13,2.432614
479,0.4,6.6782135675840575,2.5112623212154346,6.52,2.43432
744,0.4,16.864184004135502,4.197050985876872,74.3,4.06597
963,0.4,5.636511482153077,2.4511173529366634,4.31,1.90837771
135,0.4,84.84296870568915,11.203325850949879,94.26,11.7171
847,0.4,22.107378471273584,4.9057437273533155,23.64,5.21152
118,0.4,9.809169995567068,3.053288229832668,11.71,3.435910248
85,0.4,5.505965863515469,2.3781057987063083,3.61,1.741587
1103,0.4,84.7255874979232,10.591118065308562,92.98,11.62586504
1379,0.4,9.637486231568815,3.2517571971030454,11.82,3.44576
1789,0.4,1.3054466909420914,1.099420269209244,0.63,0.885684603
1045,0.4,4.760565518638724,2.0693342463888946,7.43,2.629079023
792,0.4,13.243114936469253,3.839588413372879,14.5,3.90515
47,0.4,1.874937629197644,1.104603133333177,0.88,0.969819
77,0.4,27.556509597368375,7.0038622140948394,56.57,8.85869
904,0.4,94.91875862512725,11.406883008901977,94.7,11.7215
107,0.4,94.39237894630152,11.738127890029714,108.69,12.74428382
1461,0.4,26.063850201160886,4.887560152434855,21.53,4.916984204
1856,0.4,99.00614053981657,12.30441874918278,109.94,12.82971612
30,0.4,47.44831479807015,7.281050845605475,43.22,7.42915
1437,0.4,3.6113150905266127,1.7392846477809696,2.3,1.318046443
596,0.4,47.444479973535685,7.456417226097346,114.56,13.1383
1672,0.4,1.974613479092243,1.223357575020494,1.38,1.101762401
1236,0.4,40.62147544443032,7.382045598969591,49.35,7.024177621489566
425,0.4,15.195821427486827,4.797524574666431,19.67,4.66502
361,0.4,114.01331319050809,13.399554108321732,105.75,12.53990524
991,0.4,5.670361508714403,2.2518943574448556,7.8,2.705027839
1728,0.4,18.20440348061788,4.432171898640308,21.12,4.862440485
1780,0.4,84.16211538075731,10.843636520028522,77.3,10.4307
862,0.4,6.5075045158608935,2.4051781574307283,8.15,2.77807
1723,0.4,91.2095490185501,11.446185997991945,92.69,11.6029
1239,0.4,45.16847107226052,8.32562882825609,40.44,7.13535
655,0.4,43.35972953701587,7.799078436198844,83.22,10.8884
883,0.4,7.587224960267153,2.3682539714971824,6.68,2.47030768
1599,0.4,9.797924768854726,3.2591690734428895,9.39,3.00633
871,0.4,9.100915524492878,3.0113213823675937,10.75,3.2807
1424,0.4,94.26624432378838,12.146960024567322,76.73,10.4386
1609,0.4,98.59669272075755,11.673361603801974,126.51,13.9433
326,0.4,4.656171983579501,2.0924350871511397,5.7,2.24794
1317,0.4,86.21374407315346,11.15628120660234,74.94,10.24074428
985,0.4,6.52608511244471,2.508733808533568,6.69,2.47118
1476,0.4,8.858935576247507,3.018092777804103,7.58,2.660025534
175,0.4,10.956995374645322,3.2807914706755397,21.14,4.87824
1656,0.4,36.13601574615653,6.883643317207777,28.87,5.8474
557,0.4,9.705684962075042,3.022159522094169,11.57,3.412480023
1101,0.4,15.301746555780317,3.989378625991092,19.85,4.517045331
459,0.4,64.55828230085916,9.084599061246788,128.46,14.0608342
712,0.4,4.239473675357107,1.8803513754617853,5.49,2.20071815
679,0.4,90.98203342347188,11.344585873391175,72.76,10.0433
923,0.4,17.63771293058505,3.9577039455490013,14.47,3.89334
553,0.4,7.763431417468636,2.683971354337121,9.11,2.964146098
1182,0.4,27.89484564296695,6.373810039225663,47.07,7.82059
249,0.4,84.61705949608294,11.681313383974283,94.77,11.75690439
310,0.4,66.1167848790853,9.843895639952366,75.59,10.264
658,0.4,13.632336504864236,4.33492661581266,17.25,4.31235
217,0.4,2.441885701732008,1.2821503621650254,2.42,1.35917743
896,0.4,2.809951028815458,1.4956131703064575,2.86,1.499704002
958,0.4,38.0671608258719,7.950914690690105,30.66,7.024177621489566
458,0.4,37.54962538890702,7.717032108512522,28.62,7.024177621489566
1695,0.4,41.39220350926107,7.773998013509442,39.6,7.03413
666,0.4,16.418501989956862,4.63459587387135,34.8,6.35126
489,0.4,95.76861258251665,12.161406445261097,117.42,13.33687048
969,0.4,11.551193285313804,3.5577853153976866,12.74,3.60283
674,0.4,3.500213502748706,1.7794649749113456,2.52,1.39527
1315,0.4,81.02825087562388,10.050990829081389,85.72,11.0715
1205,0.4,12.354533039780515,3.7109394095625614,12.83,3.62818
1498,0.4,106.67236308703588,12.201360327626837,100.58,12.1616
743,0.4,42.52520244996503,7.179788647606832,36.91,7.024177621489566
1276,0.4,70.49874582977819,10.222022054822826,71.58,9.96751
1844,0.4,34.370126165870296,6.0240213245761645,30.67,6.0323
148,0.4,40.72093403681644,6.499880248229965,101.78,12.2412
1074,0.4,114.06348132839449,13.310434533394517,113.65,13.0889
1497,0.4,7.172422772040909,2.5976329361510153,7.58,2.65245
1416,0.4,91.99625382641698,12.039874371937428,69.6,9.82252
587,0.4,105.00896705606296,11.771777518117132,105.95,12.55419255
517,0.4,12.34032826316193,3.3208199502835605,13.61,3.754833321
1661,0.4,10.143072998581596,3.157461812829868,12.36,3.548343316
1286,0.4,87.39361593011448,11.084685434504005,119.59,13.4003
76,0.4,2.8560673553326206,1.6545585198950647,2.12,1.671618
1081,0.4,3.532430733200199,1.6913642421158102,3.42,1.666703009
1415,0.4,35.2410932918296,6.915047116440577,74.93,7.024177621489566
999,0.4,9.241453677494286,3.008383978038126,28.55,5.805449843
1732,0.4,9.61627128173889,3.722609184028075,2.72,1.455123436
593,0.4,56.102250163678676,8.991703396794023,69.0,9.754848091
1573,0.4,10.519965175352095,3.297872457711659,9.44,3.02618
262,0.4,117.98377276885716,13.100299434552037,116.99,13.30845019
1533,0.4,58.14752713840709,8.829378491287084,115.63,13.21716686
565,0.4,11.592341799605565,3.2351108374510353,9.31,3.00264281
1287,0.4,103.61718438931449,12.228734485489648,117.11,13.31600225
34,0.4,56.168837995497924,8.772438587254536,80.03,10.6751
1183,0.4,60.1335218367753,8.480903015259404,68.76,9.735489661
1840,0.4,100.07954190861204,11.959984688290195,94.75,11.75567728
182,0.4,100.03828690841054,12.117602975878324,125.96,13.89945234
651,0.4,27.248444369912153,5.684058858960408,28.37,5.78741
276,0.4,5.5358626986825294,2.2389101661943256,9.56,3.05033809
567,0.4,3.434442565976459,1.7064858595509067,3.03,1.553134989
775,0.4,25.66703072211836,5.259422814737472,27.13,5.62786
1188,0.4,21.48848171012099,4.768070941303509,37.53,6.82612
1823,0.4,66.64744281291249,9.797602756544398,63.36,9.29428
1593,0.4,10.231862705063413,3.0620020095164375,12.8,3.62613
840,0.4,3.183302024213992,1.5639083738752417,3.9,1.799296606
161,0.4,104.55058752002905,12.533687663244358,107.4,12.65489004
564,0.4,8.193567033464861,2.693039919523434,7.4,2.623164132
579,0.4,12.526645155885552,3.353288836742431,10.61,3.241642959
1151,0.4,17.753918177911384,4.357065033734053,20.78,4.82429
14,0.4,7.053837084456142,2.571456081309175,7.65,2.66889
1122,0.4,84.02752170075941,11.025955850686808,92.33,11.57792161
713,0.4,11.989742636097729,3.6455874096195298,14.52,3.91576
1097,0.4,2.9115186912067252,1.622948323287451,4.02,1.833476886
254,0.4,7.459062122202885,2.310479540932836,4.66,1.99787
1858,0.4,108.39555876150288,12.281663511238863,107.41,12.65581119
1158,0.4,108.63093242184218,12.729895634402926,115.93,13.2366563
970,0.4,47.90228103151682,8.166453452214643,55.42,8.575211206
526,0.4,66.87800448198864,9.539341010238237,101.51,12.2235
1651,0.4,48.3264443713665,7.3716010665922305,48.11,7.88895
1769,0.4,25.42577918198897,5.502689597628482,22.32,5.02186247
1213,0.4,58.685863719265164,8.493229150813805,58.05,8.78597
1735,0.4,90.65969820753857,11.490515658616971,106.05,12.56093758
893,0.4,8.15983636874376,2.690280386373436,9.25,2.99324
1832,0.4,75.32589764254199,9.563604523788426,74.6,10.2495
1234,0.4,51.24491068345554,7.004323722303295,46.76,7.76491
733,0.4,9.913922464790971,3.4986650903237937,9.15,7.024177621489566
1751,0.4,82.13648016666757,7.929968248097724,120.8,13.5278
1237,0.4,26.098850284898102,6.556817945155773,25.93,7.024177621489566
581,0.4,44.39535071370495,7.451548157888229,38.83,6.956425764
1551,0.4,53.274981119137564,8.10846277963697,42.05,7.290258938
37,0.4,52.748823493132384,8.388834215817873,48.6,7.99698
223,0.4,28.446846218142188,5.267359106987092,27.51,3.493627
1523,0.4,42.93317756193278,7.430517564233693,37.59,6.823692468
1382,0.4,12.240119225864426,4.055363835612195,6.63,2.16171
1042,0.4,44.51858225966787,8.31910446424086,98.43,12.0629
1070,0.4,69.45852310536075,9.345016020887268,64.42,9.36468
443,0.4,22.331982405180057,4.545701931432871,19.99,4.70308
152,0.4,2.4752940313440424,1.378737690066112,3.82,1.77141
1799,0.4,76.4714761598459,10.203889680209118,101.42,12.1874
1759,0.4,69.99012679879175,10.006704111781787,74.91,10.2441
667,0.4,39.42472873632023,7.554676577972982,29.45,5.91488
485,0.4,108.00456411366244,11.55513962108689,119.75,12.962219
992,0.4,2.9833861920045948,1.6074071321913446,3.26,1.62083261
769,0.4,13.389378962286417,5.916758915979284,10.87,7.024177621489566
1005,0.4,34.71409881465129,6.539622463319476,32.02,6.20845
572,0.4,10.756296382937782,3.227581210159386,9.15,2.972828344
278,0.4,103.76409691560369,12.185610770935574,118.47,13.40695673
632,0.4,25.57881554503469,5.105763124459686,25.04,5.374472103
823,0.4,26.650715789212814,5.238292042511734,23.66,5.20733
141,0.4,63.39407165822499,8.44976181241284,66.94,9.58224
752,0.4,33.37634456700943,5.840058737592821,30.39,6.01061
240,0.4,3.335510755182819,1.8600854511507878,5.32,2.160174068
1824,0.4,7.485493456236943,2.642813189906849,6.67,2.46843
795,0.4,23.971701748543925,5.110650754033209,25.69,5.46087
55,0.4,5.74786706278564,2.257660168238305,5.83,2.280732664
333,0.4,12.279801900749229,3.839244001324699,52.89,1.90058
897,0.4,3.515599575815904,1.725770446001609,3.29,1.627714714
1364,0.4,44.335201364688956,7.20033945981477,44.16,7.48475
1492,0.4,113.96515228564063,13.133378648277068,115.71,13.22170304
215,0.4,112.44520541931303,12.997575802036854,116.63,13.28441341
672,0.4,4.4858062272757895,2.041634887064028,4.87,2.051533242
446,0.4,82.64475643089072,10.9464603114508,108.18,13.7564
530,0.4,48.37765902643445,7.723120639852294,119.29,7.024177621489566
789,0.4,55.40571415958608,8.799964908618072,50.58,8.13315
576,0.4,13.33218128482973,3.6895656388095137,17.74,4.386987751
9,0.4,92.39949432229692,11.251893691035745,78.84,10.55059224
997,0.4,70.51671795548602,10.67713535279203,116.71,13.2583
1781,0.4,95.46561958011542,11.87648003293392,81.72,10.7664
1850,0.4,7.5603604420360035,2.8973259904930857,9.37,3.01006
220,0.4,7.735794164440473,2.5792772997106104,7.69,2.67607
982,0.4,93.27243826897137,12.088016269381079,91.68,11.5159
259,0.4,2.0146027211878996,1.177486030536255,2.16,1.26995
989,0.4,97.27908794927629,11.334604695632098,94.78,11.75821955
39,0.4,98.54926709888974,11.89631730041394,118.4,13.3028
229,0.4,31.541076835757696,5.9178251784821665,26.9,5.933251
911,0.4,6.670314604148119,2.527228759531545,6.67,2.45459
491,0.4,114.83957939187283,13.080957944237527,111.21,12.91712883
516,0.4,75.43917511882086,10.10949388103075,86.88,11.1424
66,0.4,3.3659074302356626,1.5642096167198878,2.79,1.477775413
1464,0.4,85.98521528561713,11.356039853145864,94.75,11.75575788
933,0.4,82.02493944713946,11.4268791040558,90.81,11.48
615,0.4,102.75887010102582,12.531098748849258,96.91,11.8862
1246,0.4,97.31507546641393,12.055009772185095,85.94,11.1273
206,0.4,109.89431569478816,13.031897420104915,109.38,12.79215388
1612,0.4,10.860750693627338,3.0218126908597167,8.39,2.823759908
461,0.4,8.902547025143285,2.9913965901991837,9.97,3.34688
1788,0.4,2.2765641383046984,1.2583181941668875,0.83,0.955851376
1299,0.4,83.85643158119342,11.905947174790246,91.87,11.5444262
402,0.4,3.8438971181615433,1.7329627501584486,3.49,1.686631414
5,0.4,104.43533362993979,12.525254886120864,102.14,12.28673887
58,0.4,53.64853554467505,8.863133687472926,39.81,7.059079908
955,0.4,87.00740908223477,11.748970394009135,89.31,11.3749
762,0.4,11.67529453783847,3.7003575983677424,11.29,3.45648
1052,0.4,114.78130225928281,13.276322534117261,123.98,13.77034053
529,0.4,30.09082441559745,5.567911354557041,31.64,6.167248677
1388,0.4,114.36250172912366,13.007094711276249,121.48,13.6371
1568,0.4,11.624663793325908,3.249839545117847,8.99,2.93924
1454,0.4,2.3693768232270433,1.4256251901944954,3.61,1.719326482
1664,0.4,5.858782864940986,2.305703516204811,6.59,2.451177479
1855,0.4,13.482105758617957,3.8758589913493164,10.06,3.13923
1174,0.4,59.97512639835004,8.252678286547722,56.89,8.72806
768,0.4,22.61948004621565,4.989239669533063,21.99,4.98445
578,0.4,7.223116969522615,2.7213589975064365,6.58,2.448945353
740,0.4,59.50533722444212,9.089862740577944,95.88,11.8527
602,0.4,20.149465226962846,5.959810795218479,56.78,8.697617256
92,0.4,7.835212519933858,2.7048946544528363,8.4,2.826989728
993,0.4,1.8383142190273678,1.240540394848636,1.35,1.097286737
1500,0.4,81.28087053211475,10.627647362799042,98.09,11.6786
575,0.4,5.837496226344304,2.3954824825448204,5.8,2.273030104
1453,0.4,96.88502682511222,8.011003922128856,104.62,7.024177621489566
539,0.4,6.809866299585866,2.475887922959451,6.16,2.35888
438,0.4,10.319944467504545,3.1711677903333646,13.08,3.64998
642,0.4,77.08354125657358,9.417092907884193,118.5,13.4294
144,0.4,40.43654909989992,7.038887384641411,36.52,6.64264
342,0.4,4.56809246773583,1.9919323501083732,5.9,2.29679437
1288,0.4,77.243630354499,10.710581752132404,100.58,12.17579997
716,0.4,5.1608216364217645,2.1486931231590836,5.34,2.16083
1047,0.4,8.861274898557381,3.14059593574296,10.47,3.21883
1581,0.4,23.494634469268075,5.510081914010008,27.44,5.670863357
799,0.4,66.54387848268347,9.977515709086573,68.55,9.72386
1021,0.4,11.473456488865608,3.3416464438642883,13.85,3.78219
19,0.4,5.927736000548154,2.300991686337392,5.99,2.3216
1391,0.4,92.6138291748437,11.853747590797045,100.78,12.1827
54,0.4,10.693497690452999,3.1321591945382528,12.29,3.751004
1558,0.4,62.425135198016974,9.083204664710633,65.62,9.49438
1319,0.4,85.27973257626888,11.225435563422888,110.71,12.8974
1083,0.4,7.709035332598851,2.8030178654099873,15.33,4.026925833
1190,0.4,24.26675000521528,5.541417957682658,18.15,4.46635
641,0.4,22.701561143236137,5.449717445391224,22.95,5.10182
1,0.4,114.7789825180849,13.413808440829097,116.75,14.581841
1378,0.4,114.91136051888864,13.208165223033342,125.51,13.9016
113,0.4,11.766900301294628,3.3924932595614323,35.09,6.02383473
1546,0.4,69.75314351050183,9.609463409662137,71.54,9.98401
1064,0.4,78.86086148368086,8.58979787153421,126.44,13.9111
298,0.4,8.153846778174596,2.5980852235967666,20.17,4.71785
279,0.4,104.6512720378428,12.822100150912338,100.48,12.1343
82,0.4,79.2085392074319,10.868243552343248,83.66,10.92571149
745,0.4,68.15922310533558,8.614591039495254,95.12,11.8886
1127,0.4,36.513174944376345,6.369781656802742,31.68,6.170988152
1354,0.4,55.18895252835955,8.479691945952897,61.72,9.1446
1325,0.4,87.62420512186114,11.35763515223757,104.29,12.43773089
1087,0.4,17.17878865004435,4.139599696262731,25.19,5.41363
322,0.4,1.1232851573512568,1.0484899775410395,0.81,0.949185781
1039,0.4,11.78961235032862,3.295375111882544,10.87,3.29096
122,0.4,3.759645254760925,1.8037333387042378,4.1,1.84555
1305,0.4,47.01438381153559,6.777737822524848,25.06,7.024177621489566
511,0.4,108.31572960129522,12.003045017636373,117.39,13.3343
48,0.4,3.5516707141866397,1.6117722225588178,2.5,1.36751
1572,0.4,20.50893078772541,4.583294102514936,21.87,4.95462
1611,0.4,84.44183084471149,10.75816727678372,89.82,11.3547
1010,0.4,14.112956842588693,4.2514574758902075,19.42,4.33692
776,0.4,26.87208099972453,6.031144355336444,27.73,6.05271
842,0.4,10.16506822418328,3.373769553217958,12.14,3.49799
1841,0.4,9.754405327528405,3.0193321123667247,12.38,3.550689516
1142,0.4,67.71224385057742,10.007859377284571,74.51,10.2185
52,0.4,3.352484134228468,1.5785277415691186,4.71,2.02068
501,0.4,70.14981179964971,10.10132023323218,64.42,9.36823
1602,0.4,10.912974316422627,3.3370357721926447,10.93,3.29943
1484,0.4,49.61378631133144,7.994026178574756,38.8,6.952739141
1023,0.4,4.431547642456691,1.914738292433106,4.46,1.947929019
159,0.4,4.31275567935975,1.954611994964012,5.47,2.195403439
686,0.4,26.237770158104745,5.1668168469818845,20.97,4.841201962
1026,0.4,12.484445837214778,3.677443671303744,12.16,3.5130935
353,0.4,113.81198130641562,12.956123382920934,114.53,13.14269004
1126,0.4,7.907560711075873,2.8690194092386214,7.88,2.722617954
251,0.4,92.94435148695905,11.67704341172713,120.33,13.53006831
1516,0.4,6.245186614160519,2.460040329396725,5.31,2.16267
1034,0.4,104.08400356078708,12.210293095896454,130.66,14.183
190,0.4,66.75716307084248,9.223844756699638,53.39,8.388894075
568,0.4,19.303813949206184,4.863530441796979,23.63,5.193676358
924,0.4,85.30815992066803,11.041054620497619,99.95,12.0713
1258,0.4,103.48601015562146,12.13212057912561,99.82,12.168
1843,0.4,37.74115449621014,7.1133214109650185,40.3,7.09086
1132,0.4,87.71007463582401,10.964939129628021,91.8,11.5451
376,0.4,36.89141403049455,6.664123749447427,41.34,7.216883182
1265,0.4,53.999425215153515,6.961134250412187,124.53,7.024177621489566
1688,0.4,68.59116380960033,9.239923702091307,64.57,9.41494
487,0.4,108.57010898155546,11.509075001245682,125.28,13.446487
253,0.4,7.939317434719854,2.696622584519204,7.39,2.62025
1586,0.4,100.18446710228528,11.154087256429227,86.01,11.1331
299,0.4,7.136101371053099,2.3757271432939064,6.5,2.431285405
760,0.4,41.71261521984439,6.79860325578559,39.68,7.04152
1670,0.4,5.2042101331923325,2.25654250496528,6.98,2.533629389
1311,0.4,38.843489615857635,6.602459256434214,37.45,6.80431
994,0.4,8.200783274122875,3.0857885486407803,25.62,5.37673
609,0.4,5.719218408567398,2.283142768288886,5.71,2.25345
1054,0.4,91.91536324773159,11.12933810409821,101.72,12.2521
1708,0.4,84.49696713068626,10.902572767641239,87.59,11.2199
271,0.4,20.098242249944505,5.885653111628845,15.31,7.024177621489566
214,0.4,2.436356655262317,1.3180025500678973,1.93,1.210733876
1279,0.4,72.00755347175426,9.860085760260363,126.78,13.9775
965,0.4,84.2962061873334,11.33514119826037,88.71,11.3151
665,0.4,13.751108294453257,4.066101787625078,11.63,3.41784
1271,0.4,42.491194953989385,6.999126300236023,75.49,7.024177621489566
4,0.4,96.57198475324186,12.16486366539353,99.64,12.10867994
204,0.4,14.260659230347898,4.124306286731751,19.32,4.613131896
648,0.4,79.83890936843191,10.88466027938945,88.19,11.2446
219,0.4,8.438948714616226,3.0775556422063906,23.11,2.582442
393,0.4,3.143919917151542,1.5761511877779162,3.52,1.69257
977,0.4,9.883116160351198,3.280434750778718,9.4,3.01498
948,0.4,115.27113971350093,13.081567875390084,116.12,13.24971416
1187,0.4,77.72704354098819,11.339454901413868,71.2,9.93735
900,0.4,7.347444400363413,2.5966760466433594,8.47,2.841179901
520,0.4,51.41640643356383,8.967926219876933,61.52,9.08479
1679,0.4,44.82891701349304,8.00492213389058,40.17,7.096299381
481,0.4,3.819079029046787,1.8331058354997563,4.77,2.28501
538,0.4,57.760759820512035,8.665005822418939,64.15,9.39131
918,0.4,86.05301647622876,11.411629520402586,105.1,12.4956
268,0.4,57.50057724506082,8.936422045865648,52.53,8.309019329
521,0.4,15.293603007795909,4.172472263002249,26.66,5.58857
31,0.4,108.21831086169139,12.77671958955921,125.8,13.88927615
1818,0.4,21.819498040219337,4.7006552503825265,14.74,3.91968
814,0.4,5.690084636690827,2.0978148472401763,10.49,3.217
1335,0.4,99.87619349385295,11.904007330458972,111.35,12.92730565
825,0.4,5.535566592417371,2.181437520352702,6.19,2.36311
1366,0.4,33.09441350877657,6.053327281868669,35.64,6.613947587
347,0.4,2.280183525931095,1.2701370952961804,1.83,1.192639209
512,0.4,22.305553937805858,6.400482445965674,30.62,7.024177621489566
1639,0.4,91.3630625534557,11.81666749391843,100.34,12.1366
1184,0.4,111.09232315375041,12.71377171421195,118.41,13.3524
773,0.4,28.62368392088044,4.858497284953734,77.22,10.3751
1480,0.4,96.61932581841317,12.068314460498563,90.85,11.46948561
1793,0.4,60.637597061636676,9.119202820666018,47.3,7.78724
1402,0.4,84.25033784911176,11.190497957712516,80.42,10.67471486
1025,0.4,8.075223970896293,2.628518483907637,7.18,2.578146532
1093,0.4,5.367059623126605,2.125788991619687,5.59,2.225369592
89,0.4,2.527533766439013,1.3463569043401085,2.28,1.312234294
1170,0.4,7.126169572568525,2.676038171593906,21.9,4.98711
1646,0.4,1.9070366682664843,1.2794221174125306,4.32,1.89426
1353,0.4,83.47280932394278,11.574314357013305,106.65,12.5934
1355,0.4,17.97219555549174,3.9874251366777758,67.4,9.65497
177,0.4,4.520565968317652,1.9461716372793234,4.38,1.925734586
1031,0.4,4.864558253671719,1.9744916056349324,3.45,1.674180322
1399,0.4,76.6973903411668,10.348122166143987,99.87,12.0428
1057,0.4,13.668339075433922,3.4518283481206753,16.75,4.242394637
1110,0.4,75.2125218919199,10.078542458270167,92.16,11.56559794
385,0.4,97.71830508217123,11.531494130381063,77.93,10.47865795
1411,0.4,53.09254541478388,6.74218470519869,55.01,7.024177621489566
1543,0.4,81.87350835670331,10.46659296103923,93.35,11.6629
1137,0.4,2.5760136048492197,1.4719315096169756,4.65,1.99844
1393,0.4,30.251911590138576,6.132106837451322,45.24,7.64474
1367,0.4,29.85923434830109,5.931401424325852,35.03,6.547178712
1629,0.4,24.037241979090652,5.034634474679547,21.48,4.89644
408,0.4,6.438956171154681,2.440867419215856,7.73,2.28122
506,0.4,82.04092074398783,10.94080493613316,86.69,11.1276
1115,0.4,62.17165440889462,9.434704313310851,66.22,9.54792
813,0.4,74.97273046548597,10.527367284113604,86.56,11.1497
1136,0.4,82.34733537420031,11.154666819025355,81.5,10.753
302,0.4,63.991005206233694,8.724689832438166,121.01,13.57525892
436,0.4,24.900086097783504,5.47620491899633,23.06,5.118907941
979,0.4,61.47686830407097,7.9604121903150205,47.76,7.024177621489566
171,0.4,109.48208699573456,12.789653715987034,121.6,13.61374033
1409,0.4,92.50636075070709,11.335584570158906,111.85,12.9673
1518,0.4,10.524383074348638,3.441985377833803,13.87,3.797335347
1427,0.4,8.383913641088432,2.5509353273911293,8.53,2.852334785
270,0.4,84.75964364935285,11.872920377876238,96.61,11.9045
227,0.4,85.65453246183701,10.463023709823478,97.07,11.92440528
1196,0.4,18.366013159165192,5.924364892363842,15.2,7.024177621489566
558,0.4,4.330601224127815,1.8416672608407207,5.08,2.102385379
1511,0.4,61.279844606722236,9.420036538031995,59.27,8.920508561
1210,0.4,78.37971669867913,10.52245403711313,96.74,11.9007
618,0.4,51.90991352010799,8.04647101097999,55.39,8.57193
1588,0.4,19.8213102328006,4.827827857971367,25.49,5.44119
1530,0.4,3.1109184617304235,1.7055164303443457,2.83,1.5002
1784,0.4,1.7197264640306,1.1063793756512623,0.85,0.961738557
597,0.4,14.275097414822719,3.8787888107893096,19.15,4.5947
1520,0.4,60.80178154483035,9.263891605144323,72.99,10.08322393
737,0.4,16.27628471811362,4.131853212732651,13.87,3.80598
1334,0.4,70.92386152111857,9.427698897486215,80.26,10.66165646
1150,0.4,76.82125149433719,11.176239409664216,87.25,11.2009
378,0.4,7.896572688184,2.5458777269386084,7.39,2.62397
866,0.4,6.394237046619896,2.4443072828714505,6.06,2.3352
1718,0.4,82.93230662576461,10.794681274017652,92.31,11.5845
379,0.4,5.608944232674567,2.2764360437512923,5.41,2.1838
192,0.4,4.540264041308203,1.928788325866611,4.4,1.93236572
260,0.4,38.71807309746769,6.602270664481835,46.67,7.7514065
1652,0.4,83.51210418431492,11.09941018787846,93.06,11.633
1212,0.4,51.7505153505703,8.652726258412303,55.03,8.52936
953,0.4,13.581374229911978,3.6545234996636013,9.44,3.026578642
1003,0.4,28.848460982210852,6.267887864380213,31.56,6.16036
861,0.4,5.146247125164912,2.2474303359158423,4.25,1.89435
308,0.4,87.81460324397126,11.391599324682895,112.5,13.0203
1591,0.4,89.27771139156006,11.661114129069048,87.58,11.2128
1268,0.4,22.4023331840012,5.065787059387066,21.13,4.86815
1164,0.4,86.25907405084584,11.102866405648413,76.52,10.3670919
360,0.4,7.1354085962602225,2.4205835464556653,6.93,2.512038
652,0.4,20.401193344900364,4.450562415495128,17.99,4.42263
381,0.4,56.11169806454173,7.975990929815504,43.82,7.469402719
1775,0.4,7.331372269428648,2.7083688569444457,6.45,2.42354
1000,0.4,39.00677714584995,6.834868149613339,52.81,8.33267
452,0.4,60.26285769567769,7.4691867682276785,88.76,11.3113
414,0.4,6.191080046688166,2.39059446412914,6.1,2.340834103
987,0.4,39.14044128135633,6.878708390086528,73.79,10.1474
1459,0.4,64.22292411501486,9.187216866839663,63.99,9.33912
1358,0.4,68.70621897561003,9.872403734580429,72.87,10.0826
1703,0.4,115.22957871707392,12.966423599539493,129.15,14.10495771
638,0.4,62.35872577097065,9.029246984179176,70.99,9.91393
1404,0.4,85.18873269735734,11.285262889271909,105.27,12.5164
133,0.4,8.862081849206195,3.4556926760690785,10.81,3.28324
202,0.4,83.18788113688007,10.661471385063512,91.33,11.50390062
1169,0.4,101.38211730422766,12.761121527889502,98.5,12.0756
198,0.4,42.68616191614674,5.119162844989279,16.17,4.155260325
796,0.4,65.47312633665238,9.271237086262937,69.2,9.77911
574,0.4,102.73053740313432,12.135202954274193,119.35,13.46463141
1114,0.4,11.18581089809597,3.595266659565427,14.37,3.86968
317,0.4,1.4001618982606052,1.0697489526297912,1.13,1.042840696
980,0.4,44.40409452300255,7.079911129736019,95.18,11.78712672
142,0.4,9.208813191469742,2.9090626375436544,9.61,3.12766
1413,0.4,11.00352580873367,3.7105801778828336,17.74,4.37963
1806,0.4,12.13235057710786,4.778891355826595,3.74,7.024177621489566
1852,0.4,92.70926349076319,11.82644079378199,117.29,13.3280613
465,0.4,72.99789289407848,7.438431355734967,74.24,7.024177621489566
315,0.4,85.77274241431168,11.2672207049065,110.17,12.84561173
1425,0.4,5.767882759999179,2.317824156869174,4.37,1.93226
670,0.4,67.9687080425164,7.430358811247619,79.53,7.024177621489566
170,0.4,50.91275053935386,8.292291579282718,63.97,9.33715
467,0.4,42.375130485322245,7.4308235596885055,70.23,9.84223
1109,0.4,85.7796323909106,11.614879351020104,84.52,10.9933
1486,0.4,2.8251812364579214,1.4413513259006498,3.44,1.67736
1398,0.4,81.06171658249619,11.115477753400285,96.4,11.87591193
1341,0.4,104.35827807157138,12.431631593474753,117.71,13.3674
1448,0.4,12.249654311154737,3.602198261764606,10.1,3.16086
22,0.4,14.70181128888478,3.434873939808493,12.19,3.517574786
1267,0.4,34.1540810723031,6.631190158649419,35.89,6.63491
45,0.4,2.2415542070789374,1.3078140619351837,1.65,1.15643
1224,0.45,25.594522698691502,5.425703111057456,29.55,5.94241
475,0.45,59.15523386333815,8.236363131098182,77.13,10.417
1838,0.45,4.725456601467242,2.0208037253048143,4.41,1.92318
1199,0.45,7.560873580663225,2.882956016405234,9.3,3.01287
53,0.45,6.999868089398126,2.8439909475610037,7.04,2.54474
1408,0.45,89.59575160830408,10.991315603693392,112.81,13.0531
1654,0.45,38.57881933536315,7.5398531116676,36.24,6.70553
18,0.45,88.06288771866308,11.215853145763335,76.0,10.32616195
731,0.45,19.0511037280469,4.5889733763544305,15.91,4.12435
1374,0.45,48.41193822816453,7.008947903431749,33.76,7.024177621489566
233,0.45,66.80255521673011,9.835595847636226,55.83,8.612116336
1390,0.45,81.26531143445578,10.993311231581764,125.31,13.8742
621,0.45,54.29207029601434,8.488258470369184,68.34,9.70968
427,0.45,6.4464773773906225,2.3342027274002377,6.82,2.50355
187,0.45,14.546119036235522,4.526151919058352,21.79,4.952313354
1029,0.45,2.8411374325910814,1.5607783911462467,3.27,1.62297957
390,0.45,72.50611866409324,10.309127938186165,82.55,10.8261
457,0.45,111.95759622667825,12.843996414737381,117.29,7.024177621489566
156,0.45,7.643506252934283,2.711187447518391,13.61,4.509178613
1337,0.45,74.78623849557152,10.99390943347768,79.11,10.5731
1649,0.45,9.882421826648073,3.19885882564316,7.06,2.54445
1628,0.45,99.21835715762818,11.960162897424281,112.16,12.9734
616,0.45,92.60519566789897,11.428069120794735,109.15,12.8076
726,0.45,34.720781150160775,6.83116863269926,122.07,13.6402
473,0.45,48.981210689236484,7.586394699869343,64.55,9.36472
853,0.45,4.2378077767387685,2.011004855799152,4.59,1.980635825
1720,0.45,96.81041779600399,12.109900301123364,120.83,13.5597
1834,0.45,47.12237320940446,8.12913643363371,60.85,9.059590395
440,0.45,66.28407110789011,8.689446681334543,55.55,8.56637
303,0.45,2.3156575717110846,1.2538068829492313,1.95,1.214566424
519,0.45,21.11342993074327,4.867353462283065,21.07,4.86242
191,0.45,16.998060514961605,3.873776981606176,14.68,3.924832159
6,0.45,94.79522391584808,11.740340108290118,113.71,13.08687204
962,0.45,35.69084361248581,7.470473864710894,29.29,7.024177621489566
434,0.45,98.29978477949146,10.651645143301042,90.34,11.8344
1693,0.45,3.2588564556242106,1.7055130194808246,2.52,1.393219042
412,0.45,8.408328423371247,2.7635312727789807,7.25,2.58794
124,0.45,39.2526317393645,6.8010412770268855,43.24,6.99891
1768,0.45,2.7339154388699956,1.3334836921981517,0.86,0.965061868
1617,0.45,31.480668955312993,6.495643018260105,28.01,5.739561697
1294,0.45,20.281586683213863,4.963222494881208,16.34,4.16809
318,0.45,1.3696118527848542,1.0485588269255313,0.56,0.856692464
17,0.45,112.45214987310985,13.48232438721074,124.3,13.79115826
1758,0.45,18.675295387046383,4.917774436008596,19.35,4.615
80,0.45,24.27184037950181,6.357162435137042,19.13,2.432614
479,0.45,7.2125786161533165,2.6290217566228584,6.52,2.43432
744,0.45,17.19781525438718,4.270258514377989,74.3,4.06597
963,0.45,6.182538913712829,2.536854907322712,4.31,1.90837771
135,0.45,92.42211200277075,11.466857624712196,94.26,11.7171
847,0.45,24.124571439250165,5.024428078735103,23.64,5.21152
118,0.45,9.946789683572744,3.238094184101805,11.71,3.435910248
85,0.45,6.912732155483025,2.229251255558928,3.61,1.741587
1103,0.45,87.76360955729416,10.441750685188167,92.98,11.62586504
1379,0.45,9.75513526135397,3.269853271170294,11.82,3.44576
1789,0.45,1.5619936313080753,1.1243711311874105,0.63,0.885684603
1045,0.45,5.442407046379165,2.118093561982787,7.43,2.629079023
792,0.45,14.917949225105394,4.227200596906799,14.5,3.90515
47,0.45,1.9733822800001442,1.1030822642840585,0.88,0.969819
77,0.45,31.858425571350043,8.317046182278284,56.57,8.85869
904,0.45,90.33718985975288,11.733096190671299,94.7,11.7215
107,0.45,97.27553105478901,12.132248528844574,108.69,12.74428382
1461,0.45,25.060993161575844,5.184934182291771,21.53,4.916984204
1856,0.45,105.8438069110619,12.546560210501124,109.94,12.82971612
30,0.45,47.87761319474982,7.246411485801088,43.22,7.42915
1437,0.45,3.8728631252866292,1.7192321091279414,2.3,1.318046443
596,0.45,59.49869694002826,7.415382697622655,114.56,13.1383
1672,0.45,2.204618771036072,1.2253841966467591,1.38,1.101762401
1236,0.45,45.927852201686875,7.25526755435258,49.35,7.024177621489566
425,0.45,14.925509618775953,4.758444888660938,19.67,4.66502
361,0.45,113.8834305631487,13.324861535634003,105.75,12.53990524
991,0.45,5.866602631641139,2.2455340212665718,7.8,2.705027839
1728,0.45,21.17345477480964,4.791055174210839,21.12,4.862440485
1780,0.45,90.36719304890093,11.073352366057602,77.3,10.4307
862,0.45,6.313842506058393,2.4067557337067096,8.15,2.77807
1723,0.45,96.57819452940666,10.653993820930776,92.69,11.6029
1239,0.45,47.968194062311234,8.113090009902,40.44,7.13535
655,0.45,46.25896803134039,7.609069999094182,83.22,10.8884
883,0.45,7.252611261369723,2.4865613025594926,6.68,2.47030768
1599,0.45,9.522855622337064,3.0413636995087168,9.39,3.00633
871,0.45,8.60724632870217,2.865398759257504,10.75,3.2807
1424,0.45,93.1766043955697,12.222061428823524,76.73,10.4386
1609,0.45,94.70596852977148,12.211466922108562,126.51,13.9433
326,0.45,5.016829841741999,2.135312194875307,5.7,2.24794
1317,0.45,87.70839080784062,11.153654951136492,74.94,10.24074428
985,0.45,6.6389490959461455,2.4890397260312533,6.69,2.47118
1476,0.45,9.163240691403704,3.2078407438995353,7.58,2.660025534
175,0.45,12.127701163668327,3.6405079124693227,21.14,4.87824
1656,0.45,34.20124679928869,6.799016266795489,28.87,5.8474
557,0.45,9.86789981833303,2.9775421420717105,11.57,3.412480023
1101,0.45,18.966973182000377,4.316476055391638,19.85,4.517045331
459,0.45,66.23140932374959,9.432667356165734,128.46,14.0608342
712,0.45,4.401677290704729,1.9488115341518997,5.49,2.20071815
679,0.45,83.33748070851931,11.202302679903095,72.76,10.0433
923,0.45,17.12265324414655,4.088764002149318,14.47,3.89334
553,0.45,7.9421866204274805,2.757993134397886,9.11,2.964146098
1182,0.45,27.24174051405176,6.527347973700934,47.07,7.82059
249,0.45,91.29459037294944,12.049469803314553,94.77,11.75690439
310,0.45,67.99381429116083,10.329191071728745,75.59,10.264
658,0.45,18.53905017250702,4.383262646631157,17.25,4.31235
217,0.45,2.4482208138461403,1.3090725868298954,2.42,1.35917743
896,0.45,2.709673893599968,1.4925831678946508,2.86,1.499704002
958,0.45,39.21342396232106,7.924443899730275,30.66,7.024177621489566
458,0.45,33.487634789722875,7.6341225523143965,28.62,7.024177621489566
1695,0.45,43.003771150627934,7.652590013177043,39.6,7.03413
666,0.45,19.162803104415552,5.333604215376398,34.8,6.35126
489,0.45,99.64940162478328,12.2649328768374,117.42,13.33687048
969,0.45,12.170260638872453,3.5054656693731303,12.74,3.60283
674,0.45,3.6271889260878236,1.737644146728438,2.52,1.39527
1315,0.45,84.7684207931827,10.664925475066571,85.72,11.0715
1205,0.45,12.86409759082219,3.8388846361232973,12.83,3.62818
1498,0.45,106.10780974557763,12.226061278468675,100.58,12.1616
743,0.45,45.61798808898472,7.036524066939035,36.91,7.024177621489566
1276,0.45,69.67465655120284,10.202312062774844,71.58,9.96751
1844,0.45,31.807234398684994,6.501559902027239,30.67,6.0323
148,0.45,33.46226364286241,7.102241044795625,101.78,12.2412
1074,0.45,109.77736938256704,13.393794098017462,113.65,13.0889
1497,0.45,7.1670524665393955,2.6919407723883375,7.58,2.65245
1416,0.45,101.22762765368647,12.176508763912786,69.6,9.82252
587,0.45,110.06964675228218,12.64764505713127,105.95,12.55419255
517,0.45,11.932290119257644,3.5633314416962256,13.61,3.754833321
1661,0.45,10.015172362664932,3.077452319685932,12.36,3.548343316
1286,0.45,89.79949673639588,11.202443698466695,119.59,13.4003
76,0.45,2.858742289338163,1.630900021504999,2.12,1.671618
1081,0.45,3.6365041250481704,1.7603058083147045,3.42,1.666703009
1415,0.45,41.239079191065294,6.98705542552151,74.93,7.024177621489566
999,0.45,11.722868596206188,3.3452036624695114,28.55,5.805449843
1732,0.45,9.509764614398435,3.6885046115076987,2.72,1.455123436
593,0.45,62.15567017999776,8.999754859085813,69.0,9.754848091
1573,0.45,10.68846120742903,3.3375751244806104,9.44,3.02618
262,0.45,119.49322841820259,13.172400192470581,116.99,13.30845019
1533,0.45,57.61158191910884,8.955367895608283,115.63,13.21716686
565,0.45,11.230472635740691,3.4368833248650903,9.31,3.00264281
1287,0.45,105.45582332109397,12.55428650670318,117.11,13.31600225
34,0.45,54.32406578344501,8.691125958530709,80.03,10.6751
1183,0.45,63.00200172359556,8.281663042620044,68.76,9.735489661
1840,0.45,103.65749807894191,12.049477786377254,94.75,11.75567728
182,0.45,95.86128723353177,12.226491255685469,125.96,13.89945234
651,0.45,27.781403229232765,5.83356320357999,28.37,5.78741
276,0.45,6.48346260066246,2.5033557473284516,9.56,3.05033809
567,0.45,3.616611913744062,1.7286506451963386,3.03,1.553134989
775,0.45,26.965297444599912,5.619252497376677,27.13,5.62786
1188,0.45,21.408496358046765,5.115158383977917,37.53,6.82612
1823,0.45,71.38688818849064,9.887095713486142,63.36,9.29428
1593,0.45,10.772292151948461,2.958294748116809,12.8,3.62613
840,0.45,3.425827340782094,1.6314956225203945,3.9,1.799296606
161,0.45,107.94561026676003,12.403330566016411,107.4,12.65489004
564,0.45,7.6220880025606075,2.7071422536051597,7.4,2.623164132
579,0.45,12.220729847585309,3.4187345417217623,10.61,3.241642959
1151,0.45,21.290469820828246,4.62379686603999,20.78,4.82429
14,0.45,7.151866079797887,2.5190730477121814,7.65,2.66889
1122,0.45,85.75463251387912,11.112037240599953,92.33,11.57792161
713,0.45,11.95201631203008,3.439597564815362,14.52,3.91576
1097,0.45,3.0181837257930186,1.6736326836500885,4.02,1.833476886
254,0.45,7.090778760866596,2.44384764331702,4.66,1.99787
1858,0.45,107.33095063605987,12.432997680503268,107.41,12.65581119
1158,0.45,106.1712081779729,12.810903796225134,115.93,13.2366563
970,0.45,54.32634322017766,8.322931446160164,55.42,8.575211206
526,0.45,69.27335651506996,10.1490339497893,101.51,12.2235
1651,0.45,49.42013963408572,7.765975853798309,48.11,7.88895
1769,0.45,24.203939865630254,5.596066664831471,22.32,5.02186247
1213,0.45,53.04665457537716,8.417108103537783,58.05,8.78597
1735,0.45,93.85044092540096,11.5981045713245,106.05,12.56093758
893,0.45,8.430738805440265,2.8014119661079944,9.25,2.99324
1832,0.45,74.01866971320739,9.333555218236345,74.6,10.2495
1234,0.45,51.515528813045094,7.605654489453699,46.76,7.76491
733,0.45,10.048747608315617,4.187835237596377,9.15,7.024177621489566
1751,0.45,83.33083601019752,8.415146980136663,120.8,13.5278
1237,0.45,25.642680281042534,6.79324565343573,25.93,7.024177621489566
581,0.45,44.9027306614538,7.457042043630691,38.83,6.956425764
1551,0.45,54.753426909936366,7.898577443767671,42.05,7.290258938
37,0.45,52.62353502296811,8.443559399349871,48.6,7.99698
223,0.45,31.068447580774023,4.986184152897667,27.51,3.493627
1523,0.45,40.84491764115532,7.430027251701197,37.59,6.823692468
1382,0.45,13.297104117741513,4.391626999863802,6.63,2.16171
1042,0.45,46.06942280582779,8.692260359786994,98.43,12.0629
1070,0.45,65.92092566897911,9.654225886530034,64.42,9.36468
443,0.45,22.996280503921945,4.838247995387777,19.99,4.70308
152,0.45,2.466280989281388,1.4908209889959116,3.82,1.77141
1799,0.45,80.62885627822584,9.269251624771782,101.42,12.1874
1759,0.45,70.25094384964977,10.317411987029384,74.91,10.2441
667,0.45,46.109520993718164,7.559443029982909,29.45,5.91488
485,0.45,111.48546073857963,11.287056480896274,119.75,12.962219
992,0.45,2.8162695165387186,1.533293868878665,3.26,1.62083261
769,0.45,14.26470815862574,6.20740272216851,10.87,7.024177621489566
1005,0.45,35.00732574868672,6.399619542132097,32.02,6.20845
572,0.45,12.013616651370825,3.5486833727411873,9.15,2.972828344
278,0.45,104.73567578297039,12.454411277190802,118.47,13.40695673
632,0.45,25.13858557054694,5.105468537576422,25.04,5.374472103
823,0.45,25.36148743448381,5.5706316700557235,23.66,5.20733
141,0.45,61.940033365011,8.513193914314806,66.94,9.58224
752,0.45,35.21134138690174,6.14129381749982,30.39,6.01061
240,0.45,4.012135277494124,1.9692868922824796,5.32,2.160174068
1824,0.45,6.347580714304718,2.559681820612497,6.67,2.46843
795,0.45,29.648452251957803,5.322549633502173,25.69,5.46087
55,0.45,5.409589827101994,2.2717641561883726,5.83,2.280732664
333,0.45,13.449243276541624,4.284576370492492,52.89,1.90058
897,0.45,3.696159085110099,1.7164443937983949,3.29,1.627714714
1364,0.45,48.26486068911145,7.635779740078392,44.16,7.48475
1492,0.45,113.61769185449094,13.186265820293436,115.71,13.22170304
215,0.45,114.73231200498851,13.160585700917686,116.63,13.28441341
672,0.45,5.142170296973478,1.9591293110656836,4.87,2.051533242
446,0.45,85.61773855280731,11.18893543280072,108.18,13.7564
530,0.45,52.936544979947286,8.155314545423074,119.29,7.024177621489566
789,0.45,55.618982341051364,9.20939011935299,50.58,8.13315
576,0.45,12.73775126928156,3.6600904501324276,17.74,4.386987751
9,0.45,92.98791570781476,11.389163000977225,78.84,10.55059224
997,0.45,75.04472989911768,10.873626799119203,116.71,13.2583
1781,0.45,96.40559781741933,11.947275703821887,81.72,10.7664
1850,0.45,8.501285125003458,2.8838544418894703,9.37,3.01006
220,0.45,7.619688694462246,2.7017787615712994,7.69,2.67607
982,0.45,98.01061482302838,12.676799859142628,91.68,11.5159
259,0.45,2.222527373617654,1.3032145282978607,2.16,1.26995
989,0.45,91.01464887574869,11.74132109811921,94.78,11.75821955
39,0.45,94.62110971071502,12.145380880559223,118.4,13.3028
229,0.45,33.9273309633191,5.915881286186955,26.9,5.933251
911,0.45,6.952572185462297,2.5479890479190823,6.67,2.45459
491,0.45,116.27874672300149,13.091439085805389,111.21,12.91712883
516,0.45,70.44186045923544,11.006149948233773,86.88,11.1424
66,0.45,3.369515159234292,1.622463755402825,2.79,1.477775413
1464,0.45,90.4519907480297,11.66060112182385,94.75,11.75575788
933,0.45,91.80970994030402,11.347667716032543,90.81,11.48
615,0.45,106.41915857825342,12.631884730038335,96.91,11.8862
1246,0.45,97.55220331335836,12.167557435701893,85.94,11.1273
206,0.45,108.72980261301369,12.848269461378651,109.38,12.79215388
1612,0.45,10.282711019937086,3.288739984476929,8.39,2.823759908
461,0.45,8.948340576274898,2.983595986103482,9.97,3.34688
1788,0.45,2.146889709224088,1.303581551776624,0.83,0.955851376
1299,0.45,86.19021529846691,11.915923881746044,91.87,11.5444262
402,0.45,4.008277981849183,1.7198490307076246,3.49,1.686631414
5,0.45,108.86721785741341,12.530808737677244,102.14,12.28673887
58,0.45,53.097158976309146,9.144677480184042,39.81,7.059079908
955,0.45,90.61944198947492,11.610235505658942,89.31,11.3749
762,0.45,13.316748071272015,3.8626672148514762,11.29,3.45648
1052,0.45,116.37798133311549,13.162724623540402,123.98,13.77034053
529,0.45,28.759452671599636,5.604962188651423,31.64,6.167248677
1388,0.45,112.2213831968124,13.201298792142085,121.48,13.6371
1568,0.45,10.83872508649845,3.150841037175359,8.99,2.93924
1454,0.45,2.319029164138037,1.3821835388623434,3.61,1.719326482
1664,0.45,7.034568770658705,2.3683266536155223,6.59,2.451177479
1855,0.45,15.61028567795428,4.001740394866628,10.06,3.13923
1174,0.45,59.86076829037776,8.749182977642311,56.89,8.72806
768,0.45,21.759610743153605,5.244031369872522,21.99,4.98445
578,0.45,7.73434405870633,2.663938697962183,6.58,2.448945353
740,0.45,63.42521862051774,9.424520545683176,95.88,11.8527
602,0.45,22.815547514253787,5.8717348401493465,56.78,8.697617256
92,0.45,7.28687401235861,2.6948986884458823,8.4,2.826989728
993,0.45,1.9734615730613192,1.340532548399482,1.35,1.097286737
1500,0.45,81.7938150254936,10.7972928050005,98.09,11.6786
575,0.45,6.3972325334691,2.3899759377648646,5.8,2.273030104
1453,0.45,91.80700554444182,8.692439197702203,104.62,7.024177621489566
539,0.45,6.564305213515496,2.57169846706778,6.16,2.35888
438,0.45,11.132277011940984,3.351599590569617,13.08,3.64998
642,0.45,79.74940109985262,10.013648663477854,118.5,13.4294
144,0.45,37.888402355758146,7.285574337461385,36.52,6.64264
342,0.45,4.9026667019531605,2.1551229879624274,5.9,2.29679437
1288,0.45,77.5211308716425,11.008183840128527,100.58,12.17579997
716,0.45,5.298806236770932,2.1519752611667484,5.34,2.16083
1047,0.45,10.119169775022224,3.211836001864567,10.47,3.21883
1581,0.45,25.73764125018712,5.593426955905516,27.44,5.670863357
799,0.45,74.02669545149308,9.755301498686048,68.55,9.72386
1021,0.45,12.847567176238817,3.3246673187431997,13.85,3.78219
19,0.45,6.3684980201446795,2.3499592115790207,5.99,2.3216
1391,0.45,89.15917262179028,11.9005325803103,100.78,12.1827
54,0.45,9.041421859331301,3.6142336925371974,12.29,3.751004
1558,0.45,61.990722530876546,9.237169178783242,65.62,9.49438
1319,0.45,85.42105543516693,11.418590490760668,110.71,12.8974
1083,0.45,8.062249490600147,3.2185137284749277,15.33,4.026925833
1190,0.45,23.881753183095338,5.764411544111165,18.15,4.46635
641,0.45,23.15443706187606,5.443126143171392,22.95,5.10182
1,0.45,118.51207868787678,13.49434957923781,116.75,14.581841
1378,0.45,115.39025139329641,13.311173380474367,125.51,13.9016
113,0.45,13.356682547640833,3.51837485147562,35.09,6.02383473
1546,0.45,71.57439544046179,9.7910800870577,71.54,9.98401
1064,0.45,79.42275427287139,10.080976256160987,126.44,13.9111
298,0.45,9.331571583683523,3.07005222095043,20.17,4.71785
279,0.45,104.33150537040669,12.678669873779473,100.48,12.1343
82,0.45,81.46080293923691,10.798508865870978,83.66,10.92571149
745,0.45,78.74615061173235,9.247030451586472,95.12,11.8886
1127,0.45,35.75552938399998,6.334357747411628,31.68,6.170988152
1354,0.45,60.77542500337893,8.984419091199966,61.72,9.1446
1325,0.45,86.7707254324994,11.703745170467782,104.29,12.43773089
1087,0.45,19.24531870363017,4.554688316980913,25.19,5.41363
322,0.45,1.1969636860963861,1.0879220752627907,0.81,0.949185781
1039,0.45,13.174950560945515,3.4459059160644565,10.87,3.29096
122,0.45,3.872473491562075,1.753071772908713,4.1,1.84555
1305,0.45,49.39928541521113,6.971053636309159,25.06,7.024177621489566
511,0.45,111.2062155830424,11.984819522017462,117.39,13.3343
48,0.45,3.4213697207365343,1.6157893672412587,2.5,1.36751
1572,0.45,18.979175824342082,4.455534895321873,21.87,4.95462
1611,0.45,83.77998039917047,11.162713041241643,89.82,11.3547
1010,0.45,15.273187549775011,4.379066791072974,19.42,4.33692
776,0.45,27.27303608899001,5.94027687941536,27.73,6.05271
842,0.45,11.443188531348545,3.3446781700272723,12.14,3.49799
1841,0.45,11.922247537980287,3.544821703958409,12.38,3.550689516
1142,0.45,79.2274964841207,10.641394266672899,74.51,10.2185
52,0.45,3.3032760982384874,1.5999070960116444,4.71,2.02068
501,0.45,69.48440572895178,10.320603673063546,64.42,9.36823
1602,0.45,11.704900025890007,3.452204990578719,10.93,3.29943
1484,0.45,49.8019242492666,8.030377346486594,38.8,6.952739141
1023,0.45,4.5021031357541,2.0120751952539777,4.46,1.947929019
159,0.45,4.928415603515384,2.0224963312872526,5.47,2.195403439
686,0.45,30.720119729449188,5.668137486431862,20.97,4.841201962
1026,0.45,13.068137628598095,3.6101680335026063,12.16,3.5130935
353,0.45,109.8557689041809,12.740371090431177,114.53,13.14269004
1126,0.45,8.784939132480147,2.972549220432347,7.88,2.722617954
251,0.45,93.15749191118363,11.899072992088753,120.33,13.53006831
1516,0.45,6.626121664295564,2.3147324700897185,5.31,2.16267
1034,0.45,105.15878767783316,12.494013579396519,130.66,14.183
190,0.45,69.01171101874522,9.50277442182461,53.39,8.388894075
568,0.45,22.146542431879006,5.338851988986968,23.63,5.193676358
924,0.45,93.43226368088838,10.910998333229678,99.95,12.0713
1258,0.45,105.49674543579296,12.330122980390199,99.82,12.168
1843,0.45,38.3952384089678,7.014362339016933,40.3,7.09086
1132,0.45,83.43994099878093,10.955190354003197,91.8,11.5451
376,0.45,39.36539232801514,7.02232384770041,41.34,7.216883182
1265,0.45,54.52227406589044,6.975133997002769,124.53,7.024177621489566
1688,0.45,69.37738930272384,9.028649112827635,64.57,9.41494
487,0.45,105.99590122936252,11.281373719854978,125.28,13.446487
253,0.45,7.4313340283346845,2.5977073169056784,7.39,2.62025
1586,0.45,90.7592023825259,12.238660055584413,86.01,11.1331
299,0.45,6.203878273709588,2.550010426485758,6.5,2.431285405
760,0.45,43.65083221034187,7.2473889075966245,39.68,7.04152
1670,0.45,5.574965308267196,2.342707738834079,6.98,2.533629389
1311,0.45,37.03666162321318,6.8423967469577045,37.45,6.80431
994,0.45,8.789544895884415,3.1456473044504425,25.62,5.37673
609,0.45,6.628889651245633,2.463468153482735,5.71,2.25345
1054,0.45,84.35408432509995,11.547338148610185,101.72,12.2521
1708,0.45,85.77787858942305,10.916111995731757,87.59,11.2199
271,0.45,20.02799686984338,6.5343979650825945,15.31,7.024177621489566
214,0.45,2.4991793137310916,1.3889678521243847,1.93,1.210733876
1279,0.45,73.12453227724474,10.271144370721622,126.78,13.9775
965,0.45,85.91570000670643,11.497046309450859,88.71,11.3151
665,0.45,15.21030079210374,4.442015869025893,11.63,3.41784
1271,0.45,46.571934873972744,6.824784380540133,75.49,7.024177621489566
4,0.45,98.73755241225396,12.033752094169133,99.64,12.10867994
204,0.45,17.976868878668547,4.316765061160657,19.32,4.613131896
648,0.45,81.23246945687133,11.153207471849237,88.19,11.2446
219,0.45,9.695754130075018,3.1322327344454655,23.11,2.582442
393,0.45,3.4964216607120777,1.60513986083771,3.52,1.69257
977,0.45,10.966866619672542,3.469544737314204,9.4,3.01498
948,0.45,116.14429794781304,13.469783020460861,116.12,13.24971416
1187,0.45,83.37606267034283,11.381117801829847,71.2,9.93735
900,0.45,7.187516072919223,2.606644939389599,8.47,2.841179901
520,0.45,53.68453393542969,9.605726146908582,61.52,9.08479
1679,0.45,43.28276391207587,8.347339443223728,40.17,7.096299381
481,0.45,3.870328653700481,1.8296221652608935,4.77,2.28501
538,0.45,65.66491526507046,8.940705567916892,64.15,9.39131
918,0.45,90.66323876038247,11.422115540534493,105.1,12.4956
268,0.45,56.07539068433961,9.111897671796253,52.53,8.309019329
521,0.45,16.295791497595907,4.097052286186919,26.66,5.58857
31,0.45,111.48371825635078,13.143374800849783,125.8,13.88927615
1818,0.45,20.196724422286174,4.833297987667955,14.74,3.91968
814,0.45,5.926837742377806,2.1277850094527593,10.49,3.217
1335,0.45,100.02189438461762,12.064255312493582,111.35,12.92730565
825,0.45,5.924647304986738,2.3125093165893698,6.19,2.36311
1366,0.45,31.37497412124462,5.81442378341445,35.64,6.613947587
347,0.45,2.4604851204223155,1.309402131193559,1.83,1.192639209
512,0.45,21.609361190475227,6.462534068117665,30.62,7.024177621489566
1639,0.45,93.94797886620331,11.891081834884659,100.34,12.1366
1184,0.45,112.27904637464958,13.178874212959201,118.41,13.3524
773,0.45,27.251455364002314,5.3300287814596095,77.22,10.3751
1480,0.45,96.24971190838228,12.134088401454411,90.85,11.46948561
1793,0.45,60.31432956845337,8.871458775613881,47.3,7.78724
1402,0.45,90.2114833632433,10.491459465981405,80.42,10.67471486
1025,0.45,7.589085023004813,2.6952600066868415,7.18,2.578146532
1093,0.45,5.108807760487501,2.2531037689966738,5.59,2.225369592
89,0.45,2.744053362463729,1.4465573385344153,2.28,1.312234294
1170,0.45,8.148699042985756,2.66933409995431,21.9,4.98711
1646,0.45,2.603980702350974,1.4859133162045066,4.32,1.89426
1353,0.45,92.69509208809865,11.683412969037839,106.65,12.5934
1355,0.45,17.993222079625024,4.604179150179893,67.4,9.65497
177,0.45,4.652035170190505,2.003671408642544,4.38,1.925734586
1031,0.45,4.457126501899881,2.010697174750089,3.45,1.674180322
1399,0.45,79.85204536356724,10.24558379532488,99.87,12.0428
1057,0.45,14.486395541114709,3.208015400403287,16.75,4.242394637
1110,0.45,78.13990691090984,10.911670124447308,92.16,11.56559794
385,0.45,93.44956196225804,11.510366300318928,77.93,10.47865795
1411,0.45,53.97654910858266,6.7816109456053395,55.01,7.024177621489566
1543,0.45,83.29360549772267,10.857652595076349,93.35,11.6629
1137,0.45,2.747761972562958,1.464219331453991,4.65,1.99844
1393,0.45,31.15511967912557,6.288774940048305,45.24,7.64474
1367,0.45,29.697327791215297,5.5034956816796,35.03,6.547178712
1629,0.45,23.608728470700584,5.280882867613722,21.48,4.89644
408,0.45,6.394231146297945,2.329753105400868,7.73,2.28122
506,0.45,86.0017340646542,10.943988345635528,86.69,11.1276
1115,0.45,62.20624501124025,9.299455580145443,66.22,9.54792
813,0.45,82.92098208191206,10.473962936962902,86.56,11.1497
1136,0.45,85.46105417759149,11.05267207065701,81.5,10.753
302,0.45,73.39529692095856,9.222861661714553,121.01,13.57525892
436,0.45,26.077213200246526,5.812907943278284,23.06,5.118907941
979,0.45,63.966997896488316,8.701209166668647,47.76,7.024177621489566
171,0.45,115.85832345396587,12.793626393408584,121.6,13.61374033
1409,0.45,94.2481122123072,12.036282687508194,111.85,12.9673
1518,0.45,12.13287623933221,3.299195223635764,13.87,3.797335347
1427,0.45,7.557834048383798,2.7432625308058127,8.53,2.852334785
270,0.45,90.14351230116797,11.89488918675316,96.61,11.9045
227,0.45,79.48928909866702,10.93804429901854,97.07,11.92440528
1196,0.45,17.387480222360292,6.459520608918357,15.2,7.024177621489566
558,0.45,4.353912812594302,1.9219565778156542,5.08,2.102385379
1511,0.45,60.83329406082441,9.420397415864713,59.27,8.920508561
1210,0.45,85.52031529494947,10.745921827978638,96.74,11.9007
618,0.45,51.31389876353898,8.105154936161275,55.39,8.57193
1588,0.45,20.00439257548974,5.309857595128199,25.49,5.44119
1530,0.45,3.1585524563675076,1.6704591894798557,2.83,1.5002
1784,0.45,1.8657073818633139,1.202665694983234,0.85,0.961738557
597,0.45,17.060262852429762,4.157271853698074,19.15,4.5947
1520,0.45,60.80954829622954,9.251807203636202,72.99,10.08322393
737,0.45,16.78672172955473,4.089388196430004,13.87,3.80598
1334,0.45,75.61486000264546,9.293251224089936,80.26,10.66165646
1150,0.45,82.06723820070694,11.156721156040728,87.25,11.2009
378,0.45,7.25898098640952,2.663469333429794,7.39,2.62397
866,0.45,6.518529272493857,2.5950934294232013,6.06,2.3352
1718,0.45,86.10182050910684,11.10140680532255,92.31,11.5845
379,0.45,5.630661579771445,2.344088621941879,5.41,2.1838
192,0.45,4.314827649560184,1.9533327045097086,4.4,1.93236572
260,0.45,32.648995253768824,7.185198464908225,46.67,7.7514065
1652,0.45,91.3263167050636,11.38559621984381,93.06,11.633
1212,0.45,55.57536342730058,8.535942103295493,55.03,8.52936
953,0.45,12.977032222119481,3.7422108481499747,9.44,3.026578642
1003,0.45,30.498143900510158,6.513292921679489,31.56,6.16036
861,0.45,5.509251031816051,2.3122719643932013,4.25,1.89435
308,0.45,94.33787808301248,11.566991793717866,112.5,13.0203
1591,0.45,88.78957359189603,11.528466078207602,87.58,11.2128
1268,0.45,20.685220053509628,4.90749966189835,21.13,4.86815
1164,0.45,85.09965019748071,11.156750054612951,76.52,10.3670919
360,0.45,7.609716928186492,2.5949405789522513,6.93,2.512038
652,0.45,20.959449306089386,4.711553822421742,17.99,4.42263
381,0.45,54.58090539476692,8.079388406841405,43.82,7.469402719
1775,0.45,7.108046576330444,2.612853684883195,6.45,2.42354
1000,0.45,45.81803359888468,7.655384934274406,52.81,8.33267
452,0.45,61.83751161545313,8.474903082834883,88.76,11.3113
414,0.45,5.977717205817944,2.3289227051851378,6.1,2.340834103
987,0.45,38.040551249187956,7.303400469011215,73.79,10.1474
1459,0.45,65.60343192201982,9.26779486560998,63.99,9.33912
1358,0.45,71.12259480407816,10.46056980314625,72.87,10.0826
1703,0.45,115.54312108026437,12.41696351939888,129.15,14.10495771
638,0.45,64.44403394626231,9.397667755129088,70.99,9.91393
1404,0.45,90.56746916292275,11.20893375034605,105.27,12.5164
133,0.45,10.071232725116232,3.4548429998359675,10.81,3.28324
202,0.45,85.75842576373034,11.183609357547919,91.33,11.50390062
1169,0.45,104.87564706963595,12.552778214123954,98.5,12.0756
198,0.45,43.3596656921219,4.925421372932572,16.17,4.155260325
796,0.45,73.94506562689054,9.635680695365862,69.2,9.77911
574,0.45,102.61491597825552,12.654032234193412,119.35,13.46463141
1114,0.45,14.230694888487166,3.5234696246130914,14.37,3.86968
317,0.45,1.3953432293138224,1.1274626442445306,1.13,1.042840696
980,0.45,42.11241734026447,7.238020604178033,95.18,11.78712672
142,0.45,8.630452104791837,2.8989748893462,9.61,3.12766
1413,0.45,10.89177190865881,3.887295562334193,17.74,4.37963
1806,0.45,12.7435150204568,5.156467054814594,3.74,7.024177621489566
1852,0.45,93.35382661732962,11.779620524705516,117.29,13.3280613
465,0.45,69.96225053605258,7.443802517462706,74.24,7.024177621489566
315,0.45,86.66203603418089,11.723998329883898,110.17,12.84561173
1425,0.45,5.632886160365643,2.2838242502847663,4.37,1.93226
670,0.45,68.93479935757615,7.6796544174432935,79.53,7.024177621489566
170,0.45,54.72354381716694,7.981912678695328,63.97,9.33715
467,0.45,43.08783605422033,7.164717191328472,70.23,9.84223
1109,0.45,91.36961710781335,11.330945304371161,84.52,10.9933
1486,0.45,2.9105957117003305,1.495304419015481,3.44,1.67736
1398,0.45,83.14847005787034,10.95554282157695,96.4,11.87591193
1341,0.45,101.57763873067309,12.565686921598102,117.71,13.3674
1448,0.45,11.477316207406933,3.593562282961807,10.1,3.16086
22,0.45,13.313442761103104,3.6487946144985073,12.19,3.517574786
1267,0.45,32.877440294386965,6.89299516671681,35.89,6.63491
45,0.45,2.4076641900932536,1.372880913961511,1.65,1.15643
1224,0.5,26.673359462114817,5.383160175796888,29.55,5.94241
475,0.5,65.18355033561267,8.864979444131592,77.13,10.417
1838,0.5,4.880112953165935,2.063087834194348,4.41,1.92318
1199,0.5,7.639737877453266,2.973042144306779,9.3,3.01287
53,0.5,7.397386479555415,2.8496775715754716,7.04,2.54474
1408,0.5,88.67116109686266,10.970495695430417,112.81,13.0531
1654,0.5,37.849636291830706,7.33101029770392,36.24,6.70553
18,0.5,81.7346324367705,10.876738801175653,76.0,10.32616195
731,0.5,18.42133647355998,4.722087457266823,15.91,4.12435
1374,0.5,50.117382007233886,7.068741557614645,33.76,7.024177621489566
233,0.5,67.76980590701473,9.269491754060395,55.83,8.612116336
1390,0.5,91.28622802741471,10.937782311105114,125.31,13.8742
621,0.5,57.326304875043384,9.512869495260846,68.34,9.70968
427,0.5,6.232499502118392,2.5165322969198622,6.82,2.50355
187,0.5,16.075463202081608,4.627106175119334,21.79,4.952313354
1029,0.5,3.0581098191365084,1.6677643046406148,3.27,1.62297957
390,0.5,71.29742907896303,10.670669761087813,82.55,10.8261
457,0.5,114.90305899324835,12.443289663009018,117.29,7.024177621489566
156,0.5,7.737444829133444,2.81063528056117,13.61,4.509178613
1337,0.5,82.4614731097163,11.355668716125386,79.11,10.5731
1649,0.5,10.696067731579168,3.2997826521003746,7.06,2.54445
1628,0.5,105.4072639125712,11.978289013232414,112.16,12.9734
616,0.5,90.26231449225448,11.583093127315363,109.15,12.8076
726,0.5,40.8961792681285,7.353081052909073,122.07,13.6402
473,0.5,56.91415641900812,7.982510071857429,64.55,9.36472
853,0.5,4.436588545041451,1.9246371962822144,4.59,1.980635825
1720,0.5,99.60938169635601,12.06779147308226,120.83,13.5597
1834,0.5,44.3573291608866,8.961853977572304,60.85,9.059590395
440,0.5,61.31565591579724,9.015709853738773,55.55,8.56637
303,0.5,2.276666803679352,1.2646141047813066,1.95,1.214566424
519,0.5,22.46701294690813,5.0351718620940495,21.07,4.86242
191,0.5,17.023704355800138,3.9925306487255896,14.68,3.924832159
6,0.5,97.4121076017943,11.718036903357802,113.71,13.08687204
962,0.5,36.610461725246566,7.298020639958824,29.29,7.024177621489566
434,0.5,97.91688935133013,11.478120600061503,90.34,11.8344
1693,0.5,3.60950203737229,1.7354649239629507,2.52,1.393219042
412,0.5,8.0706143384348,2.796585952509239,7.25,2.58794
124,0.5,39.801138431392516,6.942322696005134,43.24,6.99891
1768,0.5,3.0116670528771716,1.4658577236016184,0.86,0.965061868
1617,0.5,34.55288724615319,6.127507278006717,28.01,5.739561697
1294,0.5,18.61040529604909,5.268918464429658,16.34,4.16809
318,0.5,1.4001765261781058,1.0983807345607044,0.56,0.856692464
17,0.5,114.50467065030745,13.136645991651134,124.3,13.79115826
1758,0.5,18.844931489534865,4.5360088896474355,19.35,4.615
80,0.5,27.671538714583203,7.295463079500821,19.13,2.432614
479,0.5,7.067331985474443,2.592180638629387,6.52,2.43432
744,0.5,17.299420056328092,4.592018729068882,74.3,4.06597
963,0.5,6.674119684718132,2.5385852129697586,4.31,1.90837771
135,0.5,90.63875326932575,12.039503139166778,94.26,11.7171
847,0.5,28.793170317822316,5.315681517657585,23.64,5.21152
118,0.5,10.520884732695697,3.1595636920988803,11.71,3.435910248
85,0.5,6.817913799543351,2.2668673180724954,3.61,1.741587
1103,0.5,81.92076869759312,11.242629233970781,92.98,11.62586504
1379,0.5,10.55919351304082,3.40031860112808,11.82,3.44576
1789,0.5,1.6608535987033333,1.157686259317641,0.63,0.885684603
1045,0.5,5.244256337982869,2.1354518301987655,7.43,2.629079023
792,0.5,16.36626300900866,4.158644160344164,14.5,3.90515
47,0.5,2.426296416227114,1.140456976530608,0.88,0.969819
77,0.5,38.97672381493752,8.217383284418432,56.57,8.85869
904,0.5,95.12735178005403,12.143811823145233,94.7,11.7215
107,0.5,96.05720538427703,12.073249278335593,108.69,12.74428382
1461,0.5,24.789608006878836,5.4478679169791855,21.53,4.916984204
1856,0.5,103.50480795019095,12.834090785641274,109.94,12.82971612
30,0.5,49.14570773862937,7.326315755347963,43.22,7.42915
1437,0.5,3.744992236705311,1.7688162114297425,2.3,1.318046443
596,0.5,67.91079045458999,9.605540201035248,114.56,13.1383
1672,0.5,2.1831730610541054,1.2852320594664348,1.38,1.101762401
1236,0.5,47.60252605966189,7.108174306854398,49.35,7.024177621489566
425,0.5,17.032821193812612,4.834145754557516,19.67,4.66502
361,0.5,116.28461954422646,13.219918217019265,105.75,12.53990524
991,0.5,5.829973416682553,2.3859974841813743,7.8,2.705027839
1728,0.5,23.50274683785469,4.814276274571442,21.12,4.862440485
1780,0.5,91.29750898527699,10.82940001313918,77.3,10.4307
862,0.5,6.548092946145614,2.4231297832044363,8.15,2.77807
1723,0.5,95.84051742626278,11.054882719001638,92.69,11.6029
1239,0.5,48.225422439756684,8.301476982133412,40.44,7.13535
655,0.5,47.7554282981521,7.59105330865929,83.22,10.8884
883,0.5,7.427865455865718,2.6206473387876197,6.68,2.47030768
1599,0.5,10.565598891066506,3.2062032875789113,9.39,3.00633
871,0.5,8.846427339722588,2.8114277061113633,10.75,3.2807
1424,0.5,98.74154233144212,12.179992749133213,76.73,10.4386
1609,0.5,100.88539630492318,11.985808149810985,126.51,13.9433
326,0.5,5.304406340105049,2.1603247690647267,5.7,2.24794
1317,0.5,88.98650623736924,11.786345816413297,74.94,10.24074428
985,0.5,6.908312121505442,2.5855478998758223,6.69,2.47118
1476,0.5,9.469089545079685,3.141165099676092,7.58,2.660025534
175,0.5,13.89393893906033,3.7758484128575387,21.14,4.87824
1656,0.5,34.336272793287165,7.02016692165739,28.87,5.8474
557,0.5,9.625265145023725,3.167676238378839,11.57,3.412480023
1101,0.5,19.265416143893304,4.671230337807936,19.85,4.517045331
459,0.5,69.03885685428122,9.574175728494145,128.46,14.0608342
712,0.5,4.546930328126552,2.094963455674939,5.49,2.20071815
679,0.5,92.50096356579385,11.373008410823125,72.76,10.0433
923,0.5,14.547044088340833,4.023343625040177,14.47,3.89334
553,0.5,8.268622155194986,2.8112192932687603,9.11,2.964146098
1182,0.5,32.35824114307429,6.66082714875208,47.07,7.82059
249,0.5,96.28447229835616,11.953805281642644,94.77,11.75690439
310,0.5,71.6392352959559,10.493587072894593,75.59,10.264
658,0.5,18.552690281585186,4.339278177706929,17.25,4.31235
217,0.5,2.501237449210406,1.3854814578099681,2.42,1.35917743
896,0.5,3.011864464719206,1.5265438473711388,2.86,1.499704002
958,0.5,39.15483757396478,7.358254846570168,30.66,7.024177621489566
458,0.5,38.92257891293464,7.146543935415295,28.62,7.024177621489566
1695,0.5,46.812478447826216,7.864967463620467,39.6,7.03413
666,0.5,21.175813991273614,5.994771409044062,34.8,6.35126
489,0.5,100.681125464161,12.16667468821878,117.42,13.33687048
969,0.5,13.18251977573805,3.627136149824085,12.74,3.60283
674,0.5,3.858440307949561,1.7712473562832047,2.52,1.39527
1315,0.5,87.56220088855831,10.851791206027128,85.72,11.0715
1205,0.5,13.523167131598747,3.579483024329599,12.83,3.62818
1498,0.5,106.50095696329034,12.557795411617636,100.58,12.1616
743,0.5,47.85885406219058,7.137750885052755,36.91,7.024177621489566
1276,0.5,72.49439816966164,10.226225748145799,71.58,9.96751
1844,0.5,32.722020803467785,6.295719389398061,30.67,6.0323
148,0.5,39.85957846799313,7.497152823182633,101.78,12.2412
1074,0.5,115.16517508232621,13.312332891694899,113.65,13.0889
1497,0.5,7.541007653846636,2.6638283977395214,7.58,2.65245
1416,0.5,101.56533785913192,12.369724382355436,69.6,9.82252
587,0.5,111.85492754319084,12.749745012196135,105.95,12.55419255
517,0.5,11.854398384776875,3.8282803574323863,13.61,3.754833321
1661,0.5,10.294169857594785,3.1128566998202905,12.36,3.548343316
1286,0.5,89.31453281820622,11.414208471430591,119.59,13.4003
76,0.5,2.9100687518409707,1.7499288132169746,2.12,1.671618
1081,0.5,3.7008288876261113,1.7962805185670463,3.42,1.666703009
1415,0.5,45.348201933996904,6.7447594286392425,74.93,7.024177621489566
999,0.5,14.017782271010347,3.7398634600034444,28.55,5.805449843
1732,0.5,10.847820270114392,3.531725923285186,2.72,1.455123436
593,0.5,66.06441629186948,9.011746642354387,69.0,9.754848091
1573,0.5,13.120708826253303,3.520079243106766,9.44,3.02618
262,0.5,116.28060842708929,13.201855254778373,116.99,13.30845019
1533,0.5,60.101871353717655,8.903230098567038,115.63,13.21716686
565,0.5,11.337997710424464,3.2332389797342582,9.31,3.00264281
1287,0.5,108.75649475823934,12.409249517220022,117.11,13.31600225
34,0.5,58.149086681725265,8.984978137183955,80.03,10.6751
1183,0.5,58.00527732439483,8.384339375489112,68.76,9.735489661
1840,0.5,100.83355818006807,12.229825693220457,94.75,11.75567728
182,0.5,102.75847747980427,12.350443951545342,125.96,13.89945234
651,0.5,29.539438156699024,6.1465827383577905,28.37,5.78741
276,0.5,5.469567810700406,2.3674166094821567,9.56,3.05033809
567,0.5,3.7424160926127317,1.7271563801667578,3.03,1.553134989
775,0.5,25.88669066335323,6.203702634585027,27.13,5.62786
1188,0.5,25.340660003013685,5.175232308288996,37.53,6.82612
1823,0.5,76.93407751826393,9.741604118391813,63.36,9.29428
1593,0.5,10.301972092682174,3.064440921025912,12.8,3.62613
840,0.5,3.210465280743185,1.7730826820210506,3.9,1.799296606
161,0.5,106.86084422696989,12.667540130618795,107.4,12.65489004
564,0.5,7.817579867151918,2.637709852478398,7.4,2.623164132
579,0.5,11.815800100268063,3.5092744226223593,10.61,3.241642959
1151,0.5,19.43823449960877,4.570780418854732,20.78,4.82429
14,0.5,7.2060949482878005,2.524205980993882,7.65,2.66889
1122,0.5,87.91304295537546,11.316965419531813,92.33,11.57792161
713,0.5,12.638323482909918,3.3496479508767374,14.52,3.91576
1097,0.5,3.127091488417149,1.6315018315473022,4.02,1.833476886
254,0.5,7.133283384820917,2.492787836093109,4.66,1.99787
1858,0.5,106.22506193397221,12.598645841102343,107.41,12.65581119
1158,0.5,108.6650426255572,12.545779914290803,115.93,13.2366563
970,0.5,59.07743894658548,8.469723944575756,55.42,8.575211206
526,0.5,79.26020059331285,9.990626995558442,101.51,12.2235
1651,0.5,51.187691161626695,7.559821426946245,48.11,7.88895
1769,0.5,26.38880579801814,5.223810231569404,22.32,5.02186247
1213,0.5,60.84192116534898,8.619294562218249,58.05,8.78597
1735,0.5,93.33847154895314,11.616669207737571,106.05,12.56093758
893,0.5,8.521030222488521,2.8793409633941986,9.25,2.99324
1832,0.5,75.62132969948395,10.366634841603751,74.6,10.2495
1234,0.5,50.3309355053535,8.142851139971564,46.76,7.76491
733,0.5,12.0104260221082,4.745681449242613,9.15,7.024177621489566
1751,0.5,86.61839450453299,8.436232571107228,120.8,13.5278
1237,0.5,30.231378549925747,6.849157231846261,25.93,7.024177621489566
581,0.5,46.34711840279549,6.933139034193931,38.83,6.956425764
1551,0.5,54.96436482749239,8.031776182566484,42.05,7.290258938
37,0.5,49.33937073469818,8.419418073542221,48.6,7.99698
223,0.5,30.551778700896644,5.299655665961929,27.51,3.493627
1523,0.5,40.41967111670099,7.036041611895908,37.59,6.823692468
1382,0.5,16.391342833743334,4.275669886314449,6.63,2.16171
1042,0.5,60.24861545823547,9.975840095493519,98.43,12.0629
1070,0.5,76.0497823723786,10.371130889188963,64.42,9.36468
443,0.5,22.926060527416873,5.033819070892225,19.99,4.70308
152,0.5,2.7337484911976557,1.5714014576557684,3.82,1.77141
1799,0.5,82.04455947373523,9.98610895403057,101.42,12.1874
1759,0.5,74.17835500597123,10.08903659963885,74.91,10.2441
667,0.5,45.93815037138897,7.92042410560098,29.45,5.91488
485,0.5,115.28872840205416,11.639248232056065,119.75,12.962219
992,0.5,2.9919810012274204,1.4772810692870095,3.26,1.62083261
769,0.5,15.67531219233607,6.695510668710285,10.87,7.024177621489566
1005,0.5,35.11871396503613,6.418235119269807,32.02,6.20845
572,0.5,10.696886745039311,3.5100405942297686,9.15,2.972828344
278,0.5,103.76278111511643,12.647230824339314,118.47,13.40695673
632,0.5,27.258109640042388,5.620048886520519,25.04,5.374472103
823,0.5,27.219678958766796,5.407452064494848,23.66,5.20733
141,0.5,59.22649045444207,8.859837881802624,66.94,9.58224
752,0.5,32.0414263930615,6.45680069648366,30.39,6.01061
240,0.5,4.428658085411366,1.9398156847095114,5.32,2.160174068
1824,0.5,7.137167672613432,2.9754711282678823,6.67,2.46843
795,0.5,27.42414357920933,5.289152332081889,25.69,5.46087
55,0.5,5.853111465135051,2.341017452040317,5.83,2.280732664
333,0.5,15.842172274113487,4.32664206694122,52.89,1.90058
897,0.5,3.78318693338522,1.7302620755037192,3.29,1.627714714
1364,0.5,49.76276954064763,7.353991901774609,44.16,7.48475
1492,0.5,114.01315753968517,13.13941006881786,115.71,13.22170304
215,0.5,117.40296278399789,13.151746003593491,116.63,13.28441341
672,0.5,5.07276397142669,2.046570688896031,4.87,2.051533242
446,0.5,88.61482216167435,11.655579924965473,108.18,13.7564
530,0.5,60.94114359199874,8.273477228425616,119.29,7.024177621489566
789,0.5,54.362245244394124,8.732264829041597,50.58,8.13315
576,0.5,12.663314646230694,3.750456875334578,17.74,4.386987751
9,0.5,92.89483747219678,11.460715996963584,78.84,10.55059224
997,0.5,83.34650987614906,11.128778401967224,116.71,13.2583
1781,0.5,98.22904932627465,12.40092835446123,81.72,10.7664
1850,0.5,8.3109762996606,2.80997901279954,9.37,3.01006
220,0.5,8.186956429206475,2.6085062571474706,7.69,2.67607
982,0.5,98.8166359672403,12.060252531383204,91.68,11.5159
259,0.5,2.2100394102338505,1.361567727682845,2.16,1.26995
989,0.5,92.86322527516954,11.893240575456087,94.78,11.75821955
39,0.5,101.15301506065899,11.606045270394356,118.4,13.3028
229,0.5,34.95100535490406,5.843949722868927,26.9,5.933251
911,0.5,7.016744023545283,2.5618536219665295,6.67,2.45459
491,0.5,117.96849852226117,13.331067270713696,111.21,12.91712883
516,0.5,77.15500740059187,11.087965338121984,86.88,11.1424
66,0.5,3.4920757080419653,1.6636472245484,2.79,1.477775413
1464,0.5,92.05297013123082,11.474496183819486,94.75,11.75575788
933,0.5,96.46801508070749,11.803310819647118,90.81,11.48
615,0.5,105.40267339619804,12.519619517576286,96.91,11.8862
1246,0.5,95.81617570128542,12.19011197328216,85.94,11.1273
206,0.5,111.08007969796684,12.975391687810772,109.38,12.79215388
1612,0.5,11.620113365577929,3.307323693797863,8.39,2.823759908
461,0.5,10.33551870252057,2.9806850027782628,9.97,3.34688
1788,0.5,2.3759676669616545,1.344056972347714,0.83,0.955851376
1299,0.5,90.46532240747895,11.830208880258576,91.87,11.5444262
402,0.5,3.8833477309832998,1.743448610886766,3.49,1.686631414
5,0.5,106.73562070216207,12.449581541146005,102.14,12.28673887
58,0.5,55.39561179408697,9.089529608373718,39.81,7.059079908
955,0.5,91.97903748686323,11.979958472530397,89.31,11.3749
762,0.5,13.048300761583858,3.7230779432219623,11.29,3.45648
1052,0.5,117.51377401525937,13.25739304055119,123.98,13.77034053
529,0.5,29.96422610573941,5.75013355868728,31.64,6.167248677
1388,0.5,115.88355635857994,13.366387711219188,121.48,13.6371
1568,0.5,10.577251487872454,3.1528925216518013,8.99,2.93924
1454,0.5,2.6172309620388834,1.4697094691553003,3.61,1.719326482
1664,0.5,6.7145011622927715,2.541619596182326,6.59,2.451177479
1855,0.5,17.82922171343851,4.684445772354177,10.06,3.13923
1174,0.5,67.33573825517989,8.795298072934818,56.89,8.72806
768,0.5,21.72888232541471,4.991910965641233,21.99,4.98445
578,0.5,7.617909202975544,2.6891965657909016,6.58,2.448945353
740,0.5,65.58458930864367,9.596344854758312,95.88,11.8527
602,0.5,23.244507186179415,5.188559217664695,56.78,8.697617256
92,0.5,7.510619542524107,2.552630238167577,8.4,2.826989728
993,0.5,1.9916781927598668,1.4011227292663686,1.35,1.097286737
1500,0.5,81.76167085214529,10.846980236250317,98.09,11.6786
575,0.5,6.948972416279957,2.427666980753741,5.8,2.273030104
1453,0.5,97.76282956630847,9.970402239664738,104.62,7.024177621489566
539,0.5,7.051829072277004,2.553127649480724,6.16,2.35888
438,0.5,10.286242540870258,3.3492556476149526,13.08,3.64998
642,0.5,79.95839361408684,10.140278269114356,118.5,13.4294
144,0.5,35.69622661186781,6.713167780474691,36.52,6.64264
342,0.5,4.971124910624323,2.129066131308143,5.9,2.29679437
1288,0.5,81.46878436779741,10.714456390123852,100.58,12.17579997
716,0.5,5.069342059136472,2.1127458375744173,5.34,2.16083
1047,0.5,11.556025784857967,3.1416618600786923,10.47,3.21883
1581,0.5,27.477266372258654,5.9010804786792725,27.44,5.670863357
799,0.5,74.11359979934014,9.98272776748943,68.55,9.72386
1021,0.5,11.919170441618244,3.3369162139677573,13.85,3.78219
19,0.5,6.094898626571319,2.3957238642393563,5.99,2.3216
1391,0.5,98.40582231985009,12.03167970760539,100.78,12.1827
54,0.5,9.843869516922712,3.889794844151355,12.29,3.751004
1558,0.5,63.40128788279282,9.326374195879048,65.62,9.49438
1319,0.5,91.29833835630608,11.520788419968019,110.71,12.8974
1083,0.5,8.07869984162889,3.1599945588277287,15.33,4.026925833
1190,0.5,25.692523254017573,5.761783026506882,18.15,4.46635
641,0.5,25.07666627250103,5.803491691017195,22.95,5.10182
1,0.5,116.53581585114212,13.509773917945745,116.75,14.581841
1378,0.5,118.44036775891165,13.304006740731086,125.51,13.9016
113,0.5,14.71673226096139,4.124621403088691,35.09,6.02383473
1546,0.5,74.39913738035757,10.605755372157093,71.54,9.98401
1064,0.5,81.27012309443423,9.90072888191242,126.44,13.9111
298,0.5,10.100723599694962,3.0854988375078736,20.17,4.71785
279,0.5,107.7488684535316,12.974319113831296,100.48,12.1343
82,0.5,85.61599291239561,11.24655557627456,83.66,10.92571149
745,0.5,78.27517048613933,10.233723733857014,95.12,11.8886
1127,0.5,34.66872298801302,6.496154679168684,31.68,6.170988152
1354,0.5,58.96990668974654,9.057884277578339,61.72,9.1446
1325,0.5,93.43535326972174,11.490951427700743,104.29,12.43773089
1087,0.5,20.728381518877278,4.928945250432008,25.19,5.41363
322,0.5,1.3111277249072788,1.0736679813063161,0.81,0.949185781
1039,0.5,13.739962595525851,3.639512937911947,10.87,3.29096
122,0.5,3.7507141519321627,1.9120477435403147,4.1,1.84555
1305,0.5,49.90157253816171,7.134102817086034,25.06,7.024177621489566
511,0.5,113.09617374763987,12.839638788894028,117.39,13.3343
48,0.5,4.321926090948289,1.7273426577955695,2.5,1.36751
1572,0.5,20.51640631619625,4.666586180778739,21.87,4.95462
1611,0.5,85.58039071155518,11.066981290925922,89.82,11.3547
1010,0.5,17.439215967298086,4.331441083948542,19.42,4.33692
776,0.5,28.38341669868787,5.499030773753546,27.73,6.05271
842,0.5,12.04448334684502,3.484553395110091,12.14,3.49799
1841,0.5,13.494985040869718,3.6492245754094657,12.38,3.550689516
1142,0.5,81.6112533717346,11.121804856216846,74.51,10.2185
52,0.5,3.3912969065656284,1.627737505245913,4.71,2.02068
501,0.5,74.43733728756148,10.466732582356075,64.42,9.36823
1602,0.5,12.966850694853447,3.4903604973622855,10.93,3.29943
1484,0.5,47.18143309238793,8.244721959801156,38.8,6.952739141
1023,0.5,4.509205461066054,2.0187180366402657,4.46,1.947929019
159,0.5,4.54936680782186,2.170330606512137,5.47,2.195403439
686,0.5,30.76801506511444,5.819905607949418,20.97,4.841201962
1026,0.5,13.611590561657248,3.8149949424131377,12.16,3.5130935
353,0.5,110.06425030023732,13.030113287317679,114.53,13.14269004
1126,0.5,9.9648482078746,3.0305717515073924,7.88,2.722617954
251,0.5,96.0868557313202,11.859719511043503,120.33,13.53006831
1516,0.5,6.976011140479289,2.4336912419056516,5.31,2.16267
1034,0.5,107.88282312717263,12.571528170112147,130.66,14.183
190,0.5,65.4230444089677,9.632599501564242,53.39,8.388894075
568,0.5,21.76596112082777,5.090692332844826,23.63,5.193676358
924,0.5,91.43513693971275,11.559742980501948,99.95,12.0713
1258,0.5,104.83632771491708,12.546620787845056,99.82,12.168
1843,0.5,36.9211572389556,6.951869295178043,40.3,7.09086
1132,0.5,87.32875457489611,10.919310224118162,91.8,11.5451
376,0.5,42.29597534238878,7.952402557860822,41.34,7.216883182
1265,0.5,53.551615446807425,7.098206982269638,124.53,7.024177621489566
1688,0.5,67.3211511615744,9.517286154577981,64.57,9.41494
487,0.5,106.91613774278069,11.524412798868841,125.28,13.446487
253,0.5,7.9950904505063125,2.76336769995101,7.39,2.62025
1586,0.5,92.57017588477432,12.111614451026293,86.01,11.1331
299,0.5,6.2290932885462995,2.512053237026916,6.5,2.431285405
760,0.5,43.82259323685107,7.602137883433932,39.68,7.04152
1670,0.5,5.738317192801801,2.331938942552887,6.98,2.533629389
1311,0.5,41.00625641958646,7.12067774304887,37.45,6.80431
994,0.5,8.793688989663204,3.1653690231710767,25.62,5.37673
609,0.5,6.613997069243367,2.488455225388995,5.71,2.25345
1054,0.5,87.61846127383065,10.908281639420807,101.72,12.2521
1708,0.5,88.62997561460175,10.899164022125884,87.59,11.2199
271,0.5,22.340532476132182,6.764336602187257,15.31,7.024177621489566
214,0.5,2.4276268862133246,1.390467888750827,1.93,1.210733876
1279,0.5,76.19008390640354,10.691796899440854,126.78,13.9775
965,0.5,91.02326005206606,11.440891572082768,88.71,11.3151
665,0.5,15.036937572976367,4.171918314502834,11.63,3.41784
1271,0.5,47.22094102192443,6.896568262104684,75.49,7.024177621489566
4,0.5,99.31117934469752,12.221285584904924,99.64,12.10867994
204,0.5,19.34247716089681,4.963658995397288,19.32,4.613131896
648,0.5,85.33918535924346,10.99890439305857,88.19,11.2446
219,0.5,10.394909243526469,3.121168277283169,23.11,2.582442
393,0.5,3.33890417081146,1.646585203388582,3.52,1.69257
977,0.5,11.682763233607682,3.5024481426429155,9.4,3.01498
948,0.5,118.69011225725022,13.521911962774986,116.12,13.24971416
1187,0.5,85.20323398151022,11.400269941606552,71.2,9.93735
900,0.5,7.802770410627618,2.707336576223859,8.47,2.841179901
520,0.5,62.89154653756149,9.22684859891228,61.52,9.08479
1679,0.5,48.724949265564156,8.100572233439534,40.17,7.096299381
481,0.5,4.099668752783633,1.9111380917038239,4.77,2.28501
538,0.5,66.11596432233938,9.201952017367802,64.15,9.39131
918,0.5,91.49771647011075,11.62729804971493,105.1,12.4956
268,0.5,61.881192903403154,9.471455760630272,52.53,8.309019329
521,0.5,19.47525533853271,4.030141348412601,26.66,5.58857
31,0.5,113.13801258974783,13.386105816331241,125.8,13.88927615
1818,0.5,21.787208613211078,4.79524644501364,14.74,3.91968
814,0.5,6.235023280944637,2.286845118838699,10.49,3.217
1335,0.5,105.03733991911778,12.138162092954783,111.35,12.92730565
825,0.5,5.987845442924841,2.3091243091955573,6.19,2.36311
1366,0.5,32.14633064216121,6.116814885944974,35.64,6.613947587
347,0.5,2.354550773126653,1.3082607864446998,1.83,1.192639209
512,0.5,24.050184727473706,6.808206631983275,30.62,7.024177621489566
1639,0.5,95.12639871374003,11.622736301432337,100.34,12.1366
1184,0.5,114.4504118374045,13.274122369533362,118.41,13.3524
773,0.5,31.292891969430467,6.215000859494227,77.22,10.3751
1480,0.5,95.4374868093801,12.009944100086795,90.85,11.46948561
1793,0.5,60.108767478819175,9.062600835704401,47.3,7.78724
1402,0.5,88.0150098200452,10.79150658372687,80.42,10.67471486
1025,0.5,7.491926234457353,2.871978758051399,7.18,2.578146532
1093,0.5,5.273361610685089,2.3007250232963288,5.59,2.225369592
89,0.5,2.8488854124214766,1.4824406213622296,2.28,1.312234294
1170,0.5,8.724547901297713,3.109972657341813,21.9,4.98711
1646,0.5,2.871355186587954,1.5560475169123016,4.32,1.89426
1353,0.5,96.41186988831633,11.648946339920881,106.65,12.5934
1355,0.5,21.775145703975678,4.804105267274171,67.4,9.65497
177,0.5,4.9721446754647864,2.0214882824683187,4.38,1.925734586
1031,0.5,4.624208027524058,2.0981931737479007,3.45,1.674180322
1399,0.5,82.57678398906208,10.516722576503419,99.87,12.0428
1057,0.5,14.552704316694603,3.400272738028971,16.75,4.242394637
1110,0.5,82.46285292622969,10.602852461824913,92.16,11.56559794
385,0.5,98.18112429552693,11.68597027369848,77.93,10.47865795
1411,0.5,50.71750133300472,6.833660259703212,55.01,7.024177621489566
1543,0.5,85.59019243995,10.983667460951452,93.35,11.6629
1137,0.5,2.7254226700737867,1.4820403624026943,4.65,1.99844
1393,0.5,35.488945775717255,6.499509792174175,45.24,7.64474
1367,0.5,31.69850749524228,5.876011933017256,35.03,6.547178712
1629,0.5,22.6500088167743,4.890876697430234,21.48,4.89644
408,0.5,6.594293420111027,2.5459494391368973,7.73,2.28122
506,0.5,87.56556437422401,10.882431811157693,86.69,11.1276
1115,0.5,61.62699535580661,9.423911000225461,66.22,9.54792
813,0.5,93.7584943791346,11.397299313634248,86.56,11.1497
1136,0.5,86.05972195340505,10.912311930955385,81.5,10.753
302,0.5,70.75481633271295,10.009386522885155,121.01,13.57525892
436,0.5,25.954748195205926,6.0349722702901,23.06,5.118907941
979,0.5,63.81253772961101,8.402720333007448,47.76,7.024177621489566
171,0.5,111.741253137037,12.74736774298719,121.6,13.61374033
1409,0.5,97.40292534281873,11.640317509549819,111.85,12.9673
1518,0.5,12.322799373605507,3.5215257888501816,13.87,3.797335347
1427,0.5,7.528372688714211,2.9889864246675706,8.53,2.852334785
270,0.5,93.38668841259137,12.053952281291378,96.61,11.9045
227,0.5,83.92898804345116,10.643861837762936,97.07,11.92440528
1196,0.5,20.463640588625516,6.561452518559307,15.2,7.024177621489566
558,0.5,4.368052099354926,2.052295266939182,5.08,2.102385379
1511,0.5,66.50914887807744,9.53166245851481,59.27,8.920508561
1210,0.5,83.66118205153566,11.14375446631682,96.74,11.9007
618,0.5,55.684042817374255,8.493971029392602,55.39,8.57193
1588,0.5,22.18885318740308,5.592550712034097,25.49,5.44119
1530,0.5,3.6828317819379683,1.6722505031023818,2.83,1.5002
1784,0.5,1.8973567256866897,1.1899723453711588,0.85,0.961738557
597,0.5,16.968798353522878,4.578692066842134,19.15,4.5947
1520,0.5,65.36772411045013,8.989160125594381,72.99,10.08322393
737,0.5,18.43507742169388,3.9124089999348475,13.87,3.80598
1334,0.5,77.59879409976396,9.938577625957357,80.26,10.66165646
1150,0.5,85.46096339530713,11.227048494746002,87.25,11.2009
378,0.5,7.292564658075981,2.542196222937483,7.39,2.62397
866,0.5,6.857952808102606,2.510114931031652,6.06,2.3352
1718,0.5,86.29204350874139,11.154618331705947,92.31,11.5845
379,0.5,5.904160993581263,2.1554627614358455,5.41,2.1838
192,0.5,4.647796328249532,2.0643557651451223,4.4,1.93236572
260,0.5,36.53346717942364,6.836008847304434,46.67,7.7514065
1652,0.5,87.86827049808493,11.352120076444836,93.06,11.633
1212,0.5,53.47426793208801,8.606811437573434,55.03,8.52936
953,0.5,13.791874164002806,3.5119742535881553,9.44,3.026578642
1003,0.5,34.9193054651613,6.480934891904378,31.56,6.16036
861,0.5,5.764298908996118,2.2533176767919976,4.25,1.89435
308,0.5,96.53600184660421,11.35101779673663,112.5,13.0203
1591,0.5,91.96842273828085,11.59908564792128,87.58,11.2128
1268,0.5,21.67812752498765,5.098702971212188,21.13,4.86815
1164,0.5,86.07521256964537,11.392967471259759,76.52,10.3670919
360,0.5,8.596713175600339,2.6419757508309534,6.93,2.512038
652,0.5,20.91076554769905,4.614063265414151,17.99,4.42263
381,0.5,63.0352547607008,8.75168837130676,43.82,7.469402719
1775,0.5,7.09483384943934,2.646761950232435,6.45,2.42354
1000,0.5,46.689254234050125,8.504259068755887,52.81,8.33267
452,0.5,76.25507673600646,8.871569382382255,88.76,11.3113
414,0.5,6.181648155901154,2.3809983715071317,6.1,2.340834103
987,0.5,45.137356752653986,7.579843567033369,73.79,10.1474
1459,0.5,65.18719187570886,9.085365720700947,63.99,9.33912
1358,0.5,72.21166975410718,10.41105808860504,72.87,10.0826
1703,0.5,114.21886489051556,12.695722714441514,129.15,14.10495771
638,0.5,68.12525780044538,9.273364834431012,70.99,9.91393
1404,0.5,86.32501829733806,11.872587034302025,105.27,12.5164
133,0.5,11.516166041470951,3.1006339750090395,10.81,3.28324
202,0.5,90.03000074677385,10.800073516190707,91.33,11.50390062
1169,0.5,109.8302939400104,12.415794028005825,98.5,12.0756
198,0.5,45.264390419547226,5.491348943740441,16.17,4.155260325
796,0.5,75.21346619589853,10.060690655440881,69.2,9.77911
574,0.5,106.48012080460673,12.1936068360485,119.35,13.46463141
1114,0.5,12.39864380816772,3.7150490931166154,14.37,3.86968
317,0.5,1.61962603310496,1.2047187924300033,1.13,1.042840696
980,0.5,45.93099057443985,7.7298613218645675,95.18,11.78712672
142,0.5,8.580485279219696,2.8432484777381735,9.61,3.12766
1413,0.5,11.250720047331797,4.138799256512004,17.74,4.37963
1806,0.5,14.253722372274135,5.757074023106419,3.74,7.024177621489566
1852,0.5,98.23628324759824,12.060630376908662,117.29,13.3280613
465,0.5,77.16991581304814,7.295805847731696,74.24,7.024177621489566
315,0.5,93.34415215927228,11.760274791385317,110.17,12.84561173
1425,0.5,5.595042917483405,2.273061777772337,4.37,1.93226
670,0.5,75.88188874856458,7.45525249039014,79.53,7.024177621489566
170,0.5,54.486866776667824,8.677546681236034,63.97,9.33715
467,0.5,45.539037965610994,7.638797054753168,70.23,9.84223
1109,0.5,86.23591445151227,11.17069730571672,84.52,10.9933
1486,0.5,2.9286463841974815,1.5347675553346192,3.44,1.67736
1398,0.5,88.5652212401399,11.163905026877526,96.4,11.87591193
1341,0.5,105.07149447987452,12.688187712551095,117.71,13.3674
1448,0.5,11.642630324302143,3.653489504816254,10.1,3.16086
22,0.5,12.684898807886482,3.4626329469440114,12.19,3.517574786
1267,0.5,33.41061379614235,6.937413391929294,35.89,6.63491
45,0.5,2.6863964456872846,1.407541929719261,1.65,1.15643
1224,0.55,26.755721754436884,5.9138739427454325,29.55,5.94241
475,0.55,66.13774716099505,8.962540390111583,77.13,10.417
1838,0.55,5.579753334315718,2.11770509927975,4.41,1.92318
1199,0.55,8.724588165747415,2.904745302039381,9.3,3.01287
53,0.55,8.076960719255883,2.7375138079551378,7.04,2.54474
1408,0.55,89.36293811545075,11.312413214682307,112.81,13.0531
1654,0.55,43.34857255733912,7.454652304878615,36.24,6.70553
18,0.55,80.8035013168675,10.958377318394538,76.0,10.32616195
731,0.55,19.85072225858064,4.957129750978056,15.91,4.12435
1374,0.55,50.28753357302495,7.033182336816342,33.76,7.024177621489566
233,0.55,59.774354477768675,9.93839739207262,55.83,8.612116336
1390,0.55,95.91556939267605,11.707928228163562,125.31,13.8742
621,0.55,68.44623138598169,9.754897330438492,68.34,9.70968
427,0.55,7.009497896094896,2.4834900071908383,6.82,2.50355
187,0.55,19.916972380119454,4.287601474532183,21.79,4.952313354
1029,0.55,3.5392961722798066,1.8774630284726972,3.27,1.62297957
390,0.55,73.65510044177329,10.776343049422545,82.55,10.8261
457,0.55,117.05303673711616,12.236244206927543,117.29,7.024177621489566
156,0.55,8.43565481908891,2.8613223256110767,13.61,4.509178613
1337,0.55,90.32306135222234,11.554170374553799,79.11,10.5731
1649,0.55,9.767505902265363,3.094455619867126,7.06,2.54445
1628,0.55,107.84011760562042,12.727643374868405,112.16,12.9734
616,0.55,93.62298414516711,11.526841776234486,109.15,12.8076
726,0.55,46.26048622864227,7.856541916207947,122.07,13.6402
473,0.55,70.02598200861844,8.554251755444318,64.55,9.36472
853,0.55,4.375615558849417,1.8379475015398747,4.59,1.980635825
1720,0.55,99.56999756570592,12.158961537682108,120.83,13.5597
1834,0.55,48.181746414674585,8.839607327217987,60.85,9.059590395
440,0.55,70.38632127968718,8.992485012554493,55.55,8.56637
303,0.55,2.415231029541605,1.2839387767616406,1.95,1.214566424
519,0.55,22.466729336954263,5.316422163628815,21.07,4.86242
191,0.55,16.80765253632738,4.055508194427023,14.68,3.924832159
6,0.55,98.39334447433247,11.684852287322311,113.71,13.08687204
962,0.55,37.765264963338865,7.196589841593608,29.29,7.024177621489566
434,0.55,105.01337336344747,11.444608042587209,90.34,11.8344
1693,0.55,3.369174251732541,1.7541560253907382,2.52,1.393219042
412,0.55,8.264877343300741,2.9233060487277234,7.25,2.58794
124,0.55,44.648574674353874,7.064700021425135,43.24,6.99891
1768,0.55,2.584500967156354,1.5073730037963586,0.86,0.965061868
1617,0.55,32.20474429977613,6.8834062562121785,28.01,5.739561697
1294,0.55,18.814954974715356,5.464173090744513,16.34,4.16809
318,0.55,1.7783558961850738,1.1266830842342412,0.56,0.856692464
17,0.55,113.36837928166071,13.361802532027907,124.3,13.79115826
1758,0.55,20.037343225323358,4.561170413329895,19.35,4.615
80,0.55,32.32604782933012,6.840427508448129,19.13,2.432614
479,0.55,7.169453560922792,2.755265398704931,6.52,2.43432
744,0.55,18.16839567584587,4.758037562330351,74.3,4.06597
963,0.55,6.920931041172814,2.6853528743065853,4.31,1.90837771
135,0.55,96.24503800325625,12.287258727145339,94.26,11.7171
847,0.55,27.094660437265468,5.634011268982276,23.64,5.21152
118,0.55,11.166016379078789,3.14886613456552,11.71,3.435910248
85,0.55,7.260011265181428,2.1855591770344653,3.61,1.741587
1103,0.55,81.65895724708749,11.333747144740112,92.98,11.62586504
1379,0.55,10.471467994815573,3.750600669924773,11.82,3.44576
1789,0.55,1.7080967607620094,1.2490024234810295,0.63,0.885684603
1045,0.55,5.337098564821333,2.0954582381093823,7.43,2.629079023
792,0.55,16.38142558112169,4.130229723232859,14.5,3.90515
47,0.55,2.3971592484078,1.2287191519869842,0.88,0.969819
77,0.55,41.82811477311937,8.32000657315055,56.57,8.85869
904,0.55,100.55000104809437,12.442897094846407,94.7,11.7215
107,0.55,95.79147023114258,12.176683084446147,108.69,12.74428382
1461,0.55,27.768011604930976,5.71458833942135,21.53,4.916984204
1856,0.55,109.21541015309808,12.63952283666879,109.94,12.82971612
30,0.55,49.44839036869541,7.2786214020298035,43.22,7.42915
1437,0.55,4.159794087854358,1.7479968573539535,2.3,1.318046443
596,0.55,74.47185297420314,9.40405915394416,114.56,13.1383
1672,0.55,2.2062779048076364,1.3707177955124663,1.38,1.101762401
1236,0.55,48.20575304867157,7.046397230094081,49.35,7.024177621489566
425,0.55,18.627024360200853,5.116538512769162,19.67,4.66502
361,0.55,115.41864997982364,13.433776950217089,105.75,12.53990524
991,0.55,6.469064212044501,2.4008767666251676,7.8,2.705027839
1728,0.55,24.8409502689106,5.213002539405356,21.12,4.862440485
1780,0.55,91.22381906037808,11.111446515907828,77.3,10.4307
862,0.55,6.664943108064515,2.5194237203513414,8.15,2.77807
1723,0.55,104.13656593944337,10.92570570611703,92.69,11.6029
1239,0.55,53.21490828427092,8.970920208276295,40.44,7.13535
655,0.55,48.92088133471811,7.6792667960230805,83.22,10.8884
883,0.55,7.260892525213668,2.5275463221027916,6.68,2.47030768
1599,0.55,10.646258045372774,3.258456124228661,9.39,3.00633
871,0.55,9.035168609206064,3.0115400151282503,10.75,3.2807
1424,0.55,99.8976967791647,12.4996106767782,76.73,10.4386
1609,0.55,105.70903034990195,12.80467748350557,126.51,13.9433
326,0.55,5.59045922163789,2.2187855647854597,5.7,2.24794
1317,0.55,86.92152844040591,11.754149390508166,74.94,10.24074428
985,0.55,6.979592898580822,2.6476630147167723,6.69,2.47118
1476,0.55,8.812555023028935,3.29625065831573,7.58,2.660025534
175,0.55,12.927156231822654,4.030969668835208,21.14,4.87824
1656,0.55,39.67091931717004,6.803522550027316,28.87,5.8474
557,0.55,10.615662300313984,3.2521104776472174,11.57,3.412480023
1101,0.55,26.73902397295134,4.760665102416881,19.85,4.517045331
459,0.55,69.33766609588868,9.542644863773623,128.46,14.0608342
712,0.55,4.966800861017558,2.057308185844253,5.49,2.20071815
679,0.55,90.61732870588226,11.536187182668172,72.76,10.0433
923,0.55,16.872218580809474,4.258888595378373,14.47,3.89334
553,0.55,8.842364582118513,2.823060809752538,9.11,2.964146098
1182,0.55,31.64465017971476,7.0260281615683065,47.07,7.82059
249,0.55,91.26572988248607,12.044141708279627,94.77,11.75690439
310,0.55,80.25730862035216,10.16988459483142,75.59,10.264
658,0.55,17.60703560511505,4.49895114690965,17.25,4.31235
217,0.55,2.4463436444939317,1.399703554485938,2.42,1.35917743
896,0.55,2.984314071535756,1.5473231275607406,2.86,1.499704002
958,0.55,43.16842497775071,7.633122809394347,30.66,7.024177621489566
458,0.55,44.24508465397658,7.232629186180768,28.62,7.024177621489566
1695,0.55,44.971914815563586,7.6050512727520205,39.6,7.03413
666,0.55,22.75072833220798,5.869657157253053,34.8,6.35126
489,0.55,99.32438778737702,12.470879257138703,117.42,13.33687048
969,0.55,13.535201210720365,3.6842195933967683,12.74,3.60283
674,0.55,3.943427423349959,1.981032191795705,2.52,1.39527
1315,0.55,88.48095451780746,11.582203199598478,85.72,11.0715
1205,0.55,13.42172096291201,3.5796658055658304,12.83,3.62818
1498,0.55,106.92005985621869,12.639833764775178,100.58,12.1616
743,0.55,49.8043687931916,7.230542865873416,36.91,7.024177621489566
1276,0.55,73.83291512567732,10.18414238882,71.58,9.96751
1844,0.55,32.601712131597736,6.379473315948355,30.67,6.0323
148,0.55,40.53094150287435,8.00806238514197,101.78,12.2412
1074,0.55,114.97185824131498,13.220797273490069,113.65,13.0889
1497,0.55,7.578787011265705,2.725538957426121,7.58,2.65245
1416,0.55,98.6946111284836,12.498027444515486,69.6,9.82252
587,0.55,110.29466627183224,12.91015830917136,105.95,12.55419255
517,0.55,14.178050984920025,4.029455723194915,13.61,3.754833321
1661,0.55,9.82121175591897,3.2581319627545584,12.36,3.548343316
1286,0.55,91.58347596754479,11.440697152245779,119.59,13.4003
76,0.55,3.344782296632587,1.8372220109307784,2.12,1.671618
1081,0.55,3.804879186918692,1.8891857884404573,3.42,1.666703009
1415,0.55,49.829908839667056,6.8393669159929384,74.93,7.024177621489566
999,0.55,13.634571854109945,3.5074584763829515,28.55,5.805449843
1732,0.55,11.980512260180005,3.6020536027945114,2.72,1.455123436
593,0.55,62.663115620255695,9.405158807694383,69.0,9.754848091
1573,0.55,11.44636292129687,3.41436234033112,9.44,3.02618
262,0.55,116.50428094230108,13.320228676058367,116.99,13.30845019
1533,0.55,64.87328223663076,9.234408428254705,115.63,13.21716686
565,0.55,11.09274452181991,3.268423611144704,9.31,3.00264281
1287,0.55,109.18413269529448,12.9350043066561,117.11,13.31600225
34,0.55,59.9127017553034,9.334414538199473,80.03,10.6751
1183,0.55,63.6056990560786,8.824116045608093,68.76,9.735489661
1840,0.55,100.86540280436968,12.510324529927042,94.75,11.75567728
182,0.55,106.59222771563452,12.27793723685338,125.96,13.89945234
651,0.55,31.26905773634201,6.124023053779424,28.37,5.78741
276,0.55,6.901676371907136,2.4277445435639042,9.56,3.05033809
567,0.55,3.6651730003453307,1.743211419654076,3.03,1.553134989
775,0.55,24.811404240760417,5.902169846640111,27.13,5.62786
1188,0.55,26.09433890411502,5.282040216396722,37.53,6.82612
1823,0.55,73.92620827893622,10.363395444484617,63.36,9.29428
1593,0.55,12.373735439780695,3.4184770697619897,12.8,3.62613
840,0.55,3.350126612872374,1.8232477397280664,3.9,1.799296606
161,0.55,108.56084690546629,12.495673726752125,107.4,12.65489004
564,0.55,8.119171999503436,2.6972040502643573,7.4,2.623164132
579,0.55,12.569500935811838,3.4436476467423462,10.61,3.241642959
1151,0.55,20.500314855734683,4.781228792650406,20.78,4.82429
14,0.55,7.418921399165437,2.5888248708340416,7.65,2.66889
1122,0.55,90.03179421539653,11.57996451301834,92.33,11.57792161
713,0.55,12.536072330921249,3.588301072541483,14.52,3.91576
1097,0.55,3.323025719708856,1.7089540503508978,4.02,1.833476886
254,0.55,7.279668614084141,2.427590346116981,4.66,1.99787
1858,0.55,109.72401517092214,12.786388767023624,107.41,12.65581119
1158,0.55,109.78281579613319,12.856944087377418,115.93,13.2366563
970,0.55,56.39180711044589,9.004505476319375,55.42,8.575211206
526,0.55,78.10637741274951,10.327984113420545,101.51,12.2235
1651,0.55,54.96570215510088,7.926691205546293,48.11,7.88895
1769,0.55,27.30877924274437,5.471537735432509,22.32,5.02186247
1213,0.55,60.92126124018914,8.754451716650726,58.05,8.78597
1735,0.55,93.11760235081441,11.705508508053207,106.05,12.56093758
893,0.55,8.83915535331194,2.8163628123821787,9.25,2.99324
1832,0.55,80.85502538847244,10.63869128392298,74.6,10.2495
1234,0.55,52.30020191044609,8.235223610175744,46.76,7.76491
733,0.55,12.94972511270856,4.888314985715165,9.15,7.024177621489566
1751,0.55,91.15652576115755,9.731095939956585,120.8,13.5278
1237,0.55,31.731605658723176,6.70830620935879,25.93,7.024177621489566
581,0.55,47.00245368503672,7.175328308601306,38.83,6.956425764
1551,0.55,62.22636745291895,8.548587082404374,42.05,7.290258938
37,0.55,52.84391350082361,8.518273809436344,48.6,7.99698
223,0.55,29.90732720607254,5.977753956934613,27.51,3.493627
1523,0.55,43.36064030606094,7.194198088801546,37.59,6.823692468
1382,0.55,15.325632731103333,4.666740493608455,6.63,2.16171
1042,0.55,76.1237362148351,10.486183100982561,98.43,12.0629
1070,0.55,72.88596627463399,10.158900382069705,64.42,9.36468
443,0.55,24.785768074557673,5.104504359023246,19.99,4.70308
152,0.55,2.795299941638328,1.6176689611882662,3.82,1.77141
1799,0.55,79.63588824426269,9.969475046815816,101.42,12.1874
1759,0.55,73.79770327293912,10.291234347685199,74.91,10.2441
667,0.55,53.596369727162106,8.57825228455528,29.45,5.91488
485,0.55,114.17364324650818,11.802431014578616,119.75,12.962219
992,0.55,2.9737349081126028,1.5378924792389814,3.26,1.62083261
769,0.55,16.942723930292733,6.5175868695337895,10.87,7.024177621489566
1005,0.55,36.1039746564179,6.668180548803275,32.02,6.20845
572,0.55,12.328535320450534,3.535221674345903,9.15,2.972828344
278,0.55,105.0447738099956,12.609817620084023,118.47,13.40695673
632,0.55,25.4764199823364,5.70336316957211,25.04,5.374472103
823,0.55,28.99516202881994,5.453494346151285,23.66,5.20733
141,0.55,61.568209704273414,8.79176647594815,66.94,9.58224
752,0.55,31.704231278744164,6.599394045847275,30.39,6.01061
240,0.55,4.414128186064986,1.9880853802433347,5.32,2.160174068
1824,0.55,9.459248640923011,2.916591603495004,6.67,2.46843
795,0.55,28.682490071673772,5.345046177882441,25.69,5.46087
55,0.55,5.995548502198352,2.38336328709703,5.83,2.280732664
333,0.55,14.837100870101382,4.3148200063360695,52.89,1.90058
897,0.55,3.8591980074300105,1.7750675179217614,3.29,1.627714714
1364,0.55,48.01568862770112,7.5320640219049,44.16,7.48475
1492,0.55,113.62806102206049,13.193252890503913,115.71,13.22170304
215,0.55,116.56410640825678,13.530874222060255,116.63,13.28441341
672,0.55,5.400029217564944,2.2368834291591235,4.87,2.051533242
446,0.55,88.39267954075886,11.597788034528735,108.18,13.7564
530,0.55,60.99439631250215,8.761154073992522,119.29,7.024177621489566
789,0.55,51.19012768086461,9.02260714451461,50.58,8.13315
576,0.55,13.904088703491253,3.614188311529723,17.74,4.386987751
9,0.55,93.49129518136911,11.362201523947126,78.84,10.55059224
997,0.55,82.37176137321765,10.746447531473194,116.71,13.2583
1781,0.55,98.76306313233154,12.602633994217713,81.72,10.7664
1850,0.55,8.904763895087209,2.9237257645610364,9.37,3.01006
220,0.55,8.334509862751903,2.662630433341418,7.69,2.67607
982,0.55,103.69607020618241,12.691169269010947,91.68,11.5159
259,0.55,2.343707423611543,1.3513044863965982,2.16,1.26995
989,0.55,94.96225575739572,12.258423975980362,94.78,11.75821955
39,0.55,101.02617188102327,12.000881347469265,118.4,13.3028
229,0.55,36.14041794374888,6.222480233531094,26.9,5.933251
911,0.55,6.8035307333400565,2.5368744273792356,6.67,2.45459
491,0.55,119.55047595903517,13.310533829356972,111.21,12.91712883
516,0.55,88.83695658133782,11.410660900973832,86.88,11.1424
66,0.55,3.833246140493855,1.7131164462657849,2.79,1.477775413
1464,0.55,98.65404881171872,11.836162808288913,94.75,11.75575788
933,0.55,94.61211597749741,12.10120106549079,90.81,11.48
615,0.55,103.67400058443441,12.909132429195768,96.91,11.8862
1246,0.55,101.09425183308404,12.219920771442112,85.94,11.1273
206,0.55,110.51098739484748,13.076464186348485,109.38,12.79215388
1612,0.55,10.9031608125143,3.4214573434058413,8.39,2.823759908
461,0.55,10.276160314034028,2.9043648850353,9.97,3.34688
1788,0.55,2.392802516370347,1.4534593277679515,0.83,0.955851376
1299,0.55,91.10672836752997,12.255410575043841,91.87,11.5444262
402,0.55,4.082476478111394,1.8831398854468422,3.49,1.686631414
5,0.55,107.1167572724305,12.711521260600936,102.14,12.28673887
58,0.55,60.00114739879898,8.75729921576465,39.81,7.059079908
955,0.55,93.95084786024194,11.887168422842048,89.31,11.3749
762,0.55,14.099497288505862,3.8315030035902797,11.29,3.45648
1052,0.55,120.37523690954166,13.362616260889746,123.98,13.77034053
529,0.55,29.530391853050094,6.0453227640054745,31.64,6.167248677
1388,0.55,116.43049054813781,13.363046014454545,121.48,13.6371
1568,0.55,12.267320387114156,3.2185267988334285,8.99,2.93924
1454,0.55,2.6574439745008904,1.4988138052579594,3.61,1.719326482
1664,0.55,6.465981766853653,2.5613718787034765,6.59,2.451177479
1855,0.55,18.536257374062973,4.468245029221946,10.06,3.13923
1174,0.55,69.73367411202842,9.039957413150002,56.89,8.72806
768,0.55,23.011013495910916,5.2449552687893455,21.99,4.98445
578,0.55,7.831037070418341,2.819592199687977,6.58,2.448945353
740,0.55,69.22277426383592,9.721143606702505,95.88,11.8527
602,0.55,24.80550333021875,5.248016197652648,56.78,8.697617256
92,0.55,7.592090733272829,2.69700225874714,8.4,2.826989728
993,0.55,2.2354642838840415,1.4230204279025582,1.35,1.097286737
1500,0.55,81.65067573957072,10.843043670110411,98.09,11.6786
575,0.55,7.1718429918508795,2.4881602315818974,5.8,2.273030104
1453,0.55,97.89833883207109,10.502620225215514,104.62,7.024177621489566
539,0.55,7.029289285201597,2.5479700316072966,6.16,2.35888
438,0.55,11.71651263811381,3.515720569551667,13.08,3.64998
642,0.55,87.68740600681048,11.111364491447189,118.5,13.4294
144,0.55,33.75847625348998,7.155145007191878,36.52,6.64264
342,0.55,5.127861246281954,2.246547776154963,5.9,2.29679437
1288,0.55,83.24997244338002,10.999370674677914,100.58,12.17579997
716,0.55,5.371869085938838,2.1072459079145442,5.34,2.16083
1047,0.55,9.33607819493405,3.0755700737039353,10.47,3.21883
1581,0.55,29.922969702568867,6.115451435726489,27.44,5.670863357
799,0.55,74.44196448340112,10.214888970206108,68.55,9.72386
1021,0.55,11.109473210939903,3.3382751133180943,13.85,3.78219
19,0.55,5.907352253602866,2.38240741149536,5.99,2.3216
1391,0.55,96.76158878335985,12.375909167453901,100.78,12.1827
54,0.55,11.810112033967535,3.9991100112623967,12.29,3.751004
1558,0.55,62.043016721040985,9.558165811264296,65.62,9.49438
1319,0.55,88.72496033270953,11.728765149403904,110.71,12.8974
1083,0.55,9.553511119682746,3.292462342753618,15.33,4.026925833
1190,0.55,28.97094377799714,5.589802861364116,18.15,4.46635
641,0.55,24.208168694914438,6.29842837127802,22.95,5.10182
1,0.55,119.00840273690035,13.528454243993705,116.75,14.581841
1378,0.55,117.72201863201028,13.279897416193194,125.51,13.9016
113,0.55,13.887789007302516,3.9525023485126134,35.09,6.02383473
1546,0.55,76.42571440393078,11.052625953779469,71.54,9.98401
1064,0.55,89.64015088479296,10.41542903878492,126.44,13.9111
298,0.55,11.33304718112074,3.3977740477747416,20.17,4.71785
279,0.55,108.4881370497441,13.091893446816245,100.48,12.1343
82,0.55,87.21746639064565,11.182699673403869,83.66,10.92571149
745,0.55,90.94264396678066,10.319236938622796,95.12,11.8886
1127,0.55,35.06450150278792,6.697039098664345,31.68,6.170988152
1354,0.55,64.33695159654292,8.825445360537532,61.72,9.1446
1325,0.55,87.87232688915715,11.766312635413339,104.29,12.43773089
1087,0.55,20.853189636053614,4.992222539259358,25.19,5.41363
322,0.55,2.0460566011547097,1.128676998364814,0.81,0.949185781
1039,0.55,13.566688961098754,3.701137492626263,10.87,3.29096
122,0.55,4.203571829182078,1.9374382587369967,4.1,1.84555
1305,0.55,53.275329597642795,6.848000505093197,25.06,7.024177621489566
511,0.55,110.11429490944414,12.501873021722568,117.39,13.3343
48,0.55,3.9430434070771443,1.8475203281125057,2.5,1.36751
1572,0.55,21.10593307566829,4.786976184951957,21.87,4.95462
1611,0.55,85.68133757056593,11.208483254479649,89.82,11.3547
1010,0.55,15.96313183262909,4.443807991820604,19.42,4.33692
776,0.55,28.444316434306405,5.963923226508145,27.73,6.05271
842,0.55,12.324329076844151,3.46256083574867,12.14,3.49799
1841,0.55,14.051314477880895,3.7643186963497524,12.38,3.550689516
1142,0.55,81.83438046278341,11.29493702781459,74.51,10.2185
52,0.55,3.4551640016751923,1.7378903723794377,4.71,2.02068
501,0.55,78.04130380755596,10.371586379637646,64.42,9.36823
1602,0.55,13.412453420500619,3.6733463422278936,10.93,3.29943
1484,0.55,60.20859792718192,8.105544015221977,38.8,6.952739141
1023,0.55,4.880879593606995,2.0489301228307744,4.46,1.947929019
159,0.55,4.921962551973609,2.077301647659026,5.47,2.195403439
686,0.55,32.724779936675205,6.178706234296269,20.97,4.841201962
1026,0.55,13.28948009562707,3.8906817312035433,12.16,3.5130935
353,0.55,110.63680808067281,12.792800941352967,114.53,13.14269004
1126,0.55,11.461024420889954,2.9160022153340406,7.88,2.722617954
251,0.55,97.30519893489611,11.855354208942403,120.33,13.53006831
1516,0.55,7.118004189013509,2.4127377046922827,5.31,2.16267
1034,0.55,107.4230389334646,12.563872847880589,130.66,14.183
190,0.55,74.00758729363227,9.547665573439499,53.39,8.388894075
568,0.55,23.393610127848394,5.5007150191582745,23.63,5.193676358
924,0.55,90.95795380523823,11.918499047652347,99.95,12.0713
1258,0.55,101.9986361123405,12.444086228264336,99.82,12.168
1843,0.55,37.046826218659206,6.9613260459143085,40.3,7.09086
1132,0.55,88.328536478412,11.218169152008057,91.8,11.5451
376,0.55,48.124805775673494,8.344235312378817,41.34,7.216883182
1265,0.55,60.312169506223306,7.275591675483708,124.53,7.024177621489566
1688,0.55,75.44492462433294,9.637140662922551,64.57,9.41494
487,0.55,112.19893328683204,11.798920977194582,125.28,13.446487
253,0.55,7.832168288634874,2.723229019526263,7.39,2.62025
1586,0.55,99.01899650569752,12.355345653699946,86.01,11.1331
299,0.55,7.105243907084317,2.5005219783460637,6.5,2.431285405
760,0.55,46.53443363021256,7.46588967752637,39.68,7.04152
1670,0.55,6.596713866704373,2.245686962896557,6.98,2.533629389
1311,0.55,42.10560526352548,7.186651831709122,37.45,6.80431
994,0.55,9.154851816132812,3.32374083947537,25.62,5.37673
609,0.55,6.363475960437846,2.4756420949669113,5.71,2.25345
1054,0.55,92.04204879179733,11.216186964558457,101.72,12.2521
1708,0.55,89.74365112107134,11.090043295600728,87.59,11.2199
271,0.55,24.994143833603513,6.896304547186346,15.31,7.024177621489566
214,0.55,2.5245252321182705,1.352484277487692,1.93,1.210733876
1279,0.55,75.89804725937866,10.235676690855755,126.78,13.9775
965,0.55,86.48841308701343,11.471077330557373,88.71,11.3151
665,0.55,14.562013745794424,4.40842564671063,11.63,3.41784
1271,0.55,52.70070027740106,7.092101287994869,75.49,7.024177621489566
4,0.55,102.25850535683054,12.293891100352674,99.64,12.10867994
204,0.55,19.81220059496975,4.947632910492676,19.32,4.613131896
648,0.55,90.27876680149127,11.12418308384597,88.19,11.2446
219,0.55,10.339467324943184,3.309608645661555,23.11,2.582442
393,0.55,3.602101851369101,1.7096761384459496,3.52,1.69257
977,0.55,12.744382459174014,3.42413068395346,9.4,3.01498
948,0.55,119.18484973149496,13.453531236404753,116.12,13.24971416
1187,0.55,87.24851808721314,11.354753485064627,71.2,9.93735
900,0.55,7.800531142761575,2.6199601230943768,8.47,2.841179901
520,0.55,67.41820539618158,9.210542889291988,61.52,9.08479
1679,0.55,51.401146485120556,8.531486727170295,40.17,7.096299381
481,0.55,4.219584126627499,2.0103245774758713,4.77,2.28501
538,0.55,68.48836590251089,9.744443395834264,64.15,9.39131
918,0.55,94.73192916971318,11.537524461845338,105.1,12.4956
268,0.55,62.03203609213453,9.18613880733888,52.53,8.309019329
521,0.55,16.373673404464647,4.670911098137503,26.66,5.58857
31,0.55,116.40700756545709,13.261134637404824,125.8,13.88927615
1818,0.55,24.12547124350087,5.100419014924401,14.74,3.91968
814,0.55,7.195052844013684,2.6141115171663403,10.49,3.217
1335,0.55,110.78173635006934,12.265535220893007,111.35,12.92730565
825,0.55,5.824086924636866,2.37595353384104,6.19,2.36311
1366,0.55,32.817658485800706,6.184378645166361,35.64,6.613947587
347,0.55,2.400423687500082,1.3917541552706032,1.83,1.192639209
512,0.55,28.605530018848707,6.964546923796403,30.62,7.024177621489566
1639,0.55,94.90708964920813,11.717886653085188,100.34,12.1366
1184,0.55,113.55445945493777,13.30372255707365,118.41,13.3524
773,0.55,39.155148081411056,6.883657530974619,77.22,10.3751
1480,0.55,101.79981270326316,12.361933341560228,90.85,11.46948561
1793,0.55,65.68367366432723,9.092984762546982,47.3,7.78724
1402,0.55,91.66246311327623,10.876626500939153,80.42,10.67471486
1025,0.55,8.059462760030069,2.7274702196505043,7.18,2.578146532
1093,0.55,5.776889137889192,2.4873216545074026,5.59,2.225369592
89,0.55,3.4532439212867807,1.6135257571303674,2.28,1.312234294
1170,0.55,8.794249183650932,3.01955533445777,21.9,4.98711
1646,0.55,2.7921817356654364,1.5416385082864648,4.32,1.89426
1353,0.55,95.60173317313578,12.130465504599977,106.65,12.5934
1355,0.55,22.27961288887874,4.853148014637518,67.4,9.65497
177,0.55,4.935596628458698,2.1321443946661933,4.38,1.925734586
1031,0.55,4.981487869184012,2.1693179778128098,3.45,1.674180322
1399,0.55,86.15768746264813,10.451096017166881,99.87,12.0428
1057,0.55,15.958470606095974,3.339903612422128,16.75,4.242394637
1110,0.55,83.1618314443774,10.973891394903129,92.16,11.56559794
385,0.55,104.49170261467397,12.152803772773638,77.93,10.47865795
1411,0.55,58.95774768983279,6.916934406724437,55.01,7.024177621489566
1543,0.55,88.49719060146452,11.211983847242964,93.35,11.6629
1137,0.55,2.756222731947128,1.4993591171775296,4.65,1.99844
1393,0.55,34.9559091808356,6.959564929231055,45.24,7.64474
1367,0.55,33.77191758326502,5.975483553232288,35.03,6.547178712
1629,0.55,21.794171131880898,5.015754409821853,21.48,4.89644
408,0.55,6.951446374708485,2.4293674490984865,7.73,2.28122
506,0.55,89.79664798801267,11.132083837168224,86.69,11.1276
1115,0.55,64.99738276213711,9.693843593113643,66.22,9.54792
813,0.55,99.25045134860666,11.442933946473454,86.56,11.1497
1136,0.55,85.57886209954624,11.073965625716172,81.5,10.753
302,0.55,85.91003112637105,10.091245079791825,121.01,13.57525892
436,0.55,26.16958494260793,6.188194049225754,23.06,5.118907941
979,0.55,63.8331335989958,8.846986687844064,47.76,7.024177621489566
171,0.55,116.19666592672645,12.985760937276487,121.6,13.61374033
1409,0.55,100.27827035285117,11.935021919549236,111.85,12.9673
1518,0.55,12.730162825104737,3.385673501969826,13.87,3.797335347
1427,0.55,8.784347453514671,2.694889828246291,8.53,2.852334785
270,0.55,100.20177129178214,12.439701172870803,96.61,11.9045
227,0.55,83.25847578161265,10.182175577175055,97.07,11.92440528
1196,0.55,20.345261981219686,6.723824532266386,15.2,7.024177621489566
558,0.55,4.877639655674064,2.020804011391685,5.08,2.102385379
1511,0.55,67.18849689693539,9.703805942101443,59.27,8.920508561
1210,0.55,86.11793489899192,11.205833067882228,96.74,11.9007
618,0.55,57.54980599632927,8.333313626552517,55.39,8.57193
1588,0.55,24.63997881806908,5.556990029723104,25.49,5.44119
1530,0.55,3.6669781022254906,1.8176872646072544,2.83,1.5002
1784,0.55,2.0727210387179418,1.246658452501732,0.85,0.961738557
597,0.55,17.57939768745153,4.790473318932526,19.15,4.5947
1520,0.55,65.86371061817711,9.132196601744228,72.99,10.08322393
737,0.55,19.81918649704589,4.174377114227041,13.87,3.80598
1334,0.55,79.41915083805283,10.036493686676,80.26,10.66165646
1150,0.55,92.24593698689665,11.285050006226864,87.25,11.2009
378,0.55,7.705331170643064,2.688039650458835,7.39,2.62397
866,0.55,7.079291283220733,2.7187821482643155,6.06,2.3352
1718,0.55,88.06532726354467,11.161262938542281,92.31,11.5845
379,0.55,5.717884962238124,2.2889092014227668,5.41,2.1838
192,0.55,5.033277399868476,2.096020773728364,4.4,1.93236572
260,0.55,36.26246311622795,7.034441770210142,46.67,7.7514065
1652,0.55,88.08792055015475,11.695033111559002,93.06,11.633
1212,0.55,60.816011059862724,9.02713369814574,55.03,8.52936
953,0.55,13.315726247348104,3.5357069130579015,9.44,3.026578642
1003,0.55,33.841643833079985,6.6941077819275,31.56,6.16036
861,0.55,5.802875675638996,2.315967849203855,4.25,1.89435
308,0.55,93.55390568110725,11.353129389132851,112.5,13.0203
1591,0.55,92.32306792490822,11.690131130490538,87.58,11.2128
1268,0.55,22.16001435931638,5.110631251105591,21.13,4.86815
1164,0.55,85.86788290531135,11.412795500062021,76.52,10.3670919
360,0.55,7.94582471844085,2.7102034253411995,6.93,2.512038
652,0.55,22.596034414547976,4.662720526456022,17.99,4.42263
381,0.55,64.27128827890735,8.980011972231475,43.82,7.469402719
1775,0.55,6.958973865064468,2.6336691807158696,6.45,2.42354
1000,0.55,49.14364490723748,8.21027417551565,52.81,8.33267
452,0.55,71.557427978506,9.61431490572257,88.76,11.3113
414,0.55,6.009101919598685,2.3509741020864436,6.1,2.340834103
987,0.55,46.580562311952264,7.92449028508677,73.79,10.1474
1459,0.55,66.46922191986606,9.164730389116977,63.99,9.33912
1358,0.55,75.22810310772775,10.77441160191376,72.87,10.0826
1703,0.55,118.37809254709985,12.736181829544922,129.15,14.10495771
638,0.55,76.90303154408446,9.734870656605862,70.99,9.91393
1404,0.55,87.05817505154847,11.625197090408445,105.27,12.5164
133,0.55,12.121198083762723,3.3999982190834026,10.81,3.28324
202,0.55,91.34331900567793,11.172783223955687,91.33,11.50390062
1169,0.55,110.70118494826173,12.550005729041901,98.5,12.0756
198,0.55,47.465582097480684,5.815076189724721,16.17,4.155260325
796,0.55,76.34943953915854,10.369812087811633,69.2,9.77911
574,0.55,108.14555966779272,12.696925355192253,119.35,13.46463141
1114,0.55,13.378751400702557,3.655132164608782,14.37,3.86968
317,0.55,1.8286059524799976,1.2428669678934872,1.13,1.042840696
980,0.55,48.802389119000544,8.049757400534158,95.18,11.78712672
142,0.55,8.73451270887728,2.8528368888643816,9.61,3.12766
1413,0.55,11.16371088905332,4.310786383537502,17.74,4.37963
1806,0.55,14.553334902332272,5.665257876035917,3.74,7.024177621489566
1852,0.55,98.29846612689283,12.29776015199193,117.29,13.3280613
465,0.55,79.70197265093508,7.549158614314563,74.24,7.024177621489566
315,0.55,95.86610781730629,11.995988715425343,110.17,12.84561173
1425,0.55,5.534054310315606,2.290246257932712,4.37,1.93226
670,0.55,76.39954770170924,7.53639951939945,79.53,7.024177621489566
170,0.55,54.99962056797077,8.865649410235646,63.97,9.33715
467,0.55,50.6355775962361,7.6582268337972,70.23,9.84223
1109,0.55,87.67948585643266,11.387862256234984,84.52,10.9933
1486,0.55,2.950551392261004,1.5014585819555097,3.44,1.67736
1398,0.55,91.99054044216889,11.625776701826538,96.4,11.87591193
1341,0.55,110.19820353923338,12.757850109729286,117.71,13.3674
1448,0.55,11.042728640001915,3.6976699943943436,10.1,3.16086
22,0.55,13.176753731690358,3.5390919224735153,12.19,3.517574786
1267,0.55,33.590217960279695,6.6824173599958705,35.89,6.63491
45,0.55,2.762701844452907,1.4960039808515098,1.65,1.15643
1224,0.6,26.815648269704095,5.5037729689561194,29.55,5.94241
475,0.6,67.41899014171746,9.430957522376607,77.13,10.417
1838,0.6,5.147705131594194,2.129568687057,4.41,1.92318
1199,0.6,8.501630517217572,3.0321595304798494,9.3,3.01287
53,0.6,9.707880938168328,2.977040093030135,7.04,2.54474
1408,0.6,93.20073796912148,11.44812081012955,112.81,13.0531
1654,0.6,41.78765396584056,7.373782124555932,36.24,6.70553
18,0.6,84.98517961857576,11.25992319825052,76.0,10.32616195
731,0.6,20.84987889911469,4.955041580040031,15.91,4.12435
1374,0.6,55.67495571305046,7.393293437251737,33.76,7.024177621489566
233,0.6,61.035761286897376,9.660818994210771,55.83,8.612116336
1390,0.6,94.98157153505876,12.05580067640321,125.31,13.8742
621,0.6,75.1989507077158,10.330217588527276,68.34,9.70968
427,0.6,7.179315217819339,2.4538671209023364,6.82,2.50355
187,0.6,27.13404654784617,4.619661966966975,21.79,4.952313354
1029,0.6,3.899298114361998,1.9525252068425356,3.27,1.62297957
390,0.6,76.83958028241292,11.082265197985516,82.55,10.8261
457,0.6,116.09389026192825,12.924915144493319,117.29,7.024177621489566
156,0.6,8.92674102906089,2.7590777535666957,13.61,4.509178613
1337,0.6,98.2385647085281,11.377771237668352,79.11,10.5731
1649,0.6,10.302437880518438,3.2495527348734297,7.06,2.54445
1628,0.6,111.18513247767459,12.797123811461182,112.16,12.9734
616,0.6,96.45763722313154,11.48974313950463,109.15,12.8076
726,0.6,50.44933655269415,8.097678799345232,122.07,13.6402
473,0.6,72.27253336879416,9.138757703150027,64.55,9.36472
853,0.6,4.583290524934855,2.22507014279262,4.59,1.980635825
1720,0.6,102.58894280832386,12.052318208115915,120.83,13.5597
1834,0.6,40.194969335127865,9.467219763793869,60.85,9.059590395
440,0.6,70.00020036398891,9.21487127742559,55.55,8.56637
303,0.6,2.7533027788080298,1.3707816361726406,1.95,1.214566424
519,0.6,23.098830465806568,5.230441922971544,21.07,4.86242
191,0.6,17.872395943806612,3.9445978556413315,14.68,3.924832159
6,0.6,96.52057848049044,11.985146033870347,113.71,13.08687204
962,0.6,42.90198861065024,7.488642870686832,29.29,7.024177621489566
434,0.6,104.46276185469647,11.748335404331671,90.34,11.8344
1693,0.6,3.8858189597144484,1.8856595949973043,2.52,1.393219042
412,0.6,8.093159242895155,2.9066434264558323,7.25,2.58794
124,0.6,35.989013440922186,7.224198198623691,43.24,6.99891
1768,0.6,2.4391349011568466,1.4442025656443513,0.86,0.965061868
1617,0.6,35.12892900663536,6.925810199952703,28.01,5.739561697
1294,0.6,19.340076393765344,4.974272499717219,16.34,4.16809
318,0.6,2.2597507956069305,1.2345716910888644,0.56,0.856692464
17,0.6,118.39181078595495,13.428625455709856,124.3,13.79115826
1758,0.6,19.415913255816385,4.73043650689292,19.35,4.615
80,0.6,42.13210888717483,7.3320195756630335,19.13,2.432614
479,0.6,7.319958255623373,2.7590601566783177,6.52,2.43432
744,0.6,21.312277805695654,4.7410774357144705,74.3,4.06597
963,0.6,6.634974950468683,2.5657805791284574,4.31,1.90837771
135,0.6,96.38040875396482,12.226759087246466,94.26,11.7171
847,0.6,25.434316403087145,5.248997610502003,23.64,5.21152
118,0.6,10.546035910624592,3.2982888156836085,11.71,3.435910248
85,0.6,7.983426655944857,2.6356336629901254,3.61,1.741587
1103,0.6,86.79712958064331,11.6448873112264,92.98,11.62586504
1379,0.6,11.430529361047137,3.759432798562095,11.82,3.44576
1789,0.6,2.108636272721666,1.2304088466597016,0.63,0.885684603
1045,0.6,5.566336002413078,2.0940630708040255,7.43,2.629079023
792,0.6,16.527177572621753,4.019793116420777,14.5,3.90515
47,0.6,2.6640069452585693,1.365936212569173,0.88,0.969819
77,0.6,48.56851101093342,8.159952488598535,56.57,8.85869
904,0.6,99.46505747431695,12.390633184247061,94.7,11.7215
107,0.6,102.06519845791925,12.374938493532765,108.69,12.74428382
1461,0.6,31.255945766027207,5.7368906036332685,21.53,4.916984204
1856,0.6,114.52971117993295,13.02674354689042,109.94,12.82971612
30,0.6,50.760650383758694,7.363354801021983,43.22,7.42915
1437,0.6,3.971566639057957,1.762568130320414,2.3,1.318046443
596,0.6,82.5080673642683,10.419382209576387,114.56,13.1383
1672,0.6,2.43215909689146,1.4070954260051272,1.38,1.101762401
1236,0.6,53.31497090518724,7.190611690174045,49.35,7.024177621489566
425,0.6,18.750427745266222,5.417976825227682,19.67,4.66502
361,0.6,117.73596536285861,13.535736388758096,105.75,12.53990524
991,0.6,6.056885022871355,2.40213634080082,7.8,2.705027839
1728,0.6,27.087935814757092,5.416385211883913,21.12,4.862440485
1780,0.6,91.7378642758983,11.44332852483691,77.3,10.4307
862,0.6,6.926900500612714,2.465523080533688,8.15,2.77807
1723,0.6,105.49414112842221,11.996029661577525,92.69,11.6029
1239,0.6,49.31149624339915,8.865776696282515,40.44,7.13535
655,0.6,48.90627230812523,7.626503181587923,83.22,10.8884
883,0.6,7.413526753108882,2.548627160219153,6.68,2.47030768
1599,0.6,11.1895242104886,3.5500754486669206,9.39,3.00633
871,0.6,8.887349671941916,3.08858759757733,10.75,3.2807
1424,0.6,103.35256099556497,12.58656366797988,76.73,10.4386
1609,0.6,106.87653241703201,12.62600982441353,126.51,13.9433
326,0.6,5.77047701902485,2.260528522865161,5.7,2.24794
1317,0.6,91.92087902567118,11.770706835982077,74.94,10.24074428
985,0.6,6.756050871375171,2.5921372660449067,6.69,2.47118
1476,0.6,9.593845381356019,3.24492319857557,7.58,2.660025534
175,0.6,13.718199401654266,4.429200261796316,21.14,4.87824
1656,0.6,37.004929642603116,7.139518188901251,28.87,5.8474
557,0.6,10.902567672370644,3.2898473221282436,11.57,3.412480023
1101,0.6,30.88995668743987,4.815125608313783,19.85,4.517045331
459,0.6,75.6998450916475,10.074693055941799,128.46,14.0608342
712,0.6,4.656114561998025,2.0656522755832403,5.49,2.20071815
679,0.6,88.03094760407473,11.515688176388473,72.76,10.0433
923,0.6,16.289320792771093,4.185665340286764,14.47,3.89334
553,0.6,8.779563961072576,2.959815220966155,9.11,2.964146098
1182,0.6,39.86250945502309,7.372979328460606,47.07,7.82059
249,0.6,97.50558872187628,12.042137677108213,94.77,11.75690439
310,0.6,84.42493972647105,11.049173014033775,75.59,10.264
658,0.6,17.831262295503866,4.302734208490618,17.25,4.31235
217,0.6,2.5104685102693765,1.3600317507074657,2.42,1.35917743
896,0.6,3.1834043954359466,1.548977171927556,2.86,1.499704002
958,0.6,49.250252180333085,7.805358340666224,30.66,7.024177621489566
458,0.6,40.91523561169386,7.18202625752074,28.62,7.024177621489566
1695,0.6,45.184850374736605,7.706152376231367,39.6,7.03413
666,0.6,21.568214967657738,5.795511757253425,34.8,6.35126
489,0.6,103.09008715865934,12.724963497905682,117.42,13.33687048
969,0.6,13.07024747031384,3.7800919841291134,12.74,3.60283
674,0.6,4.179426519555083,1.9771681634161382,2.52,1.39527
1315,0.6,99.15242447310393,11.29602331291392,85.72,11.0715
1205,0.6,13.902985466295494,3.613457653404038,12.83,3.62818
1498,0.6,107.42744943628185,12.748651473567435,100.58,12.1616
743,0.6,54.33215496811145,6.865345431257474,36.91,7.024177621489566
1276,0.6,74.35037723454474,9.933649072941574,71.58,9.96751
1844,0.6,35.91276473332586,6.320796009244824,30.67,6.0323
148,0.6,45.37791049842975,7.58693690337292,101.78,12.2412
1074,0.6,116.2853720290097,13.355019670605754,113.65,13.0889
1497,0.6,7.712805073912216,2.903583897904411,7.58,2.65245
1416,0.6,107.94179664552189,12.467142034905491,69.6,9.82252
587,0.6,109.28487806056907,12.720617271283606,105.95,12.55419255
517,0.6,13.804321392879705,3.8632072415429817,13.61,3.754833321
1661,0.6,10.182608317534621,3.2365783205796244,12.36,3.548343316
1286,0.6,95.62746355637012,11.549481349119986,119.59,13.4003
76,0.6,3.847687096431863,1.8360666086236919,2.12,1.671618
1081,0.6,3.978646757757868,1.8126693861863135,3.42,1.666703009
1415,0.6,54.379764645069265,6.961437229338166,74.93,7.024177621489566
999,0.6,13.211842365613622,3.717529676501824,28.55,5.805449843
1732,0.6,12.384679824795896,4.262305431834447,2.72,1.455123436
593,0.6,65.76751428512172,9.51994507066944,69.0,9.754848091
1573,0.6,11.688095849810013,3.4145876008938827,9.44,3.02618
262,0.6,119.84572939143204,13.353312403986983,116.99,13.30845019
1533,0.6,66.62545149841668,9.03597859832145,115.63,13.21716686
565,0.6,11.416774148545976,3.3408777577566138,9.31,3.00264281
1287,0.6,110.5802434411686,12.992054429625208,117.11,13.31600225
34,0.6,54.113281926261266,8.804159050754112,80.03,10.6751
1183,0.6,59.02937539980926,8.707748317296419,68.76,9.735489661
1840,0.6,101.3283149148657,12.203152723068353,94.75,11.75567728
182,0.6,106.35301452743556,12.288357282382607,125.96,13.89945234
651,0.6,34.43682253991388,6.343291860577074,28.37,5.78741
276,0.6,6.9484053936662615,2.4562678208576973,9.56,3.05033809
567,0.6,3.925718974991023,1.8484602246255297,3.03,1.553134989
775,0.6,30.61891392393191,6.135519322959554,27.13,5.62786
1188,0.6,24.568910800815818,5.249938721898554,37.53,6.82612
1823,0.6,75.07673303932822,9.847103227041881,63.36,9.29428
1593,0.6,11.37238417644069,3.5001723157850346,12.8,3.62613
840,0.6,3.8970082231750007,1.7635809854831384,3.9,1.799296606
161,0.6,113.51250910567255,12.86687787545606,107.4,12.65489004
564,0.6,8.559144816606109,2.817604013292969,7.4,2.623164132
579,0.6,12.830634487975525,3.5310032229784376,10.61,3.241642959
1151,0.6,20.48335446111798,4.590829346300482,20.78,4.82429
14,0.6,7.338885190086657,2.6274992065398983,7.65,2.66889
1122,0.6,93.79460007405244,11.60554571641446,92.33,11.57792161
713,0.6,12.68458211669545,3.718612159356001,14.52,3.91576
1097,0.6,3.608906029244992,1.8412794826201933,4.02,1.833476886
254,0.6,7.689533164529189,2.487165292902323,4.66,1.99787
1858,0.6,108.42010660926701,12.681591978623018,107.41,12.65581119
1158,0.6,106.51801367073608,13.101798217612524,115.93,13.2366563
970,0.6,56.40066628329322,9.0038462408041,55.42,8.575211206
526,0.6,75.13156984335139,10.338809438956842,101.51,12.2235
1651,0.6,59.1623935339121,8.20252267744687,48.11,7.88895
1769,0.6,25.51995825329685,5.184662691003646,22.32,5.02186247
1213,0.6,58.549448820716925,9.17575330574343,58.05,8.78597
1735,0.6,99.0799583788812,12.268583845934174,106.05,12.56093758
893,0.6,8.435418755261432,2.8878249133211362,9.25,2.99324
1832,0.6,82.33542186146995,10.457690537808205,74.6,10.2495
1234,0.6,53.074006712696374,8.794389113394145,46.76,7.76491
733,0.6,13.873388768830157,5.6271414743068,9.15,7.024177621489566
1751,0.6,90.57820638898701,10.778689946602631,120.8,13.5278
1237,0.6,28.196434577756197,6.574335772189518,25.93,7.024177621489566
581,0.6,52.358553023924436,7.457337180357241,38.83,6.956425764
1551,0.6,59.1741174978593,8.459494814795463,42.05,7.290258938
37,0.6,53.63306420555519,8.511545354773183,48.6,7.99698
223,0.6,35.5621956626419,5.579316115053741,27.51,3.493627
1523,0.6,43.41075751013317,7.492956989035235,37.59,6.823692468
1382,0.6,16.820191954038112,4.6007514614045695,6.63,2.16171
1042,0.6,87.57872213342576,10.65642060124148,98.43,12.0629
1070,0.6,74.61633026214116,10.527802327677353,64.42,9.36468
443,0.6,28.881411720993505,5.281386952094227,19.99,4.70308
152,0.6,3.286741551973693,1.6846288695328993,3.82,1.77141
1799,0.6,80.27131353796355,9.586782980086653,101.42,12.1874
1759,0.6,82.93068280231886,10.62105158285932,74.91,10.2441
667,0.6,54.626895661684884,8.575689641418098,29.45,5.91488
485,0.6,113.06064177604097,12.310746154398462,119.75,12.962219
992,0.6,2.896068944570218,1.5323663716064606,3.26,1.62083261
769,0.6,19.59258563354955,6.299909960877975,10.87,7.024177621489566
1005,0.6,34.618051623824925,7.136496630800459,32.02,6.20845
572,0.6,11.985602749055221,3.540280610132526,9.15,2.972828344
278,0.6,105.89490069699036,12.49455666281973,118.47,13.40695673
632,0.6,30.986020444926254,5.6705484286855,25.04,5.374472103
823,0.6,29.143662650275445,5.680415832727739,23.66,5.20733
141,0.6,68.86965890662707,9.154537790884476,66.94,9.58224
752,0.6,37.376680418739035,6.720501258329977,30.39,6.01061
240,0.6,4.75103509544667,2.097036212796806,5.32,2.160174068
1824,0.6,10.192439931987513,3.268720325866307,6.67,2.46843
795,0.6,27.097839076741785,5.455641488767952,25.69,5.46087
55,0.6,6.608585337027469,2.423996786273841,5.83,2.280732664
333,0.6,18.225028103838618,4.22198985529923,52.89,1.90058
897,0.6,4.119927843930236,1.7668248272107059,3.29,1.627714714
1364,0.6,53.49653674383939,7.404781853804988,44.16,7.48475
1492,0.6,117.05933590354539,13.203707810790952,115.71,13.22170304
215,0.6,116.64693189507071,13.468163941666212,116.63,13.28441341
672,0.6,5.981076419826894,2.159749686880781,4.87,2.051533242
446,0.6,89.85767200709164,11.493273639554122,108.18,13.7564
530,0.6,58.607298389604765,8.990564048371395,119.29,7.024177621489566
789,0.6,51.46854135207021,8.255041220676882,50.58,8.13315
576,0.6,15.767828571146554,3.7872001250052194,17.74,4.386987751
9,0.6,90.7140243210061,11.48373846382699,78.84,10.55059224
997,0.6,88.17737871222978,11.405085126201428,116.71,13.2583
1781,0.6,102.4141071986581,12.31147755953885,81.72,10.7664
1850,0.6,9.214433089173497,2.901609955048801,9.37,3.01006
220,0.6,8.427787685521322,2.7615094459792155,7.69,2.67607
982,0.6,105.75052083985679,12.63409592430486,91.68,11.5159
259,0.6,2.6582089097106723,1.4416515447451475,2.16,1.26995
989,0.6,96.61248461477824,12.18809703177899,94.78,11.75821955
39,0.6,104.9327253770478,12.32990787985653,118.4,13.3028
229,0.6,44.38759735831808,6.385279635159278,26.9,5.933251
911,0.6,7.0677262000914265,2.6608191609951404,6.67,2.45459
491,0.6,118.22485044924001,13.196528907351293,111.21,12.91712883
516,0.6,90.37096676514928,11.990551368521528,86.88,11.1424
66,0.6,4.180466240090874,1.8738487997658886,2.79,1.477775413
1464,0.6,98.04819650304516,11.801047444613209,94.75,11.75575788
933,0.6,100.21733600059564,12.104155420699643,90.81,11.48
615,0.6,109.99769191289857,13.115346895958606,96.91,11.8862
1246,0.6,104.09960975883232,12.14433046886979,85.94,11.1273
206,0.6,111.68913061174624,12.987950862504018,109.38,12.79215388
1612,0.6,10.29060251244789,3.306525510837225,8.39,2.823759908
461,0.6,9.648644152873723,3.220342060534393,9.97,3.34688
1788,0.6,2.716171681394392,1.4898070827853498,0.83,0.955851376
1299,0.6,91.05583552055715,12.23240369250356,91.87,11.5444262
402,0.6,4.305410908261353,1.7984295933204026,3.49,1.686631414
5,0.6,108.06891232721874,12.679334367944888,102.14,12.28673887
58,0.6,63.73054257650429,9.587925883111634,39.81,7.059079908
955,0.6,102.94643796621031,12.227979431121744,89.31,11.3749
762,0.6,13.805514896418922,3.893013804894671,11.29,3.45648
1052,0.6,119.52287855382568,13.239099996674579,123.98,13.77034053
529,0.6,29.20929123703273,6.096474697062622,31.64,6.167248677
1388,0.6,119.40678452741344,13.578417923584693,121.48,13.6371
1568,0.6,11.821341893695795,3.3709802428799738,8.99,2.93924
1454,0.6,2.827913983124854,1.4948815763728929,3.61,1.719326482
1664,0.6,6.349981886834625,2.566481739259048,6.59,2.451177479
1855,0.6,21.023508418070662,4.55582050392402,10.06,3.13923
1174,0.6,71.69011023347147,9.41214170224386,56.89,8.72806
768,0.6,25.518020069651442,5.282489728473736,21.99,4.98445
578,0.6,7.771589471839654,2.9863156806076963,6.58,2.448945353
740,0.6,74.4689034127873,10.010820406805394,95.88,11.8527
602,0.6,26.64988124055445,5.3296801917858465,56.78,8.697617256
92,0.6,8.091754588884065,2.750616192286839,8.4,2.826989728
993,0.6,2.4885229604970776,1.4551453244058123,1.35,1.097286737
1500,0.6,89.8068906308643,11.380244054453037,98.09,11.6786
575,0.6,7.076128380056151,2.5281309592682293,5.8,2.273030104
1453,0.6,98.34248906753935,11.522559586842435,104.62,7.024177621489566
539,0.6,6.993902733800073,2.5590523449116187,6.16,2.35888
438,0.6,11.357542684457826,3.3662399853711307,13.08,3.64998
642,0.6,95.20706865390696,11.0119809718134,118.5,13.4294
144,0.6,37.10779576923026,7.0407253555740485,36.52,6.64264
342,0.6,4.6973820524933645,1.9721430683461527,5.9,2.29679437
1288,0.6,88.86614927728914,11.261526988292418,100.58,12.17579997
716,0.6,5.330314511656506,2.199077148785086,5.34,2.16083
1047,0.6,9.940993517684419,3.180535075769801,10.47,3.21883
1581,0.6,31.463864499216648,5.96835634787282,27.44,5.670863357
799,0.6,82.75052448417091,9.464497919868391,68.55,9.72386
1021,0.6,11.614959469841528,3.2596753925491786,13.85,3.78219
19,0.6,6.004566708898921,2.3900134066906555,5.99,2.3216
1391,0.6,100.72530455786304,12.014305142931997,100.78,12.1827
54,0.6,13.485543615834763,3.946026281278694,12.29,3.751004
1558,0.6,64.14396088094269,9.388043120465522,65.62,9.49438
1319,0.6,90.3754970300423,11.542566721958153,110.71,12.8974
1083,0.6,8.191059331573399,3.139996621040476,15.33,4.026925833
1190,0.6,28.627057845129194,5.651863940639464,18.15,4.46635
641,0.6,26.09688878834881,6.0497259968840496,22.95,5.10182
1,0.6,116.77916562367714,13.530533278460522,116.75,14.581841
1378,0.6,122.18651634110554,13.507641994925656,125.51,13.9016
113,0.6,13.388314567886907,4.288165874856869,35.09,6.02383473
1546,0.6,80.23339234699665,10.572438954933666,71.54,9.98401
1064,0.6,92.16351186444479,11.088554171445832,126.44,13.9111
298,0.6,13.1720309518917,3.5459656678808966,20.17,4.71785
279,0.6,115.86829166101154,13.123437930615532,100.48,12.1343
82,0.6,88.174160575794,11.397636476656388,83.66,10.92571149
745,0.6,87.17033723564458,10.472424324843713,95.12,11.8886
1127,0.6,38.98775055960319,6.226346465666555,31.68,6.170988152
1354,0.6,67.18265080080494,9.127475399815705,61.72,9.1446
1325,0.6,95.27316636797372,11.737429378848223,104.29,12.43773089
1087,0.6,22.318732812946617,5.031933974163456,25.19,5.41363
322,0.6,2.258288644966924,1.274450203265734,0.81,0.949185781
1039,0.6,13.548784558277585,3.8102665601827552,10.87,3.29096
122,0.6,4.509114743582783,1.9584053197625495,4.1,1.84555
1305,0.6,63.70750363386196,7.3196670380859485,25.06,7.024177621489566
511,0.6,109.6956435893409,12.136538465579497,117.39,13.3343
48,0.6,4.669710752536765,2.034470472300058,2.5,1.36751
1572,0.6,20.41912684193825,4.956655758331945,21.87,4.95462
1611,0.6,85.54098067772635,11.037449435331832,89.82,11.3547
1010,0.6,17.143143814733527,4.377499710328139,19.42,4.33692
776,0.6,31.113973967162327,6.066482304024505,27.73,6.05271
842,0.6,11.988446266297238,3.5850577692287615,12.14,3.49799
1841,0.6,14.06904578329767,3.8144591539470665,12.38,3.550689516
1142,0.6,91.9078700385508,10.829429727014919,74.51,10.2185
52,0.6,4.3601709160491025,1.909974862237515,4.71,2.02068
501,0.6,80.60788499591312,10.502056303973738,64.42,9.36823
1602,0.6,13.515785792113439,3.623152471496429,10.93,3.29943
1484,0.6,60.83485128577039,8.716437469114272,38.8,6.952739141
1023,0.6,4.863358608134807,2.0299306929995504,4.46,1.947929019
159,0.6,4.566712851975214,2.0409272355289367,5.47,2.195403439
686,0.6,37.52749641770927,6.014646079813882,20.97,4.841201962
1026,0.6,13.146615523350672,3.719142210720495,12.16,3.5130935
353,0.6,115.58116613704706,13.093078137354647,114.53,13.14269004
1126,0.6,13.553443561087414,2.7975694889302396,7.88,2.722617954
251,0.6,97.64452504369818,12.031280382618508,120.33,13.53006831
1516,0.6,6.7728430409559115,2.4993648202436423,5.31,2.16267
1034,0.6,110.9073444652322,12.79804451107161,130.66,14.183
190,0.6,76.64337571170253,10.291590471962047,53.39,8.388894075
568,0.6,22.945630500591577,5.440681201737642,23.63,5.193676358
924,0.6,89.68171234505093,11.7745432754901,99.95,12.0713
1258,0.6,107.52158946072359,12.258393905531122,99.82,12.168
1843,0.6,37.06947766964824,7.669392607936211,40.3,7.09086
1132,0.6,88.21398954124433,11.392131084225433,91.8,11.5451
376,0.6,47.18694204081707,8.649643139587543,41.34,7.216883182
1265,0.6,61.67749144343219,7.398184183085864,124.53,7.024177621489566
1688,0.6,75.28793555188001,9.851517209475077,64.57,9.41494
487,0.6,107.54402637686736,12.089307643678751,125.28,13.446487
253,0.6,7.832502587576336,2.6924292069028226,7.39,2.62025
1586,0.6,106.73303543336198,12.471122560805636,86.01,11.1331
299,0.6,7.894233984026255,2.5838948552735617,6.5,2.431285405
760,0.6,51.61180933228357,7.695917440832858,39.68,7.04152
1670,0.6,5.54094744534898,2.4554555483971283,6.98,2.533629389
1311,0.6,40.52146571556867,7.274794353684864,37.45,6.80431
994,0.6,11.369463675676883,3.6435940085697824,25.62,5.37673
609,0.6,6.883471601330893,2.6963669920998123,5.71,2.25345
1054,0.6,95.87792482214692,12.186419897488006,101.72,12.2521
1708,0.6,91.16728200738635,11.323757514611906,87.59,11.2199
271,0.6,28.63952469871007,6.95130529821821,15.31,7.024177621489566
214,0.6,2.677797923812085,1.4323755445039033,1.93,1.210733876
1279,0.6,81.28857217647281,10.607510715341515,126.78,13.9775
965,0.6,91.8651965383603,11.772023672496976,88.71,11.3151
665,0.6,15.300637647120976,4.683065947987459,11.63,3.41784
1271,0.6,53.79507165634785,7.248647732558854,75.49,7.024177621489566
4,0.6,105.30953852194766,12.403190035297863,99.64,12.10867994
204,0.6,19.07153983957965,4.467675396411736,19.32,4.613131896
648,0.6,91.0393971460806,11.565547651321998,88.19,11.2446
219,0.6,11.034050405582112,3.2377643885396337,23.11,2.582442
393,0.6,3.7472946759685644,1.7137655991501877,3.52,1.69257
977,0.6,12.2144938405684,3.734333166208193,9.4,3.01498
948,0.6,120.0077184410248,13.435859273201862,116.12,13.24971416
1187,0.6,91.58206317895521,11.355331502288458,71.2,9.93735
900,0.6,7.924565699141039,2.6996227334792122,8.47,2.841179901
520,0.6,65.89102236532183,9.872972701693051,61.52,9.08479
1679,0.6,51.95884090151682,8.538569155000701,40.17,7.096299381
481,0.6,4.563625749505637,2.116419835614497,4.77,2.28501
538,0.6,75.77121718705217,9.950329797469697,64.15,9.39131
918,0.6,96.81691567303118,11.914280066651616,105.1,12.4956
268,0.6,67.12394560362611,9.87747744970962,52.53,8.309019329
521,0.6,16.807201069277788,4.231634906690443,26.66,5.58857
31,0.6,117.94506512624937,13.319539250066974,125.8,13.88927615
1818,0.6,24.04514712576233,4.850983518160067,14.74,3.91968
814,0.6,7.547428756152317,2.599357358248341,10.49,3.217
1335,0.6,111.8473859470564,12.458575258829802,111.35,12.92730565
825,0.6,6.343327619530921,2.322202686003791,6.19,2.36311
1366,0.6,36.592648610342216,6.955193516345933,35.64,6.613947587
347,0.6,2.735401539015067,1.480687613959885,1.83,1.192639209
512,0.6,28.452917957153804,6.460060352809474,30.62,7.024177621489566
1639,0.6,99.3745092618297,11.964811664526756,100.34,12.1366
1184,0.6,115.57135565945842,13.356216861264489,118.41,13.3524
773,0.6,34.172972887389875,7.246240414733576,77.22,10.3751
1480,0.6,100.62437382932355,12.453576188687883,90.85,11.46948561
1793,0.6,64.31541201514834,9.648006107520555,47.3,7.78724
1402,0.6,99.09257981624084,11.218733389037645,80.42,10.67471486
1025,0.6,7.393624605564175,2.7173285439993093,7.18,2.578146532
1093,0.6,5.721512466931931,2.3864731184878085,5.59,2.225369592
89,0.6,3.7502818500148436,1.7129098520757304,2.28,1.312234294
1170,0.6,9.56848907031186,3.243837689590945,21.9,4.98711
1646,0.6,2.9167473388588805,1.5075318088302427,4.32,1.89426
1353,0.6,96.51535799896902,12.152559675434938,106.65,12.5934
1355,0.6,24.728701687196985,5.169398596984586,67.4,9.65497
177,0.6,5.033784909500032,2.0970185861786086,4.38,1.925734586
1031,0.6,5.269933908749076,2.137464314112437,3.45,1.674180322
1399,0.6,90.41322933910668,10.744422283530675,99.87,12.0428
1057,0.6,15.77506115896655,3.619629376088621,16.75,4.242394637
1110,0.6,89.46220514511774,11.535692081049543,92.16,11.56559794
385,0.6,99.0615640978915,12.411138908754346,77.93,10.47865795
1411,0.6,53.946927730868985,7.186069238132185,55.01,7.024177621489566
1543,0.6,86.27876963334171,11.194051752671038,93.35,11.6629
1137,0.6,2.881105776847161,1.535961161156772,4.65,1.99844
1393,0.6,30.864218790608767,6.264208396819965,45.24,7.64474
1367,0.6,36.75537619317331,6.788908070546343,35.03,6.547178712
1629,0.6,23.41698417699539,4.852269822888702,21.48,4.89644
408,0.6,7.516206692160706,2.429788731743583,7.73,2.28122
506,0.6,89.93604964612292,11.06442663319067,86.69,11.1276
1115,0.6,56.557484894275674,9.41684452743851,66.22,9.54792
813,0.6,96.76731924689007,11.875208142951472,86.56,11.1497
1136,0.6,87.18497264265183,11.321631745090073,81.5,10.753
302,0.6,91.50324511361859,10.301159569434903,121.01,13.57525892
436,0.6,29.500626785668754,6.15749052217667,23.06,5.118907941
979,0.6,68.95630619026907,9.276215863869382,47.76,7.024177621489566
171,0.6,115.78731725977637,13.423205287825793,121.6,13.61374033
1409,0.6,105.34177853301506,11.961305157110043,111.85,12.9673
1518,0.6,12.242586474045135,3.4493996896341748,13.87,3.797335347
1427,0.6,9.65213038949589,3.5909460724677964,8.53,2.852334785
270,0.6,105.44043182199714,12.547014788110836,96.61,11.9045
227,0.6,86.18440746079514,10.687668742552594,97.07,11.92440528
1196,0.6,20.644091359262777,6.6009403293340485,15.2,7.024177621489566
558,0.6,4.869564343442205,2.1435354391356354,5.08,2.102385379
1511,0.6,64.90897578449146,10.08968785642989,59.27,8.920508561
1210,0.6,89.04009532690999,11.08703904261038,96.74,11.9007
618,0.6,64.22928086005956,9.079176287737074,55.39,8.57193
1588,0.6,24.378191094535474,5.286410419231842,25.49,5.44119
1530,0.6,3.88588860015927,1.8274299593879963,2.83,1.5002
1784,0.6,2.3084680139370954,1.308293664895287,0.85,0.961738557
597,0.6,17.34779085637895,4.516977095287135,19.15,4.5947
1520,0.6,61.59011159128663,9.523519724290503,72.99,10.08322393
737,0.6,19.708082658521555,4.343626851674478,13.87,3.80598
1334,0.6,80.08220011152902,10.190223379109513,80.26,10.66165646
1150,0.6,95.10684041512307,11.542182504265156,87.25,11.2009
378,0.6,8.42673038218809,2.7157520820997307,7.39,2.62397
866,0.6,7.141033429988484,2.86867713571436,6.06,2.3352
1718,0.6,91.00077104593356,11.229550586888543,92.31,11.5845
379,0.6,6.16790029010018,2.411171497113208,5.41,2.1838
192,0.6,5.300211082788347,2.086311283459195,4.4,1.93236572
260,0.6,35.4765998958557,6.780264868633807,46.67,7.7514065
1652,0.6,94.67322275655422,11.617259837854789,93.06,11.633
1212,0.6,58.92233496744079,8.823772743429005,55.03,8.52936
953,0.6,13.191615933836413,3.524342076763306,9.44,3.026578642
1003,0.6,32.27841788445086,6.3604132532418935,31.56,6.16036
861,0.6,5.672200879937887,2.539097486856457,4.25,1.89435
308,0.6,100.10698519055913,11.817558750628216,112.5,13.0203
1591,0.6,97.82123662366675,12.11654853021695,87.58,11.2128
1268,0.6,24.376152728320584,5.082250277060016,21.13,4.86815
1164,0.6,84.90080620249152,11.503152059661177,76.52,10.3670919
360,0.6,8.159656653585886,2.7978161607611125,6.93,2.512038
652,0.6,23.00771972074994,4.739802553019398,17.99,4.42263
381,0.6,76.01188140100919,9.71542310750673,43.82,7.469402719
1775,0.6,7.449072025892314,2.732085777248734,6.45,2.42354
1000,0.6,60.01798234953791,9.870965083857692,52.81,8.33267
452,0.6,81.86348265137978,10.109368690335529,88.76,11.3113
414,0.6,6.2504673249817975,2.319528481366477,6.1,2.340834103
987,0.6,52.21499556888632,8.348824285000639,73.79,10.1474
1459,0.6,76.5855292449806,9.633023770050757,63.99,9.33912
1358,0.6,78.22882354465519,10.231206211838314,72.87,10.0826
1703,0.6,118.21939304552244,13.0329849785449,129.15,14.10495771
638,0.6,72.67150097123591,9.821482439472092,70.99,9.91393
1404,0.6,92.48754261417085,11.72265095564826,105.27,12.5164
133,0.6,11.410930637967569,3.587177456411422,10.81,3.28324
202,0.6,96.19510819342308,11.297808030898654,91.33,11.50390062
1169,0.6,105.94810068263747,12.794543620190362,98.5,12.0756
198,0.6,57.42256933597409,6.698953808497623,16.17,4.155260325
796,0.6,84.64303880899725,10.581317369573588,69.2,9.77911
574,0.6,108.99031388615413,12.855825647114951,119.35,13.46463141
1114,0.6,12.932556726026796,3.5337935312096524,14.37,3.86968
317,0.6,2.1082027518004307,1.2705572909964824,1.13,1.042840696
980,0.6,51.08546414320924,7.91056953628377,95.18,11.78712672
142,0.6,8.741463666726025,3.2272736705235676,9.61,3.12766
1413,0.6,11.13934169219248,4.698284996885868,17.74,4.37963
1806,0.6,15.986918423193362,5.93918420271759,3.74,7.024177621489566
1852,0.6,101.99729566926287,12.216778842180696,117.29,13.3280613
465,0.6,80.7242127471767,8.463676559537445,74.24,7.024177621489566
315,0.6,94.91796528850534,12.124835574689355,110.17,12.84561173
1425,0.6,5.886372368241373,2.279790443301564,4.37,1.93226
670,0.6,76.59660319671575,7.783045637508089,79.53,7.024177621489566
170,0.6,53.01635898654508,8.129729448782799,63.97,9.33715
467,0.6,43.2605161052312,8.29435922613364,70.23,9.84223
1109,0.6,91.84702710450979,11.221064160352572,84.52,10.9933
1486,0.6,3.116067817785998,1.5376025656282002,3.44,1.67736
1398,0.6,95.02686223732317,11.421918098077105,96.4,11.87591193
1341,0.6,110.26798317668285,12.755190558707135,117.71,13.3674
1448,0.6,13.089548491038766,3.620583801604379,10.1,3.16086
22,0.6,15.076704711356351,3.7802243184736244,12.19,3.517574786
1267,0.6,35.72573371534388,6.596076441841784,35.89,6.63491
45,0.6,2.9329199631891965,1.5036661418904163,1.65,1.15643
1224,0.65,26.235917960165853,5.720819398388774,29.55,5.94241
475,0.65,63.92033605526399,9.676114906101718,77.13,10.417
1838,0.65,5.72626738980475,2.239756430036131,4.41,1.92318
1199,0.65,9.66700667419147,3.285943151063277,9.3,3.01287
53,0.65,8.929443458360605,2.986891076403734,7.04,2.54474
1408,0.65,97.01256547655437,11.322670736826183,112.81,13.0531
1654,0.65,48.78738577715053,7.1262196158334135,36.24,6.70553
18,0.65,87.90081233812019,11.457064489406994,76.0,10.32616195
731,0.65,22.061270419372118,5.096320189078017,15.91,4.12435
1374,0.65,61.897391783356866,7.3392529344642305,33.76,7.024177621489566
233,0.65,54.620401425117834,9.514790033140297,55.83,8.612116336
1390,0.65,100.43104725123125,11.909952821699735,125.31,13.8742
621,0.65,81.48829850000921,10.79009831761166,68.34,9.70968
427,0.65,7.443311174343749,2.5901079428408935,6.82,2.50355
187,0.65,23.07138820244467,5.073749624717907,21.79,4.952313354
1029,0.65,4.4662540322197675,1.918160037863988,3.27,1.62297957
390,0.65,87.87411322113734,11.488699735409332,82.55,10.8261
457,0.65,119.47654305191935,13.079139818327087,117.29,7.024177621489566
156,0.65,8.280392379312008,2.987307011932459,13.61,4.509178613
1337,0.65,88.84607654441218,11.430593960118989,79.11,10.5731
1649,0.65,10.661863419990008,3.24827191607843,7.06,2.54445
1628,0.65,111.86041080934069,12.904747569307572,112.16,12.9734
616,0.65,97.95246065497132,12.05105000831691,109.15,12.8076
726,0.65,50.99422311787047,8.515002948730654,122.07,13.6402
473,0.65,79.92893929520085,10.376339097541322,64.55,9.36472
853,0.65,5.288970644513178,2.1025040062715448,4.59,1.980635825
1720,0.65,98.40855511935192,12.603310816735585,120.83,13.5597
1834,0.65,38.32245735878979,9.535377482866764,60.85,9.059590395
440,0.65,76.97064466819145,9.49396588613653,55.55,8.56637
303,0.65,2.835064846870745,1.4307977596053163,1.95,1.214566424
519,0.65,25.340956952127488,5.563252212867139,21.07,4.86242
191,0.65,18.172017849532622,4.042294726983964,14.68,3.924832159
6,0.65,102.87228632763822,12.29119922923063,113.71,13.08687204
962,0.65,58.714928985275144,7.852773539038465,29.29,7.024177621489566
434,0.65,102.47707841879539,12.264552339555486,90.34,11.8344
1693,0.65,3.9729633714893744,1.850308842796603,2.52,1.393219042
412,0.65,8.407410293982032,2.9693164584369547,7.25,2.58794
124,0.65,40.730080981807575,8.187005719791152,43.24,6.99891
1768,0.65,2.5970703817702443,1.5192236783329336,0.86,0.965061868
1617,0.65,36.850460804892634,6.337337638202857,28.01,5.739561697
1294,0.65,19.53029412056245,5.38307855698567,16.34,4.16809
318,0.65,2.233696035776641,1.3437187850797176,0.56,0.856692464
17,0.65,118.10856647328941,13.603435517191503,124.3,13.79115826
1758,0.65,20.036738480202725,4.5930481081499615,19.35,4.615
80,0.65,41.026761527290326,7.96987545580794,19.13,2.432614
479,0.65,8.04995068986869,2.8364286480310095,6.52,2.43432
744,0.65,20.382560207879262,4.841400804556663,74.3,4.06597
963,0.65,6.477805676677334,2.885491208936386,4.31,1.90837771
135,0.65,102.0307502194801,12.803865054361179,94.26,11.7171
847,0.65,31.33767060447524,5.309279632811942,23.64,5.21152
118,0.65,11.051181409543053,3.2600551950674825,11.71,3.435910248
85,0.65,8.679140292926613,2.6274007835704487,3.61,1.741587
1103,0.65,90.54229210832044,11.25412874173983,92.98,11.62586504
1379,0.65,12.574349962173173,3.465000096900787,11.82,3.44576
1789,0.65,2.3235239178309968,1.3380835336280963,0.63,0.885684603
1045,0.65,5.574759039761646,2.311838621009172,7.43,2.629079023
792,0.65,15.341299773174901,4.114118144039021,14.5,3.90515
47,0.65,2.7567411303561973,1.4140687400379386,0.88,0.969819
77,0.65,49.011982623172585,8.413305600384312,56.57,8.85869
904,0.65,102.41743856215022,12.483745577744294,94.7,11.7215
107,0.65,105.19751239280626,12.106847243991107,108.69,12.74428382
1461,0.65,32.47640180702937,5.663502251905173,21.53,4.916984204
1856,0.65,117.44380376947203,13.318298743380534,109.94,12.82971612
30,0.65,51.127198385609375,7.007727361193098,43.22,7.42915
1437,0.65,4.0802456239646485,1.9087463336309178,2.3,1.318046443
596,0.65,85.67890501748201,10.652810164179789,114.56,13.1383
1672,0.65,2.678593200254383,1.469521509633266,1.38,1.101762401
1236,0.65,61.28496870823408,7.086436398253551,49.35,7.024177621489566
425,0.65,21.927297555553967,5.153246801664391,19.67,4.66502
361,0.65,117.65041287220947,13.273065989980797,105.75,12.53990524
991,0.65,6.4962554318474295,2.4834834793477794,7.8,2.705027839
1728,0.65,23.928338555745142,5.333403271633786,21.12,4.862440485
1780,0.65,90.62440631904174,11.587740601946006,77.3,10.4307
862,0.65,6.508329493736268,2.51579160386673,8.15,2.77807
1723,0.65,103.59797258442313,12.25054289668895,92.69,11.6029
1239,0.65,49.60638072839574,8.944169424962674,40.44,7.13535
655,0.65,55.45118162964566,7.95249425218652,83.22,10.8884
883,0.65,7.954301581870404,2.7048628957884193,6.68,2.47030768
1599,0.65,12.01914159967209,3.6846918458095814,9.39,3.00633
871,0.65,9.628124729587018,3.0349584685141577,10.75,3.2807
1424,0.65,103.98797755890473,12.295357009528866,76.73,10.4386
1609,0.65,105.3090990373067,12.603980902133243,126.51,13.9433
326,0.65,5.401146574173033,2.2781023452600655,5.7,2.24794
1317,0.65,92.43581801080006,11.809905186863737,74.94,10.24074428
985,0.65,7.255059108835873,2.6879546879743144,6.69,2.47118
1476,0.65,10.941888575307065,3.333116079809451,7.58,2.660025534
175,0.65,17.115349867827813,4.130921734975709,21.14,4.87824
1656,0.65,37.82768664820761,7.137010462576394,28.87,5.8474
557,0.65,11.870631143010781,3.169761947623325,11.57,3.412480023
1101,0.65,28.663886083671468,5.289087150841658,19.85,4.517045331
459,0.65,80.8927568348425,10.574400129911385,128.46,14.0608342
712,0.65,4.523981169499181,2.1176971334909895,5.49,2.20071815
679,0.65,97.85545812027725,11.680424084165132,72.76,10.0433
923,0.65,16.059593401986476,4.446445534460748,14.47,3.89334
553,0.65,9.595555366621884,3.046360118172796,9.11,2.964146098
1182,0.65,42.61614527670096,7.149614890170144,47.07,7.82059
249,0.65,96.45743314231348,12.248123472138392,94.77,11.75690439
310,0.65,89.7637259839778,11.511702657587199,75.59,10.264
658,0.65,17.9410025737571,4.306701049180156,17.25,4.31235
217,0.65,2.675040516018986,1.4217475754771856,2.42,1.35917743
896,0.65,3.0765321638757666,1.6022988381565362,2.86,1.499704002
958,0.65,59.544369096113485,7.4701662864658225,30.66,7.024177621489566
458,0.65,52.53826466735923,6.920875484051153,28.62,7.024177621489566
1695,0.65,44.317523073894876,7.775696724010475,39.6,7.03413
666,0.65,27.13284100462017,6.183038734312315,34.8,6.35126
489,0.65,103.72524310350242,12.795211948495599,117.42,13.33687048
969,0.65,14.418507941344831,3.828519996051678,12.74,3.60283
674,0.65,4.320414143703612,2.1629702877207158,2.52,1.39527
1315,0.65,101.5718394463191,11.977598014457747,85.72,11.0715
1205,0.65,15.256532957549739,3.7054440595731752,12.83,3.62818
1498,0.65,109.03459380145749,12.647790488597606,100.58,12.1616
743,0.65,65.17342390606865,7.042492144325795,36.91,7.024177621489566
1276,0.65,72.22607500042719,10.323948949833047,71.58,9.96751
1844,0.65,40.498799525076244,6.288245118319663,30.67,6.0323
148,0.65,46.200661977644316,8.415624641111231,101.78,12.2412
1074,0.65,117.75968125355902,13.340205809990264,113.65,13.0889
1497,0.65,8.191387900495787,2.8560749518425874,7.58,2.65245
1416,0.65,103.26520422641916,12.83773346958764,69.6,9.82252
587,0.65,106.48297469621237,12.710093352691109,105.95,12.55419255
517,0.65,16.228761776830222,3.915320482561026,13.61,3.754833321
1661,0.65,9.887905366736694,3.25518463036709,12.36,3.548343316
1286,0.65,94.1644979004588,11.881511659597113,119.59,13.4003
76,0.65,3.6096417614603173,1.8479488273597353,2.12,1.671618
1081,0.65,4.3122514955606155,1.8464331033043146,3.42,1.666703009
1415,0.65,65.74657995124575,6.987045656128049,74.93,7.024177621489566
999,0.65,12.531479382128635,3.748100827435984,28.55,5.805449843
1732,0.65,14.88197989277103,4.029707000722723,2.72,1.455123436
593,0.65,74.68743585292474,9.58008010622891,69.0,9.754848091
1573,0.65,11.297091944774822,3.4757279963774015,9.44,3.02618
262,0.65,119.4384874188931,13.223954427372838,116.99,13.30845019
1533,0.65,71.01627727137534,9.87592498644079,115.63,13.21716686
565,0.65,12.246666078765015,3.277231965965437,9.31,3.00264281
1287,0.65,111.54887015989748,12.987830552906196,117.11,13.31600225
34,0.65,59.88593375487292,8.902810293574424,80.03,10.6751
1183,0.65,63.9972866564787,8.47497942392953,68.76,9.735489661
1840,0.65,102.73833732816055,12.454179250339228,94.75,11.75567728
182,0.65,106.23648064566405,12.236489000626001,125.96,13.89945234
651,0.65,35.03626626102604,6.3475228341035885,28.37,5.78741
276,0.65,7.812229504599754,2.7066263710685936,9.56,3.05033809
567,0.65,4.031382132185676,1.8266049969569125,3.03,1.553134989
775,0.65,32.67060783843329,6.1536518295828735,27.13,5.62786
1188,0.65,27.568139033715944,5.668276206960363,37.53,6.82612
1823,0.65,84.20038832109189,10.401315180295367,63.36,9.29428
1593,0.65,13.127918009465095,3.5198848178866182,12.8,3.62613
840,0.65,3.933160678224841,1.810397630723792,3.9,1.799296606
161,0.65,114.0794915557806,12.83854470314875,107.4,12.65489004
564,0.65,8.328219123679796,2.816563498902018,7.4,2.623164132
579,0.65,13.80118975879117,3.5792387493416,10.61,3.241642959
1151,0.65,22.556707556037097,4.640174151109099,20.78,4.82429
14,0.65,7.40680887265727,2.5811415051935422,7.65,2.66889
1122,0.65,96.53192106259323,11.76652183702981,92.33,11.57792161
713,0.65,13.377032286939535,3.501241437351068,14.52,3.91576
1097,0.65,3.766917084407985,1.7748161813955328,4.02,1.833476886
254,0.65,7.869808928108441,2.5589644826106626,4.66,1.99787
1858,0.65,113.45725343679192,12.790857827089633,107.41,12.65581119
1158,0.65,108.4426385285773,13.063151847714805,115.93,13.2366563
970,0.65,56.460347987570714,9.085826755244925,55.42,8.575211206
526,0.65,83.96740103615834,10.138100003444883,101.51,12.2235
1651,0.65,56.166718111529846,8.23455480150094,48.11,7.88895
1769,0.65,29.83025716158033,5.592814198200006,22.32,5.02186247
1213,0.65,59.10688963544234,8.8471684624059,58.05,8.78597
1735,0.65,104.56803026872878,12.489734022046177,106.05,12.56093758
893,0.65,8.781079740627415,2.9556154641236265,9.25,2.99324
1832,0.65,87.76590485658757,10.746182393460419,74.6,10.2495
1234,0.65,56.07897256409456,8.75817031312874,46.76,7.76491
733,0.65,13.212199468621654,5.68924328690122,9.15,7.024177621489566
1751,0.65,98.87726387630605,11.192204383338119,120.8,13.5278
1237,0.65,32.16582973602099,6.614011192513572,25.93,7.024177621489566
581,0.65,54.49852611139396,7.644511554989708,38.83,6.956425764
1551,0.65,52.99333207154634,8.94958777173439,42.05,7.290258938
37,0.65,58.98712055408272,8.545824707787835,48.6,7.99698
223,0.65,31.174935406679612,6.079365856131844,27.51,3.493627
1523,0.65,48.645320981812034,8.484004590089334,37.59,6.823692468
1382,0.65,17.220332400186905,4.931688925308171,6.63,2.16171
1042,0.65,82.77963144470881,10.921007572180072,98.43,12.0629
1070,0.65,71.1607421849347,9.87557213963589,64.42,9.36468
443,0.65,29.191411497590067,5.2752583545785505,19.99,4.70308
152,0.65,3.797456611125302,1.742388190133851,3.82,1.77141
1799,0.65,86.51620194572503,10.32833900925207,101.42,12.1874
1759,0.65,85.93805563934251,10.33549385844655,74.91,10.2441
667,0.65,58.835852702989136,8.888967403768959,29.45,5.91488
485,0.65,110.51400825014859,13.011946738413519,119.75,12.962219
992,0.65,3.11996550110138,1.6652502808904637,3.26,1.62083261
769,0.65,21.01394746365455,6.51599589739892,10.87,7.024177621489566
1005,0.65,41.793015160522884,6.933771393787852,32.02,6.20845
572,0.65,11.761004375767754,3.528990765968807,9.15,2.972828344
278,0.65,108.56965911943682,12.515891392096059,118.47,13.40695673
632,0.65,35.27763138228492,6.00776777230438,25.04,5.374472103
823,0.65,26.976544824198733,5.741081717298775,23.66,5.20733
141,0.65,74.00719112975871,9.361639215995524,66.94,9.58224
752,0.65,38.39863482530341,6.734870518914075,30.39,6.01061
240,0.65,4.483213455019921,2.0462898310586484,5.32,2.160174068
1824,0.65,12.001878068904983,3.4735979000685564,6.67,2.46843
795,0.65,34.43587234471045,5.69902484629745,25.69,5.46087
55,0.65,6.7937172744667,2.48647336785863,5.83,2.280732664
333,0.65,16.308940459825838,4.3173561660004935,52.89,1.90058
897,0.65,4.144547889871735,1.8435611086714914,3.29,1.627714714
1364,0.65,50.499536370160904,7.201503042218996,44.16,7.48475
1492,0.65,118.05932704984131,13.259153613847623,115.71,13.22170304
215,0.65,117.99412721197729,13.263265868103236,116.63,13.28441341
672,0.65,6.106238144605885,2.3196058820436805,4.87,2.051533242
446,0.65,90.32771511174694,11.770501546070143,108.18,13.7564
530,0.65,63.34199154866959,8.841032232745091,119.29,7.024177621489566
789,0.65,54.22359230016826,8.750422968418198,50.58,8.13315
576,0.65,16.124606749007654,3.9372488731901187,17.74,4.386987751
9,0.65,98.0745388510585,11.448462110022103,78.84,10.55059224
997,0.65,89.13312429087831,11.215964451868997,116.71,13.2583
1781,0.65,105.21298164075984,12.386005239063515,81.72,10.7664
1850,0.65,10.139880194477655,3.1520233808309976,9.37,3.01006
220,0.65,8.829556951537903,2.8166840270705613,7.69,2.67607
982,0.65,111.01109633133692,12.952229982686312,91.68,11.5159
259,0.65,2.591958719323534,1.4595696198612842,2.16,1.26995
989,0.65,101.59388301383395,12.428733050066969,94.78,11.75821955
39,0.65,105.99739027189638,12.100524799335382,118.4,13.3028
229,0.65,47.099925646891144,6.585281696426952,26.9,5.933251
911,0.65,7.140230175620474,2.5820052525167165,6.67,2.45459
491,0.65,116.83052663399071,13.362351379426734,111.21,12.91712883
516,0.65,93.2074024438365,11.905193255885166,86.88,11.1424
66,0.65,4.5118176817712365,1.8577091174793525,2.79,1.477775413
1464,0.65,97.11300382607791,11.856544585073964,94.75,11.75575788
933,0.65,104.72659016062906,12.292665623402161,90.81,11.48
615,0.65,112.12319685754933,13.00351078089403,96.91,11.8862
1246,0.65,103.89387743128269,12.792255166018457,85.94,11.1273
206,0.65,110.95456446090385,13.177079506434376,109.38,12.79215388
1612,0.65,10.179506810157822,3.504825972649198,8.39,2.823759908
461,0.65,10.93289157904849,3.1872549350182573,9.97,3.34688
1788,0.65,2.8148441700274094,1.4878698593908797,0.83,0.955851376
1299,0.65,97.49170079640034,12.425556735636409,91.87,11.5444262
402,0.65,4.573636474299603,1.9094064841855334,3.49,1.686631414
5,0.65,107.83120128182374,12.669362949048757,102.14,12.28673887
58,0.65,65.97883208821158,9.695138239371966,39.81,7.059079908
955,0.65,102.04462781978297,12.35836839995542,89.31,11.3749
762,0.65,14.161861863386184,3.7300200948201843,11.29,3.45648
1052,0.65,121.05183577824423,13.231006478285204,123.98,13.77034053
529,0.65,31.068029265749537,6.1037021136045215,31.64,6.167248677
1388,0.65,120.35537195138824,13.489073839188409,121.48,13.6371
1568,0.65,11.049087960474413,3.4266647543575317,8.99,2.93924
1454,0.65,2.7821887178295555,1.5218301028711918,3.61,1.719326482
1664,0.65,7.028617947368017,2.792054419341338,6.59,2.451177479
1855,0.65,23.643257511042144,5.204612477697987,10.06,3.13923
1174,0.65,75.67538406451696,9.796854870608238,56.89,8.72806
768,0.65,24.315483021887847,5.2465970432315,21.99,4.98445
578,0.65,8.87101639316496,3.0043585611699903,6.58,2.448945353
740,0.65,78.91610388668826,10.218002588850103,95.88,11.8527
602,0.65,34.47210679471815,5.712240273718013,56.78,8.697617256
92,0.65,8.00082410705715,2.812108993619617,8.4,2.826989728
993,0.65,2.6305581998206593,1.4204695100425218,1.35,1.097286737
1500,0.65,88.53803329353279,11.518655500865957,98.09,11.6786
575,0.65,7.266247590401783,2.4466295302784853,5.8,2.273030104
1453,0.65,107.18551518142952,12.107270923120119,104.62,7.024177621489566
539,0.65,7.219836306031143,2.573589669669325,6.16,2.35888
438,0.65,10.829798080951173,3.4744925156332895,13.08,3.64998
642,0.65,93.15986038906304,11.302040178143685,118.5,13.4294
144,0.65,36.58658120023077,6.739219911232907,36.52,6.64264
342,0.65,5.027908988790243,1.9514194463024157,5.9,2.29679437
1288,0.65,91.29031966762017,11.86316800454863,100.58,12.17579997
716,0.65,5.330227894636516,2.2040776428885667,5.34,2.16083
1047,0.65,9.82678623212608,3.2021018673316917,10.47,3.21883
1581,0.65,33.963005413121664,6.354634376462553,27.44,5.670863357
799,0.65,84.91434856197961,9.986885178132578,68.55,9.72386
1021,0.65,10.841717156181076,3.413827166593894,13.85,3.78219
19,0.65,6.47858598358204,2.471923981041504,5.99,2.3216
1391,0.65,100.01438012924288,12.376869738869559,100.78,12.1827
54,0.65,13.112060851224344,4.06036104849874,12.29,3.751004
1558,0.65,63.48324296388899,9.632551143182459,65.62,9.49438
1319,0.65,94.17483618379181,11.901378126764259,110.71,12.8974
1083,0.65,9.571968676134599,3.31324109599018,15.33,4.026925833
1190,0.65,31.192351459905417,5.715735443916848,18.15,4.46635
641,0.65,27.026257773635308,6.529937543104269,22.95,5.10182
1,0.65,120.54228773416806,13.55464216781613,116.75,14.581841
1378,0.65,124.64644908805944,13.579300948407006,125.51,13.9016
113,0.65,13.732622394591848,4.097903967037546,35.09,6.02383473
1546,0.65,81.10365303894783,10.706170721122325,71.54,9.98401
1064,0.65,96.86075179533155,11.552879765761471,126.44,13.9111
298,0.65,15.204966884596884,3.760098735846635,20.17,4.71785
279,0.65,117.5063173954849,12.870126830115476,100.48,12.1343
82,0.65,85.39746309160333,11.042783869691942,83.66,10.92571149
745,0.65,84.17189287118876,11.013209239355923,95.12,11.8886
1127,0.65,42.00692803135426,6.9997595647257524,31.68,6.170988152
1354,0.65,69.85801563696752,9.16802864021322,61.72,9.1446
1325,0.65,99.6584249498399,12.047941981937537,104.29,12.43773089
1087,0.65,22.65409934491158,5.24222377924107,25.19,5.41363
322,0.65,2.4462208178553126,1.3604082759281593,0.81,0.949185781
1039,0.65,12.928040083968325,3.939990994555478,10.87,3.29096
122,0.65,4.540235183574311,2.0179707967381613,4.1,1.84555
1305,0.65,75.52671531133545,7.225066143190307,25.06,7.024177621489566
511,0.65,113.84673273349486,13.072060218611306,117.39,13.3343
48,0.65,5.079209679248972,2.100427470715932,2.5,1.36751
1572,0.65,20.386878459225155,5.124658274773095,21.87,4.95462
1611,0.65,88.05356275474364,10.964475625061034,89.82,11.3547
1010,0.65,16.302419728488484,4.507281179640963,19.42,4.33692
776,0.65,29.65994612101783,6.6098782340622675,27.73,6.05271
842,0.65,12.536290672515616,3.6320977703652284,12.14,3.49799
1841,0.65,13.694388140920763,3.866818449611752,12.38,3.550689516
1142,0.65,91.06166314721905,11.584175717291574,74.51,10.2185
52,0.65,4.406963110761186,1.838755065803019,4.71,2.02068
501,0.65,71.68305464197498,10.322373850157957,64.42,9.36823
1602,0.65,13.334966885790811,3.79375111495355,10.93,3.29943
1484,0.65,68.77811728970008,8.92429361740272,38.8,6.952739141
1023,0.65,5.156388372345872,2.0912335881137754,4.46,1.947929019
159,0.65,5.070088198939084,2.0670521339063255,5.47,2.195403439
686,0.65,37.91430424697408,6.143051910585923,20.97,4.841201962
1026,0.65,13.015686863934791,3.976496487458207,12.16,3.5130935
353,0.65,115.63024053393899,13.01541833034295,114.53,13.14269004
1126,0.65,14.69472018365389,3.230100935072676,7.88,2.722617954
251,0.65,100.70410149183476,12.25725546442129,120.33,13.53006831
1516,0.65,6.687496918320855,2.4551003661994484,5.31,2.16267
1034,0.65,109.09956583161897,13.011071626736948,130.66,14.183
190,0.65,82.55849218146301,10.211639654862367,53.39,8.388894075
568,0.65,22.78710012100017,5.6584982140791915,23.63,5.193676358
924,0.65,92.89504753819327,12.12024814749913,99.95,12.0713
1258,0.65,109.35401275993597,12.697747339536948,99.82,12.168
1843,0.65,39.37258903652738,8.348835976310179,40.3,7.09086
1132,0.65,94.70811166499571,11.169044351432692,91.8,11.5451
376,0.65,48.30404939935521,8.702392177037908,41.34,7.216883182
1265,0.65,70.963642477191,7.48566338191176,124.53,7.024177621489566
1688,0.65,75.9713939225994,9.774192486857716,64.57,9.41494
487,0.65,110.9543968792783,12.715272556311424,125.28,13.446487
253,0.65,8.430500289367478,2.6510648734185764,7.39,2.62025
1586,0.65,107.62561324514529,12.617297227812362,86.01,11.1331
299,0.65,7.8498428419748505,2.632989569227051,6.5,2.431285405
760,0.65,47.44200350156386,7.55774053755534,39.68,7.04152
1670,0.65,6.3416368955520115,2.409234204699719,6.98,2.533629389
1311,0.65,43.79373555565567,7.226509721170746,37.45,6.80431
994,0.65,11.555927198406986,3.5816721970496177,25.62,5.37673
609,0.65,7.125010614358189,2.6991978796273273,5.71,2.25345
1054,0.65,91.72774433343474,12.253278706267738,101.72,12.2521
1708,0.65,92.79482439586177,11.400215251841738,87.59,11.2199
271,0.65,34.19097604833459,6.775309194374782,15.31,7.024177621489566
214,0.65,2.7089718615539167,1.4132267183997897,1.93,1.210733876
1279,0.65,86.05146026687635,10.847778885796634,126.78,13.9775
965,0.65,97.18551107352165,11.62589974821306,88.71,11.3151
665,0.65,14.619470478921123,4.957611288471444,11.63,3.41784
1271,0.65,60.839229366678936,7.686950401346613,75.49,7.024177621489566
4,0.65,107.70592711487572,12.48212885902065,99.64,12.10867994
204,0.65,20.17981999147095,4.60682694972838,19.32,4.613131896
648,0.65,92.32303953450106,11.600089141450246,88.19,11.2446
219,0.65,11.110603196744185,3.3828625907447445,23.11,2.582442
393,0.65,3.8637694970935623,1.7689927369862344,3.52,1.69257
977,0.65,13.417644347698731,3.738694261940771,9.4,3.01498
948,0.65,119.58092417468718,13.572019262893631,116.12,13.24971416
1187,0.65,89.44634828743322,11.490618188170595,71.2,9.93735
900,0.65,7.56026563642178,2.990678638530266,8.47,2.841179901
520,0.65,66.22973294274406,9.70391935824968,61.52,9.08479
1679,0.65,51.28897025021653,8.908668959039518,40.17,7.096299381
481,0.65,4.8258124251141465,2.1492026602443297,4.77,2.28501
538,0.65,77.74305427876142,10.422716322435482,64.15,9.39131
918,0.65,96.13902674439912,12.20223904075531,105.1,12.4956
268,0.65,66.33635741959648,9.584130848720232,52.53,8.309019329
521,0.65,20.747638882473357,4.176580952854038,26.66,5.58857
31,0.65,120.77809540158931,13.604734687016595,125.8,13.88927615
1818,0.65,25.546354018351504,4.801076454919716,14.74,3.91968
814,0.65,8.705003934535592,2.871824412208085,10.49,3.217
1335,0.65,111.10619106189867,12.400174408613296,111.35,12.92730565
825,0.65,6.217276062217974,2.397963511255616,6.19,2.36311
1366,0.65,33.856845753894035,6.769241518095124,35.64,6.613947587
347,0.65,2.8979858376114147,1.512118793696157,1.83,1.192639209
512,0.65,32.421131300349884,6.760525201557937,30.62,7.024177621489566
1639,0.65,99.15442087405381,12.22057686191936,100.34,12.1366
1184,0.65,117.97596135524839,13.257429981726373,118.41,13.3524
773,0.65,43.50721639827766,6.835155265812242,77.22,10.3751
1480,0.65,99.38546317722825,12.49968395732594,90.85,11.46948561
1793,0.65,71.45935099252462,9.657358946223347,47.3,7.78724
1402,0.65,96.61846465136348,11.693447084135052,80.42,10.67471486
1025,0.65,8.494604193912362,3.042587149928572,7.18,2.578146532
1093,0.65,6.6292430373727536,2.300469943313913,5.59,2.225369592
89,0.65,3.758707420992197,1.7396385697281964,2.28,1.312234294
1170,0.65,12.67207687911316,3.3807422541200034,21.9,4.98711
1646,0.65,3.0044145545200203,1.582431073437642,4.32,1.89426
1353,0.65,97.45627838933912,12.362569792734387,106.65,12.5934
1355,0.65,24.435121294229305,6.143107079445127,67.4,9.65497
177,0.65,5.457441328216609,2.1392922436138058,4.38,1.925734586
1031,0.65,5.492387034315045,2.1993260226217246,3.45,1.674180322
1399,0.65,92.71778605265212,11.55016861997564,99.87,12.0428
1057,0.65,17.87281328620036,3.74014063409964,16.75,4.242394637
1110,0.65,93.56492179156879,11.856148301267202,92.16,11.56559794
385,0.65,100.34106734371026,12.115522476720486,77.93,10.47865795
1411,0.65,57.119995081991604,7.4088727851806455,55.01,7.024177621489566
1543,0.65,86.70636338956193,11.284143148575854,93.35,11.6629
1137,0.65,3.0345764055427753,1.6030641351843093,4.65,1.99844
1393,0.65,39.75642437464844,6.54482749606373,45.24,7.64474
1367,0.65,37.05520154578545,6.752231564835726,35.03,6.547178712
1629,0.65,26.369827580311046,5.240555633477211,21.48,4.89644
408,0.65,7.64199096394295,2.649463429032325,7.73,2.28122
506,0.65,90.26276791234872,11.316100780394825,86.69,11.1276
1115,0.65,66.10622683639231,10.003280246537997,66.22,9.54792
813,0.65,96.32899336695662,12.088708571385588,86.56,11.1497
1136,0.65,87.21323949122777,11.609003750651489,81.5,10.753
302,0.65,94.90442993585216,10.934059876715567,121.01,13.57525892
436,0.65,32.89456376414655,6.272023879495871,23.06,5.118907941
979,0.65,74.72157815427587,9.39758711744089,47.76,7.024177621489566
171,0.65,119.08139784029377,13.38341445203514,121.6,13.61374033
1409,0.65,103.84931480364023,12.20548590824574,111.85,12.9673
1518,0.65,12.128630776373992,3.4116121762346,13.87,3.797335347
1427,0.65,12.270125501780642,3.8433282663502126,8.53,2.852334785
270,0.65,105.94227425506843,12.164574600019424,96.61,11.9045
227,0.65,84.67861419283412,10.493841216181856,97.07,11.92440528
1196,0.65,22.93575506939675,6.626892066450776,15.2,7.024177621489566
558,0.65,4.949482299349884,2.2032439167572986,5.08,2.102385379
1511,0.65,69.5276146656787,10.266137698059424,59.27,8.920508561
1210,0.65,91.98875595087324,11.277091480414148,96.74,11.9007
618,0.65,56.619266027527964,9.628801606117877,55.39,8.57193
1588,0.65,26.605273204391203,5.9037969851675625,25.49,5.44119
1530,0.65,3.8350802499803405,1.8535671478789046,2.83,1.5002
1784,0.65,2.5347942293785346,1.3305265974042562,0.85,0.961738557
597,0.65,18.686522991897174,4.671857714523859,19.15,4.5947
1520,0.65,69.48127841515509,9.526477472951077,72.99,10.08322393
737,0.65,20.269247313261708,4.337672895292865,13.87,3.80598
1334,0.65,83.66628987783437,10.673844593836872,80.26,10.66165646
1150,0.65,94.54680750178443,11.932579450362775,87.25,11.2009
378,0.65,8.492322365018225,2.7131124021754975,7.39,2.62397
866,0.65,7.344209773433799,2.757929295893154,6.06,2.3352
1718,0.65,88.58025405522658,11.503908014287749,92.31,11.5845
379,0.65,6.224707884493688,2.3162453357790604,5.41,2.1838
192,0.65,5.2839746583391864,2.2025772333118447,4.4,1.93236572
260,0.65,29.622242137417796,7.0372840931675755,46.67,7.7514065
1652,0.65,96.17242838702175,11.442560667983663,93.06,11.633
1212,0.65,59.34184594261656,8.963132770700565,55.03,8.52936
953,0.65,14.79740452687921,3.6696256165468815,9.44,3.026578642
1003,0.65,32.38108282267559,6.851186125177935,31.56,6.16036
861,0.65,6.060571577896876,2.3911892932645036,4.25,1.89435
308,0.65,102.71169328330028,11.919073624993832,112.5,13.0203
1591,0.65,101.53459599766262,12.261556986472655,87.58,11.2128
1268,0.65,23.367693637953366,5.211643874165234,21.13,4.86815
1164,0.65,88.12498092701652,11.687596321768737,76.52,10.3670919
360,0.65,8.301309894600946,2.735349987071941,6.93,2.512038
652,0.65,23.55375388556875,4.58666844126104,17.99,4.42263
381,0.65,72.58538742438405,9.921136570489711,43.82,7.469402719
1775,0.65,7.564970297125466,2.605718102612478,6.45,2.42354
1000,0.65,62.782185047415155,9.295581030307977,52.81,8.33267
452,0.65,82.55008523427374,10.784419121026188,88.76,11.3113
414,0.65,6.35944296714796,2.508164050353364,6.1,2.340834103
987,0.65,51.20717341089759,8.328478525980938,73.79,10.1474
1459,0.65,73.9024638124956,9.922200273284561,63.99,9.33912
1358,0.65,86.85167217383213,11.231987730166901,72.87,10.0826
1703,0.65,119.90775030152106,13.494702240111224,129.15,14.10495771
638,0.65,76.36453255535176,10.04040617071871,70.99,9.91393
1404,0.65,95.79793076857614,11.854600412236223,105.27,12.5164
133,0.65,11.255467692540773,3.5213916526529268,10.81,3.28324
202,0.65,98.00549265196899,11.918529869265186,91.33,11.50390062
1169,0.65,103.45315716292072,12.481494233524089,98.5,12.0756
198,0.65,59.53079916945861,7.0223774243300845,16.17,4.155260325
796,0.65,87.48965412837448,11.277078289090312,69.2,9.77911
574,0.65,110.79294099011638,13.08607793889882,119.35,13.46463141
1114,0.65,12.799497311278714,3.5961615575698045,14.37,3.86968
317,0.65,2.0969186413124516,1.3203080705608239,1.13,1.042840696
980,0.65,50.10358853950696,8.378345883492104,95.18,11.78712672
142,0.65,9.165428040998549,3.03707926886128,9.61,3.12766
1413,0.65,12.971944843276246,4.82629860660984,17.74,4.37963
1806,0.65,16.86669467407107,5.944372506817221,3.74,7.024177621489566
1852,0.65,100.25275451048023,12.830549061075889,117.29,13.3280613
465,0.65,84.37318563887341,9.277763412043377,74.24,7.024177621489566
315,0.65,96.79545159535901,12.284247359053694,110.17,12.84561173
1425,0.65,6.139069143510285,2.3402665072506066,4.37,1.93226
670,0.65,84.27293572825221,9.297570733130332,79.53,7.024177621489566
170,0.65,53.801842157123744,7.995839978608123,63.97,9.33715
467,0.65,55.58959735704366,8.067406201420333,70.23,9.84223
1109,0.65,91.46859835169293,11.44870522058805,84.52,10.9933
1486,0.65,3.254888277403926,1.5720738683254751,3.44,1.67736
1398,0.65,98.56962116233558,11.641546788672194,96.4,11.87591193
1341,0.65,114.31733173864771,13.06246323525685,117.71,13.3674
1448,0.65,12.236007471830444,3.786868535364211,10.1,3.16086
22,0.65,16.023725876240434,3.846675677887131,12.19,3.517574786
1267,0.65,32.44692578498768,6.732716058685803,35.89,6.63491
45,0.65,3.2424568429707987,1.5243527714733944,1.65,1.15643
1224,0.7,28.999521106641904,6.014774869992635,29.55,5.94241
475,0.7,69.3863286153648,9.98995657947702,77.13,10.417
1838,0.7,6.462063310701238,2.2674293672830745,4.41,1.92318
1199,0.7,10.663110965798428,3.279004868166379,9.3,3.01287
53,0.7,9.851988677010722,3.1845391369421603,7.04,2.54474
1408,0.7,97.23285374713302,11.784625289439605,112.81,13.0531
1654,0.7,54.53496409535307,7.525348426365228,36.24,6.70553
18,0.7,89.12600587832009,11.373507136257738,76.0,10.32616195
731,0.7,21.422922757196545,5.349148105514379,15.91,4.12435
1374,0.7,68.84199956598307,7.374156803785625,33.76,7.024177621489566
233,0.7,67.3492101190427,9.696016928062638,55.83,8.612116336
1390,0.7,94.80688771647414,12.214838101393863,125.31,13.8742
621,0.7,74.0458339970915,11.037953434291111,68.34,9.70968
427,0.7,7.040819630170014,2.575155936699081,6.82,2.50355
187,0.7,21.577270706499185,5.019297866408918,21.79,4.952313354
1029,0.7,4.601013181125419,1.829653387190217,3.27,1.62297957
390,0.7,95.50348812065711,12.112175111508632,82.55,10.8261
457,0.7,122.15615434650671,13.444450706033336,117.29,7.024177621489566
156,0.7,8.078771351773847,2.86916169361143,13.61,4.509178613
1337,0.7,91.33921459559069,11.263485850217618,79.11,10.5731
1649,0.7,10.704699160825632,3.4617284534391484,7.06,2.54445
1628,0.7,113.73528289178284,13.058239599626349,112.16,12.9734
616,0.7,98.52535799114678,12.152618336174505,109.15,12.8076
726,0.7,52.821547272660325,8.753922906199046,122.07,13.6402
473,0.7,77.32993243186728,10.246571651675135,64.55,9.36472
853,0.7,4.851558147847919,2.062756678885433,4.59,1.980635825
1720,0.7,104.36881090064742,12.754845909900904,120.83,13.5597
1834,0.7,49.136595313882836,9.793459943278584,60.85,9.059590395
440,0.7,77.01822850477565,10.297641209881647,55.55,8.56637
303,0.7,2.29984515094365,1.4256343020661724,1.95,1.214566424
519,0.7,26.49554812576978,5.8050342560544905,21.07,4.86242
191,0.7,17.96799236155804,4.409333406689043,14.68,3.924832159
6,0.7,102.48821276810953,12.231394885063338,113.71,13.08687204
962,0.7,59.56260174703596,7.691855206230189,29.29,7.024177621489566
434,0.7,106.35809519847929,12.612067245853542,90.34,11.8344
1693,0.7,4.135022492850273,1.8302716900658085,2.52,1.393219042
412,0.7,9.182955204940047,3.2278341837842555,7.25,2.58794
124,0.7,40.87812450273485,7.831501937373024,43.24,6.99891
1768,0.7,2.6205746069475087,1.5248367447972655,0.86,0.965061868
1617,0.7,37.62313527686367,7.069098168107436,28.01,5.739561697
1294,0.7,20.3233874808784,5.48536294910124,16.34,4.16809
318,0.7,2.3204859439131575,1.2804673491781213,0.56,0.856692464
17,0.7,119.15582008911692,13.630557334121413,124.3,13.79115826
1758,0.7,19.579215281421085,4.563939268028925,19.35,4.615
80,0.7,44.030971471665985,7.871881433518674,19.13,2.432614
479,0.7,7.875309585633302,2.9266269414138306,6.52,2.43432
744,0.7,21.084179976494728,4.817152990288809,74.3,4.06597
963,0.7,7.421886397036239,3.0011848834647026,4.31,1.90837771
135,0.7,104.83143638166345,13.029633387208358,94.26,11.7171
847,0.7,31.571859716554062,5.114457508893459,23.64,5.21152
118,0.7,11.146197516522294,3.4080506009046685,11.71,3.435910248
85,0.7,10.092540884021933,3.1364356033401806,3.61,1.741587
1103,0.7,91.8680298745769,11.621115309922123,92.98,11.62586504
1379,0.7,12.57587278651747,4.248311186307564,11.82,3.44576
1789,0.7,2.281197301931774,1.369872166103947,0.63,0.885684603
1045,0.7,5.357990679161106,2.2697618364624623,7.43,2.629079023
792,0.7,18.069650262139056,4.246368508338054,14.5,3.90515
47,0.7,2.6271405085269834,1.3808001760213036,0.88,0.969819
77,0.7,45.54839747124892,9.022814264051238,56.57,8.85869
904,0.7,101.56006304593114,12.42858159327036,94.7,11.7215
107,0.7,101.28617265750748,12.647180481618843,108.69,12.74428382
1461,0.7,27.924533998021353,5.788957129924245,21.53,4.916984204
1856,0.7,116.05989218525664,13.364151657523664,109.94,12.82971612
30,0.7,61.62912701867761,7.180799303087877,43.22,7.42915
1437,0.7,4.720144446201794,2.0574562829172818,2.3,1.318046443
596,0.7,84.10580468978112,10.789066130182485,114.56,13.1383
1672,0.7,2.335119451525584,1.4200431043402322,1.38,1.101762401
1236,0.7,67.99405798858214,7.191760634766313,49.35,7.024177621489566
425,0.7,22.03797671780185,5.533492961066702,19.67,4.66502
361,0.7,117.02566888130656,13.510702834641476,105.75,12.53990524
991,0.7,6.671503445500701,2.5340138946852706,7.8,2.705027839
1728,0.7,27.629229637988153,5.156516039103191,21.12,4.862440485
1780,0.7,90.4725289554402,11.330793574306776,77.3,10.4307
862,0.7,7.024272303435482,2.5334364017944515,8.15,2.77807
1723,0.7,107.29161812036872,12.049286705420737,92.69,11.6029
1239,0.7,55.25178848572515,8.603957036556846,40.44,7.13535
655,0.7,48.20688112035413,7.6856368491590565,83.22,10.8884
883,0.7,8.396304137244062,2.7425528534681094,6.68,2.47030768
1599,0.7,12.568148616049504,4.069785432987664,9.39,3.00633
871,0.7,10.957420293496542,3.2448871840699662,10.75,3.2807
1424,0.7,101.71654478601924,12.562266520375738,76.73,10.4386
1609,0.7,107.00862920342765,12.790991399567762,126.51,13.9433
326,0.7,5.721806212079006,2.3080307028137588,5.7,2.24794
1317,0.7,95.15723541624942,11.988474334645677,74.94,10.24074428
985,0.7,7.438538438218574,2.803647409442519,6.69,2.47118
1476,0.7,10.612359559295868,3.57311845515694,7.58,2.660025534
175,0.7,18.304589849670204,4.167232010781288,21.14,4.87824
1656,0.7,43.54086574484546,6.91168213899782,28.87,5.8474
557,0.7,11.99489991306934,3.4590292152969315,11.57,3.412480023
1101,0.7,32.962108398203924,4.793413286061322,19.85,4.517045331
459,0.7,74.55600857917399,10.461192043615325,128.46,14.0608342
712,0.7,4.762842742180724,2.113803942036325,5.49,2.20071815
679,0.7,96.54553434342547,11.86199097560216,72.76,10.0433
923,0.7,19.413650544786528,4.798688289174328,14.47,3.89334
553,0.7,9.642446979377663,2.962845448573148,9.11,2.964146098
1182,0.7,49.897876689137306,7.647213813357615,47.07,7.82059
249,0.7,98.33906679143955,12.51648558034931,94.77,11.75690439
310,0.7,90.16439336614123,11.38521455398466,75.59,10.264
658,0.7,20.4997700435986,4.484693244664955,17.25,4.31235
217,0.7,2.55619381102138,1.4434056479489208,2.42,1.35917743
896,0.7,3.046976212268681,1.6119050903305607,2.86,1.499704002
958,0.7,71.67654824081893,7.4857749213982565,30.66,7.024177621489566
458,0.7,56.793060601183996,7.297222832766734,28.62,7.024177621489566
1695,0.7,47.81737584041643,8.03059508964853,39.6,7.03413
666,0.7,31.81322712314119,6.03881840817041,34.8,6.35126
489,0.7,108.50614566132614,12.93996232923663,117.42,13.33687048
969,0.7,14.262513282551232,3.8158238900989097,12.74,3.60283
674,0.7,5.076719132742021,2.22753816763972,2.52,1.39527
1315,0.7,95.0488202194558,12.003712181981596,85.72,11.0715
1205,0.7,14.264805190778764,3.648639077542377,12.83,3.62818
1498,0.7,105.34481433955033,12.848839526855624,100.58,12.1616
743,0.7,63.085020211430276,7.221275398260099,36.91,7.024177621489566
1276,0.7,81.13018065292951,10.696973070446365,71.58,9.96751
1844,0.7,38.820730476661154,6.699104921228987,30.67,6.0323
148,0.7,43.08680260275678,8.546451626096314,101.78,12.2412
1074,0.7,122.8074472825333,13.784322745012918,113.65,13.0889
1497,0.7,8.870823521922752,3.015620451295651,7.58,2.65245
1416,0.7,104.47413456271815,12.475928495403938,69.6,9.82252
587,0.7,108.07980572683596,12.977336779957676,105.95,12.55419255
517,0.7,15.281643655895582,4.009437443728127,13.61,3.754833321
1661,0.7,11.078469999553706,3.303070026574572,12.36,3.548343316
1286,0.7,96.68576604339368,12.106233967917273,119.59,13.4003
76,0.7,3.965014162572594,2.020283585221683,2.12,1.671618
1081,0.7,4.4095735287326745,1.8103166037905118,3.42,1.666703009
1415,0.7,73.36758544466979,7.156704256660891,74.93,7.024177621489566
999,0.7,15.776103276046719,3.7558665332011048,28.55,5.805449843
1732,0.7,14.003373864540691,4.209606668688788,2.72,1.455123436
593,0.7,78.43261067617118,10.332179429244373,69.0,9.754848091
1573,0.7,12.878489130236183,3.6689516739599575,9.44,3.02618
262,0.7,119.9927660133859,13.259989933275095,116.99,13.30845019
1533,0.7,84.22818164351492,10.463514505885103,115.63,13.21716686
565,0.7,12.57822421430864,3.4602250733423294,9.31,3.00264281
1287,0.7,114.14312286274924,13.052295576791328,117.11,13.31600225
34,0.7,62.261045761446724,9.39874203760717,80.03,10.6751
1183,0.7,60.15469124640135,8.933845365541705,68.76,9.735489661
1840,0.7,104.7573751039512,12.418858351141175,94.75,11.75567728
182,0.7,105.8855527096439,12.537676116921174,125.96,13.89945234
651,0.7,35.26977945025628,6.366508484429642,28.37,5.78741
276,0.7,8.127777417796223,2.5710075728554314,9.56,3.05033809
567,0.7,4.211665537702554,1.8197596405376648,3.03,1.553134989
775,0.7,32.81960679884891,6.386614419995239,27.13,5.62786
1188,0.7,30.185000014858634,5.7011191290382115,37.53,6.82612
1823,0.7,79.11378980297873,10.508002488110764,63.36,9.29428
1593,0.7,13.167362118214246,3.7201639798610313,12.8,3.62613
840,0.7,4.297727656444727,1.8814898740337975,3.9,1.799296606
161,0.7,111.91656059219618,12.938376134226766,107.4,12.65489004
564,0.7,8.351055698488423,2.7835966232206917,7.4,2.623164132
579,0.7,12.987290417074325,3.6721276713295583,10.61,3.241642959
1151,0.7,20.591174761605714,5.225744746994346,20.78,4.82429
14,0.7,7.574042668035243,2.5985734479552574,7.65,2.66889
1122,0.7,102.57923735294146,11.637278889383975,92.33,11.57792161
713,0.7,11.964435301687146,3.6989260541117845,14.52,3.91576
1097,0.7,3.8433992020255254,1.8596344864346006,4.02,1.833476886
254,0.7,7.985963802501878,2.6157578808964566,4.66,1.99787
1858,0.7,113.4420539966054,13.14834336024032,107.41,12.65581119
1158,0.7,114.61917377568882,13.068198107172925,115.93,13.2366563
970,0.7,66.1612977112895,9.107360132086068,55.42,8.575211206
526,0.7,83.7934322820999,10.831079801657681,101.51,12.2235
1651,0.7,61.05328303926059,8.407166370653085,48.11,7.88895
1769,0.7,24.459553200159416,5.616786941757732,22.32,5.02186247
1213,0.7,63.28885400296908,9.264203704632079,58.05,8.78597
1735,0.7,104.20246111866474,12.427904231650583,106.05,12.56093758
893,0.7,9.373157645976011,2.9305709861998386,9.25,2.99324
1832,0.7,85.42427040943973,11.671569811686446,74.6,10.2495
1234,0.7,60.630813579728915,8.889473007281458,46.76,7.76491
733,0.7,13.900728341321907,5.842602205517045,9.15,7.024177621489566
1751,0.7,107.59836613934743,11.564069382055703,120.8,13.5278
1237,0.7,34.74854469838548,6.612831951530496,25.93,7.024177621489566
581,0.7,60.985762646384444,8.127025920781541,38.83,6.956425764
1551,0.7,57.89340406380733,9.012906819679117,42.05,7.290258938
37,0.7,52.775442523825106,8.346021282804188,48.6,7.99698
223,0.7,40.1207931960385,6.6291522824783495,27.51,3.493627
1523,0.7,57.57362398738577,8.83808574340415,37.59,6.823692468
1382,0.7,19.8336248614911,4.896688453203559,6.63,2.16171
1042,0.7,82.2447049852057,9.68734189591253,98.43,12.0629
1070,0.7,78.06430102838786,10.382495028249169,64.42,9.36468
443,0.7,28.528209523716907,5.529477913791864,19.99,4.70308
152,0.7,3.908853365486325,1.8091724511972582,3.82,1.77141
1799,0.7,90.79218661482457,10.605104942908927,101.42,12.1874
1759,0.7,91.47445028231968,10.908718098283124,74.91,10.2441
667,0.7,57.49851087126805,9.00813677934566,29.45,5.91488
485,0.7,114.71987680980848,13.109138515093116,119.75,12.962219
992,0.7,3.2940654834710412,1.7293986673801318,3.26,1.62083261
769,0.7,20.233320718213662,6.844573135933998,10.87,7.024177621489566
1005,0.7,39.10754189140126,6.854424530605478,32.02,6.20845
572,0.7,11.608153717341676,3.5582350601657353,9.15,2.972828344
278,0.7,108.83044426646627,12.525030806197806,118.47,13.40695673
632,0.7,30.933915230548813,5.7531372199656685,25.04,5.374472103
823,0.7,30.208044792169634,6.0873991012773425,23.66,5.20733
141,0.7,81.45481738422667,9.59616055073818,66.94,9.58224
752,0.7,39.375436468293195,6.974856984602694,30.39,6.01061
240,0.7,4.919417215191169,2.179389856529087,5.32,2.160174068
1824,0.7,13.366252433718184,3.5263319753953017,6.67,2.46843
795,0.7,32.06098838316706,5.7603104739056725,25.69,5.46087
55,0.7,6.922547575302426,2.555901742471121,5.83,2.280732664
333,0.7,21.894604239885403,4.433361603420669,52.89,1.90058
897,0.7,4.376332141831394,1.884126695207206,3.29,1.627714714
1364,0.7,51.11168460659168,7.7200364851939645,44.16,7.48475
1492,0.7,118.25187819419394,13.209386356513154,115.71,13.22170304
215,0.7,119.53580171229015,13.537017901485523,116.63,13.28441341
672,0.7,6.520369718998034,2.3138337660341914,4.87,2.051533242
446,0.7,94.30266504868382,11.840756281218958,108.18,13.7564
530,0.7,57.619241379745084,8.831538433034021,119.29,7.024177621489566
789,0.7,64.04546606404287,9.095149639266454,50.58,8.13315
576,0.7,14.185236409865572,4.109514605697367,17.74,4.386987751
9,0.7,96.37733723336653,11.83794661149971,78.84,10.55059224
997,0.7,85.65894600223481,11.822338383604448,116.71,13.2583
1781,0.7,106.96576231117587,12.822647378546076,81.72,10.7664
1850,0.7,10.665946756966543,3.408084424127417,9.37,3.01006
220,0.7,8.533704963085006,2.8737661275597057,7.69,2.67607
982,0.7,111.90189624588902,13.117313059304465,91.68,11.5159
259,0.7,2.6429930777437787,1.4106164158683943,2.16,1.26995
989,0.7,106.17948220945979,12.70960759216983,94.78,11.75821955
39,0.7,108.66160530075929,12.516767643624204,118.4,13.3028
229,0.7,48.550077338429126,7.070352815175383,26.9,5.933251
911,0.7,7.394527654466732,2.6541549587543605,6.67,2.45459
491,0.7,120.01729809718829,13.443829904476328,111.21,12.91712883
516,0.7,86.98877087472191,11.880093058549726,86.88,11.1424
66,0.7,4.309756034601783,1.844432327084888,2.79,1.477775413
1464,0.7,96.38538290761754,11.929698378543655,94.75,11.75575788
933,0.7,105.07482649726438,12.837657136419608,90.81,11.48
615,0.7,113.29562675982282,13.08356985435023,96.91,11.8862
1246,0.7,106.06874583503577,12.903600407509279,85.94,11.1273
206,0.7,113.45440692205455,13.126903133637406,109.38,12.79215388
1612,0.7,11.299234658825627,3.4469462180858983,8.39,2.823759908
461,0.7,10.094788900965261,3.433894137015928,9.97,3.34688
1788,0.7,2.867670247195221,1.595472897995364,0.83,0.955851376
1299,0.7,97.76729496248838,12.359276062595319,91.87,11.5444262
402,0.7,4.651305428709332,1.9242225851812849,3.49,1.686631414
5,0.7,111.92634975284619,12.728424081041668,102.14,12.28673887
58,0.7,72.81822225256278,10.130736136471606,39.81,7.059079908
955,0.7,103.28198177390901,12.308412479829762,89.31,11.3749
762,0.7,13.620841975226389,3.8042550597220344,11.29,3.45648
1052,0.7,123.18824877378279,13.31069257221154,123.98,13.77034053
529,0.7,31.544955677320445,6.0349575439965415,31.64,6.167248677
1388,0.7,122.37017343753953,13.846272345738065,121.48,13.6371
1568,0.7,11.910898470233143,3.4705015718670653,8.99,2.93924
1454,0.7,2.8154152482247525,1.515840833883974,3.61,1.719326482
1664,0.7,6.695964536209283,2.6700511086054988,6.59,2.451177479
1855,0.7,25.189003709679927,5.36779558881044,10.06,3.13923
1174,0.7,82.53445422474232,10.59921042185139,56.89,8.72806
768,0.7,23.894737514365318,5.407122973780567,21.99,4.98445
578,0.7,9.30658030089646,2.9221025151838322,6.58,2.448945353
740,0.7,74.81936007295266,10.741859909267378,95.88,11.8527
602,0.7,31.073557820049057,6.135271489993503,56.78,8.697617256
92,0.7,8.059116355684983,2.72520541152118,8.4,2.826989728
993,0.7,2.662033870220393,1.5157598638504663,1.35,1.097286737
1500,0.7,89.15856179754562,11.592098300589296,98.09,11.6786
575,0.7,6.8961753760943285,2.5228482636617433,5.8,2.273030104
1453,0.7,104.21374213427158,12.428546998701817,104.62,7.024177621489566
539,0.7,7.450383921596974,2.6371745544798655,6.16,2.35888
438,0.7,11.836806401332032,3.4461235396524295,13.08,3.64998
642,0.7,98.96100847892936,11.75188340707813,118.5,13.4294
144,0.7,38.958530233472544,7.110159697112404,36.52,6.64264
342,0.7,5.574384097042332,2.140516933652691,5.9,2.29679437
1288,0.7,92.63601959382521,12.006127383229568,100.58,12.17579997
716,0.7,5.544880238953851,2.2122073223047884,5.34,2.16083
1047,0.7,9.876272336308082,3.123971969192275,10.47,3.21883
1581,0.7,35.94203685159249,6.213910933273251,27.44,5.670863357
799,0.7,86.74331601241916,10.724927882407028,68.55,9.72386
1021,0.7,11.827604596491385,3.2814842962270987,13.85,3.78219
19,0.7,6.766103157088348,2.4707493904884164,5.99,2.3216
1391,0.7,98.22184840713246,12.419268253013481,100.78,12.1827
54,0.7,15.287758123236454,4.308807099964186,12.29,3.751004
1558,0.7,66.6815623777576,9.96410754999007,65.62,9.49438
1319,0.7,96.40872827912942,12.119943267690724,110.71,12.8974
1083,0.7,10.445525262753986,3.2967760149193817,15.33,4.026925833
1190,0.7,32.445345105484044,5.890585730609739,18.15,4.46635
641,0.7,29.721721704094254,6.377913538250372,22.95,5.10182
1,0.7,122.91256911036652,13.841413133705876,116.75,14.581841
1378,0.7,123.04973847747397,13.625541240891149,125.51,13.9016
113,0.7,15.076017499869506,3.7865564560674065,35.09,6.02383473
1546,0.7,85.19549791842562,11.152750828160672,71.54,9.98401
1064,0.7,102.36391664899487,11.69107587578882,126.44,13.9111
298,0.7,15.501759187935207,3.8484499554791443,20.17,4.71785
279,0.7,112.34547973795655,13.17310636482783,100.48,12.1343
82,0.7,88.93059506393763,11.48044466427981,83.66,10.92571149
745,0.7,78.83610478650863,11.478993927475138,95.12,11.8886
1127,0.7,39.66205078937775,6.771681961270215,31.68,6.170988152
1354,0.7,77.60700679996675,9.697659128526283,61.72,9.1446
1325,0.7,101.87618757951455,11.725228952668392,104.29,12.43773089
1087,0.7,26.03695866017498,5.024263243773112,25.19,5.41363
322,0.7,2.4572119969965094,1.3718831523512567,0.81,0.949185781
1039,0.7,13.039761312243586,3.995650676902753,10.87,3.29096
122,0.7,4.711149936165179,2.0580034010135466,4.1,1.84555
1305,0.7,69.60689958007491,7.251137397266183,25.06,7.024177621489566
511,0.7,111.17798665160953,13.19511716117052,117.39,13.3343
48,0.7,4.925262071396187,2.2212949827563944,2.5,1.36751
1572,0.7,21.780216680421567,5.188265633476724,21.87,4.95462
1611,0.7,88.37240606655412,11.343234661667902,89.82,11.3547
1010,0.7,17.839641276553046,4.52521933909893,19.42,4.33692
776,0.7,31.453428006503476,6.631133090494919,27.73,6.05271
842,0.7,12.016071425600618,3.745062950555877,12.14,3.49799
1841,0.7,16.27894199978365,3.6498191592676337,12.38,3.550689516
1142,0.7,92.76007464240426,11.634369007735264,74.51,10.2185
52,0.7,4.815793641300445,2.0139728703036996,4.71,2.02068
501,0.7,80.93690746602803,10.355578035385518,64.42,9.36823
1602,0.7,13.769834440173288,3.7326007694870955,10.93,3.29943
1484,0.7,65.77764193540129,9.444122638283023,38.8,6.952739141
1023,0.7,4.979535174369994,2.127774760097016,4.46,1.947929019
159,0.7,4.685813329721296,2.163244819303454,5.47,2.195403439
686,0.7,47.60771464756031,6.352306587941666,20.97,4.841201962
1026,0.7,14.708365776423996,4.1106479113911,12.16,3.5130935
353,0.7,115.05666989674035,13.127509079401841,114.53,13.14269004
1126,0.7,14.428414806232306,3.446107691822542,7.88,2.722617954
251,0.7,103.86541694113978,12.332169918303213,120.33,13.53006831
1516,0.7,7.469362603031039,2.48850849978849,5.31,2.16267
1034,0.7,113.83838888832976,12.91471944414223,130.66,14.183
190,0.7,81.92178264865511,10.554600192684115,53.39,8.388894075
568,0.7,21.14241083232816,5.884450640617547,23.63,5.193676358
924,0.7,94.27780072511487,12.132441424988553,99.95,12.0713
1258,0.7,105.91127059277268,12.657523448126975,99.82,12.168
1843,0.7,45.37412084370183,8.504909079020468,40.3,7.09086
1132,0.7,97.17565292921937,11.679219249448119,91.8,11.5451
376,0.7,51.02455310204462,8.829634823159278,41.34,7.216883182
1265,0.7,81.09645474400652,7.764005434252692,124.53,7.024177621489566
1688,0.7,77.20103830458838,9.904337623240025,64.57,9.41494
487,0.7,113.69983371522531,12.900206548273776,125.28,13.446487
253,0.7,8.320266601480732,2.7029752851378173,7.39,2.62025
1586,0.7,106.89580235869408,12.292836879527657,86.01,11.1331
299,0.7,7.999630901918566,2.692418073591408,6.5,2.431285405
760,0.7,59.50676061156049,7.621346455164249,39.68,7.04152
1670,0.7,6.396577996040531,2.4050945481196604,6.98,2.533629389
1311,0.7,45.70981079794827,7.310676202290983,37.45,6.80431
994,0.7,11.076115294655633,3.829018476943164,25.62,5.37673
609,0.7,6.976414154897368,2.7720826967954864,5.71,2.25345
1054,0.7,94.18893304352562,12.351233410937713,101.72,12.2521
1708,0.7,93.66333131492286,11.555982778768172,87.59,11.2199
271,0.7,36.01452128049393,6.55427588506506,15.31,7.024177621489566
214,0.7,2.965308397056588,1.4866752353795891,1.93,1.210733876
1279,0.7,90.05891332514148,11.51867308242012,126.78,13.9775
965,0.7,95.5517952009704,12.270947299117275,88.71,11.3151
665,0.7,15.174452018760965,4.814552725570424,11.63,3.41784
1271,0.7,56.253720599456685,7.287251595164416,75.49,7.024177621489566
4,0.7,110.02870770985892,12.45883300755269,99.64,12.10867994
204,0.7,19.66772645316662,4.830907038659364,19.32,4.613131896
648,0.7,92.06395082553033,11.476139847242111,88.19,11.2446
219,0.7,11.507056944384294,3.5128503348489133,23.11,2.582442
393,0.7,4.065843729585313,1.8662642942533687,3.52,1.69257
977,0.7,12.516180544553087,3.647591998966201,9.4,3.01498
948,0.7,119.74025875630953,13.59237422761849,116.12,13.24971416
1187,0.7,97.58755194863865,12.195709040923713,71.2,9.93735
900,0.7,7.960259984345038,3.3001755240213133,8.47,2.841179901
520,0.7,64.55365951333722,9.655114725320745,61.52,9.08479
1679,0.7,60.55279525347448,8.852932578093235,40.17,7.096299381
481,0.7,5.036425825574247,2.2042043901324027,4.77,2.28501
538,0.7,79.8186097442781,10.904587062028524,64.15,9.39131
918,0.7,101.91095029846501,12.448376197183187,105.1,12.4956
268,0.7,72.57455598118081,9.772726382803723,52.53,8.309019329
521,0.7,20.013085633022044,4.541738525343609,26.66,5.58857
31,0.7,114.82003335909873,13.711211659451727,125.8,13.88927615
1818,0.7,25.259005416385428,5.000123943974548,14.74,3.91968
814,0.7,9.6566458445424,2.9549938206988995,10.49,3.217
1335,0.7,110.25435776292365,12.852169825659058,111.35,12.92730565
825,0.7,6.331556401400035,2.4596788854390557,6.19,2.36311
1366,0.7,36.135810561439214,6.756203205372107,35.64,6.613947587
347,0.7,3.092372948535034,1.6426000453587568,1.83,1.192639209
512,0.7,31.74540663578768,6.585811491209213,30.62,7.024177621489566
1639,0.7,99.51324354236678,12.336983462082788,100.34,12.1366
1184,0.7,121.5522488225954,13.227345641256372,118.41,13.3524
773,0.7,46.52495265784163,7.273727544176429,77.22,10.3751
1480,0.7,103.908454330435,12.724917720923228,90.85,11.46948561
1793,0.7,72.29687685418034,10.166722139469906,47.3,7.78724
1402,0.7,97.3563264842995,11.68487835031602,80.42,10.67471486
1025,0.7,8.588004584130244,2.8992176268579755,7.18,2.578146532
1093,0.7,6.193625922816216,2.212041724746639,5.59,2.225369592
89,0.7,3.8588408396789826,1.858070690758313,2.28,1.312234294
1170,0.7,12.362445860310059,3.676605226280551,21.9,4.98711
1646,0.7,3.226744197811329,1.664976130415821,4.32,1.89426
1353,0.7,102.64394863287319,12.663186921202549,106.65,12.5934
1355,0.7,35.199936076804384,5.882896123933492,67.4,9.65497
177,0.7,5.7631523567175496,2.1421118753642867,4.38,1.925734586
1031,0.7,5.858519136907644,2.324394709912601,3.45,1.674180322
1399,0.7,96.71796515443378,11.346126059699388,99.87,12.0428
1057,0.7,17.800322429165124,4.172457360411804,16.75,4.242394637
1110,0.7,85.41441649641659,11.438697144835121,92.16,11.56559794
385,0.7,95.55558015760212,12.500422555792289,77.93,10.47865795
1411,0.7,65.22842458186956,7.5321624174996415,55.01,7.024177621489566
1543,0.7,85.41400709404526,11.542903063000654,93.35,11.6629
1137,0.7,3.30331499818831,1.6934227629162872,4.65,1.99844
1393,0.7,36.94952543985691,6.929352353180931,45.24,7.64474
1367,0.7,35.72773839769563,6.833314185815714,35.03,6.547178712
1629,0.7,22.441039040517133,5.499067427734249,21.48,4.89644
408,0.7,8.176888368351076,2.587059103826386,7.73,2.28122
506,0.7,92.11754167019633,11.637766295179192,86.69,11.1276
1115,0.7,70.75671275782146,9.96450853320238,66.22,9.54792
813,0.7,100.63721112765069,11.909949216197319,86.56,11.1497
1136,0.7,87.64369189874533,11.665193702317943,81.5,10.753
302,0.7,92.60037271664372,11.337410788089214,121.01,13.57525892
436,0.7,30.943477484088188,6.094765391561457,23.06,5.118907941
979,0.7,83.68174650156837,9.602738919928568,47.76,7.024177621489566
171,0.7,119.3987846018031,13.644913466643143,121.6,13.61374033
1409,0.7,101.3170509769529,12.837270948329108,111.85,12.9673
1518,0.7,12.245853518251407,3.7250423845572542,13.87,3.797335347
1427,0.7,12.724035868992607,4.012198968786801,8.53,2.852334785
270,0.7,107.70899474297143,12.803952394933509,96.61,11.9045
227,0.7,89.92629813872303,10.831896436926927,97.07,11.92440528
1196,0.7,22.112912075990227,6.618380853595417,15.2,7.024177621489566
558,0.7,5.108512321920069,2.1520994888813525,5.08,2.102385379
1511,0.7,71.57883286619982,10.17432758885806,59.27,8.920508561
1210,0.7,86.18710016425275,11.697381985894681,96.74,11.9007
618,0.7,69.41495369726448,9.490256992340127,55.39,8.57193
1588,0.7,27.16194393089637,5.806124207786112,25.49,5.44119
1530,0.7,4.14072825107742,1.8219489025854332,2.83,1.5002
1784,0.7,2.532992642612735,1.3356257917357004,0.85,0.961738557
597,0.7,20.112782977317714,4.623823819582523,19.15,4.5947
1520,0.7,68.62418422056744,10.02961429764898,72.99,10.08322393
737,0.7,19.92017065413624,4.432842048052265,13.87,3.80598
1334,0.7,86.81865087665388,11.017701174566328,80.26,10.66165646
1150,0.7,88.01973747641074,12.095915592860168,87.25,11.2009
378,0.7,8.487245763396837,2.907440946821022,7.39,2.62397
866,0.7,7.556483554097592,2.9470678464030886,6.06,2.3352
1718,0.7,89.45576262295585,11.570889721282764,92.31,11.5845
379,0.7,6.266483121065507,2.38410326991793,5.41,2.1838
192,0.7,5.288719579374871,2.1214769653989234,4.4,1.93236572
260,0.7,40.37114570355471,7.071679977887434,46.67,7.7514065
1652,0.7,94.92922974954172,11.702976759244509,93.06,11.633
1212,0.7,63.24266822638265,9.388559316805202,55.03,8.52936
953,0.7,13.246130289385635,3.6306733651615763,9.44,3.026578642
1003,0.7,35.59466540246861,6.888371558439811,31.56,6.16036
861,0.7,6.033700380031708,2.405065834759409,4.25,1.89435
308,0.7,110.09945763862997,12.199456476127096,112.5,13.0203
1591,0.7,100.23818340369864,12.49306037953736,87.58,11.2128
1268,0.7,24.306360067138964,5.360832634808024,21.13,4.86815
1164,0.7,90.9860270211361,11.567105873397178,76.52,10.3670919
360,0.7,9.326265939133012,2.8530360547716436,6.93,2.512038
652,0.7,24.753166144828747,4.640856002331323,17.99,4.42263
381,0.7,78.40220744321266,9.837403881028884,43.82,7.469402719
1775,0.7,7.866395154149753,2.7366944148977335,6.45,2.42354
1000,0.7,66.91476276750302,9.760148931591813,52.81,8.33267
452,0.7,76.501056295205,10.91372202306987,88.76,11.3113
414,0.7,6.842870854304391,2.5049508511705896,6.1,2.340834103
987,0.7,52.30444054733608,8.797972800765372,73.79,10.1474
1459,0.7,80.21393883609274,10.435695750812219,63.99,9.33912
1358,0.7,93.9514553271253,11.470977098756812,72.87,10.0826
1703,0.7,121.92895395928755,13.625885421420636,129.15,14.10495771
638,0.7,78.68642018325819,11.001962625800862,70.99,9.91393
1404,0.7,103.25267987476582,12.243822402712164,105.27,12.5164
133,0.7,11.635447247910072,3.6001939787834174,10.81,3.28324
202,0.7,99.96871721312361,11.900719786713085,91.33,11.50390062
1169,0.7,106.6286822088204,12.855811830977412,98.5,12.0756
198,0.7,65.39079405908373,8.283298736822408,16.17,4.155260325
796,0.7,91.80663421347997,11.410886651002919,69.2,9.77911
574,0.7,114.14270379474164,13.10932442674312,119.35,13.46463141
1114,0.7,14.27940126193978,3.8744283923479124,14.37,3.86968
317,0.7,2.40531526758203,1.2581348946170516,1.13,1.042840696
980,0.7,52.83166066262561,8.198343530772428,95.18,11.78712672
142,0.7,9.855180413881838,3.3887635993307055,9.61,3.12766
1413,0.7,15.589656190509963,5.061501033923344,17.74,4.37963
1806,0.7,15.93447064803155,6.341912540076962,3.74,7.024177621489566
1852,0.7,102.4249194758392,12.920063594654925,117.29,13.3280613
465,0.7,95.5872887599995,10.440671832032237,74.24,7.024177621489566
315,0.7,97.81385989554454,12.393670464315454,110.17,12.84561173
1425,0.7,6.386776616454233,2.4149713190699953,4.37,1.93226
670,0.7,87.48339849510734,10.039733405464023,79.53,7.024177621489566
170,0.7,53.12298735296162,8.572858701170246,63.97,9.33715
467,0.7,56.5341858197221,8.353980790213038,70.23,9.84223
1109,0.7,95.88737104365399,11.608696632937146,84.52,10.9933
1486,0.7,3.064106981087469,1.569100425448182,3.44,1.67736
1398,0.7,100.20128865909258,11.551063805786926,96.4,11.87591193
1341,0.7,115.87579791798828,13.323303771304802,117.71,13.3674
1448,0.7,12.755052734622097,4.113695630460939,10.1,3.16086
22,0.7,17.676556445766323,4.179362532352953,12.19,3.517574786
1267,0.7,40.25392608249833,6.541833962234369,35.89,6.63491
45,0.7,3.2829061999927207,1.5383364557587897,1.65,1.15643
1224,0.75,29.467404314231306,5.854458142904976,29.55,5.94241
475,0.75,68.54117748644609,10.117669182879585,77.13,10.417
1838,0.75,7.12886848641277,2.5188586689740307,4.41,1.92318
1199,0.75,10.468134510289653,3.3206474380168154,9.3,3.01287
53,0.75,10.32449460257435,3.3030449127949266,7.04,2.54474
1408,0.75,99.94733544113559,11.734242218573963,112.81,13.0531
1654,0.75,56.13162621837477,7.966493392338218,36.24,6.70553
18,0.75,92.87428892915673,11.489287609837628,76.0,10.32616195
731,0.75,24.544477854076334,5.606741810080034,15.91,4.12435
1374,0.75,74.38045571110806,7.579860936898104,33.76,7.024177621489566
233,0.75,64.44047977556485,9.607313379408092,55.83,8.612116336
1390,0.75,102.75475564392944,12.228600391172636,125.31,13.8742
621,0.75,90.88028905522829,11.390689854099225,68.34,9.70968
427,0.75,7.640841124271407,2.629136755335995,6.82,2.50355
187,0.75,21.40395885593767,4.785790786017943,21.79,4.952313354
1029,0.75,4.078401547198584,1.8450427501013533,3.27,1.62297957
390,0.75,91.3702317961934,12.61961102935094,82.55,10.8261
457,0.75,122.59019178479222,13.826475780902934,117.29,7.024177621489566
156,0.75,8.691218533891513,2.9767039234546617,13.61,4.509178613
1337,0.75,92.42831301855594,11.96317432786113,79.11,10.5731
1649,0.75,11.412614797903748,3.366730252850405,7.06,2.54445
1628,0.75,115.5663182069118,13.105542302553049,112.16,12.9734
616,0.75,102.25710216143207,12.04239073473669,109.15,12.8076
726,0.75,54.247388261957724,8.78664697535357,122.07,13.6402
473,0.75,82.2935215511004,10.9711003698434,64.55,9.36472
853,0.75,5.360850037424435,2.2745345868798337,4.59,1.980635825
1720,0.75,109.19890166703397,12.824260771244598,120.83,13.5597
1834,0.75,54.149473091968346,9.69814997806457,60.85,9.059590395
440,0.75,83.10010901033826,9.991532551883228,55.55,8.56637
303,0.75,2.693675332962038,1.4396957899115799,1.95,1.214566424
519,0.75,29.225377735035313,5.950142526620075,21.07,4.86242
191,0.75,18.230354539649923,4.31398058349372,14.68,3.924832159
6,0.75,106.35098503306996,12.636573443867203,113.71,13.08687204
962,0.75,65.37804485558664,8.208587758778101,29.29,7.024177621489566
434,0.75,111.71732106506195,12.284226637076625,90.34,11.8344
1693,0.75,3.846733722582577,1.910540351348034,2.52,1.393219042
412,0.75,8.436595912177392,3.254058935778166,7.25,2.58794
124,0.75,41.67258724395565,7.991567391571965,43.24,6.99891
1768,0.75,3.03747009964905,1.5213145340661116,0.86,0.965061868
1617,0.75,45.31735227810218,6.665517915912429,28.01,5.739561697
1294,0.75,23.093675325881517,5.387732545573089,16.34,4.16809
318,0.75,2.7993732673923795,1.3661128576697166,0.56,0.856692464
17,0.75,123.44205057028758,13.871608432686164,124.3,13.79115826
1758,0.75,21.708120350875276,4.764626079207934,19.35,4.615
80,0.75,50.15006935858248,8.511987652841766,19.13,2.432614
479,0.75,8.72968682669207,3.1392226853844254,6.52,2.43432
744,0.75,22.092667001458498,4.937287691036122,74.3,4.06597
963,0.75,6.712718139912401,3.1226267377555312,4.31,1.90837771
135,0.75,113.28156705498056,13.03204042124159,94.26,11.7171
847,0.75,35.23431021551525,5.592459076000541,23.64,5.21152
118,0.75,11.034601239870963,3.511525606339138,11.71,3.435910248
85,0.75,12.84180804993741,3.3618828507828713,3.61,1.741587
1103,0.75,98.01626981841082,11.698446151880601,92.98,11.62586504
1379,0.75,13.984870410325533,3.8326502868373247,11.82,3.44576
1789,0.75,2.529023095362811,1.4402347641001154,0.63,0.885684603
1045,0.75,6.034627341871538,2.3537811231408736,7.43,2.629079023
792,0.75,17.912449100304055,4.158511255073575,14.5,3.90515
47,0.75,2.984056829851725,1.468584005859426,0.88,0.969819
77,0.75,56.086246479284135,10.481889112579186,56.57,8.85869
904,0.75,102.17920917990094,12.42960533529996,94.7,11.7215
107,0.75,114.63305768021529,13.037032501216949,108.69,12.74428382
1461,0.75,34.157385350107745,5.893624922382843,21.53,4.916984204
1856,0.75,119.26545261683553,13.021176699675557,109.94,12.82971612
30,0.75,55.330129985538974,7.227759615120552,43.22,7.42915
1437,0.75,4.848066487571973,2.043933689279581,2.3,1.318046443
596,0.75,99.13119461755458,11.386201964772244,114.56,13.1383
1672,0.75,2.957550680756289,1.4632589355024295,1.38,1.101762401
1236,0.75,75.68081734616555,8.103481301866893,49.35,7.024177621489566
425,0.75,24.647615094026047,5.661711214174828,19.67,4.66502
361,0.75,116.68042346407006,13.422715363890063,105.75,12.53990524
991,0.75,6.792334783764397,2.4057542428832126,7.8,2.705027839
1728,0.75,25.915141196074323,5.871766429918759,21.12,4.862440485
1780,0.75,95.6006932430393,11.451636547818948,77.3,10.4307
862,0.75,7.444010787633559,2.74368163919474,8.15,2.77807
1723,0.75,108.61480734357144,12.749416447072003,92.69,11.6029
1239,0.75,60.341327355953844,9.079049715995646,40.44,7.13535
655,0.75,52.85606814719345,7.791409877098386,83.22,10.8884
883,0.75,8.702757984359028,2.7951352340192237,6.68,2.47030768
1599,0.75,13.763718822857195,3.9289216588955256,9.39,3.00633
871,0.75,11.118366156363251,3.430489089608214,10.75,3.2807
1424,0.75,106.11161290381563,12.38366013649069,76.73,10.4386
1609,0.75,109.10553138134574,13.108133410772036,126.51,13.9433
326,0.75,6.009260652966418,2.3251441345621675,5.7,2.24794
1317,0.75,93.39376374986274,11.996214683471003,74.94,10.24074428
985,0.75,8.242021452133434,3.0766916534281648,6.69,2.47118
1476,0.75,12.15055027840791,3.2423088985182726,7.58,2.660025534
175,0.75,18.577868833550166,5.042026680653893,21.14,4.87824
1656,0.75,44.12110840776647,7.477323261663428,28.87,5.8474
557,0.75,12.786655835736855,3.4839576836397144,11.57,3.412480023
1101,0.75,31.076208976977366,5.032702923751428,19.85,4.517045331
459,0.75,77.82114588949273,10.55694898623536,128.46,14.0608342
712,0.75,4.761558016080745,2.1777559911140103,5.49,2.20071815
679,0.75,103.77690192737614,11.743174596707588,72.76,10.0433
923,0.75,19.63415522374022,4.800516249197311,14.47,3.89334
553,0.75,9.102290750486668,3.2781279039803555,9.11,2.964146098
1182,0.75,54.344413106117706,8.41111649188492,47.07,7.82059
249,0.75,102.22413500248284,12.530233496389005,94.77,11.75690439
310,0.75,86.76905057661405,11.2545954738998,75.59,10.264
658,0.75,20.28356564387458,4.703054671252196,17.25,4.31235
217,0.75,2.7333393391618417,1.4413589792377863,2.42,1.35917743
896,0.75,3.2864817430497864,1.6229735877255786,2.86,1.499704002
958,0.75,70.34147090196659,7.843167031140551,30.66,7.024177621489566
458,0.75,53.589981639015676,7.207338651301536,28.62,7.024177621489566
1695,0.75,50.41300174833462,8.040325769167515,39.6,7.03413
666,0.75,29.498613047348375,6.382534508818456,34.8,6.35126
489,0.75,109.12312022252725,13.410341369309268,117.42,13.33687048
969,0.75,14.670788860320426,3.8759704294140214,12.74,3.60283
674,0.75,5.108138211052048,2.3429227383338658,2.52,1.39527
1315,0.75,100.40262502765344,12.37663372758876,85.72,11.0715
1205,0.75,14.428315903725967,3.746017492711561,12.83,3.62818
1498,0.75,107.03860948067472,12.834854050427797,100.58,12.1616
743,0.75,79.37854787211666,6.8267436200909595,36.91,7.024177621489566
1276,0.75,77.1652852017813,10.703535646387785,71.58,9.96751
1844,0.75,42.582862114174915,6.804641977841113,30.67,6.0323
148,0.75,51.70759579182524,8.973577090759099,101.78,12.2412
1074,0.75,123.6105908185203,13.755344009701183,113.65,13.0889
1497,0.75,9.256114362040929,3.206012780151669,7.58,2.65245
1416,0.75,101.75596996924104,12.936786926958955,69.6,9.82252
587,0.75,110.99283071254632,12.82080632331117,105.95,12.55419255
517,0.75,16.52559342621418,4.504150517470693,13.61,3.754833321
1661,0.75,10.651888144207398,3.3024041861076587,12.36,3.548343316
1286,0.75,99.31510892130898,12.157669893752564,119.59,13.4003
76,0.75,4.374492989544735,1.953330420052644,2.12,1.671618
1081,0.75,4.1911851655191095,1.8780393488062117,3.42,1.666703009
1415,0.75,78.76062569995032,7.644474446287049,74.93,7.024177621489566
999,0.75,15.719193365010847,4.268288709946166,28.55,5.805449843
1732,0.75,16.38780504331918,4.12552166610736,2.72,1.455123436
593,0.75,83.7568997374857,11.13869840924837,69.0,9.754848091
1573,0.75,12.78496185468979,3.5838550454542295,9.44,3.02618
262,0.75,117.4371458929391,13.215925736242596,116.99,13.30845019
1533,0.75,85.5590075576828,11.295163855502917,115.63,13.21716686
565,0.75,12.157577209809812,3.5427458863912027,9.31,3.00264281
1287,0.75,118.17444996379183,13.30818774366967,117.11,13.31600225
34,0.75,66.72552268486824,8.757267983633351,80.03,10.6751
1183,0.75,67.75528585524546,8.560748509511034,68.76,9.735489661
1840,0.75,106.79969002957614,12.770584549075481,94.75,11.75567728
182,0.75,107.28669209954302,12.817328882151784,125.96,13.89945234
651,0.75,33.11796498611336,6.588626203349391,28.37,5.78741
276,0.75,7.1765663921932354,2.4991637901028305,9.56,3.05033809
567,0.75,4.361036599029081,1.865902660664579,3.03,1.553134989
775,0.75,33.1187990060107,6.345770272686525,27.13,5.62786
1188,0.75,30.98779974621193,6.11219682527467,37.53,6.82612
1823,0.75,87.67505570887474,11.046857093719025,63.36,9.29428
1593,0.75,17.94946818817618,4.09493859656801,12.8,3.62613
840,0.75,4.038737856602578,1.8705970206064253,3.9,1.799296606
161,0.75,120.08073280612399,13.327012281221702,107.4,12.65489004
564,0.75,8.4249643567126,2.8540281291246243,7.4,2.623164132
579,0.75,14.03112231100574,3.649929555101772,10.61,3.241642959
1151,0.75,24.76061874551075,5.208081199841226,20.78,4.82429
14,0.75,7.791584383722355,2.5834828240136645,7.65,2.66889
1122,0.75,98.24996799343354,11.869634735306333,92.33,11.57792161
713,0.75,14.112151540505886,3.940452887649743,14.52,3.91576
1097,0.75,3.962340990636855,1.8818849042078087,4.02,1.833476886
254,0.75,8.24581810804661,2.6451962696036095,4.66,1.99787
1858,0.75,111.80410052773715,13.286986307495487,107.41,12.65581119
1158,0.75,113.33615201066024,13.256698426042277,115.93,13.2366563
970,0.75,63.56217308580339,9.814789546587056,55.42,8.575211206
526,0.75,88.43911827702732,11.524909717866182,101.51,12.2235
1651,0.75,62.72763026472521,8.564143756445148,48.11,7.88895
1769,0.75,33.076473098673496,5.658725234282259,22.32,5.02186247
1213,0.75,67.48013943382716,9.159154781069006,58.05,8.78597
1735,0.75,105.10857007457751,12.720384827140489,106.05,12.56093758
893,0.75,9.231350588429894,3.1244169117423994,9.25,2.99324
1832,0.75,91.61115448413706,11.809237791903273,74.6,10.2495
1234,0.75,59.858838666573064,9.121074546549275,46.76,7.76491
733,0.75,14.597216518535362,6.134976852381535,9.15,7.024177621489566
1751,0.75,108.98660201218945,12.80208131452196,120.8,13.5278
1237,0.75,41.66582571047875,6.428694811962689,25.93,7.024177621489566
581,0.75,67.30766133362043,8.309319085941905,38.83,6.956425764
1551,0.75,61.90435004645739,8.962100250185966,42.05,7.290258938
37,0.75,63.27751647327766,8.581197219320778,48.6,7.99698
223,0.75,40.74963910174886,7.0532552671126965,27.51,3.493627
1523,0.75,59.287643328262355,8.778715209123696,37.59,6.823692468
1382,0.75,21.017725907909153,5.1050892783761395,6.63,2.16171
1042,0.75,87.57074878733633,10.91046198117693,98.43,12.0629
1070,0.75,82.97695417641542,10.49303056633356,64.42,9.36468
443,0.75,31.693168435143395,5.706594141767625,19.99,4.70308
152,0.75,3.9783517194588556,1.9884396796856758,3.82,1.77141
1799,0.75,94.07857304358696,11.347168918565185,101.42,12.1874
1759,0.75,95.51312923436217,11.227046789446542,74.91,10.2441
667,0.75,55.08574313303923,9.314549232931057,29.45,5.91488
485,0.75,118.26288885542989,13.413071454273874,119.75,12.962219
992,0.75,3.772336164602781,1.7981107276246253,3.26,1.62083261
769,0.75,23.283364146493664,6.6088491338395015,10.87,7.024177621489566
1005,0.75,41.32541243655305,7.193643545671951,32.02,6.20845
572,0.75,11.715563215733422,3.4209863251958663,9.15,2.972828344
278,0.75,110.6594326958475,12.672431070402993,118.47,13.40695673
632,0.75,33.18695216284875,6.066001492067358,25.04,5.374472103
823,0.75,29.0404495083626,6.059911877890694,23.66,5.20733
141,0.75,80.6796247809109,10.190447187141936,66.94,9.58224
752,0.75,39.00788204888921,7.175295825482565,30.39,6.01061
240,0.75,5.171105018766949,2.1259217450794923,5.32,2.160174068
1824,0.75,11.675971628700879,3.657257715457565,6.67,2.46843
795,0.75,31.858935031359405,5.696563855664387,25.69,5.46087
55,0.75,7.291513611673241,2.598423179103168,5.83,2.280732664
333,0.75,22.18291913190823,4.943880062851063,52.89,1.90058
897,0.75,4.2487258595096815,1.8517553296335818,3.29,1.627714714
1364,0.75,48.296727501186915,7.8919047460081595,44.16,7.48475
1492,0.75,117.48461056860533,13.254788708284883,115.71,13.22170304
215,0.75,120.63286348579202,13.522462743704883,116.63,13.28441341
672,0.75,6.3872424529438625,2.440059293109282,4.87,2.051533242
446,0.75,93.90979985743249,12.888388358124635,108.18,13.7564
530,0.75,65.99419439828706,8.616226026667578,119.29,7.024177621489566
789,0.75,68.33935800779075,9.410931125200738,50.58,8.13315
576,0.75,16.797370322901955,4.1370436074226395,17.74,4.386987751
9,0.75,99.3860406463954,11.977343717949383,78.84,10.55059224
997,0.75,99.38565799985801,11.932141449426096,116.71,13.2583
1781,0.75,107.1856553134772,12.760590300027616,81.72,10.7664
1850,0.75,12.754253400561204,3.6522635165691257,9.37,3.01006
220,0.75,8.474253159332259,2.917954651991438,7.69,2.67607
982,0.75,116.51019473740116,13.192206306924056,91.68,11.5159
259,0.75,2.7862636238363017,1.473107010925378,2.16,1.26995
989,0.75,105.3113856786004,12.838980642342783,94.78,11.75821955
39,0.75,110.28975698805685,12.997248723057231,118.4,13.3028
229,0.75,51.4412137575611,7.09385728822236,26.9,5.933251
911,0.75,7.297658608231812,2.6607160422761775,6.67,2.45459
491,0.75,121.4689653025904,13.616005725389941,111.21,12.91712883
516,0.75,94.35639355608764,12.072563949044437,86.88,11.1424
66,0.75,4.672560993290396,1.9244227509129637,2.79,1.477775413
1464,0.75,95.4606404241629,11.641032035356702,94.75,11.75575788
933,0.75,113.19025155203461,12.98525100871581,90.81,11.48
615,0.75,116.81529759101785,13.419074087050408,96.91,11.8862
1246,0.75,110.59646545406201,13.12300551315308,85.94,11.1273
206,0.75,113.35885302785377,13.514181460489953,109.38,12.79215388
1612,0.75,12.36096588383414,3.858279009824261,8.39,2.823759908
461,0.75,11.062630428255337,3.321757523421423,9.97,3.34688
1788,0.75,3.315123726627942,1.6158062484927904,0.83,0.955851376
1299,0.75,98.00374072417523,12.52202614371791,91.87,11.5444262
402,0.75,5.073701661723617,2.0447536752805906,3.49,1.686631414
5,0.75,109.44449267897352,12.970250625278695,102.14,12.28673887
58,0.75,73.19180590789108,10.396835060800152,39.81,7.059079908
955,0.75,106.4362817053391,12.69172347996789,89.31,11.3749
762,0.75,13.70764920235067,3.8804636133972683,11.29,3.45648
1052,0.75,123.56343761508589,13.461559917001114,123.98,13.77034053
529,0.75,32.613854329126305,6.706216340016489,31.64,6.167248677
1388,0.75,123.95483927796003,13.735961921507409,121.48,13.6371
1568,0.75,12.162190389461351,3.5868945630488653,8.99,2.93924
1454,0.75,2.889387083925419,1.5800971015573073,3.61,1.719326482
1664,0.75,7.63838523304891,2.8784232888095618,6.59,2.451177479
1855,0.75,32.845056345774886,6.181789079744947,10.06,3.13923
1174,0.75,85.48707569229384,10.651605784815711,56.89,8.72806
768,0.75,25.6952814687059,5.395025853743466,21.99,4.98445
578,0.75,9.358647763578174,2.9426797110005984,6.58,2.448945353
740,0.75,77.3620766944273,10.839379676364583,95.88,11.8527
602,0.75,38.165999807040926,6.500533837157003,56.78,8.697617256
92,0.75,8.615158022318267,2.8452413129537324,8.4,2.826989728
993,0.75,2.8453608121042078,1.4824349774972156,1.35,1.097286737
1500,0.75,86.21543156230418,11.67935827324965,98.09,11.6786
575,0.75,7.571536399725128,2.6556124512648633,5.8,2.273030104
1453,0.75,109.43437537860797,12.991995350472033,104.62,7.024177621489566
539,0.75,7.202831209746377,2.6388878098903503,6.16,2.35888
438,0.75,11.608582254507358,3.437709446302118,13.08,3.64998
642,0.75,95.76849381708429,12.096366168486327,118.5,13.4294
144,0.75,45.2518390995242,7.947514308850575,36.52,6.64264
342,0.75,5.756959985485322,2.044139635669958,5.9,2.29679437
1288,0.75,99.34350317948164,12.74571996235884,100.58,12.17579997
716,0.75,5.450865667521565,2.2142221754212543,5.34,2.16083
1047,0.75,10.852902479826914,3.337408684156509,10.47,3.21883
1581,0.75,30.851618456343246,6.303830396037465,27.44,5.670863357
799,0.75,94.93853705751754,11.208440757096973,68.55,9.72386
1021,0.75,11.884381270489074,3.301656204795606,13.85,3.78219
19,0.75,7.066823019777307,2.601713244179916,5.99,2.3216
1391,0.75,103.48089008002059,12.378474870197921,100.78,12.1827
54,0.75,15.05911190423563,4.1611929417176095,12.29,3.751004
1558,0.75,71.67825265458808,10.332651099690727,65.62,9.49438
1319,0.75,98.06552400157716,12.260637006489468,110.71,12.8974
1083,0.75,10.039824350570923,3.383994666061538,15.33,4.026925833
1190,0.75,36.39418839986141,6.082485561647022,18.15,4.46635
641,0.75,31.136940294621123,6.826951565375347,22.95,5.10182
1,0.75,123.77479550475154,13.803942573765447,116.75,14.581841
1378,0.75,124.60921740676258,13.691644668369348,125.51,13.9016
113,0.75,15.217607887387905,4.316378926966011,35.09,6.02383473
1546,0.75,88.96593634965146,11.658095366873155,71.54,9.98401
1064,0.75,106.30783435227437,12.470366796135561,126.44,13.9111
298,0.75,18.759501143959763,3.910619674610288,20.17,4.71785
279,0.75,118.77951305104087,13.377181956648279,100.48,12.1343
82,0.75,93.18779746973283,11.745010340917977,83.66,10.92571149
745,0.75,90.5634946458351,12.169015534851312,95.12,11.8886
1127,0.75,34.35733027044952,7.253447600614039,31.68,6.170988152
1354,0.75,74.86025905937527,10.02298420046999,61.72,9.1446
1325,0.75,100.6993449478469,11.83351312671663,104.29,12.43773089
1087,0.75,24.682399801947568,5.784608993232982,25.19,5.41363
322,0.75,2.6904035350247963,1.4089806222355208,0.81,0.949185781
1039,0.75,16.69755695386561,4.0250141596771885,10.87,3.29096
122,0.75,5.108348846764608,2.1623793365376796,4.1,1.84555
1305,0.75,81.40840203596689,7.314758291802611,25.06,7.024177621489566
511,0.75,117.03378363128519,13.010222197941237,117.39,13.3343
48,0.75,6.405694025096786,2.2704926574457684,2.5,1.36751
1572,0.75,25.603878617229476,5.731621971524605,21.87,4.95462
1611,0.75,90.05707483231177,11.591174335962128,89.82,11.3547
1010,0.75,19.99252670910166,5.08872604495373,19.42,4.33692
776,0.75,33.00284282165905,6.624984682731707,27.73,6.05271
842,0.75,12.964017368806012,3.7132490828047433,12.14,3.49799
1841,0.75,13.967338546057228,3.692498151571669,12.38,3.550689516
1142,0.75,93.20720888849202,11.83415911221543,74.51,10.2185
52,0.75,5.031826394723403,2.098362485405701,4.71,2.02068
501,0.75,80.21085796468691,11.297401527756412,64.42,9.36823
1602,0.75,13.954778899586989,3.878611555685966,10.93,3.29943
1484,0.75,73.87321755625288,9.824395978589804,38.8,6.952739141
1023,0.75,5.492548171060786,2.156604839379101,4.46,1.947929019
159,0.75,4.855696170342395,2.129137227293866,5.47,2.195403439
686,0.75,49.98296136815915,6.466865400153409,20.97,4.841201962
1026,0.75,14.923362541632029,3.9626427452902746,12.16,3.5130935
353,0.75,113.04101087119176,13.326505143408681,114.53,13.14269004
1126,0.75,16.979554325968053,3.8969925078825303,7.88,2.722617954
251,0.75,103.52234991634089,12.407544449102957,120.33,13.53006831
1516,0.75,7.056768745537779,2.4534106288953983,5.31,2.16267
1034,0.75,116.0329799217297,13.168703980418124,130.66,14.183
190,0.75,81.42103133026723,11.08386753729076,53.39,8.388894075
568,0.75,29.257012902896317,6.168496845859866,23.63,5.193676358
924,0.75,99.62599481758086,12.309707983136668,99.95,12.0713
1258,0.75,106.18948068420882,12.634700327111457,99.82,12.168
1843,0.75,48.388734211264826,8.009837771034165,40.3,7.09086
1132,0.75,98.78300092201546,12.142813691380558,91.8,11.5451
376,0.75,57.59930105458055,9.023979211242848,41.34,7.216883182
1265,0.75,86.86178014355943,8.907138836380502,124.53,7.024177621489566
1688,0.75,75.99435712083752,9.97397649907543,64.57,9.41494
487,0.75,116.06419487335529,13.1052628239964,125.28,13.446487
253,0.75,8.838888481227556,2.770397097423992,7.39,2.62025
1586,0.75,101.71334918663305,12.412059284061076,86.01,11.1331
299,0.75,8.496631892668669,2.6980705749045777,6.5,2.431285405
760,0.75,56.57414862932487,8.272090413850075,39.68,7.04152
1670,0.75,6.621142700226575,2.567817694115142,6.98,2.533629389
1311,0.75,41.24746943758331,7.058033202966735,37.45,6.80431
994,0.75,12.32537015098489,3.9613417936159636,25.62,5.37673
609,0.75,7.698292235605525,2.69508287851092,5.71,2.25345
1054,0.75,105.41907504862651,12.592870893505873,101.72,12.2521
1708,0.75,97.77125971147845,11.969351152600424,87.59,11.2199
271,0.75,36.46886393826655,6.475169261409323,15.31,7.024177621489566
214,0.75,2.744052496426009,1.4587339211843386,1.93,1.210733876
1279,0.75,94.27613967111864,11.80334873232604,126.78,13.9775
965,0.75,100.04263044360744,12.426188336965796,88.71,11.3151
665,0.75,14.802467343733587,5.037584185351538,11.63,3.41784
1271,0.75,71.95748089862323,6.9654387204236174,75.49,7.024177621489566
4,0.75,111.07329568810331,12.779976342858276,99.64,12.10867994
204,0.75,20.939040544830018,4.907225694240729,19.32,4.613131896
648,0.75,91.48425100648014,11.775302355422559,88.19,11.2446
219,0.75,13.482833464227458,3.27495321004157,23.11,2.582442
393,0.75,4.491948841524487,1.8445370500409002,3.52,1.69257
977,0.75,15.22615506280251,3.9459472636698902,9.4,3.01498
948,0.75,119.22242503195037,13.442036739694933,116.12,13.24971416
1187,0.75,98.748457624784,12.800611623046228,71.2,9.93735
900,0.75,9.133847203836906,3.2079778789005493,8.47,2.841179901
520,0.75,72.99145184158796,10.051329331315424,61.52,9.08479
1679,0.75,58.93338743893238,9.216976534802832,40.17,7.096299381
481,0.75,5.277452630961917,2.2500525637849798,4.77,2.28501
538,0.75,85.53352336327741,11.136119513438352,64.15,9.39131
918,0.75,104.25226312138521,12.225259840054386,105.1,12.4956
268,0.75,65.62407458315153,9.251451436142508,52.53,8.309019329
521,0.75,22.62712437103447,4.734421945172968,26.66,5.58857
31,0.75,123.0714446101482,13.85786896483843,125.8,13.88927615
1818,0.75,27.20963247858683,5.023948240271966,14.74,3.91968
814,0.75,10.960238093068423,2.9608753978041524,10.49,3.217
1335,0.75,116.22135101873924,12.92761377449284,111.35,12.92730565
825,0.75,6.420826451138723,2.499404345206765,6.19,2.36311
1366,0.75,36.29725196056107,6.498665157819976,35.64,6.613947587
347,0.75,3.2067669005362873,1.6274827661864653,1.83,1.192639209
512,0.75,32.73530054433792,6.209992845923636,30.62,7.024177621489566
1639,0.75,105.07515873995442,12.486167982905458,100.34,12.1366
1184,0.75,118.67150220449862,13.360783741663171,118.41,13.3524
773,0.75,46.3501946667113,8.061908308750427,77.22,10.3751
1480,0.75,104.64309007908062,12.673137339350811,90.85,11.46948561
1793,0.75,77.89268601975884,10.484213921919297,47.3,7.78724
1402,0.75,97.30453623555505,12.327585623296658,80.42,10.67471486
1025,0.75,10.00446446652996,3.274622496115327,7.18,2.578146532
1093,0.75,6.03270649365141,2.4031418553021986,5.59,2.225369592
89,0.75,4.646154314203407,1.8591221896455825,2.28,1.312234294
1170,0.75,14.788942522514128,3.8522677015980245,21.9,4.98711
1646,0.75,3.2016021671963535,1.656667495945312,4.32,1.89426
1353,0.75,105.64338491679477,12.789109927037142,106.65,12.5934
1355,0.75,38.19355594279418,6.185010601626255,67.4,9.65497
177,0.75,5.556451670642311,2.1739871464597944,4.38,1.925734586
1031,0.75,6.146637493633747,2.374018535126074,3.45,1.674180322
1399,0.75,96.4332312548362,11.660656628731985,99.87,12.0428
1057,0.75,19.695867300846714,3.981022935818229,16.75,4.242394637
1110,0.75,92.67602158532206,11.712862779600272,92.16,11.56559794
385,0.75,103.28329604183256,12.368564725851313,77.93,10.47865795
1411,0.75,74.05850053417919,8.391383622361827,55.01,7.024177621489566
1543,0.75,90.97036271134746,11.599581019005154,93.35,11.6629
1137,0.75,3.39540067767059,1.7591655662463919,4.65,1.99844
1393,0.75,41.27076624592859,7.147850694099607,45.24,7.64474
1367,0.75,37.37150104476742,6.415787397569272,35.03,6.547178712
1629,0.75,29.682213881044795,5.3340065620262465,21.48,4.89644
408,0.75,8.078820027281465,2.6417615985748424,7.73,2.28122
506,0.75,96.9002681836192,11.556602070943201,86.69,11.1276
1115,0.75,76.08190695290232,10.822482107301788,66.22,9.54792
813,0.75,101.65142600451149,11.611520117457951,86.56,11.1497
1136,0.75,94.06792338799967,11.803761878817335,81.5,10.753
302,0.75,105.29240325782395,11.849751611741707,121.01,13.57525892
436,0.75,29.714682518457998,6.3998414637961965,23.06,5.118907941
979,0.75,86.60400738966493,9.948829352285642,47.76,7.024177621489566
171,0.75,121.74024105454056,13.63914207294173,121.6,13.61374033
1409,0.75,110.51172263970409,12.608799132954044,111.85,12.9673
1518,0.75,13.123877469398279,3.7910876628134966,13.87,3.797335347
1427,0.75,14.188952044793254,3.9967450431209435,8.53,2.852334785
270,0.75,112.61864581025176,13.02978918128693,96.61,11.9045
227,0.75,94.58323561883078,11.369141564394516,97.07,11.92440528
1196,0.75,25.17943011844305,6.312868736920396,15.2,7.024177621489566
558,0.75,5.660749198971258,2.2678982249058537,5.08,2.102385379
1511,0.75,77.66087312193041,10.25133862282439,59.27,8.920508561
1210,0.75,92.57888131725777,11.59398098605279,96.74,11.9007
618,0.75,71.23848777554136,9.267892969880355,55.39,8.57193
1588,0.75,31.024760063343507,6.051782678602866,25.49,5.44119
1530,0.75,4.133537052114915,1.9292008275980683,2.83,1.5002
1784,0.75,2.79380746474564,1.4090283763847564,0.85,0.961738557
597,0.75,20.783211463226017,4.6832249467968055,19.15,4.5947
1520,0.75,72.80013257244165,9.457932425003552,72.99,10.08322393
737,0.75,21.832183211213678,4.4946454101368545,13.87,3.80598
1334,0.75,85.52532052801243,10.757308456627575,80.26,10.66165646
1150,0.75,92.46072198663589,12.091417216705738,87.25,11.2009
378,0.75,8.700495462643309,2.9376977429041258,7.39,2.62397
866,0.75,8.61671490141009,3.0417535415996135,6.06,2.3352
1718,0.75,92.55634223943596,11.505326061655092,92.31,11.5845
379,0.75,6.73634913008589,2.5435683838970817,5.41,2.1838
192,0.75,5.616483087721772,2.2154132023041315,4.4,1.93236572
260,0.75,34.19450901050694,6.986491621542687,46.67,7.7514065
1652,0.75,98.39783651851586,11.774880200562151,93.06,11.633
1212,0.75,59.025016433786675,8.83983000486434,55.03,8.52936
953,0.75,16.05453742330597,3.588827698536145,9.44,3.026578642
1003,0.75,39.315720499186305,6.996065864047402,31.56,6.16036
861,0.75,6.739555755409011,2.460188700174171,4.25,1.89435
308,0.75,113.05786843062877,12.740295135340842,112.5,13.0203
1591,0.75,105.47368174658754,12.397301002892265,87.58,11.2128
1268,0.75,28.088527388159857,5.582366390855987,21.13,4.86815
1164,0.75,89.90176142972801,11.478479290493723,76.52,10.3670919
360,0.75,8.910018059157867,2.7091403018640348,6.93,2.512038
652,0.75,27.588671884516064,4.709603105939431,17.99,4.42263
381,0.75,81.54300667661963,10.031700711635446,43.82,7.469402719
1775,0.75,7.635364063546991,2.81891967807443,6.45,2.42354
1000,0.75,60.041367068363776,9.136375833833927,52.81,8.33267
452,0.75,83.35972897122285,10.860306134694893,88.76,11.3113
414,0.75,7.840422831710975,2.6592493980499374,6.1,2.340834103
987,0.75,56.07077754453611,9.462435043887762,73.79,10.1474
1459,0.75,75.29401602249801,10.89879552102487,63.99,9.33912
1358,0.75,97.92814378959275,11.494776897571299,72.87,10.0826
1703,0.75,122.90138903220812,13.580690498032586,129.15,14.10495771
638,0.75,89.06404558435452,10.909454625845274,70.99,9.91393
1404,0.75,105.02074356556068,12.260124246364455,105.27,12.5164
133,0.75,11.296691315134192,3.59908895936794,10.81,3.28324
202,0.75,100.93446840681958,11.761010751790813,91.33,11.50390062
1169,0.75,108.48926987374617,12.680070541168108,98.5,12.0756
198,0.75,79.47564482955252,8.55957089999661,16.17,4.155260325
796,0.75,97.05845188946051,12.462545182236546,69.2,9.77911
574,0.75,116.17558068021256,13.332256052639883,119.35,13.46463141
1114,0.75,13.723240415722323,3.8970442068964766,14.37,3.86968
317,0.75,2.6428821917891447,1.3798915723815344,1.13,1.042840696
980,0.75,50.047073088979076,8.139951258483556,95.18,11.78712672
142,0.75,10.830786583813081,3.1968374571780407,9.61,3.12766
1413,0.75,14.493091216775058,5.220932369479246,17.74,4.37963
1806,0.75,17.01545403511781,6.292873003510255,3.74,7.024177621489566
1852,0.75,108.88464440995041,12.658710066791802,117.29,13.3280613
465,0.75,96.151736251734,11.774639862858619,74.24,7.024177621489566
315,0.75,100.5464938950076,12.635686089949013,110.17,12.84561173
1425,0.75,6.561987704208471,2.5007013807351792,4.37,1.93226
670,0.75,86.59235192177636,10.909335731963358,79.53,7.024177621489566
170,0.75,54.48458682483896,9.17412150959584,63.97,9.33715
467,0.75,56.498488572454164,8.77436008419018,70.23,9.84223
1109,0.75,93.01350646499088,11.870483204288739,84.52,10.9933
1486,0.75,3.3909581420563795,1.66836684464409,3.44,1.67736
1398,0.75,100.77076965488604,11.794254459728396,96.4,11.87591193
1341,0.75,120.09411744465076,13.297705869452406,117.71,13.3674
1448,0.75,12.606002821019953,4.014759850819035,10.1,3.16086
22,0.75,20.647400142285537,4.373381812375934,12.19,3.517574786
1267,0.75,35.16080322019258,6.690908424115128,35.89,6.63491
45,0.75,3.863615123966556,1.5854331754678346,1.65,1.15643
1224,0.8,27.491428494536322,5.959050833258908,29.55,5.94241
475,0.8,70.7875274446289,10.169482162389214,77.13,10.417
1838,0.8,7.19850722824571,2.5588911899442506,4.41,1.92318
1199,0.8,11.189982084830682,3.534015966491358,9.3,3.01287
53,0.8,10.812769111900678,3.347513701892687,7.04,2.54474
1408,0.8,96.94905703390387,12.076322654200006,112.81,13.0531
1654,0.8,64.73825350290102,8.163675515701058,36.24,6.70553
18,0.8,94.77200140751,11.776717737986406,76.0,10.32616195
731,0.8,24.74288813520279,5.81184590195797,15.91,4.12435
1374,0.8,74.1771648088156,7.68878803505843,33.76,7.024177621489566
233,0.8,73.36066956911226,9.586562632090464,55.83,8.612116336
1390,0.8,105.05259826790846,12.401034119191747,125.31,13.8742
621,0.8,93.7380803796073,11.740810911972789,68.34,9.70968
427,0.8,7.937407209332295,2.6168491932882953,6.82,2.50355
187,0.8,29.924822297623823,5.292790347383156,21.79,4.952313354
1029,0.8,4.115809234489751,1.9820004622053067,3.27,1.62297957
390,0.8,102.95447607210488,12.284368652298184,82.55,10.8261
457,0.8,125.51720484113699,13.652513127006507,117.29,7.024177621489566
156,0.8,9.647104079887884,3.1770928615025587,13.61,4.509178613
1337,0.8,92.73217447915292,12.144447939185632,79.11,10.5731
1649,0.8,12.546603824172053,3.5669767603196765,7.06,2.54445
1628,0.8,121.89575569303635,13.472869979427285,112.16,12.9734
616,0.8,95.70295347727188,12.351256627679708,109.15,12.8076
726,0.8,61.29594189697318,9.007501254099077,122.07,13.6402
473,0.8,81.35505221609839,10.686058147492577,64.55,9.36472
853,0.8,5.884956170157288,2.3096320437015585,4.59,1.980635825
1720,0.8,108.55002084698191,12.814057120934981,120.83,13.5597
1834,0.8,57.60459091196998,9.692088159114453,60.85,9.059590395
440,0.8,83.51106400353837,10.391395935483143,55.55,8.56637
303,0.8,2.8377151998253756,1.4766235805687609,1.95,1.214566424
519,0.8,27.489645449781786,6.1444289421033735,21.07,4.86242
191,0.8,21.825209178266373,4.745843810753395,14.68,3.924832159
6,0.8,109.54715653873153,12.546061861133875,113.71,13.08687204
962,0.8,71.49942375160484,8.353951570584968,29.29,7.024177621489566
434,0.8,111.62635647913376,12.675669331181245,90.34,11.8344
1693,0.8,4.2860865732435585,1.8994418262492774,2.52,1.393219042
412,0.8,9.612747194883438,3.155493490677517,7.25,2.58794
124,0.8,45.24518269887405,8.902916061394833,43.24,6.99891
1768,0.8,3.7221980398971204,1.6200896468158894,0.86,0.965061868
1617,0.8,47.138095933255336,6.88635761902499,28.01,5.739561697
1294,0.8,22.197244355196716,5.577520133380019,16.34,4.16809
318,0.8,2.716363471551771,1.466215020874581,0.56,0.856692464
17,0.8,124.5133379556036,13.85888689841775,124.3,13.79115826
1758,0.8,23.946648351909293,5.11138145288742,19.35,4.615
80,0.8,56.8765873948802,9.827932780491594,19.13,2.432614
479,0.8,8.893375721765732,2.9664363973681365,6.52,2.43432
744,0.8,21.52509807944906,5.17451329861921,74.3,4.06597
963,0.8,7.931256305184229,3.4128101491059817,4.31,1.90837771
135,0.8,111.63644012568685,13.251037944866518,94.26,11.7171
847,0.8,40.31988279483938,6.315818062263034,23.64,5.21152
118,0.8,11.387038116222202,3.629325078211974,11.71,3.435910248
85,0.8,14.846961306934016,3.7417812978803324,3.61,1.741587
1103,0.8,96.40923777466571,12.124352289931947,92.98,11.62586504
1379,0.8,14.802980990292541,4.120091876290992,11.82,3.44576
1789,0.8,2.5991317045632565,1.5077791450574476,0.63,0.885684603
1045,0.8,6.196722689733358,2.286747649984785,7.43,2.629079023
792,0.8,16.431584449432172,4.286394576849283,14.5,3.90515
47,0.8,2.8809479514001777,1.4721130725359406,0.88,0.969819
77,0.8,73.04217036922655,10.731567818924747,56.57,8.85869
904,0.8,100.95740631311085,12.615879756764253,94.7,11.7215
107,0.8,117.01224477472192,13.387167576323378,108.69,12.74428382
1461,0.8,35.036248564005376,6.184949065126077,21.53,4.916984204
1856,0.8,115.30154352336685,12.955810994363205,109.94,12.82971612
30,0.8,57.70601822971437,7.775430596470305,43.22,7.42915
1437,0.8,5.015641213958493,2.137176907650927,2.3,1.318046443
596,0.8,92.88279847438923,12.254016688979457,114.56,13.1383
1672,0.8,2.827298912677963,1.5077653676712122,1.38,1.101762401
1236,0.8,89.00553886117439,7.665153576450172,49.35,7.024177621489566
425,0.8,24.16032848928813,5.840624399333017,19.67,4.66502
361,0.8,119.25048912915692,13.567453184872015,105.75,12.53990524
991,0.8,6.951817161376659,2.577275160221774,7.8,2.705027839
1728,0.8,29.38627143225944,5.988237897624679,21.12,4.862440485
1780,0.8,100.0948710059891,12.160098361910732,77.3,10.4307
862,0.8,7.5233698634410855,2.751422253816119,8.15,2.77807
1723,0.8,112.81124853538991,12.547182690055712,92.69,11.6029
1239,0.8,61.87415360202762,9.160452704792748,40.44,7.13535
655,0.8,60.9603922822571,8.381435678619328,83.22,10.8884
883,0.8,9.686868636047747,2.9843424526314637,6.68,2.47030768
1599,0.8,14.377115968118947,4.072491329131696,9.39,3.00633
871,0.8,12.473134781470263,3.494758363757695,10.75,3.2807
1424,0.8,109.71923081755857,12.815327307253547,76.73,10.4386
1609,0.8,115.72317474509673,13.33605190618565,126.51,13.9433
326,0.8,7.173733062933764,2.428428130030761,5.7,2.24794
1317,0.8,95.26255582810755,11.746487640977247,74.94,10.24074428
985,0.8,7.574876084423877,2.9764034889889297,6.69,2.47118
1476,0.8,12.298478781288697,3.714728556380133,7.58,2.660025534
175,0.8,20.30169242152768,5.09907442686169,21.14,4.87824
1656,0.8,50.31193049445453,7.444842800028312,28.87,5.8474
557,0.8,13.471239012795447,3.6687811598770286,11.57,3.412480023
1101,0.8,34.74281394405817,5.779045279161868,19.85,4.517045331
459,0.8,85.03314276406373,10.62149502797357,128.46,14.0608342
712,0.8,5.148713327376105,2.3771654931995156,5.49,2.20071815
679,0.8,102.50218373382323,11.84228039077406,72.76,10.0433
923,0.8,20.029425775866,4.79350828475745,14.47,3.89334
553,0.8,9.448344237099874,3.194349272277996,9.11,2.964146098
1182,0.8,55.76138369602716,9.541149585322042,47.07,7.82059
249,0.8,106.64708348692658,13.041651229591606,94.77,11.75690439
310,0.8,80.62197215037773,11.814216505633844,75.59,10.264
658,0.8,21.807580154171564,4.929344485883742,17.25,4.31235
217,0.8,2.6553526387594513,1.4342495811268197,2.42,1.35917743
896,0.8,3.3184415876730857,1.7124012287090504,2.86,1.499704002
958,0.8,78.02076511743371,7.91575585070941,30.66,7.024177621489566
458,0.8,56.80582699123111,7.925928525321889,28.62,7.024177621489566
1695,0.8,53.61956748479464,8.049502934435054,39.6,7.03413
666,0.8,29.476614590612865,6.633765159180148,34.8,6.35126
489,0.8,115.94559410995583,13.463279516821553,117.42,13.33687048
969,0.8,13.992413142276767,3.8394965074960936,12.74,3.60283
674,0.8,6.520143667406443,2.4310097191081765,2.52,1.39527
1315,0.8,99.09811587176114,12.257924838793794,85.72,11.0715
1205,0.8,17.060250696548767,3.930841575517713,12.83,3.62818
1498,0.8,110.88192927710614,13.049056260815277,100.58,12.1616
743,0.8,87.24276512880324,7.2013795504894365,36.91,7.024177621489566
1276,0.8,80.10033928976978,10.58174017293132,71.58,9.96751
1844,0.8,47.31101039666378,7.020624915150473,30.67,6.0323
148,0.8,60.298517621662555,8.799812121009548,101.78,12.2412
1074,0.8,125.87842719680738,13.996319088169235,113.65,13.0889
1497,0.8,10.339213183564512,3.133664923863147,7.58,2.65245
1416,0.8,103.18028668967783,12.791563166153754,69.6,9.82252
587,0.8,110.48417718987918,13.023825682291958,105.95,12.55419255
517,0.8,17.67356145097781,4.510044379353792,13.61,3.754833321
1661,0.8,10.669844119633385,3.547508522770617,12.36,3.548343316
1286,0.8,101.36691463386546,12.179039825368589,119.59,13.4003
76,0.8,4.921306112240215,2.18907875540922,2.12,1.671618
1081,0.8,4.547190997382526,1.9521520901413547,3.42,1.666703009
1415,0.8,87.85140092792174,7.381993698932956,74.93,7.024177621489566
999,0.8,16.390876188345548,4.170842775124225,28.55,5.805449843
1732,0.8,17.147442737184576,4.315106758986722,2.72,1.455123436
593,0.8,85.12460853195124,11.513642325996681,69.0,9.754848091
1573,0.8,12.90152062734871,3.664228090694296,9.44,3.02618
262,0.8,119.13839882638338,13.313970610027798,116.99,13.30845019
1533,0.8,86.59279633049285,11.279304293922312,115.63,13.21716686
565,0.8,12.720114207206569,3.534565039938321,9.31,3.00264281
1287,0.8,120.18952149807336,13.469307092419484,117.11,13.31600225
34,0.8,71.87397835164313,9.491453271038342,80.03,10.6751
1183,0.8,72.79189895538687,9.351629926284517,68.76,9.735489661
1840,0.8,104.23203832568547,12.775364335492341,94.75,11.75567728
182,0.8,110.57359066895769,12.94098103299397,125.96,13.89945234
651,0.8,38.456716001648495,6.606180779525661,28.37,5.78741
276,0.8,7.115325683453407,2.541430526122301,9.56,3.05033809
567,0.8,4.5707377950099355,1.9483952973456908,3.03,1.553134989
775,0.8,34.72023914852324,6.460294089973289,27.13,5.62786
1188,0.8,36.67041918216577,6.076530371401844,37.53,6.82612
1823,0.8,91.6157767014213,11.27316691318806,63.36,9.29428
1593,0.8,20.23737630777691,4.308088047096536,12.8,3.62613
840,0.8,4.220777189776758,1.8974119125436562,3.9,1.799296606
161,0.8,119.52996963292573,13.507681489798228,107.4,12.65489004
564,0.8,9.097303719662843,2.89651847261397,7.4,2.623164132
579,0.8,13.26205433423536,3.763845191313273,10.61,3.241642959
1151,0.8,27.333074070502597,5.24364311797901,20.78,4.82429
14,0.8,8.592483063935488,2.6666952280047713,7.65,2.66889
1122,0.8,100.37308692904227,12.285683031038864,92.33,11.57792161
713,0.8,15.520817492786259,4.058000354235769,14.52,3.91576
1097,0.8,4.658392253843956,1.9255136028140782,4.02,1.833476886
254,0.8,8.628234619178402,2.6921303599561215,4.66,1.99787
1858,0.8,115.07493262077138,13.33606536396336,107.41,12.65581119
1158,0.8,119.29392821444428,13.570151163450747,115.93,13.2366563
970,0.8,66.85437163664585,10.58993409595967,55.42,8.575211206
526,0.8,99.76628979294311,11.15736978244818,101.51,12.2235
1651,0.8,65.07082935920066,8.727517011470447,48.11,7.88895
1769,0.8,35.10179513964868,5.8909544928211055,22.32,5.02186247
1213,0.8,63.15379805523778,9.323754375482382,58.05,8.78597
1735,0.8,110.03111176259357,12.903548099378094,106.05,12.56093758
893,0.8,9.707266048590952,3.158923674438238,9.25,2.99324
1832,0.8,95.28284015607179,12.189831884610792,74.6,10.2495
1234,0.8,72.384483361866,9.343431391527057,46.76,7.76491
733,0.8,17.37509076955201,6.00155006844121,9.15,7.024177621489566
1751,0.8,110.74567115349075,13.133192732521124,120.8,13.5278
1237,0.8,46.39147978551413,6.650246565645266,25.93,7.024177621489566
581,0.8,78.62344348124834,9.481487375815117,38.83,6.956425764
1551,0.8,72.70654092235031,9.303775247556468,42.05,7.290258938
37,0.8,74.5678643321477,8.653716510175277,48.6,7.99698
223,0.8,52.639992791140735,7.503593816385226,27.51,3.493627
1523,0.8,66.80214712244339,9.581299976174458,37.59,6.823692468
1382,0.8,19.924360911150576,5.286706012418126,6.63,2.16171
1042,0.8,80.18810278588161,10.285941036330293,98.43,12.0629
1070,0.8,83.6170149181112,10.962343186276854,64.42,9.36468
443,0.8,32.47316772532521,5.898466172005144,19.99,4.70308
152,0.8,4.452137548384179,2.0364256298129715,3.82,1.77141
1799,0.8,101.36112745919999,11.8881207098698,101.42,12.1874
1759,0.8,97.6986332840608,12.365431524468734,74.91,10.2441
667,0.8,59.13361616232313,9.306970518819725,29.45,5.91488
485,0.8,120.6682659526525,13.32813798759214,119.75,12.962219
992,0.8,3.8863769883484696,1.7864499985878661,3.26,1.62083261
769,0.8,28.4917275043274,6.752319924740306,10.87,7.024177621489566
1005,0.8,40.736112407788355,7.574527553560727,32.02,6.20845
572,0.8,12.69068135169172,3.7138676825876717,9.15,2.972828344
278,0.8,117.59600913059371,13.429951719180048,118.47,13.40695673
632,0.8,32.62894748766714,6.131054874366421,25.04,5.374472103
823,0.8,30.223593538742406,6.17443857893199,23.66,5.20733
141,0.8,91.47256352522497,10.668582597959857,66.94,9.58224
752,0.8,36.7882460383619,6.7914779003132715,30.39,6.01061
240,0.8,5.364897262791499,2.30413194997474,5.32,2.160174068
1824,0.8,12.133906220699755,3.5255246852782247,6.67,2.46843
795,0.8,32.97884591644718,5.907147674390575,25.69,5.46087
55,0.8,7.594264857334961,2.5389391536067105,5.83,2.280732664
333,0.8,25.25177466012571,5.178313272660889,52.89,1.90058
897,0.8,4.305898231088379,1.875706932140355,3.29,1.627714714
1364,0.8,53.64740147748819,7.9053295480733965,44.16,7.48475
1492,0.8,121.46776982616677,13.467317799967274,115.71,13.22170304
215,0.8,119.43568056679878,13.488814119511707,116.63,13.28441341
672,0.8,6.501607699525393,2.4101320867943326,4.87,2.051533242
446,0.8,105.94036135698406,12.472139140242229,108.18,13.7564
530,0.8,71.72233131900751,9.090197592328744,119.29,7.024177621489566
789,0.8,61.181660558701395,9.5927184651691,50.58,8.13315
576,0.8,16.099089695947143,4.297543574775612,17.74,4.386987751
9,0.8,106.78453813493866,12.052142249547922,78.84,10.55059224
997,0.8,104.50630433714142,12.091274036764359,116.71,13.2583
1781,0.8,110.06308397914029,12.865504037250512,81.72,10.7664
1850,0.8,13.230023397025233,3.7896528878610636,9.37,3.01006
220,0.8,8.762460394871049,2.989341283021377,7.69,2.67607
982,0.8,114.8570642292875,13.417492034222596,91.68,11.5159
259,0.8,2.8249494681718907,1.5341179647456429,2.16,1.26995
989,0.8,107.11496076291402,12.68194459858228,94.78,11.75821955
39,0.8,118.32344423995697,13.083351567528545,118.4,13.3028
229,0.8,53.30666982779774,7.554807967150775,26.9,5.933251
911,0.8,7.538664621422021,2.7073615773968194,6.67,2.45459
491,0.8,122.11792851260871,13.56767931209822,111.21,12.91712883
516,0.8,88.78817141896788,11.412846027624036,86.88,11.1424
66,0.8,4.326306513535622,1.8759055050905067,2.79,1.477775413
1464,0.8,102.11096478172759,12.187628957074377,94.75,11.75575788
933,0.8,107.65095742167036,13.48439245513388,90.81,11.48
615,0.8,118.33411782101584,13.436803451382819,96.91,11.8862
1246,0.8,112.88239366243327,12.988637475596155,85.94,11.1273
206,0.8,113.86002552941713,13.511991548194427,109.38,12.79215388
1612,0.8,14.428008435549017,3.9404996461523725,8.39,2.823759908
461,0.8,11.725898988662914,3.591152760326109,9.97,3.34688
1788,0.8,3.3118523196824556,1.6554168254831483,0.83,0.955851376
1299,0.8,98.13380749967008,12.280893915411378,91.87,11.5444262
402,0.8,5.354788300150421,2.1240691341128017,3.49,1.686631414
5,0.8,110.58131116233223,12.899742804474617,102.14,12.28673887
58,0.8,80.90763238811095,11.18008681469743,39.81,7.059079908
955,0.8,106.98265033084306,12.834318794812413,89.31,11.3749
762,0.8,14.2180795166031,4.020239038546196,11.29,3.45648
1052,0.8,123.6844170564545,13.769531898327257,123.98,13.77034053
529,0.8,35.868739067454136,6.640289093199963,31.64,6.167248677
1388,0.8,127.73116588585609,13.779994432080247,121.48,13.6371
1568,0.8,12.57129831738199,3.8364647788903925,8.99,2.93924
1454,0.8,2.9754886026840333,1.604496430041271,3.61,1.719326482
1664,0.8,7.94846084212213,3.011442651810168,6.59,2.451177479
1855,0.8,31.190571218833725,6.1551626117440605,10.06,3.13923
1174,0.8,85.39852679024537,11.514950034748052,56.89,8.72806
768,0.8,25.842447838499233,5.937180861353109,21.99,4.98445
578,0.8,9.508625377887384,3.004887834509948,6.58,2.448945353
740,0.8,78.89295693219569,10.714636298787214,95.88,11.8527
602,0.8,37.86740705868812,6.5604771302828775,56.78,8.697617256
92,0.8,9.630043423971042,2.958480672597509,8.4,2.826989728
993,0.8,2.794997282789655,1.628892889085494,1.35,1.097286737
1500,0.8,88.9153842625513,10.895622743909678,98.09,11.6786
575,0.8,7.497747785354708,2.624966719101597,5.8,2.273030104
1453,0.8,115.39050883516113,13.211100216920025,104.62,7.024177621489566
539,0.8,7.69677523008978,2.722205666964508,6.16,2.35888
438,0.8,12.355889229702383,3.5853918816969284,13.08,3.64998
642,0.8,103.77035610892187,12.157582043454832,118.5,13.4294
144,0.8,47.24100166876878,7.776484113440285,36.52,6.64264
342,0.8,6.048029909040764,2.251205646191531,5.9,2.29679437
1288,0.8,102.21832090391547,12.880717912426912,100.58,12.17579997
716,0.8,5.658747085939807,2.3314935334999105,5.34,2.16083
1047,0.8,10.092659204079423,3.265478699124531,10.47,3.21883
1581,0.8,35.10477262792926,6.330869477398472,27.44,5.670863357
799,0.8,104.10175180610486,11.646490989786555,68.55,9.72386
1021,0.8,11.357453300321875,3.4090154446601253,13.85,3.78219
19,0.8,7.416864907699009,2.5508677699328066,5.99,2.3216
1391,0.8,102.73522309434678,12.631257866670802,100.78,12.1827
54,0.8,17.856264588984512,4.28524428981716,12.29,3.751004
1558,0.8,80.58666138768372,10.242501097190805,65.62,9.49438
1319,0.8,97.2444413938584,12.107508340727719,110.71,12.8974
1083,0.8,11.024930462378162,3.463951691621468,15.33,4.026925833
1190,0.8,35.63451911664869,5.9938862502692425,18.15,4.46635
641,0.8,31.12927715928065,7.003220511296051,22.95,5.10182
1,0.8,125.26676376202022,13.891783480834913,116.75,14.581841
1378,0.8,124.30191103498525,13.91083589708563,125.51,13.9016
113,0.8,18.327627275769117,4.675938415010063,35.09,6.02383473
1546,0.8,93.76508179649109,11.884577559759798,71.54,9.98401
1064,0.8,105.004349342612,12.918764439789912,126.44,13.9111
298,0.8,22.04871316261995,4.367348852753882,20.17,4.71785
279,0.8,121.30238121998745,13.52361074946581,100.48,12.1343
82,0.8,97.1067740507509,11.667683431918407,83.66,10.92571149
745,0.8,98.94385653529022,12.183487839789763,95.12,11.8886
1127,0.8,40.25492284214272,7.2093038181733,31.68,6.170988152
1354,0.8,83.43564945530335,10.362411181945715,61.72,9.1446
1325,0.8,102.46364556476651,12.101851150126928,104.29,12.43773089
1087,0.8,28.70404819620458,5.583549642054294,25.19,5.41363
322,0.8,3.0904032224293574,1.405674666725894,0.81,0.949185781
1039,0.8,16.958614076183967,4.342463609190296,10.87,3.29096
122,0.8,5.647253752177177,2.204442749729137,4.1,1.84555
1305,0.8,73.05055340845212,7.183431605018516,25.06,7.024177621489566
511,0.8,123.16590125228589,13.451447277974617,117.39,13.3343
48,0.8,6.398100926973783,2.381730953282525,2.5,1.36751
1572,0.8,25.80197463629425,5.619302185233266,21.87,4.95462
1611,0.8,92.59620676326142,11.550908835226695,89.82,11.3547
1010,0.8,20.4918920071138,5.410601370685187,19.42,4.33692
776,0.8,31.80092733246971,6.547190378551451,27.73,6.05271
842,0.8,12.775311895114234,3.814181376770807,12.14,3.49799
1841,0.8,12.327584570761507,3.691325093979709,12.38,3.550689516
1142,0.8,96.16893230131191,11.675291595347154,74.51,10.2185
52,0.8,4.812609895257118,2.1439782164510577,4.71,2.02068
501,0.8,80.20418447413097,10.25159046265621,64.42,9.36823
1602,0.8,13.968711179109247,3.8696854824801905,10.93,3.29943
1484,0.8,79.1282392491056,10.468973621438607,38.8,6.952739141
1023,0.8,5.4134967228011375,2.223469499139232,4.46,1.947929019
159,0.8,5.630991227872604,2.2357412764028393,5.47,2.195403439
686,0.8,49.86785014427465,6.965896086406244,20.97,4.841201962
1026,0.8,15.208022763182301,4.050035414969745,12.16,3.5130935
353,0.8,116.07651779201187,13.344194448726656,114.53,13.14269004
1126,0.8,18.73905069561324,4.314841655348539,7.88,2.722617954
251,0.8,104.32631741065946,12.843939134068483,120.33,13.53006831
1516,0.8,7.355156280963899,2.6266032995366326,5.31,2.16267
1034,0.8,116.06088643547321,13.172212845050348,130.66,14.183
190,0.8,82.28929989454299,11.564224426412983,53.39,8.388894075
568,0.8,29.916366427634603,6.021358263650406,23.63,5.193676358
924,0.8,102.12575539304586,12.476951927759119,99.95,12.0713
1258,0.8,107.42386057574856,12.63839529223448,99.82,12.168
1843,0.8,44.89143802602771,8.25772505975787,40.3,7.09086
1132,0.8,101.01531710012164,12.300662577318729,91.8,11.5451
376,0.8,56.729091020015495,9.011015899945999,41.34,7.216883182
1265,0.8,87.97747433417061,9.507462631588972,124.53,7.024177621489566
1688,0.8,74.1367501580141,10.48362241918619,64.57,9.41494
487,0.8,118.0482673999909,13.21313615317234,125.28,13.446487
253,0.8,9.536527586041316,2.8608661875677948,7.39,2.62025
1586,0.8,104.62278759587204,12.288997805124371,86.01,11.1331
299,0.8,8.541474807853607,3.0677063462717866,6.5,2.431285405
760,0.8,55.142362195902756,8.479996797861467,39.68,7.04152
1670,0.8,6.014521933160782,2.4979343503178795,6.98,2.533629389
1311,0.8,45.77029326730774,7.311919404448958,37.45,6.80431
994,0.8,15.73869290875298,4.341380359643597,25.62,5.37673
609,0.8,7.9702612613153,2.900451184612166,5.71,2.25345
1054,0.8,108.57286748320355,12.532493956885778,101.72,12.2521
1708,0.8,99.55119737295563,12.326840919983871,87.59,11.2199
271,0.8,36.61423702392689,6.98847587991734,15.31,7.024177621489566
214,0.8,3.113076280148064,1.5783969690354989,1.93,1.210733876
1279,0.8,99.76406829949848,12.663687716802349,126.78,13.9775
965,0.8,107.91939858166941,12.171324284918624,88.71,11.3151
665,0.8,15.311530108657927,5.1615034427501305,11.63,3.41784
1271,0.8,80.71031880115554,7.677991472935224,75.49,7.024177621489566
4,0.8,113.28733857070148,12.941918610200544,99.64,12.10867994
204,0.8,25.52847965309971,5.105528682686988,19.32,4.613131896
648,0.8,95.53802405768305,11.332034822168437,88.19,11.2446
219,0.8,14.334065997832266,3.6478981829714234,23.11,2.582442
393,0.8,4.277624590835207,1.9556167989043303,3.52,1.69257
977,0.8,16.261122665233003,4.386783160103588,9.4,3.01498
948,0.8,121.81929981984179,13.533198478747178,116.12,13.24971416
1187,0.8,110.57416970006678,13.175105024146179,71.2,9.93735
900,0.8,9.88507287069395,3.549677354840807,8.47,2.841179901
520,0.8,87.30234626817177,10.247037926734215,61.52,9.08479
1679,0.8,67.71551202441049,10.005131497942344,40.17,7.096299381
481,0.8,6.059491159434719,2.2078963975207033,4.77,2.28501
538,0.8,91.18401443640887,11.449494318176658,64.15,9.39131
918,0.8,107.40276695166509,12.547502462107534,105.1,12.4956
268,0.8,63.440665064479134,9.068648033004168,52.53,8.309019329
521,0.8,23.90424278557569,4.989067358777085,26.66,5.58857
31,0.8,124.66229303679802,13.75843807861268,125.8,13.88927615
1818,0.8,28.80841347335046,5.28898224374177,14.74,3.91968
814,0.8,11.536751495599047,3.2277424986055636,10.49,3.217
1335,0.8,123.787363920066,13.206120854805873,111.35,12.92730565
825,0.8,6.708872521769724,2.6195482777777523,6.19,2.36311
1366,0.8,37.173354865504,6.902674898550768,35.64,6.613947587
347,0.8,3.5879190161446877,1.8326276610043304,1.83,1.192639209
512,0.8,33.163215918108676,6.432620085813632,30.62,7.024177621489566
1639,0.8,105.84369398219448,12.751006630601083,100.34,12.1366
1184,0.8,121.89858615036822,13.441077368314845,118.41,13.3524
773,0.8,45.925789977969366,7.687759242768227,77.22,10.3751
1480,0.8,104.93961527789106,12.892408201929964,90.85,11.46948561
1793,0.8,77.12147344681635,11.202196056085823,47.3,7.78724
1402,0.8,104.04895438096221,12.38985757622024,80.42,10.67471486
1025,0.8,11.161397732822861,3.2485503404733764,7.18,2.578146532
1093,0.8,8.212344200179778,2.582102182130534,5.59,2.225369592
89,0.8,4.174915846413226,1.8900780941201603,2.28,1.312234294
1170,0.8,16.990582758064097,4.536732881556787,21.9,4.98711
1646,0.8,3.9807822692014594,1.7640199811393822,4.32,1.89426
1353,0.8,109.86129296673774,12.8075952079607,106.65,12.5934
1355,0.8,38.12653711898089,6.931822126014038,67.4,9.65497
177,0.8,6.118573992095569,2.306233911051319,4.38,1.925734586
1031,0.8,6.035891871061175,2.472975176267026,3.45,1.674180322
1399,0.8,93.62610353875169,11.749954769495922,99.87,12.0428
1057,0.8,19.128687196334884,4.434253332842976,16.75,4.242394637
1110,0.8,96.94470498941953,12.108082827135972,92.16,11.56559794
385,0.8,98.78036984939959,12.480813756807722,77.93,10.47865795
1411,0.8,70.76255279535201,8.746182506451989,55.01,7.024177621489566
1543,0.8,97.62567792838941,12.094513330910738,93.35,11.6629
1137,0.8,3.879363315232764,1.785142625251054,4.65,1.99844
1393,0.8,46.78878895161373,6.621356690682283,45.24,7.64474
1367,0.8,37.177329101217026,6.998364531090145,35.03,6.547178712
1629,0.8,26.23412281546894,5.449612954165199,21.48,4.89644
408,0.8,8.940268756048829,2.8363769046273,7.73,2.28122
506,0.8,87.97641076757412,11.854433355694752,86.69,11.1276
1115,0.8,83.91795602319773,10.98555623397557,66.22,9.54792
813,0.8,99.77860468564205,12.34357011486861,86.56,11.1497
1136,0.8,98.98900376742955,11.942420583434364,81.5,10.753
302,0.8,102.89169197609223,12.062461153047204,121.01,13.57525892
436,0.8,31.287179836858176,6.35971567796326,23.06,5.118907941
979,0.8,90.9735582669347,9.7552399623005,47.76,7.024177621489566
171,0.8,125.29573203451717,13.767162794427932,121.6,13.61374033
1409,0.8,108.45589602483544,12.732911021769546,111.85,12.9673
1518,0.8,13.160269019860193,4.112811478987509,13.87,3.797335347
1427,0.8,13.617115880437924,4.129916915196069,8.53,2.852334785
270,0.8,111.66445141226777,13.102689053246122,96.61,11.9045
227,0.8,97.77938725344605,11.528338265440343,97.07,11.92440528
1196,0.8,30.273456768819003,6.726960955995413,15.2,7.024177621489566
558,0.8,4.650102263436408,2.2130921471748337,5.08,2.102385379
1511,0.8,78.82799056394487,10.815267701520161,59.27,8.920508561
1210,0.8,95.09297400985498,11.981426598001297,96.74,11.9007
618,0.8,68.28919297656171,10.06387353502529,55.39,8.57193
1588,0.8,31.831557854544744,6.486903283643049,25.49,5.44119
1530,0.8,4.5657113327685765,1.9733729765158479,2.83,1.5002
1784,0.8,2.7637953051268944,1.498432369461624,0.85,0.961738557
597,0.8,24.777699662022307,4.7847165267716285,19.15,4.5947
1520,0.8,77.18764129431298,9.469481135117944,72.99,10.08322393
737,0.8,22.954144329411363,4.631550946231091,13.87,3.80598
1334,0.8,93.04651432013141,11.53041524331375,80.26,10.66165646
1150,0.8,97.51536597055636,12.634131406292536,87.25,11.2009
378,0.8,9.239753842086502,2.8955009642033107,7.39,2.62397
866,0.8,8.431522852135533,3.1222623648147803,6.06,2.3352
1718,0.8,91.03723097215733,11.86850443963386,92.31,11.5845
379,0.8,7.045222353475077,2.429118826081508,5.41,2.1838
192,0.8,5.436165989666506,2.293721370618121,4.4,1.93236572
260,0.8,39.61022295097659,7.063685261948002,46.67,7.7514065
1652,0.8,102.16556094836682,11.94759050899292,93.06,11.633
1212,0.8,64.88726495030345,9.144459615338679,55.03,8.52936
953,0.8,15.326507595761285,3.909350846874113,9.44,3.026578642
1003,0.8,38.35639798313267,7.207585515106742,31.56,6.16036
861,0.8,6.656833587728122,2.42591722206338,4.25,1.89435
308,0.8,111.24608068134692,12.844458190956948,112.5,13.0203
1591,0.8,104.48100479811409,12.96168859812526,87.58,11.2128
1268,0.8,31.153471790709624,5.757135131463156,21.13,4.86815
1164,0.8,87.19092855549242,11.788211782660573,76.52,10.3670919
360,0.8,9.307837619759107,2.9303175663112078,6.93,2.512038
652,0.8,29.35970363570499,5.064045709947307,17.99,4.42263
381,0.8,90.05663289235954,10.915048362491076,43.82,7.469402719
1775,0.8,7.98707280455828,2.7601283379917065,6.45,2.42354
1000,0.8,73.29103585039346,10.28079200416884,52.81,8.33267
452,0.8,83.60907724011405,10.584846250756705,88.76,11.3113
414,0.8,7.367614830221301,2.6431096418778144,6.1,2.340834103
987,0.8,66.84263778272471,10.181689379319488,73.79,10.1474
1459,0.8,86.43494226355438,11.472479379117884,63.99,9.33912
1358,0.8,98.14033733766244,11.567775045860454,72.87,10.0826
1703,0.8,123.42083837002043,13.65703054632722,129.15,14.10495771
638,0.8,91.70166755578896,10.870675230588544,70.99,9.91393
1404,0.8,107.59237482802226,12.908616636446494,105.27,12.5164
133,0.8,14.321608748817683,4.015890993244381,10.81,3.28324
202,0.8,99.72240616746333,12.045260905854885,91.33,11.50390062
1169,0.8,104.62239713514555,12.692994481943451,98.5,12.0756
198,0.8,84.23625233570158,9.110469810268105,16.17,4.155260325
796,0.8,110.14853754135252,12.349005575613779,69.2,9.77911
574,0.8,120.00437295403178,13.395175304531548,119.35,13.46463141
1114,0.8,14.215046335183349,3.9294613004205288,14.37,3.86968
317,0.8,2.633064691057949,1.4361797414195874,1.13,1.042840696
980,0.8,52.566933326233595,7.84724182549372,95.18,11.78712672
142,0.8,10.649742221301135,3.367550243467231,9.61,3.12766
1413,0.8,16.767646514810185,5.459781644546559,17.74,4.37963
1806,0.8,19.572972996000136,6.021717088983477,3.74,7.024177621489566
1852,0.8,109.25832578944753,12.770365395518667,117.29,13.3280613
465,0.8,107.9168220402377,12.460384263153793,74.24,7.024177621489566
315,0.8,105.4667465970199,12.754613967523731,110.17,12.84561173
1425,0.8,6.569646887310691,2.5024165664707816,4.37,1.93226
670,0.8,92.20227000349857,11.47340832661954,79.53,7.024177621489566
170,0.8,62.89983395739593,9.490130399316744,63.97,9.33715
467,0.8,60.60694175375707,9.548337032649059,70.23,9.84223
1109,0.8,86.19165829633157,11.78024352592505,84.52,10.9933
1486,0.8,3.3657024535700892,1.7031770646305506,3.44,1.67736
1398,0.8,97.03925996344759,11.885483121050045,96.4,11.87591193
1341,0.8,121.03019186355765,13.523577046898016,117.71,13.3674
1448,0.8,13.718972130603543,4.0956171500764835,10.1,3.16086
22,0.8,21.323906900543786,4.775058153965274,12.19,3.517574786
1267,0.8,44.46054554859393,6.620216751788504,35.89,6.63491
45,0.8,4.04913931209058,1.6357621693471727,1.65,1.15643
1224,0.85,32.481399549235725,6.028920531537998,29.55,5.94241
475,0.85,78.022762671039,11.151533425303484,77.13,10.417
1838,0.85,8.157582167891114,2.5721872364136122,4.41,1.92318
1199,0.85,10.991372519963383,3.3932401546293405,9.3,3.01287
53,0.85,10.304760852990913,3.396136999821875,7.04,2.54474
1408,0.85,99.88718189030978,11.98258015166584,112.81,13.0531
1654,0.85,64.51548871717628,8.477876136676912,36.24,6.70553
18,0.85,99.21562616372823,12.364363533039553,76.0,10.32616195
731,0.85,30.7440823105527,6.001790786044365,15.91,4.12435
1374,0.85,78.1834256525292,8.211734497347464,33.76,7.024177621489566
233,0.85,83.3936783744699,10.262633326388016,55.83,8.612116336
1390,0.85,107.44914181094943,12.714072843014858,125.31,13.8742
621,0.85,96.38978412053146,12.141291591478605,68.34,9.70968
427,0.85,7.472133612819071,2.685157742728054,6.82,2.50355
187,0.85,27.854284957149197,5.257677627462718,21.79,4.952313354
1029,0.85,4.862406704175938,2.0412337081946488,3.27,1.62297957
390,0.85,107.54560575880885,12.973819855223564,82.55,10.8261
457,0.85,128.2258919214234,13.852938697609291,117.29,7.024177621489566
156,0.85,10.37250365854886,3.351957477875311,13.61,4.509178613
1337,0.85,98.36624914948958,12.07117124457459,79.11,10.5731
1649,0.85,16.87496877231724,3.703959497236005,7.06,2.54445
1628,0.85,117.91462632860039,13.511602086113538,112.16,12.9734
616,0.85,97.79711344858495,12.082395445625375,109.15,12.8076
726,0.85,64.31828494547464,9.683443665570309,122.07,13.6402
473,0.85,72.79455472359457,10.442361599797042,64.55,9.36472
853,0.85,5.654664654629438,2.369784322686279,4.59,1.980635825
1720,0.85,106.2140793552359,12.896617438254053,120.83,13.5597
1834,0.85,68.27703059701732,10.560437514326269,60.85,9.059590395
440,0.85,86.75294170969603,10.39284596318248,55.55,8.56637
303,0.85,2.918749011056734,1.6191691314830636,1.95,1.214566424
519,0.85,30.42789969851186,6.17367960535284,21.07,4.86242
191,0.85,21.307585811665074,4.82325120332821,14.68,3.924832159
6,0.85,107.94775589957736,13.018892552234403,113.71,13.08687204
962,0.85,91.18496123024597,8.698071501507497,29.29,7.024177621489566
434,0.85,111.60815857853194,12.76268423765045,90.34,11.8344
1693,0.85,4.8678113144401784,1.9151143988752684,2.52,1.393219042
412,0.85,10.204839140541782,3.413010103283941,7.25,2.58794
124,0.85,56.74883053473219,9.211712973272006,43.24,6.99891
1768,0.85,3.4684731580600623,1.8996884151824516,0.86,0.965061868
1617,0.85,50.53517890022726,7.256273000650155,28.01,5.739561697
1294,0.85,25.388756155069515,5.744331493681524,16.34,4.16809
318,0.85,2.5672740737577175,1.4618797734908928,0.56,0.856692464
17,0.85,126.92710558717737,13.899449364667168,124.3,13.79115826
1758,0.85,22.741580187329156,5.398375509073395,19.35,4.615
80,0.85,67.35027657710071,9.391051325401337,19.13,2.432614
479,0.85,8.890951304021538,3.054288371860605,6.52,2.43432
744,0.85,23.350902167750874,5.0949772850068,74.3,4.06597
963,0.85,8.817649822202037,3.868725487618372,4.31,1.90837771
135,0.85,114.67020452969979,13.385734377743958,94.26,11.7171
847,0.85,49.95724200523348,7.612133480005596,23.64,5.21152
118,0.85,11.9229219424701,3.6279101096096413,11.71,3.435910248
85,0.85,15.143109143072811,3.709116088627387,3.61,1.741587
1103,0.85,97.3787565610081,12.225248910015269,92.98,11.62586504
1379,0.85,17.01838750318633,4.276359565177667,11.82,3.44576
1789,0.85,3.261577902359126,1.7217191232443347,0.63,0.885684603
1045,0.85,6.340865360533246,2.387024975143869,7.43,2.629079023
792,0.85,20.109798563192147,4.622734082575563,14.5,3.90515
47,0.85,3.4924012088933116,1.6286229369922864,0.88,0.969819
77,0.85,76.66491251346044,11.185896374374785,56.57,8.85869
904,0.85,105.52954687871429,12.463957360511507,94.7,11.7215
107,0.85,108.41579566371388,13.20991170573993,108.69,12.74428382
1461,0.85,34.15296842163547,6.062920518278121,21.53,4.916984204
1856,0.85,118.30832998607654,13.212730827547988,109.94,12.82971612
30,0.85,60.691713649198064,7.967926859429395,43.22,7.42915
1437,0.85,6.325809445887183,2.475906949437321,2.3,1.318046443
596,0.85,100.6568505449494,12.35873506726925,114.56,13.1383
1672,0.85,3.124033222836212,1.7304489175593163,1.38,1.101762401
1236,0.85,82.88947770114781,8.18179085998011,49.35,7.024177621489566
425,0.85,25.900526110369963,6.071815428091453,19.67,4.66502
361,0.85,119.96964934911783,13.836396690422717,105.75,12.53990524
991,0.85,8.48149285333579,2.7814009175930243,7.8,2.705027839
1728,0.85,31.461107056830517,5.797596843914877,21.12,4.862440485
1780,0.85,102.26923036327976,12.140335188107377,77.3,10.4307
862,0.85,7.933670726114972,2.8105372342516795,8.15,2.77807
1723,0.85,112.97321898933029,13.036858853875659,92.69,11.6029
1239,0.85,64.8232362153907,9.39339176427599,40.44,7.13535
655,0.85,58.2661138474804,8.167005808390357,83.22,10.8884
883,0.85,9.981223768322108,3.114323637691662,6.68,2.47030768
1599,0.85,15.922052673570944,4.276738573925524,9.39,3.00633
871,0.85,14.144523379990087,3.625897659016072,10.75,3.2807
1424,0.85,107.98562881614593,13.422916765892591,76.73,10.4386
1609,0.85,114.89300495208263,13.174119896468634,126.51,13.9433
326,0.85,6.979305898429752,2.4948741218114407,5.7,2.24794
1317,0.85,95.1454665036991,11.728566304972222,74.94,10.24074428
985,0.85,8.884390543652511,3.147441769078029,6.69,2.47118
1476,0.85,15.208983977158418,3.7948497400793886,7.58,2.660025534
175,0.85,26.02895140840035,5.806033822273067,21.14,4.87824
1656,0.85,48.428940495024285,7.5722540780771554,28.87,5.8474
557,0.85,15.416971651026653,4.110835403943796,11.57,3.412480023
1101,0.85,35.59333881256399,5.612082987357417,19.85,4.517045331
459,0.85,85.0837873250236,10.864983592067924,128.46,14.0608342
712,0.85,5.601551627366703,2.348244788472196,5.49,2.20071815
679,0.85,102.86711025794826,12.14865380444221,72.76,10.0433
923,0.85,19.596394160876148,4.783967829650509,14.47,3.89334
553,0.85,9.951597224656023,3.2876322239427886,9.11,2.964146098
1182,0.85,57.840619006984134,9.960545204411861,47.07,7.82059
249,0.85,104.94498791350635,13.428066126091563,94.77,11.75690439
310,0.85,94.75651357891309,11.218791098294945,75.59,10.264
658,0.85,21.17385052395949,4.950325252176841,17.25,4.31235
217,0.85,3.024479524105702,1.488907476714432,2.42,1.35917743
896,0.85,3.589458815443731,1.7691122264602568,2.86,1.499704002
958,0.85,90.22658474897065,8.314770757670821,30.66,7.024177621489566
458,0.85,66.39857183840925,8.222581085525873,28.62,7.024177621489566
1695,0.85,56.01292558251051,8.483021376300394,39.6,7.03413
666,0.85,34.64141480774017,6.688717261624525,34.8,6.35126
489,0.85,115.466230138039,13.593421125575887,117.42,13.33687048
969,0.85,14.392974983397064,3.9389317966208695,12.74,3.60283
674,0.85,5.6485284952906225,2.5216230009886385,2.52,1.39527
1315,0.85,105.82555587343542,12.71945993290696,85.72,11.0715
1205,0.85,16.5628753678398,3.874032917537767,12.83,3.62818
1498,0.85,113.34123649947387,13.316561822704346,100.58,12.1616
743,0.85,81.83972423478895,7.5140319929984365,36.91,7.024177621489566
1276,0.85,87.40088684027323,10.902714899051004,71.58,9.96751
1844,0.85,45.01381876533569,7.962845927856413,30.67,6.0323
148,0.85,62.156728047277255,9.65761982112905,101.78,12.2412
1074,0.85,127.31814867632957,14.083271548600138,113.65,13.0889
1497,0.85,11.341018341129091,3.2910362784665907,7.58,2.65245
1416,0.85,111.42513348148401,12.778152227076786,69.6,9.82252
587,0.85,110.5548921136958,13.10250740662624,105.95,12.55419255
517,0.85,17.186116928874497,5.141379830560699,13.61,3.754833321
1661,0.85,11.10682421605079,3.6519349976682127,12.36,3.548343316
1286,0.85,113.76029153124702,12.495210164999769,119.59,13.4003
76,0.85,5.472690697307846,2.305342207537104,2.12,1.671618
1081,0.85,4.627774141968305,1.9194495101929243,3.42,1.666703009
1415,0.85,101.96622093118413,7.520677702419083,74.93,7.024177621489566
999,0.85,17.937074581826515,4.439643806476345,28.55,5.805449843
1732,0.85,20.13629789765424,4.3755088414027945,2.72,1.455123436
593,0.85,100.18324967781592,12.214539233641535,69.0,9.754848091
1573,0.85,11.571097618393118,3.629460794850218,9.44,3.02618
262,0.85,121.85978384257285,13.534188863525722,116.99,13.30845019
1533,0.85,87.32885572785075,11.431885743047298,115.63,13.21716686
565,0.85,12.039911674456182,3.514848406617562,9.31,3.00264281
1287,0.85,118.05572408303749,13.774209875948998,117.11,13.31600225
34,0.85,74.27470387405813,9.670590191098938,80.03,10.6751
1183,0.85,81.19097248675953,9.136007392194923,68.76,9.735489661
1840,0.85,111.91076694683228,13.270415193747755,94.75,11.75567728
182,0.85,111.69381705923955,13.274272711163103,125.96,13.89945234
651,0.85,44.19707237759991,6.672559100420708,28.37,5.78741
276,0.85,9.168472344717895,2.8218021977116368,9.56,3.05033809
567,0.85,4.55128463021381,1.9215579679553225,3.03,1.553134989
775,0.85,31.474400765568237,6.318935332321202,27.13,5.62786
1188,0.85,39.69074856897646,5.939331686239915,37.53,6.82612
1823,0.85,81.69987869863044,11.34027827478125,63.36,9.29428
1593,0.85,21.43963310479708,4.922455512163664,12.8,3.62613
840,0.85,4.635869696470302,2.0135349840181846,3.9,1.799296606
161,0.85,119.53709122550278,13.546741956583684,107.4,12.65489004
564,0.85,9.485132314748487,3.014078091443653,7.4,2.623164132
579,0.85,14.814757187888887,3.954835181633192,10.61,3.241642959
1151,0.85,28.85407026938355,5.6741821988025976,20.78,4.82429
14,0.85,8.981955756305037,2.7693691913507408,7.65,2.66889
1122,0.85,103.86997023967612,12.372779323139488,92.33,11.57792161
713,0.85,20.862889668676765,4.446047165982367,14.52,3.91576
1097,0.85,5.111940669136279,2.069625160255875,4.02,1.833476886
254,0.85,8.3918627174664,2.808110553281646,4.66,1.99787
1858,0.85,112.153313992101,13.315992121152915,107.41,12.65581119
1158,0.85,116.86234358183744,13.56590557192838,115.93,13.2366563
970,0.85,71.90328688418765,10.734520704302232,55.42,8.575211206
526,0.85,104.04480425604861,11.915495289532096,101.51,12.2235
1651,0.85,65.67425660348695,9.130434302847014,48.11,7.88895
1769,0.85,35.586118723363334,6.176548679240717,22.32,5.02186247
1213,0.85,69.30065989103497,9.057288952960999,58.05,8.78597
1735,0.85,112.90426874408215,12.887958855473695,106.05,12.56093758
893,0.85,10.299836264282648,3.218056329077637,9.25,2.99324
1832,0.85,98.13195060050012,12.076820757390053,74.6,10.2495
1234,0.85,82.68206185004983,10.86726973292942,46.76,7.76491
733,0.85,21.69760097014063,6.260104503654072,9.15,7.024177621489566
1751,0.85,116.99977875437789,13.262724263956335,120.8,13.5278
1237,0.85,53.18051888011644,6.807982029984627,25.93,7.024177621489566
581,0.85,80.36115645872981,10.343049119211567,38.83,6.956425764
1551,0.85,66.3390435361571,9.667867582781627,42.05,7.290258938
37,0.85,75.04706095420016,8.993961047964731,48.6,7.99698
223,0.85,58.312945016908344,8.776580000013965,27.51,3.493627
1523,0.85,67.3226745229352,9.366438242327538,37.59,6.823692468
1382,0.85,24.532318523731632,5.434091133018826,6.63,2.16171
1042,0.85,83.48038332034581,11.217703188914209,98.43,12.0629
1070,0.85,84.39435665763529,11.00858916092128,64.42,9.36468
443,0.85,37.78346818319136,5.944207390438314,19.99,4.70308
152,0.85,5.0179904411186484,2.0911380863741456,3.82,1.77141
1799,0.85,100.8777661584031,12.107149199378696,101.42,12.1874
1759,0.85,97.63944360853674,12.245009449166554,74.91,10.2441
667,0.85,61.92436614674602,9.639848143699663,29.45,5.91488
485,0.85,115.30627560475395,13.168882840128042,119.75,12.962219
992,0.85,4.217832401732697,2.0549557138217245,3.26,1.62083261
769,0.85,29.320486480875804,6.65476959519996,10.87,7.024177621489566
1005,0.85,44.06562874659765,7.5352340023786155,32.02,6.20845
572,0.85,13.033859921871562,3.640300283420968,9.15,2.972828344
278,0.85,117.78039478683249,13.49545387433893,118.47,13.40695673
632,0.85,34.80558001572086,6.500949841707521,25.04,5.374472103
823,0.85,34.07075131069269,6.9258626485508845,23.66,5.20733
141,0.85,89.31855839695874,10.805544118069522,66.94,9.58224
752,0.85,41.817730129155926,7.24086056314224,30.39,6.01061
240,0.85,6.016609071378604,2.364562382197912,5.32,2.160174068
1824,0.85,10.472176435189784,3.6693242506952606,6.67,2.46843
795,0.85,42.579647109001115,5.96412033441707,25.69,5.46087
55,0.85,7.713324205139376,2.7328520064255226,5.83,2.280732664
333,0.85,28.622006410041497,5.246108785807362,52.89,1.90058
897,0.85,4.55782977187017,1.8919090347115877,3.29,1.627714714
1364,0.85,52.76399809248257,8.195800028222548,44.16,7.48475
1492,0.85,121.3064175300465,13.606019530852112,115.71,13.22170304
215,0.85,124.7640970333091,13.503290019946837,116.63,13.28441341
672,0.85,6.5543893875129084,2.4518187768007573,4.87,2.051533242
446,0.85,99.93587097009552,12.748328192659276,108.18,13.7564
530,0.85,73.72501982636317,9.064748266516212,119.29,7.024177621489566
789,0.85,65.93260317371357,9.699713795828124,50.58,8.13315
576,0.85,18.320432416024932,4.448933964374277,17.74,4.386987751
9,0.85,102.47740981630132,12.461198989177257,78.84,10.55059224
997,0.85,104.41442748708761,12.750709047964632,116.71,13.2583
1781,0.85,109.97248997666311,13.23164710002363,81.72,10.7664
1850,0.85,17.120921513598873,4.384887569294293,9.37,3.01006
220,0.85,8.798010612653375,2.965478020656003,7.69,2.67607
982,0.85,118.06421254414336,13.4138330326634,91.68,11.5159
259,0.85,3.08132009359789,1.7345035440218877,2.16,1.26995
989,0.85,107.80237292479659,13.003667262802113,94.78,11.75821955
39,0.85,124.0796920235443,13.559848315639071,118.4,13.3028
229,0.85,66.01734316793514,7.812367262164835,26.9,5.933251
911,0.85,7.82880877995305,2.7796961274851983,6.67,2.45459
491,0.85,123.30503394096495,13.792662955271819,111.21,12.91712883
516,0.85,90.64450400020506,11.993670188227426,86.88,11.1424
66,0.85,4.1995801639733354,1.8753404332046797,2.79,1.477775413
1464,0.85,105.98967591603731,12.450798576409023,94.75,11.75575788
933,0.85,113.87503020384199,13.20752429202596,90.81,11.48
615,0.85,120.78827878578872,13.497373829165092,96.91,11.8862
1246,0.85,113.78504116201326,12.85226198391391,85.94,11.1273
206,0.85,116.00457221645485,13.501147007910127,109.38,12.79215388
1612,0.85,14.56479662653597,4.267854356782358,8.39,2.823759908
461,0.85,12.284796353879154,3.717028677612803,9.97,3.34688
1788,0.85,3.7731669875560496,1.7713087792311606,0.83,0.955851376
1299,0.85,101.0356883915779,12.453123982080568,91.87,11.5444262
402,0.85,6.159394053740324,2.2319284254532894,3.49,1.686631414
5,0.85,121.18142627823386,13.39928125127937,102.14,12.28673887
58,0.85,83.54976718453086,11.026659058512815,39.81,7.059079908
955,0.85,111.92704779490283,12.815418860109565,89.31,11.3749
762,0.85,16.146916168597475,4.2998517263226335,11.29,3.45648
1052,0.85,121.58172364422492,13.738963455516918,123.98,13.77034053
529,0.85,38.24235881076332,7.245112535312361,31.64,6.167248677
1388,0.85,124.60421258725233,13.780102606011933,121.48,13.6371
1568,0.85,18.755970212991183,4.056966995720784,8.99,2.93924
1454,0.85,3.403058878674088,1.7173944818624536,3.61,1.719326482
1664,0.85,8.8513868252667,3.185824024447656,6.59,2.451177479
1855,0.85,34.1672978702397,6.6392874317557675,10.06,3.13923
1174,0.85,94.766770917484,12.006470420463044,56.89,8.72806
768,0.85,28.263507126896794,6.033582200755978,21.99,4.98445
578,0.85,9.52099434839786,2.9679998822823497,6.58,2.448945353
740,0.85,82.32792103975625,11.031314781268534,95.88,11.8527
602,0.85,57.414157511560724,8.044412452469569,56.78,8.697617256
92,0.85,10.379497217221981,3.1141922768038617,8.4,2.826989728
993,0.85,2.7762945244974775,1.6665113336538113,1.35,1.097286737
1500,0.85,94.19210080192386,11.320420595448441,98.09,11.6786
575,0.85,8.824014253579543,2.7741716228111897,5.8,2.273030104
1453,0.85,118.09319652944777,13.701686078575278,104.62,7.024177621489566
539,0.85,8.155784687264147,2.9195157930856706,6.16,2.35888
438,0.85,11.797645802522323,3.5569253283493767,13.08,3.64998
642,0.85,106.32245876801639,12.37988214048374,118.5,13.4294
144,0.85,49.588182203456235,8.214823869059877,36.52,6.64264
342,0.85,6.148426890038975,2.4175062379096404,5.9,2.29679437
1288,0.85,105.90897123764579,13.100195339792073,100.58,12.17579997
716,0.85,5.7846179914633,2.459566551650988,5.34,2.16083
1047,0.85,14.126411802096753,3.8496843427430396,10.47,3.21883
1581,0.85,41.69247406661944,6.810664458040054,27.44,5.670863357
799,0.85,102.9249596917551,12.800339133850109,68.55,9.72386
1021,0.85,10.835912181978953,3.319688355995348,13.85,3.78219
19,0.85,7.887882827894078,2.5865406954528485,5.99,2.3216
1391,0.85,104.39642632963316,12.850475768456482,100.78,12.1827
54,0.85,17.68663953032773,5.364755391741805,12.29,3.751004
1558,0.85,82.6527733534115,10.882342649122764,65.62,9.49438
1319,0.85,100.21568549084334,12.469993445244873,110.71,12.8974
1083,0.85,11.812326906400086,3.630370290060217,15.33,4.026925833
1190,0.85,39.29903665658203,6.398216977583731,18.15,4.46635
641,0.85,31.659602989442494,7.101387335272602,22.95,5.10182
1,0.85,128.34398220422383,13.859492108325695,116.75,14.581841
1378,0.85,126.13716068125413,13.811155221936415,125.51,13.9016
113,0.85,19.209638309231764,5.143787664847987,35.09,6.02383473
1546,0.85,96.87156587573106,12.047742740806612,71.54,9.98401
1064,0.85,111.01750249005818,13.42890740834034,126.44,13.9111
298,0.85,21.999510876932273,5.104801220772665,20.17,4.71785
279,0.85,122.97156128603635,13.688098547758445,100.48,12.1343
82,0.85,98.07991170291938,12.005982312562319,83.66,10.92571149
745,0.85,109.6178385188404,11.702439735106482,95.12,11.8886
1127,0.85,38.133090780900545,7.560435753486529,31.68,6.170988152
1354,0.85,97.23454761078625,10.578113064595312,61.72,9.1446
1325,0.85,106.08022405570054,12.35795765304005,104.29,12.43773089
1087,0.85,28.186176209412224,5.6757870841794125,25.19,5.41363
322,0.85,3.1529752630295733,1.3888591673986697,0.81,0.949185781
1039,0.85,14.436172486911369,4.1218838923532495,10.87,3.29096
122,0.85,5.962349517266426,2.3245373117992174,4.1,1.84555
1305,0.85,82.24921763216074,7.407845583195907,25.06,7.024177621489566
511,0.85,125.09303504520179,13.66492048545027,117.39,13.3343
48,0.85,6.6508118536422245,2.592092434854887,2.5,1.36751
1572,0.85,26.193321974343455,5.653594183008214,21.87,4.95462
1611,0.85,98.76503554714051,11.787443153938653,89.82,11.3547
1010,0.85,21.549101378624794,5.6360551439568285,19.42,4.33692
776,0.85,34.32652963476598,6.710348831739967,27.73,6.05271
842,0.85,17.046742543831048,4.179855934350024,12.14,3.49799
1841,0.85,15.264193312850347,3.981947169345619,12.38,3.550689516
1142,0.85,88.03121238410708,10.990234072450525,74.51,10.2185
52,0.85,5.580612686590183,2.2278367496868814,4.71,2.02068
501,0.85,88.51114917234479,10.72770398700277,64.42,9.36823
1602,0.85,14.068363017796615,3.9073625552938593,10.93,3.29943
1484,0.85,80.99388434764893,11.153584161574193,38.8,6.952739141
1023,0.85,5.90344950034828,2.2989052301515893,4.46,1.947929019
159,0.85,5.7385173833872205,2.3023086164604036,5.47,2.195403439
686,0.85,55.018785849241574,7.307998212925089,20.97,4.841201962
1026,0.85,14.974155117312197,4.256676886780869,12.16,3.5130935
353,0.85,117.89893815799375,13.569038983677904,114.53,13.14269004
1126,0.85,27.793144684011537,4.751908088605563,7.88,2.722617954
251,0.85,109.77227139043,12.731841333826752,120.33,13.53006831
1516,0.85,7.508785016449412,2.5706238864604174,5.31,2.16267
1034,0.85,116.40068992592317,13.381827053050852,130.66,14.183
190,0.85,90.47444051341847,11.447265555229642,53.39,8.388894075
568,0.85,35.84216640948209,6.726536771295247,23.63,5.193676358
924,0.85,99.79430172553218,12.519681183441797,99.95,12.0713
1258,0.85,111.02461985401587,12.628430142848035,99.82,12.168
1843,0.85,53.14084294230717,9.02084299392385,40.3,7.09086
1132,0.85,101.7922186138086,12.62787360853067,91.8,11.5451
376,0.85,59.89219314061018,8.944897829183905,41.34,7.216883182
1265,0.85,91.47544668596022,10.354644562878518,124.53,7.024177621489566
1688,0.85,85.64727299115776,10.94226262477889,64.57,9.41494
487,0.85,119.95309194639782,13.301849384373384,125.28,13.446487
253,0.85,8.702296280137286,2.782053328778072,7.39,2.62025
1586,0.85,111.21874033876948,12.549765388503964,86.01,11.1331
299,0.85,9.437707108447833,3.0888166206600824,6.5,2.431285405
760,0.85,62.451823638765184,9.027401416984787,39.68,7.04152
1670,0.85,7.034846149838606,2.7458665930004726,6.98,2.533629389
1311,0.85,49.82872668012683,7.292403386627153,37.45,6.80431
994,0.85,19.42407107224218,4.668770500572044,25.62,5.37673
609,0.85,8.386699886700686,2.90747809506285,5.71,2.25345
1054,0.85,108.24788153862025,12.551380090991241,101.72,12.2521
1708,0.85,104.5512619446992,12.722895820849427,87.59,11.2199
271,0.85,39.89471398328807,6.97517797438858,15.31,7.024177621489566
214,0.85,3.005905503118804,1.5926492434232435,1.93,1.210733876
1279,0.85,109.42164595138165,12.930603119494892,126.78,13.9775
965,0.85,99.6543164857227,12.203352851883473,88.71,11.3151
665,0.85,17.586916642326415,5.280893341614921,11.63,3.41784
1271,0.85,73.70939251384462,8.251215768362558,75.49,7.024177621489566
4,0.85,120.20858855626373,13.354681313618016,99.64,12.10867994
204,0.85,27.23777614883861,5.52352944910972,19.32,4.613131896
648,0.85,90.21610124717537,11.417693442242474,88.19,11.2446
219,0.85,17.742667708227874,3.8917885593542367,23.11,2.582442
393,0.85,4.986257523817318,2.1102967049951697,3.52,1.69257
977,0.85,18.424913799881043,4.431481663108715,9.4,3.01498
948,0.85,122.36516631362932,13.57028701030981,116.12,13.24971416
1187,0.85,110.64506026480097,13.501245838202285,71.2,9.93735
900,0.85,10.406713993150206,3.604801237753109,8.47,2.841179901
520,0.85,84.79860211322884,10.805349932582779,61.52,9.08479
1679,0.85,72.81538186895051,10.194479795449416,40.17,7.096299381
481,0.85,5.718545583332381,2.4765418027617963,4.77,2.28501
538,0.85,89.29320887472942,11.548464965599042,64.15,9.39131
918,0.85,112.18976420571825,12.88610176581425,105.1,12.4956
268,0.85,72.5668359987992,9.38788826547608,52.53,8.309019329
521,0.85,26.370910735775414,5.275747015379058,26.66,5.58857
31,0.85,127.86482269442565,13.91964969878896,125.8,13.88927615
1818,0.85,26.21897277872906,5.297342865806109,14.74,3.91968
814,0.85,12.877175380153737,3.61365741107414,10.49,3.217
1335,0.85,120.6409351068846,13.481141430320319,111.35,12.92730565
825,0.85,7.107478363134334,2.6655904005637283,6.19,2.36311
1366,0.85,44.46413905569613,7.164950726431744,35.64,6.613947587
347,0.85,4.205321835094955,1.9786143045183164,1.83,1.192639209
512,0.85,42.10041223098399,6.804853589175919,30.62,7.024177621489566
1639,0.85,109.202947489978,12.821263108513396,100.34,12.1366
1184,0.85,123.96324211382799,13.540049888450563,118.41,13.3524
773,0.85,52.28494946002467,8.05109393379927,77.22,10.3751
1480,0.85,106.116915215509,12.717634924993996,90.85,11.46948561
1793,0.85,83.67250432421476,11.273295699128179,47.3,7.78724
1402,0.85,107.42517354595249,12.72351205537887,80.42,10.67471486
1025,0.85,10.548885188867882,3.262668622859375,7.18,2.578146532
1093,0.85,9.179568065475118,2.781553226343964,5.59,2.225369592
89,0.85,4.1991025594051665,1.9098107225748533,2.28,1.312234294
1170,0.85,23.229424263654938,5.597077417198199,21.9,4.98711
1646,0.85,4.008077691822286,1.9167561058264109,4.32,1.89426
1353,0.85,112.00116775836798,12.861939713318367,106.65,12.5934
1355,0.85,41.163357734378906,7.326547826187047,67.4,9.65497
177,0.85,6.1179867454220584,2.249699358173749,4.38,1.925734586
1031,0.85,6.473455196475733,2.6784395865585195,3.45,1.674180322
1399,0.85,97.07125522721122,12.20289913606597,99.87,12.0428
1057,0.85,20.892144431140036,4.768224889785665,16.75,4.242394637
1110,0.85,94.99800500363243,12.348574912181675,92.16,11.56559794
385,0.85,103.40200377495134,12.512455599914766,77.93,10.47865795
1411,0.85,79.32624800310116,9.253125222951384,55.01,7.024177621489566
1543,0.85,96.42927873553623,12.014922711345033,93.35,11.6629
1137,0.85,3.589148978208438,1.847941803342487,4.65,1.99844
1393,0.85,49.268502475807495,7.334966471342778,45.24,7.64474
1367,0.85,43.441556792881165,7.267615137548369,35.03,6.547178712
1629,0.85,31.765968490248827,5.624363940962011,21.48,4.89644
408,0.85,9.04844008436717,2.7652859618228356,7.73,2.28122
506,0.85,95.57715602428458,11.552834228108999,86.69,11.1276
1115,0.85,85.25524613196379,11.283658529409312,66.22,9.54792
813,0.85,102.01962863614014,12.150374467789891,86.56,11.1497
1136,0.85,100.15080913710177,11.891265619472373,81.5,10.753
302,0.85,110.36505010796314,11.706953678021279,121.01,13.57525892
436,0.85,32.441001708914015,6.37052393395917,23.06,5.118907941
979,0.85,97.99595638932867,10.623905548415872,47.76,7.024177621489566
171,0.85,123.28669661608792,13.709222607618004,121.6,13.61374033
1409,0.85,110.4590553172295,12.674047993995996,111.85,12.9673
1518,0.85,14.651440225132113,4.148677112899684,13.87,3.797335347
1427,0.85,13.564804685679801,3.9761388677512937,8.53,2.852334785
270,0.85,115.60309346375044,13.59347854352696,96.61,11.9045
227,0.85,103.47926334715807,12.150772491720414,97.07,11.92440528
1196,0.85,32.15297159802567,6.8052883378257425,15.2,7.024177621489566
558,0.85,5.295787263871455,2.228614305735201,5.08,2.102385379
1511,0.85,75.40779901040412,10.878824864654494,59.27,8.920508561
1210,0.85,98.76392957650026,12.031490082175171,96.74,11.9007
618,0.85,78.47396186765822,10.433268853735598,55.39,8.57193
1588,0.85,37.837864248130174,6.636351838954124,25.49,5.44119
1530,0.85,4.798432223321968,2.0181048216654713,2.83,1.5002
1784,0.85,2.6822379295142627,1.5547133369649444,0.85,0.961738557
597,0.85,25.214059903054554,5.174760028829175,19.15,4.5947
1520,0.85,77.24329783010846,9.953980030566498,72.99,10.08322393
737,0.85,28.21688966149185,4.913068289609784,13.87,3.80598
1334,0.85,97.53094835393837,11.477317697342611,80.26,10.66165646
1150,0.85,105.4162096575116,12.632674708776243,87.25,11.2009
378,0.85,9.396553500581426,2.8955883506556375,7.39,2.62397
866,0.85,9.459033954870467,3.239107511907046,6.06,2.3352
1718,0.85,99.46673705922696,12.150083779108737,92.31,11.5845
379,0.85,7.323499576420554,2.6629696706423944,5.41,2.1838
192,0.85,5.812523668494037,2.290532506236619,4.4,1.93236572
260,0.85,44.27232021904405,7.64146783498714,46.67,7.7514065
1652,0.85,96.40652951408802,11.881826290306957,93.06,11.633
1212,0.85,70.87586495713445,9.28744388573808,55.03,8.52936
953,0.85,16.215822852462527,4.051462113538253,9.44,3.026578642
1003,0.85,45.72263534935134,7.554628757606227,31.56,6.16036
861,0.85,7.625450406538372,2.553169445543468,4.25,1.89435
308,0.85,116.56317739411749,13.115173729833922,112.5,13.0203
1591,0.85,105.72274180762793,12.800364129853914,87.58,11.2128
1268,0.85,35.39283903761143,6.045294161911521,21.13,4.86815
1164,0.85,95.81115397306068,11.745692319636575,76.52,10.3670919
360,0.85,9.150208391166482,3.3342039681848195,6.93,2.512038
652,0.85,35.4582129543989,4.94997899240933,17.99,4.42263
381,0.85,87.52815989619583,11.646739744026906,43.82,7.469402719
1775,0.85,9.269355646047595,3.007648626964721,6.45,2.42354
1000,0.85,75.14550999545868,10.239485153930598,52.81,8.33267
452,0.85,91.23001390630503,10.808185794711306,88.76,11.3113
414,0.85,8.117185744214908,2.8733638608012804,6.1,2.340834103
987,0.85,75.20139911024197,10.595517587536433,73.79,10.1474
1459,0.85,93.59082366750772,12.113231099537167,63.99,9.33912
1358,0.85,95.34780193871653,11.39719456950401,72.87,10.0826
1703,0.85,125.1802070314606,14.041085521811466,129.15,14.10495771
638,0.85,89.81784493794733,11.945629505081856,70.99,9.91393
1404,0.85,113.3099602638308,12.923969861082487,105.27,12.5164
133,0.85,18.380924116480777,4.496144316746035,10.81,3.28324
202,0.85,99.6342340790087,12.127121840990148,91.33,11.50390062
1169,0.85,109.87971486970928,12.742858157093544,98.5,12.0756
198,0.85,91.85901119424896,10.862813467418878,16.17,4.155260325
796,0.85,104.11580664691476,12.666903746360193,69.2,9.77911
574,0.85,118.87624600011397,13.631827491370412,119.35,13.46463141
1114,0.85,15.49667769276389,4.007387073828972,14.37,3.86968
317,0.85,2.5062814716983617,1.438914913880615,1.13,1.042840696
980,0.85,54.29233727943557,7.850284837494152,95.18,11.78712672
142,0.85,11.683594553098509,3.768339386500682,9.61,3.12766
1413,0.85,20.143790181543974,6.24042482042925,17.74,4.37963
1806,0.85,22.570063966421937,6.406457181164338,3.74,7.024177621489566
1852,0.85,108.85405707890801,12.991347591283107,117.29,13.3280613
465,0.85,107.14802437301705,12.92093547845643,74.24,7.024177621489566
315,0.85,107.27191351330917,12.971359890792785,110.17,12.84561173
1425,0.85,7.0702969719774424,2.5776372431929966,4.37,1.93226
670,0.85,94.27527270859085,11.728236116130518,79.53,7.024177621489566
170,0.85,64.74565443688851,10.038711104612103,63.97,9.33715
467,0.85,75.6665769393655,9.546993370184731,70.23,9.84223
1109,0.85,90.96602323691971,11.291769508095824,84.52,10.9933
1486,0.85,3.6355314086274992,1.9668192580220119,3.44,1.67736
1398,0.85,100.70385677737045,12.08484258203909,96.4,11.87591193
1341,0.85,118.8476411389718,13.35871613539241,117.71,13.3674
1448,0.85,17.166355825383974,4.733173379756323,10.1,3.16086
22,0.85,30.14276117762896,4.82818716850957,12.19,3.517574786
1267,0.85,44.090890604906136,7.059939204406498,35.89,6.63491
45,0.85,4.377328183153373,1.80408177511096,1.65,1.15643
1224,0.9,37.100420002706336,6.108452062113664,29.55,5.94241
475,0.9,84.84337796546502,11.779298211306035,77.13,10.417
1838,0.9,9.709974720254618,3.0532253437315973,4.41,1.92318
1199,0.9,14.322258021632187,3.5959391546711004,9.3,3.01287
53,0.9,12.810742695296184,3.4214119660153046,7.04,2.54474
1408,0.9,100.91429795933948,12.21147709350149,112.81,13.0531
1654,0.9,71.86673010416496,9.064446795378442,36.24,6.70553
18,0.9,96.2099442501438,12.206052327256684,76.0,10.32616195
731,0.9,30.54113544094671,6.178173008169631,15.91,4.12435
1374,0.9,85.50871883797821,9.139929939127347,33.76,7.024177621489566
233,0.9,84.05083514489881,10.187951912564678,55.83,8.612116336
1390,0.9,108.88670117279855,12.66156568929098,125.31,13.8742
621,0.9,100.24558979102353,12.642695669855815,68.34,9.70968
427,0.9,7.911611939956018,2.7202706722625196,6.82,2.50355
187,0.9,27.858864601715688,5.85891246167366,21.79,4.952313354
1029,0.9,5.051974053331869,2.450341917135789,3.27,1.62297957
390,0.9,97.5966519273594,12.93148122794842,82.55,10.8261
457,0.9,128.44342705237284,14.095321242668149,117.29,7.024177621489566
156,0.9,11.440753629586833,3.2455277976830414,13.61,4.509178613
1337,0.9,98.25536414188566,12.452965970177607,79.11,10.5731
1649,0.9,18.625670613784894,4.0649043885241065,7.06,2.54445
1628,0.9,120.57125865541236,13.588665261462275,112.16,12.9734
616,0.9,109.90051725983759,12.113230707210281,109.15,12.8076
726,0.9,74.65318017442115,11.196450771199892,122.07,13.6402
473,0.9,81.01919855072708,10.89671382054919,64.55,9.36472
853,0.9,7.158734279933426,2.5077431663776975,4.59,1.980635825
1720,0.9,111.22850585386814,13.304807507038955,120.83,13.5597
1834,0.9,64.0405756271734,10.892378505361462,60.85,9.059590395
440,0.9,92.27973708667153,10.950811957526302,55.55,8.56637
303,0.9,3.559564965945561,1.7451657491511163,1.95,1.214566424
519,0.9,37.154042301594586,6.233756285295293,21.07,4.86242
191,0.9,24.24870058388688,5.0068806909709815,14.68,3.924832159
6,0.9,112.14339091883633,12.994939097196916,113.71,13.08687204
962,0.9,94.97381879689496,8.842285012767,29.29,7.024177621489566
434,0.9,114.09556763563701,12.83374012651128,90.34,11.8344
1693,0.9,4.822665073358666,2.19367947621515,2.52,1.393219042
412,0.9,10.492349207446624,3.7473854640667037,7.25,2.58794
124,0.9,68.41936479338783,8.89072173850048,43.24,6.99891
1768,0.9,4.184183575631699,1.932213083061064,0.86,0.965061868
1617,0.9,53.92004794360806,7.650011217298894,28.01,5.739561697
1294,0.9,33.304512373066686,5.968748979450256,16.34,4.16809
318,0.9,3.9683496245193,1.575957879369851,0.56,0.856692464
17,0.9,125.85508419852272,13.917927201228371,124.3,13.79115826
1758,0.9,28.111989480045846,5.602433568499404,19.35,4.615
80,0.9,70.90632775733333,9.83201188863583,19.13,2.432614
479,0.9,9.197040353812573,3.1527411306368003,6.52,2.43432
744,0.9,27.357058680845558,5.604804497732797,74.3,4.06597
963,0.9,11.183536602076641,4.584347587834627,4.31,1.90837771
135,0.9,109.94004114625557,13.886672312072964,94.26,11.7171
847,0.9,56.77186770321535,7.749255171485534,23.64,5.21152
118,0.9,13.19776376158423,3.699320321336117,11.71,3.435910248
85,0.9,18.608125902306742,4.530935023972025,3.61,1.741587
1103,0.9,110.0672394030988,13.26591161384953,92.98,11.62586504
1379,0.9,17.035969004468438,4.558252566503782,11.82,3.44576
1789,0.9,4.492599592283691,2.2046054739340772,0.63,0.885684603
1045,0.9,5.923584268915572,2.363410705086455,7.43,2.629079023
792,0.9,27.401887108161734,4.77854165281246,14.5,3.90515
47,0.9,4.038189055535359,1.8927331109832988,0.88,0.969819
77,0.9,83.19543062369861,11.112754290980844,56.57,8.85869
904,0.9,108.5933080998974,12.534901224863269,94.7,11.7215
107,0.9,109.1412457345422,13.050520087366007,108.69,12.74428382
1461,0.9,34.5464897921426,6.141637093615673,21.53,4.916984204
1856,0.9,123.46843055071392,13.511876332922306,109.94,12.82971612
30,0.9,71.62453251255617,7.945510524416736,43.22,7.42915
1437,0.9,7.096063921214181,2.7184734398184394,2.3,1.318046443
596,0.9,100.98629610948093,12.479894752494769,114.56,13.1383
1672,0.9,4.507996287057285,1.9842641011669337,1.38,1.101762401
1236,0.9,87.79536282926054,9.302516484193545,49.35,7.024177621489566
425,0.9,28.689883848400896,6.515523167716852,19.67,4.66502
361,0.9,118.7932337861897,13.673404254213718,105.75,12.53990524
991,0.9,9.178340964545281,2.9703329047086644,7.8,2.705027839
1728,0.9,34.32496342773646,6.024417790127314,21.12,4.862440485
1780,0.9,104.22704315942114,11.87556544970571,77.3,10.4307
862,0.9,8.953181849831473,2.89625265706845,8.15,2.77807
1723,0.9,119.18439564776608,13.012368772133259,92.69,11.6029
1239,0.9,72.27324355197518,9.854423500682724,40.44,7.13535
655,0.9,66.84593975947183,9.13547414643331,83.22,10.8884
883,0.9,11.032005861592152,3.243851265155432,6.68,2.47030768
1599,0.9,13.27032574585373,4.057708762225639,9.39,3.00633
871,0.9,15.089033161138719,3.6652452830036504,10.75,3.2807
1424,0.9,117.42958071442298,13.370647442967565,76.73,10.4386
1609,0.9,118.66054950415312,13.51596760281987,126.51,13.9433
326,0.9,7.253304733644334,2.698857523380652,5.7,2.24794
1317,0.9,100.70039238370197,12.16918345682733,74.94,10.24074428
985,0.9,9.264848464196376,3.3025578416414763,6.69,2.47118
1476,0.9,13.157035221025895,4.138687970356039,7.58,2.660025534
175,0.9,27.098264907693824,5.348877198480443,21.14,4.87824
1656,0.9,59.95150125520902,7.681027670989642,28.87,5.8474
557,0.9,18.028207760813988,4.865556135885744,11.57,3.412480023
1101,0.9,40.28661129495235,5.976831232388389,19.85,4.517045331
459,0.9,83.74234115509202,11.44518591916994,128.46,14.0608342
712,0.9,6.213563479316505,2.493274648076277,5.49,2.20071815
679,0.9,110.93233892285564,12.432976421320756,72.76,10.0433
923,0.9,21.92018280469305,5.101401665489622,14.47,3.89334
553,0.9,11.078024422573616,3.357550469299573,9.11,2.964146098
1182,0.9,66.46077564921143,10.64234217970768,47.07,7.82059
249,0.9,116.35057047449891,13.170161117962214,94.77,11.75690439
310,0.9,99.02581445758555,11.941704430434594,75.59,10.264
658,0.9,27.17688713394389,5.216375997532172,17.25,4.31235
217,0.9,3.710689286941591,1.899543403673894,2.42,1.35917743
896,0.9,4.4468133574888675,2.0683530654580116,2.86,1.499704002
958,0.9,94.49796018408922,9.119604757579818,30.66,7.024177621489566
458,0.9,72.93193813507585,8.902075037009832,28.62,7.024177621489566
1695,0.9,62.08570486864892,9.194177033472169,39.6,7.03413
666,0.9,42.732453165498214,7.143366759157724,34.8,6.35126
489,0.9,120.62292029919655,13.520593012876555,117.42,13.33687048
969,0.9,16.453705815332583,4.408092548373499,12.74,3.60283
674,0.9,7.787635740355361,2.8284089920990025,2.52,1.39527
1315,0.9,103.30505011301643,12.689122365349702,85.72,11.0715
1205,0.9,16.463041865925685,4.193786700552513,12.83,3.62818
1498,0.9,110.21352240193055,13.377757488043486,100.58,12.1616
743,0.9,87.41243713447085,7.619659826439703,36.91,7.024177621489566
1276,0.9,83.98644216298018,11.429085829702888,71.58,9.96751
1844,0.9,53.31657671432848,8.663931342047466,30.67,6.0323
148,0.9,65.63050537554417,10.087903805026937,101.78,12.2412
1074,0.9,122.10569983249056,14.227633570939664,113.65,13.0889
1497,0.9,11.980678479492624,3.459258359179039,7.58,2.65245
1416,0.9,113.08344363842788,12.938084139311666,69.6,9.82252
587,0.9,114.88371751172977,13.43198186559685,105.95,12.55419255
517,0.9,20.14262576442251,5.104022505508196,13.61,3.754833321
1661,0.9,12.984433304527247,3.6029281353253513,12.36,3.548343316
1286,0.9,116.24684511795203,13.009714915079144,119.59,13.4003
76,0.9,6.92181638973042,2.465015917012923,2.12,1.671618
1081,0.9,5.6437806443392855,2.26583322856482,3.42,1.666703009
1415,0.9,109.2742902136449,8.39856235692372,74.93,7.024177621489566
999,0.9,20.606063614255223,4.485662693476012,28.55,5.805449843
1732,0.9,23.81774579771973,4.834328079190616,2.72,1.455123436
593,0.9,95.44647689441108,12.39958404229304,69.0,9.754848091
1573,0.9,14.099766564184295,3.8071047921746253,9.44,3.02618
262,0.9,119.30956801788777,13.522761806058787,116.99,13.30845019
1533,0.9,90.78848768520596,11.58095260996119,115.63,13.21716686
565,0.9,14.645027129695249,3.6131123796709974,9.31,3.00264281
1287,0.9,124.21406654892256,13.565974519637242,117.11,13.31600225
34,0.9,80.05203986937674,10.032601596026149,80.03,10.6751
1183,0.9,76.4813288240183,9.956223401866252,68.76,9.735489661
1840,0.9,110.01683052068537,13.29423465266689,94.75,11.75567728
182,0.9,117.53429218010164,13.24940194715377,125.96,13.89945234
651,0.9,47.47202456915494,6.859906325499844,28.37,5.78741
276,0.9,9.083509077475574,2.7948661113025843,9.56,3.05033809
567,0.9,5.5255541241689645,2.196165886893114,3.03,1.553134989
775,0.9,42.17274170873028,6.608813479621782,27.13,5.62786
1188,0.9,40.813145960973465,6.918505893852585,37.53,6.82612
1823,0.9,89.75328216620838,11.67237347519372,63.36,9.29428
1593,0.9,20.88342757939501,5.610048087411876,12.8,3.62613
840,0.9,4.666323377704337,2.059981633420997,3.9,1.799296606
161,0.9,122.47071858998498,13.803422183082558,107.4,12.65489004
564,0.9,10.23222001795708,3.000267007825782,7.4,2.623164132
579,0.9,15.619999095442285,4.076006788559797,10.61,3.241642959
1151,0.9,33.103181923429034,5.478682952682057,20.78,4.82429
14,0.9,8.752262241973538,2.986244753161469,7.65,2.66889
1122,0.9,104.82882514560701,12.56823483680835,92.33,11.57792161
713,0.9,23.19549342802732,5.023343658584624,14.52,3.91576
1097,0.9,5.443542560890326,2.1037284834334904,4.02,1.833476886
254,0.9,8.789535547685675,2.8469615803878607,4.66,1.99787
1858,0.9,118.96072600435048,13.476365897501083,107.41,12.65581119
1158,0.9,119.37793551034784,13.840822523313108,115.93,13.2366563
970,0.9,77.74944199045588,10.684551805221558,55.42,8.575211206
526,0.9,102.97965148625548,12.016374679913092,101.51,12.2235
1651,0.9,84.1137103702303,9.523952186782601,48.11,7.88895
1769,0.9,37.48163042542141,6.4297714400081105,22.32,5.02186247
1213,0.9,80.29253474302214,9.775046084577314,58.05,8.78597
1735,0.9,117.61114928429252,13.333910939743998,106.05,12.56093758
893,0.9,11.38559746499081,3.210490710065837,9.25,2.99324
1832,0.9,99.93178149574763,12.171371099152003,74.6,10.2495
1234,0.9,91.82076335105982,11.10991674245987,46.76,7.76491
733,0.9,22.15662232907011,5.837121016790358,9.15,7.024177621489566
1751,0.9,123.50922634485504,13.94883329200653,120.8,13.5278
1237,0.9,50.1679676349978,6.83123567179993,25.93,7.024177621489566
581,0.9,89.46072443399669,10.429476564509853,38.83,6.956425764
1551,0.9,77.80966631750461,9.74487443677304,42.05,7.290258938
37,0.9,70.86715477783746,9.571781149963394,48.6,7.99698
223,0.9,65.16415006628975,9.30004297752043,27.51,3.493627
1523,0.9,66.55244376360464,9.898213775486676,37.59,6.823692468
1382,0.9,27.589631793914997,5.804486729517221,6.63,2.16171
1042,0.9,90.53113870462568,10.526732456482769,98.43,12.0629
1070,0.9,88.03445139432458,11.561495610144346,64.42,9.36468
443,0.9,40.976227198655465,6.0935174237463094,19.99,4.70308
152,0.9,5.903215812488614,2.233097684679489,3.82,1.77141
1799,0.9,105.9756744476172,12.0221556105749,101.42,12.1874
1759,0.9,106.43186209680356,12.721387400303277,74.91,10.2441
667,0.9,60.82336157131287,9.841479958632435,29.45,5.91488
485,0.9,121.71349501529065,13.48662189363559,119.75,12.962219
992,0.9,5.490113302343171,2.3024706420224446,3.26,1.62083261
769,0.9,32.517009897442705,6.955611602202453,10.87,7.024177621489566
1005,0.9,54.252946856279195,7.940498728044087,32.02,6.20845
572,0.9,14.617771331638702,3.837737570106249,9.15,2.972828344
278,0.9,116.24656804210541,13.650648687876107,118.47,13.40695673
632,0.9,34.60399139834934,6.5477359123340575,25.04,5.374472103
823,0.9,39.42698078245093,6.995998771751313,23.66,5.20733
141,0.9,96.62792129877933,10.988570668333566,66.94,9.58224
752,0.9,50.11587355686304,7.382373961101044,30.39,6.01061
240,0.9,5.644633170101213,2.549281667874549,5.32,2.160174068
1824,0.9,13.75907805636953,4.376220002984557,6.67,2.46843
795,0.9,58.861615131829325,6.314138469111161,25.69,5.46087
55,0.9,7.736824632540471,2.7762022446532986,5.83,2.280732664
333,0.9,44.21533053781219,6.0351338935195855,52.89,1.90058
897,0.9,5.581208837286654,2.1410601252105526,3.29,1.627714714
1364,0.9,61.468227582896255,8.336352348475936,44.16,7.48475
1492,0.9,121.97679194815599,13.683963242394963,115.71,13.22170304
215,0.9,122.74622516932065,13.588159993575603,116.63,13.28441341
672,0.9,8.169719266941463,2.826320775405089,4.87,2.051533242
446,0.9,106.04520306872429,13.418182122020303,108.18,13.7564
530,0.9,80.99453455948087,10.371260485507891,119.29,7.024177621489566
789,0.9,78.06866119351939,9.794304661383501,50.58,8.13315
576,0.9,19.630348585042437,4.885113253850836,17.74,4.386987751
9,0.9,111.30780091631915,12.76223815732571,78.84,10.55059224
997,0.9,110.2613574463976,13.176623206603296,116.71,13.2583
1781,0.9,114.00514129679587,13.030332953679746,81.72,10.7664
1850,0.9,19.66199107656685,5.014086032216113,9.37,3.01006
220,0.9,9.122580755200232,3.0081056361788496,7.69,2.67607
982,0.9,118.33722351006197,13.641128942502895,91.68,11.5159
259,0.9,4.18252133842088,1.8227231503945016,2.16,1.26995
989,0.9,111.54657545417108,12.77043112521965,94.78,11.75821955
39,0.9,121.2097612407832,13.834986214219589,118.4,13.3028
229,0.9,66.14423009984993,9.058038614644484,26.9,5.933251
911,0.9,8.016237715769194,2.798741389821611,6.67,2.45459
491,0.9,123.21195091530774,13.787664394362443,111.21,12.91712883
516,0.9,95.77001545658136,12.046212260740067,86.88,11.1424
66,0.9,4.239469992738629,1.8648173254679048,2.79,1.477775413
1464,0.9,116.16860984794475,12.673139453839928,94.75,11.75575788
933,0.9,113.93776054085895,13.230313507701034,90.81,11.48
615,0.9,124.8523756331626,13.441205337260453,96.91,11.8862
1246,0.9,114.61614719531185,13.264998023664603,85.94,11.1273
206,0.9,117.57520885034543,13.621183961952825,109.38,12.79215388
1612,0.9,14.83565730426622,4.089557092405803,8.39,2.823759908
461,0.9,13.311479072516992,3.8048315643533344,9.97,3.34688
1788,0.9,5.06390686774847,2.1822128317188305,0.83,0.955851376
1299,0.9,113.37998211348759,12.837059853000184,91.87,11.5444262
402,0.9,6.224211493036399,2.348261200248456,3.49,1.686631414
5,0.9,118.67113551427093,13.722908389036885,102.14,12.28673887
58,0.9,85.89033446468036,11.143418351543449,39.81,7.059079908
955,0.9,114.60401321066348,12.986950552543984,89.31,11.3749
762,0.9,21.024081878830813,4.316488118011797,11.29,3.45648
1052,0.9,124.54388005224283,13.930236859537473,123.98,13.77034053
529,0.9,40.90098602215024,7.2959048812135965,31.64,6.167248677
1388,0.9,126.78879517397304,13.911414879851161,121.48,13.6371
1568,0.9,19.67535239594346,4.362205306197231,8.99,2.93924
1454,0.9,4.209152948177306,2.068543522793092,3.61,1.719326482
1664,0.9,11.951042390174031,3.2256729568392286,6.59,2.451177479
1855,0.9,42.20633106973886,6.731868526528244,10.06,3.13923
1174,0.9,91.5601850212508,12.649926611926997,56.89,8.72806
768,0.9,34.8116964330374,5.8095781828831266,21.99,4.98445
578,0.9,9.891166646100807,3.144763239904759,6.58,2.448945353
740,0.9,97.82608925671678,11.345992154468325,95.88,11.8527
602,0.9,60.53427693149761,8.26438971809719,56.78,8.697617256
92,0.9,10.345996709987599,3.2402984693710306,8.4,2.826989728
993,0.9,3.390214034529059,1.702706539332991,1.35,1.097286737
1500,0.9,95.36226274261284,11.752898453536275,98.09,11.6786
575,0.9,9.562885630286019,2.941907596270453,5.8,2.273030104
1453,0.9,124.73109588638496,13.516542342972624,104.62,7.024177621489566
539,0.9,9.06942170417735,3.013184468737897,6.16,2.35888
438,0.9,15.576048209920346,3.80020379981331,13.08,3.64998
642,0.9,107.68544407361615,12.992763947263295,118.5,13.4294
144,0.9,51.650939562645775,8.193171988068386,36.52,6.64264
342,0.9,7.7008582460473365,2.7544511459547065,5.9,2.29679437
1288,0.9,111.65513545446775,12.985107112451729,100.58,12.17579997
716,0.9,6.402329444072942,2.5058557229907787,5.34,2.16083
1047,0.9,16.237128892295157,4.331580948873721,10.47,3.21883
1581,0.9,48.537827656663985,6.732982587956462,27.44,5.670863357
799,0.9,112.31938012535596,12.647548853464315,68.55,9.72386
1021,0.9,14.554822050500718,3.218017512511557,13.85,3.78219
19,0.9,7.8779637350768175,2.5574187981859406,5.99,2.3216
1391,0.9,109.98656976156684,13.154632996963885,100.78,12.1827
54,0.9,31.15059300304167,5.895762766296666,12.29,3.751004
1558,0.9,85.00072592831938,10.984249799814041,65.62,9.49438
1319,0.9,98.72728433238964,12.539280317008586,110.71,12.8974
1083,0.9,13.936083447331322,3.8427787238643925,15.33,4.026925833
1190,0.9,39.56264521681659,6.618090405539855,18.15,4.46635
641,0.9,36.33503553564405,7.437776938211265,22.95,5.10182
1,0.9,127.49377634881655,13.992663358413267,116.75,14.581841
1378,0.9,126.3920838372805,13.968385815330748,125.51,13.9016
113,0.9,30.772432307592236,5.68861628479674,35.09,6.02383473
1546,0.9,97.29580758846856,12.190886934489395,71.54,9.98401
1064,0.9,116.36747166804227,13.67833813274435,126.44,13.9111
298,0.9,29.523719648443976,5.632650045585095,20.17,4.71785
279,0.9,123.05798633081268,13.559130771751258,100.48,12.1343
82,0.9,101.3244958117703,12.337855282108395,83.66,10.92571149
745,0.9,111.06596481104309,12.288539689348427,95.12,11.8886
1127,0.9,40.870603630920776,7.496820408891839,31.68,6.170988152
1354,0.9,93.11764643716873,11.788578086560783,61.72,9.1446
1325,0.9,110.9548783522409,12.427335694097058,104.29,12.43773089
1087,0.9,32.27767753736294,6.4064254713534,25.19,5.41363
322,0.9,3.583471944215589,1.4628928375505799,0.81,0.949185781
1039,0.9,16.581273576489785,4.147334411628139,10.87,3.29096
122,0.9,6.553013354235659,2.5094901538007512,4.1,1.84555
1305,0.9,84.8045673995788,7.720426488022297,25.06,7.024177621489566
511,0.9,126.07821159967283,13.841013015429246,117.39,13.3343
48,0.9,7.397006928852812,3.485420537943146,2.5,1.36751
1572,0.9,28.83773382432312,6.285516327443591,21.87,4.95462
1611,0.9,100.83781012608846,11.7523158625316,89.82,11.3547
1010,0.9,27.43009493770209,5.579311817744008,19.42,4.33692
776,0.9,36.97553017485988,6.969110848288826,27.73,6.05271
842,0.9,17.270523288453965,4.3432596191862345,12.14,3.49799
1841,0.9,17.224508395684616,4.658852724824629,12.38,3.550689516
1142,0.9,87.91159355315914,11.070638701802228,74.51,10.2185
52,0.9,6.047200964581701,2.483475674972895,4.71,2.02068
501,0.9,88.26265158679965,10.716620794146309,64.42,9.36823
1602,0.9,14.44963085426583,4.2353029806474884,10.93,3.29943
1484,0.9,94.80739582882013,11.26181277511686,38.8,6.952739141
1023,0.9,6.179550566161958,2.3306923490654645,4.46,1.947929019
159,0.9,6.544889271801524,2.5401544924649033,5.47,2.195403439
686,0.9,68.40879460954058,9.039705797320229,20.97,4.841201962
1026,0.9,19.065919209248005,4.2857805827641595,12.16,3.5130935
353,0.9,118.15229982007683,13.746632735055055,114.53,13.14269004
1126,0.9,35.31569935106996,6.392074173553508,7.88,2.722617954
251,0.9,107.06415736749281,12.834700011860082,120.33,13.53006831
1516,0.9,9.278818848948633,3.0194135446770245,5.31,2.16267
1034,0.9,108.89799632004079,13.273369985977,130.66,14.183
190,0.9,101.94528904234382,11.586563319374605,53.39,8.388894075
568,0.9,46.81092354888329,7.182284302230934,23.63,5.193676358
924,0.9,99.22199255717929,12.785638644949222,99.95,12.0713
1258,0.9,105.41724660397942,12.664483291548224,99.82,12.168
1843,0.9,60.09452341536379,9.279405025236738,40.3,7.09086
1132,0.9,104.86368580717836,12.99955195393545,91.8,11.5451
376,0.9,69.0746465104165,10.517062737663794,41.34,7.216883182
1265,0.9,93.8525184827343,11.290960296631804,124.53,7.024177621489566
1688,0.9,88.86482516555897,11.257658780881831,64.57,9.41494
487,0.9,123.07114346092695,13.64252891247492,125.28,13.446487
253,0.9,9.435523449993292,2.92860705721447,7.39,2.62025
1586,0.9,114.92216137927464,12.830503086499506,86.01,11.1331
299,0.9,12.456114823905805,3.2360823842316946,6.5,2.431285405
760,0.9,79.76609635260867,9.19322102858274,39.68,7.04152
1670,0.9,7.470245320147685,2.903014308015812,6.98,2.533629389
1311,0.9,59.60738196724518,7.789123658753791,37.45,6.80431
994,0.9,25.507104741075235,5.587030095724744,25.62,5.37673
609,0.9,9.441639075980554,3.0225640714122806,5.71,2.25345
1054,0.9,104.06836585389676,13.342979883440771,101.72,12.2521
1708,0.9,107.20765798279322,12.688275051943279,87.59,11.2199
271,0.9,50.665169109391414,7.340658559985571,15.31,7.024177621489566
214,0.9,4.021048361814315,1.5766753343823097,1.93,1.210733876
1279,0.9,112.89895703382165,12.912776801402616,126.78,13.9775
965,0.9,104.76648249173286,12.702945826147639,88.71,11.3151
665,0.9,19.124604373459015,5.467761287588222,11.63,3.41784
1271,0.9,79.00667930823238,8.917617171414475,75.49,7.024177621489566
4,0.9,120.21703506330412,13.402424729869285,99.64,12.10867994
204,0.9,31.392282041737353,5.581623835300395,19.32,4.613131896
648,0.9,87.59335278018116,11.77039215932064,88.19,11.2446
219,0.9,27.80532960215584,4.23768285823586,23.11,2.582442
393,0.9,5.720999335661452,2.4702976248110597,3.52,1.69257
977,0.9,19.347375542408734,4.864130463897525,9.4,3.01498
948,0.9,123.06781442748175,13.765108248831043,116.12,13.24971416
1187,0.9,114.78540976967072,13.320618072041457,71.2,9.93735
900,0.9,12.819944483205775,4.096573430295681,8.47,2.841179901
520,0.9,89.149010535696,11.044062496747927,61.52,9.08479
1679,0.9,73.47007072938537,10.261847200333147,40.17,7.096299381
481,0.9,8.01902668801067,2.7949675892467383,4.77,2.28501
538,0.9,89.77102794606631,11.60007561862626,64.15,9.39131
918,0.9,110.09203253657036,13.238229112193878,105.1,12.4956
268,0.9,68.84534105823056,9.877768045410805,52.53,8.309019329
521,0.9,26.52497314151609,5.588050392773828,26.66,5.58857
31,0.9,127.4272250440388,14.14907060738313,125.8,13.88927615
1818,0.9,31.283345578222978,5.688444630917035,14.74,3.91968
814,0.9,15.560863347358394,4.118813807817818,10.49,3.217
1335,0.9,123.16857416512201,13.572571586586424,111.35,12.92730565
825,0.9,6.794212102809591,2.769079295653647,6.19,2.36311
1366,0.9,48.89519524420492,8.295577043317424,35.64,6.613947587
347,0.9,5.54694471059057,2.366729225087662,1.83,1.192639209
512,0.9,43.57104039819346,7.016219070282978,30.62,7.024177621489566
1639,0.9,112.1511552276057,13.007409903151702,100.34,12.1366
1184,0.9,124.56005771842612,13.556161686635498,118.41,13.3524
773,0.9,62.889739243988934,8.44749461683461,77.22,10.3751
1480,0.9,107.71633160406373,12.95938210180746,90.85,11.46948561
1793,0.9,87.63698072510927,11.369398021674577,47.3,7.78724
1402,0.9,107.59743415012403,12.933026841978277,80.42,10.67471486
1025,0.9,16.14152740643894,3.5394449839732807,7.18,2.578146532
1093,0.9,9.154033407779291,3.4465000303632136,5.59,2.225369592
89,0.9,5.195516806311483,1.9778464056660048,2.28,1.312234294
1170,0.9,31.754008685164813,6.18373846578684,21.9,4.98711
1646,0.9,4.473531841327601,1.972091883963759,4.32,1.89426
1353,0.9,112.811229196923,13.333318550653518,106.65,12.5934
1355,0.9,43.46358176736095,7.32757583817338,67.4,9.65497
177,0.9,6.97944937545862,2.3841217820614617,4.38,1.925734586
1031,0.9,7.606188070143717,2.9084091921859274,3.45,1.674180322
1399,0.9,99.69072731525178,11.749769011308048,99.87,12.0428
1057,0.9,24.200623223832793,5.094800716016117,16.75,4.242394637
1110,0.9,100.95122717722161,12.323871633245076,92.16,11.56559794
385,0.9,105.86462948833591,12.241535748847777,77.93,10.47865795
1411,0.9,80.243452398149,9.889540083399712,55.01,7.024177621489566
1543,0.9,106.8595692566537,12.621301441692165,93.35,11.6629
1137,0.9,4.790028430842977,1.9767649462128463,4.65,1.99844
1393,0.9,57.94128814748068,7.238615558454935,45.24,7.64474
1367,0.9,48.57805843279435,8.29179430780961,35.03,6.547178712
1629,0.9,29.2895817929665,5.828176882267153,21.48,4.89644
408,0.9,9.51319032524319,3.036294707578223,7.73,2.28122
506,0.9,94.62657673718549,11.6977001500987,86.69,11.1276
1115,0.9,84.20071543378404,11.778391425167978,66.22,9.54792
813,0.9,104.11064278908086,12.43006184199006,86.56,11.1497
1136,0.9,101.93016381815376,12.086730108028595,81.5,10.753
302,0.9,93.06210106055919,12.899752622172546,121.01,13.57525892
436,0.9,34.948542988456246,6.964383058195625,23.06,5.118907941
979,0.9,96.27535294054547,11.29976570151254,47.76,7.024177621489566
171,0.9,126.66639461187589,13.917285845400484,121.6,13.61374033
1409,0.9,108.87042584546461,13.000584258901204,111.85,12.9673
1518,0.9,18.607652507520193,4.343605760242656,13.87,3.797335347
1427,0.9,14.602895953314917,5.454318069743786,8.53,2.852334785
270,0.9,114.2309748567517,13.474952781544944,96.61,11.9045
227,0.9,110.11545556377389,11.953914992304075,97.07,11.92440528
1196,0.9,36.16673733756658,6.8144713122842715,15.2,7.024177621489566
558,0.9,5.998348757289803,2.327325433861018,5.08,2.102385379
1511,0.9,86.35776223470623,11.193494585575548,59.27,8.920508561
1210,0.9,97.48165526992456,12.03543242617688,96.74,11.9007
618,0.9,99.85322104037849,11.897638602561424,55.39,8.57193
1588,0.9,43.045482726142744,6.77750219701224,25.49,5.44119
1530,0.9,4.951923979233074,2.2764840987346653,2.83,1.5002
1784,0.9,3.4797841088299197,1.6005971724099568,0.85,0.961738557
597,0.9,32.307466779231085,5.268780225209792,19.15,4.5947
1520,0.9,85.44101928881453,9.874375153016349,72.99,10.08322393
737,0.9,31.30050368980411,5.0381981469363994,13.87,3.80598
1334,0.9,107.63810633117232,12.57615633127041,80.26,10.66165646
1150,0.9,101.51697033740975,13.123967878031072,87.25,11.2009
378,0.9,9.779657041718348,3.066987383620104,7.39,2.62397
866,0.9,10.35555228202932,3.0760236116302213,6.06,2.3352
1718,0.9,101.27114512456426,12.238120984877124,92.31,11.5845
379,0.9,7.4199576195688195,2.7485964561090377,5.41,2.1838
192,0.9,6.64356492438173,2.5323379068342615,4.4,1.93236572
260,0.9,53.06102183598401,7.847492274352654,46.67,7.7514065
1652,0.9,105.18592372177706,12.227057404462093,93.06,11.633
1212,0.9,80.30430650775324,9.426669900185356,55.03,8.52936
953,0.9,19.31228888463037,4.989883813828328,9.44,3.026578642
1003,0.9,51.63732036657085,7.961521560450744,31.56,6.16036
861,0.9,8.586839768318614,2.7795180725170683,4.25,1.89435
308,0.9,108.31096904933177,13.349811421284842,112.5,13.0203
1591,0.9,111.42103943933968,13.127706220733204,87.58,11.2128
1268,0.9,35.56763419826696,6.208303555311201,21.13,4.86815
1164,0.9,102.3749976855965,12.306254228434348,76.52,10.3670919
360,0.9,11.724568479038401,3.642960374895484,6.93,2.512038
652,0.9,38.41472934138452,5.208702582505764,17.99,4.42263
381,0.9,98.1790713653431,11.632377427645915,43.82,7.469402719
1775,0.9,10.256798441182232,3.2611609250385745,6.45,2.42354
1000,0.9,80.13835631078767,10.487706229005305,52.81,8.33267
452,0.9,90.68646189739768,11.893248014415297,88.76,11.3113
414,0.9,8.179912320183695,2.969445365314462,6.1,2.340834103
987,0.9,75.64542160728413,12.180870635075195,73.79,10.1474
1459,0.9,96.01161568424277,11.937051068743209,63.99,9.33912
1358,0.9,104.76160764547242,12.629809322056401,72.87,10.0826
1703,0.9,126.88510006500566,14.067534861370511,129.15,14.10495771
638,0.9,102.43756069877041,11.511275786810923,70.99,9.91393
1404,0.9,107.62465607948046,13.075036204445777,105.27,12.5164
133,0.9,27.39855518167955,4.655814469983557,10.81,3.28324
202,0.9,101.818701126886,11.946234712928748,91.33,11.50390062
1169,0.9,111.01213896965693,12.542352809673616,98.5,12.0756
198,0.9,107.56700880591076,12.069993781937926,16.17,4.155260325
796,0.9,114.64083431718592,12.88321623591721,69.2,9.77911
574,0.9,123.12406024355951,13.500518818274532,119.35,13.46463141
1114,0.9,18.24126214910634,4.125083121835529,14.37,3.86968
317,0.9,3.682714616326534,1.5196338959998748,1.13,1.042840696
980,0.9,61.20963320452217,8.72700487805465,95.18,11.78712672
142,0.9,13.223757952238811,4.042831233063749,9.61,3.12766
1413,0.9,26.077931724437317,6.883191666870002,17.74,4.37963
1806,0.9,24.77391997374934,6.2948845032281175,3.74,7.024177621489566
1852,0.9,117.79950047110516,13.345380160184396,117.29,13.3280613
465,0.9,114.75563216034581,12.774948895263362,74.24,7.024177621489566
315,0.9,112.44865515368816,13.433337737173266,110.17,12.84561173
1425,0.9,7.827234009007892,2.6492449844140094,4.37,1.93226
670,0.9,106.04718649084728,12.384450622961177,79.53,7.024177621489566
170,0.9,72.2298795953828,10.213937001311631,63.97,9.33715
467,0.9,80.72162173357286,10.751962637018675,70.23,9.84223
1109,0.9,93.50205878134565,11.638019758181057,84.52,10.9933
1486,0.9,4.55466231920339,2.171217402552093,3.44,1.67736
1398,0.9,100.50560860137801,12.116452592590692,96.4,11.87591193
1341,0.9,124.35758315143708,13.867892817907165,117.71,13.3674
1448,0.9,20.21208092807825,4.93680541509551,10.1,3.16086
22,0.9,34.17195960555812,5.053842541663097,12.19,3.517574786
1267,0.9,49.82171347762722,8.025467400210792,35.89,6.63491
45,0.9,4.581454391391838,1.9327550040038135,1.65,1.15643
1224,0.95,36.20557969111321,7.17100949336711,29.55,5.94241
475,0.95,90.72472549032409,12.281192472456123,77.13,10.417
1838,0.95,11.557867698239434,3.4682355303060426,4.41,1.92318
1199,0.95,13.493988344801089,3.720478282472955,9.3,3.01287
53,0.95,12.987743674301704,3.892067196495858,7.04,2.54474
1408,0.95,110.20157262858228,12.644473043177385,112.81,13.0531
1654,0.95,84.70749345185529,9.674469238663464,36.24,6.70553
18,0.95,112.18574549772043,13.046915343761086,76.0,10.32616195
731,0.95,40.138041020866154,6.999990628171613,15.91,4.12435
1374,0.95,107.95196567811583,10.149039021302414,33.76,7.024177621489566
233,0.95,83.22657917574675,10.777873757784112,55.83,8.612116336
1390,0.95,108.6179825412914,12.564547854503562,125.31,13.8742
621,0.95,110.1562771850828,13.239136043654886,68.34,9.70968
427,0.95,9.546916161804,3.2744851059588687,6.82,2.50355
187,0.95,33.02070951734889,6.932348194780081,21.79,4.952313354
1029,0.95,9.836214861413733,3.192357372606183,3.27,1.62297957
390,0.95,102.57851263230091,12.259166698174136,82.55,10.8261
457,0.95,128.96830847207266,14.480977552127472,117.29,7.024177621489566
156,0.95,11.882897439070609,3.6451069243787835,13.61,4.509178613
1337,0.95,106.1099615660349,12.63039875901151,79.11,10.5731
1649,0.95,24.181256298162605,4.699582688356859,7.06,2.54445
1628,0.95,119.99724167701754,13.74474934766041,112.16,12.9734
616,0.95,109.45733016694231,12.425923891556698,109.15,12.8076
726,0.95,101.21738426790384,11.915398827296086,122.07,13.6402
473,0.95,93.49326561859161,11.574212842967569,64.55,9.36472
853,0.95,10.731453041388992,3.0985551552823254,4.59,1.980635825
1720,0.95,110.37056217794678,13.436492117828474,120.83,13.5597
1834,0.95,81.22001914855876,11.160881676045083,60.85,9.059590395
440,0.95,97.16644678640549,11.79217508346584,55.55,8.56637
303,0.95,5.6900574875021945,2.0540660900326686,1.95,1.214566424
519,0.95,38.98281370929123,7.3412615186746875,21.07,4.86242
191,0.95,28.806081620142884,5.72987169412605,14.68,3.924832159
6,0.95,121.44996872648855,13.12439742754201,113.71,13.08687204
962,0.95,96.59670123562418,10.66259704539807,29.29,7.024177621489566
434,0.95,120.04878357310965,12.981679027207958,90.34,11.8344
1693,0.95,6.976549162108558,2.944936950108126,2.52,1.393219042
412,0.95,15.364345254680867,4.108095068696614,7.25,2.58794
124,0.95,65.71562994214192,9.600417863152833,43.24,6.99891
1768,0.95,5.62371408781922,2.3226767015329344,0.86,0.965061868
1617,0.95,63.64098332354842,8.039837419020348,28.01,5.739561697
1294,0.95,39.773662780904935,6.603515787938985,16.34,4.16809
318,0.95,5.533328963279474,2.0245148583065053,0.56,0.856692464
17,0.95,126.67368805924694,13.893520460016019,124.3,13.79115826
1758,0.95,29.079600959611952,6.3175141421797765,19.35,4.615
80,0.95,81.54126057800916,11.50920784594184,19.13,2.432614
479,0.95,10.969220376364314,3.6182111692029655,6.52,2.43432
744,0.95,31.05339763271068,6.658787200123769,74.3,4.06597
963,0.95,16.665723534947794,5.527927474361174,4.31,1.90837771
135,0.95,120.32859549868954,13.571815085639027,94.26,11.7171
847,0.95,56.23119077446146,8.724546455389524,23.64,5.21152
118,0.95,15.675400115471101,4.230694660843264,11.71,3.435910248
85,0.95,34.61743269657846,6.550590376057297,3.61,1.741587
1103,0.95,117.55453002281173,13.167469767950777,92.98,11.62586504
1379,0.95,20.1132975946365,5.313918120534755,11.82,3.44576
1789,0.95,5.915727241613058,2.5789570081348216,0.63,0.885684603
1045,0.95,7.883684665771891,2.6886076437065736,7.43,2.629079023
792,0.95,35.53570196110914,5.536476316335291,14.5,3.90515
47,0.95,5.825528581727436,2.128677132984512,0.88,0.969819
77,0.95,85.66802499545562,11.447986060079325,56.57,8.85869
904,0.95,107.06754974537928,12.917556705033876,94.7,11.7215
107,0.95,112.71401624933733,13.052323843125329,108.69,12.74428382
1461,0.95,38.323059767813014,7.034102115225498,21.53,4.916984204
1856,0.95,122.76953631042157,13.857074046012677,109.94,12.82971612
30,0.95,84.45748258200881,9.429326721390542,43.22,7.42915
1437,0.95,10.616001536859384,3.5760475180979396,2.3,1.318046443
596,0.95,99.97503895547997,12.27972865366292,114.56,13.1383
1672,0.95,7.435933762310547,2.8029703465758127,1.38,1.101762401
1236,0.95,106.63711392860199,10.357225043249406,49.35,7.024177621489566
425,0.95,38.942062793667596,8.78697087758012,19.67,4.66502
361,0.95,125.61810401751477,13.944523700375914,105.75,12.53990524
991,0.95,11.082261340366655,3.023312026478728,7.8,2.705027839
1728,0.95,37.19939052538983,7.0969714518804095,21.12,4.862440485
1780,0.95,103.31491959549957,12.615637339437637,77.3,10.4307
862,0.95,11.4363161865557,3.4644486721526597,8.15,2.77807
1723,0.95,118.18059931619439,13.06114985496343,92.69,11.6029
1239,0.95,88.25030968636385,10.390330570518076,40.44,7.13535
655,0.95,71.3580303259918,10.270183952391914,83.22,10.8884
883,0.95,11.276204927818942,3.575618560957956,6.68,2.47030768
1599,0.95,14.937855135023987,4.211675323579809,9.39,3.00633
871,0.95,20.8565907070466,4.411506994476742,10.75,3.2807
1424,0.95,122.3991609977521,13.361860073893478,76.73,10.4386
1609,0.95,120.39525461667209,13.851968401584351,126.51,13.9433
326,0.95,8.458810145776212,2.7304370699134846,5.7,2.24794
1317,0.95,104.81029388794254,12.377738457176745,74.94,10.24074428
985,0.95,11.178244283289947,3.764300056425672,6.69,2.47118
1476,0.95,16.599712076045698,5.107871827847044,7.58,2.660025534
175,0.95,34.76295151915261,6.28672267802261,21.14,4.87824
1656,0.95,70.05825253873303,8.646091185535676,28.87,5.8474
557,0.95,26.454447846196764,5.50836408601941,11.57,3.412480023
1101,0.95,43.985249882029066,7.244384569551818,19.85,4.517045331
459,0.95,94.53282402221329,12.117323269552312,128.46,14.0608342
712,0.95,8.660579218501496,3.121516741355789,5.49,2.20071815
679,0.95,109.89815287708534,12.727308048124508,72.76,10.0433
923,0.95,22.732570071428192,5.223374957641798,14.47,3.89334
553,0.95,10.909253486821088,3.2427495673599616,9.11,2.964146098
1182,0.95,85.20978555012123,11.830636960207688,47.07,7.82059
249,0.95,117.94491405324037,13.217883793529204,94.77,11.75690439
310,0.95,92.48083460581609,12.238135547044472,75.59,10.264
658,0.95,31.528294395571436,5.668130569493385,17.25,4.31235
217,0.95,5.395329786304684,2.166325717109956,2.42,1.35917743
896,0.95,5.633180793930673,2.4380424862082455,2.86,1.499704002
958,0.95,100.1275284540693,10.026228930115455,30.66,7.024177621489566
458,0.95,86.5747457728134,9.292468932343164,28.62,7.024177621489566
1695,0.95,72.28848408119657,9.433117210218734,39.6,7.03413
666,0.95,41.041041406637916,8.232262519496373,34.8,6.35126
489,0.95,116.73105906589495,13.31716394765324,117.42,13.33687048
969,0.95,19.511256447804193,4.598983153942752,12.74,3.60283
674,0.95,10.461823544548047,3.474023189100494,2.52,1.39527
1315,0.95,107.73425154019368,12.392031924279557,85.72,11.0715
1205,0.95,21.37296300090431,4.774404807432731,12.83,3.62818
1498,0.95,120.64198764546721,13.603956158733677,100.58,12.1616
743,0.95,107.26745161489478,8.25604648414611,36.91,7.024177621489566
1276,0.95,96.29001761361286,11.771786968351403,71.58,9.96751
1844,0.95,60.52352671978699,9.24908198017655,30.67,6.0323
148,0.95,68.81568770788577,10.532208544432963,101.78,12.2412
1074,0.95,129.0130971474565,14.033249525837077,113.65,13.0889
1497,0.95,13.303788431443003,3.902551421254466,7.58,2.65245
1416,0.95,117.79568059399784,12.848306835902894,69.6,9.82252
587,0.95,114.43776088056418,13.330560304463111,105.95,12.55419255
517,0.95,23.789234259809064,5.418933094209686,13.61,3.754833321
1661,0.95,11.896105422272296,4.10302601218655,12.36,3.548343316
1286,0.95,119.15803211450297,13.279851947703591,119.59,13.4003
76,0.95,10.015567043596338,2.4206599425347393,2.12,1.671618
1081,0.95,7.43927596822334,2.793316196747313,3.42,1.666703009
1415,0.95,108.46458174596916,9.751325929079895,74.93,7.024177621489566
999,0.95,20.145498969174472,5.438960936850034,28.55,5.805449843
1732,0.95,31.978764380397287,6.472955794513766,2.72,1.455123436
593,0.95,104.84269151236116,12.600891053346055,69.0,9.754848091
1573,0.95,15.474367749507957,5.003814747516617,9.44,3.02618
262,0.95,126.63960767296243,13.890468821273997,116.99,13.30845019
1533,0.95,106.59237400098553,12.412399882828659,115.63,13.21716686
565,0.95,17.445152473918277,3.907665473681841,9.31,3.00264281
1287,0.95,127.00271928885178,13.930788843620428,117.11,13.31600225
34,0.95,90.85189791682268,10.46545624891659,80.03,10.6751
1183,0.95,87.20814703479078,10.735326475651929,68.76,9.735489661
1840,0.95,108.7633962225055,13.465738633105948,94.75,11.75567728
182,0.95,121.29777242835763,13.499944391056033,125.96,13.89945234
651,0.95,67.8332100343896,8.02049942641097,28.37,5.78741
276,0.95,10.566506108253648,3.452534470241972,9.56,3.05033809
567,0.95,7.023919183284173,2.554623948666536,3.03,1.553134989
775,0.95,48.07849227622754,7.161426294133066,27.13,5.62786
1188,0.95,63.61887521257765,8.183785804940136,37.53,6.82612
1823,0.95,107.43220752704386,12.18743217487537,63.36,9.29428
1593,0.95,33.79258401482845,6.711862487217571,12.8,3.62613
840,0.95,6.177895259518297,2.4657771845268033,3.9,1.799296606
161,0.95,125.60898643056903,13.616036067398591,107.4,12.65489004
564,0.95,9.910269001436642,3.2381003219430213,7.4,2.623164132
579,0.95,17.70243131403299,4.70570219580342,10.61,3.241642959
1151,0.95,34.02077172467384,5.921025581956204,20.78,4.82429
14,0.95,10.010800381769007,3.064680660315731,7.65,2.66889
1122,0.95,114.45956515543637,12.462364869849686,92.33,11.57792161
713,0.95,29.372958281817006,5.7502890415646295,14.52,3.91576
1097,0.95,5.730412591859104,2.1681947430390585,4.02,1.833476886
254,0.95,9.671533263733592,3.1324006580419326,4.66,1.99787
1858,0.95,118.27687848302385,12.979883075652191,107.41,12.65581119
1158,0.95,122.46984263292757,13.930319731017804,115.93,13.2366563
970,0.95,86.19260610657834,10.717905098252185,55.42,8.575211206
526,0.95,111.00502559611706,12.680422353473132,101.51,12.2235
1651,0.95,86.04166709244838,10.938411623337958,48.11,7.88895
1769,0.95,41.195031341017824,7.429205494533964,22.32,5.02186247
1213,0.95,86.08732272606115,10.735655766071204,58.05,8.78597
1735,0.95,121.26835099107643,13.642882717444722,106.05,12.56093758
893,0.95,16.639224397054974,3.6453361010988234,9.25,2.99324
1832,0.95,105.03137395985614,13.313168084670469,74.6,10.2495
1234,0.95,92.09240627709683,11.42926052280612,46.76,7.76491
733,0.95,35.395645096299575,6.3871639803517235,9.15,7.024177621489566
1751,0.95,126.45889735121034,14.600561468212128,120.8,13.5278
1237,0.95,54.08357441884209,7.220342013585803,25.93,7.024177621489566
581,0.95,88.42776503730865,10.86045847447406,38.83,6.956425764
1551,0.95,85.10086528438644,10.32270413697404,42.05,7.290258938
37,0.95,97.3713828604702,10.195517041397013,48.6,7.99698
223,0.95,74.48287782196826,10.459598361427263,27.51,3.493627
1523,0.95,65.31506226342965,9.837885031906008,37.59,6.823692468
1382,0.95,34.64818718324879,6.795741053602175,6.63,2.16171
1042,0.95,99.68220761787173,11.558776397229627,98.43,12.0629
1070,0.95,101.09542637618006,11.437997912665816,64.42,9.36468
443,0.95,51.48272721435394,6.88148207849043,19.99,4.70308
152,0.95,6.9255197800705615,2.572357287879924,3.82,1.77141
1799,0.95,111.25772414777354,12.822212451036926,101.42,12.1874
1759,0.95,111.03312274509803,12.572125821824498,74.91,10.2441
667,0.95,75.85776397454168,10.775910298621223,29.45,5.91488
485,0.95,125.66245584925645,13.507744387201159,119.75,12.962219
992,0.95,7.362541801148934,2.653947390854522,3.26,1.62083261
769,0.95,39.677263137592426,7.647239859333916,10.87,7.024177621489566
1005,0.95,62.036770412737305,8.309239814659804,32.02,6.20845
572,0.95,18.236398639105488,4.659233658502605,9.15,2.972828344
278,0.95,121.97026193525292,13.469723386300874,118.47,13.40695673
632,0.95,37.968385688264085,6.516845939620929,25.04,5.374472103
823,0.95,48.877372912712715,7.047800589567716,23.66,5.20733
141,0.95,106.22951547945775,11.341498141723994,66.94,9.58224
752,0.95,52.88866278720638,8.44528912424872,30.39,6.01061
240,0.95,7.327499368105853,2.5857646043426556,5.32,2.160174068
1824,0.95,27.04171520921615,6.061045007560832,6.67,2.46843
795,0.95,77.31118642554476,7.3602547590378675,25.69,5.46087
55,0.95,8.944306854983047,3.305714297300418,5.83,2.280732664
333,0.95,54.097640037040314,6.38341246105912,52.89,1.90058
897,0.95,6.751663179109698,2.553599969316487,3.29,1.627714714
1364,0.95,66.23502916433725,8.583270503193427,44.16,7.48475
1492,0.95,124.88476968363099,13.660942967093678,115.71,13.22170304
215,0.95,125.38709991225748,14.032181192291597,116.63,13.28441341
672,0.95,10.322861941035026,3.533144466156415,4.87,2.051533242
446,0.95,108.14072503153074,13.45582068722781,108.18,13.7564
530,0.95,88.07116299079071,11.177396624106859,119.29,7.024177621489566
789,0.95,79.87370460854332,9.97051804614631,50.58,8.13315
576,0.95,24.517105957708687,5.355793799286886,17.74,4.386987751
9,0.95,115.32845703551762,13.118946100757361,78.84,10.55059224
997,0.95,114.49351218425889,12.8211640593674,116.71,13.2583
1781,0.95,122.84724050276907,13.364453006223755,81.72,10.7664
1850,0.95,26.248724759624483,5.5731098232684415,9.37,3.01006
220,0.95,9.614689934016058,3.191449294252248,7.69,2.67607
982,0.95,116.38011063962023,13.228662769210679,91.68,11.5159
259,0.95,6.499380233497608,2.4685589552005016,2.16,1.26995
989,0.95,106.64943301867507,12.95534856961054,94.78,11.75821955
39,0.95,129.70064418277326,13.83251014714103,118.4,13.3028
229,0.95,89.4669446093486,9.342501413832501,26.9,5.933251
911,0.95,8.968633104924495,2.9784687057954637,6.67,2.45459
491,0.95,125.10918164739344,13.864048675883819,111.21,12.91712883
516,0.95,94.86957391473602,11.884173922820159,86.88,11.1424
66,0.95,5.843790251207283,2.1799444501630245,2.79,1.477775413
1464,0.95,114.99817524768154,13.161998312286055,94.75,11.75575788
933,0.95,111.74761457513313,13.281171660998126,90.81,11.48
615,0.95,122.47504674299785,13.539334198182972,96.91,11.8862
1246,0.95,121.7464566642412,13.320633228985365,85.94,11.1273
206,0.95,121.49493509884765,13.842773223822997,109.38,12.79215388
1612,0.95,21.412213577471398,4.606804383709109,8.39,2.823759908
461,0.95,16.935902004820647,4.236625800941893,9.97,3.34688
1788,0.95,6.407862611056399,2.5066037350604713,0.83,0.955851376
1299,0.95,112.85471859096401,13.099705892346293,91.87,11.5444262
402,0.95,7.338536885457684,2.5904824997421643,3.49,1.686631414
5,0.95,123.7555213123297,13.641825385221575,102.14,12.28673887
58,0.95,83.15554113308822,11.276180923120585,39.81,7.059079908
955,0.95,120.8760654292636,13.364289179930172,89.31,11.3749
762,0.95,22.270005264043863,4.738252964723581,11.29,3.45648
1052,0.95,127.33677621788861,13.936091218478891,123.98,13.77034053
529,0.95,45.28131301262357,8.013588557393723,31.64,6.167248677
1388,0.95,127.67559986193866,13.973476562295378,121.48,13.6371
1568,0.95,23.748478422122016,4.757004408081955,8.99,2.93924
1454,0.95,6.681736943849062,2.3603597873574755,3.61,1.719326482
1664,0.95,16.545690310837642,3.7138087282049126,6.59,2.451177479
1855,0.95,40.42451021664952,7.148609468172491,10.06,3.13923
1174,0.95,101.07848190350597,12.8055727729754,56.89,8.72806
768,0.95,47.232060619499755,7.390732002486679,21.99,4.98445
578,0.95,11.56481099061835,3.5144990048831652,6.58,2.448945353
740,0.95,101.58786132602303,12.491178818237486,95.88,11.8527
602,0.95,67.90460734432826,9.228418076901947,56.78,8.697617256
92,0.95,13.427301492210262,4.004997302696331,8.4,2.826989728
993,0.95,5.159448058857467,2.2122511222080665,1.35,1.097286737
1500,0.95,91.04297163711279,11.922522863371178,98.09,11.6786
575,0.95,10.258332335509795,3.4105147744730138,5.8,2.273030104
1453,0.95,123.5522612924594,13.989604298914966,104.62,7.024177621489566
539,0.95,10.106703306237604,3.331495685819242,6.16,2.35888
438,0.95,16.00477369241488,4.472208088507816,13.08,3.64998
642,0.95,104.76687638510792,12.820095946242246,118.5,13.4294
144,0.95,57.18669710749445,9.640836212913877,36.52,6.64264
342,0.95,11.234901950981493,3.6669275058020623,5.9,2.29679437
1288,0.95,119.89834085282388,13.870174783843941,100.58,12.17579997
716,0.95,7.799617938741387,3.0638871034787765,5.34,2.16083
1047,0.95,19.87606992514923,4.824222927343096,10.47,3.21883
1581,0.95,52.567302501506354,7.366395591018456,27.44,5.670863357
799,0.95,108.8898069930759,12.712905903029785,68.55,9.72386
1021,0.95,15.920368984314036,3.7794005960774397,13.85,3.78219
19,0.95,10.448849482159963,3.330810270680365,5.99,2.3216
1391,0.95,115.442191383089,13.452808707815821,100.78,12.1827
54,0.95,40.01861908576086,6.4965039653950525,12.29,3.751004
1558,0.95,87.92999860469263,11.33771725390633,65.62,9.49438
1319,0.95,103.0212848784465,12.569723124262485,110.71,12.8974
1083,0.95,14.900774264441372,4.5883560903631535,15.33,4.026925833
1190,0.95,45.95948618722684,7.285362862365161,18.15,4.46635
641,0.95,46.730062547500374,7.751891769277035,22.95,5.10182
1,0.95,129.51072237398512,14.101797110466254,116.75,14.581841
1378,0.95,128.77762982390442,14.013714993085491,125.51,13.9016
113,0.95,29.52786008337759,5.713763855854249,35.09,6.02383473
1546,0.95,103.49455447303885,12.737927335093318,71.54,9.98401
1064,0.95,120.81036327789506,14.605330395651563,126.44,13.9111
298,0.95,53.4942558063263,7.712193738291836,20.17,4.71785
279,0.95,127.36713285016098,13.645889047985275,100.48,12.1343
82,0.95,109.82428953473175,12.516229625820335,83.66,10.92571149
745,0.95,113.6820328047544,13.159861729487986,95.12,11.8886
1127,0.95,44.703478610464984,8.390978373791976,31.68,6.170988152
1354,0.95,103.7058548105431,12.400234447142124,61.72,9.1446
1325,0.95,106.02422226020546,12.405781445494403,104.29,12.43773089
1087,0.95,36.48296348485235,6.6265011385052395,25.19,5.41363
322,0.95,5.718746868646113,1.9254510586298066,0.81,0.949185781
1039,0.95,20.604344850406054,4.89721269457218,10.87,3.29096
122,0.95,7.337031430657443,2.611016112261023,4.1,1.84555
1305,0.95,92.17644922267316,8.20682212697547,25.06,7.024177621489566
511,0.95,125.81866581205149,13.901370944579368,117.39,13.3343
48,0.95,13.088895262147663,4.344831884270151,2.5,1.36751
1572,0.95,34.27280066671824,7.38639034762016,21.87,4.95462
1611,0.95,107.06870674498087,12.67966505503752,89.82,11.3547
1010,0.95,26.546895427877672,6.249073115729649,19.42,4.33692
776,0.95,48.675774103238226,7.856251175315636,27.73,6.05271
842,0.95,16.83410337479577,4.886232605159337,12.14,3.49799
1841,0.95,24.203957203553042,6.0081910840772546,12.38,3.550689516
1142,0.95,88.32493389072404,10.301785507360073,74.51,10.2185
52,0.95,8.059161700192671,2.6830771325160083,4.71,2.02068
501,0.95,93.52410458643133,11.267691365857939,64.42,9.36823
1602,0.95,19.686022869115266,4.588090271972208,10.93,3.29943
1484,0.95,95.77575728994596,11.550864268033465,38.8,6.952739141
1023,0.95,7.87532834912444,2.5626934079611736,4.46,1.947929019
159,0.95,7.326723371591324,2.6164778354535003,5.47,2.195403439
686,0.95,70.08581686850903,9.307903082805419,20.97,4.841201962
1026,0.95,23.375256495235845,5.075605689253134,12.16,3.5130935
353,0.95,118.7717731063288,13.549699188743935,114.53,13.14269004
1126,0.95,53.4873653887256,8.497280888188142,7.88,2.722617954
251,0.95,107.28658965712012,13.186925434364642,120.33,13.53006831
1516,0.95,12.719743101279747,3.52193113856204,5.31,2.16267
1034,0.95,118.94197700804631,13.297970370131914,130.66,14.183
190,0.95,97.9427511204056,11.626028034663877,53.39,8.388894075
568,0.95,56.82317701952068,9.321930015307364,23.63,5.193676358
924,0.95,97.6383374034063,11.630246815414718,99.95,12.0713
1258,0.95,115.46784271140899,12.780973515598196,99.82,12.168
1843,0.95,79.08835716064233,9.61711543672007,40.3,7.09086
1132,0.95,114.68845916168208,13.309899501393488,91.8,11.5451
376,0.95,77.55198096864552,10.682916245962176,41.34,7.216883182
1265,0.95,110.32875340417918,12.858054107219873,124.53,7.024177621489566
1688,0.95,92.52293028927875,11.565797146295772,64.57,9.41494
487,0.95,122.8645514441709,13.916646448787615,125.28,13.446487
253,0.95,9.751357698770306,3.277921624533133,7.39,2.62025
1586,0.95,108.84978835062086,13.111226740793853,86.01,11.1331
299,0.95,12.173511639903548,3.7539576836922306,6.5,2.431285405
760,0.95,93.18505642427593,10.743385901129408,39.68,7.04152
1670,0.95,13.71534807089345,3.8768444290972353,6.98,2.533629389
1311,0.95,72.55640251993967,8.213124414633473,37.45,6.80431
994,0.95,45.40474683731259,7.479683597038045,25.62,5.37673
609,0.95,11.354656899645056,3.245128087617328,5.71,2.25345
1054,0.95,112.7990595265361,12.652057917595673,101.72,12.2521
1708,0.95,103.75619542575558,12.162304300744596,87.59,11.2199
271,0.95,52.58152121975356,8.130710165422286,15.31,7.024177621489566
214,0.95,5.393560177208327,2.3453459266940313,1.93,1.210733876
1279,0.95,117.99278165216163,13.147957463266657,126.78,13.9775
965,0.95,107.39073035124196,12.638914284465395,88.71,11.3151
665,0.95,21.604904926543067,5.838633310974915,11.63,3.41784
1271,0.95,97.6870540558918,9.4947578460384,75.49,7.024177621489566
4,0.95,124.07937406161373,13.670931688125101,99.64,12.10867994
204,0.95,33.61013040376627,6.325390967687713,19.32,4.613131896
648,0.95,91.76587308647936,12.176923444359545,88.19,11.2446
219,0.95,35.71507776846314,4.8726165000316035,23.11,2.582442
393,0.95,7.287632031590764,2.467723959525037,3.52,1.69257
977,0.95,25.923065503035083,5.620318781941996,9.4,3.01498
948,0.95,124.78825760172917,13.754682353077646,116.12,13.24971416
1187,0.95,118.48417506584845,13.300621597614674,71.2,9.93735
900,0.95,22.001864832556702,5.612886693146262,8.47,2.841179901
520,0.95,87.16314542913791,11.761580231156007,61.52,9.08479
1679,0.95,75.6213114762762,10.434082545202262,40.17,7.096299381
481,0.95,10.537666043790063,3.254058161091015,4.77,2.28501
538,0.95,91.01766720285666,12.108024554893316,64.15,9.39131
918,0.95,112.96132997350689,12.466949181734373,105.1,12.4956
268,0.95,81.13029918851366,10.450162816948058,52.53,8.309019329
521,0.95,32.88143974408769,6.0890351085212195,26.66,5.58857
31,0.95,126.3943150234594,14.137188739133883,125.8,13.88927615
1818,0.95,38.41336430764922,7.221564266226492,14.74,3.91968
814,0.95,30.143688506572992,6.583883514236181,10.49,3.217
1335,0.95,125.52342668812203,13.902072746423576,111.35,12.92730565
825,0.95,9.191368853413108,3.325206217735394,6.19,2.36311
1366,0.95,52.24557229787326,8.803557476866844,35.64,6.613947587
347,0.95,9.726434860751652,3.0101341789251563,1.83,1.192639209
512,0.95,47.094547527050494,8.454375758516859,30.62,7.024177621489566
1639,0.95,112.16079575050996,13.061871133847156,100.34,12.1366
1184,0.95,125.23603090631099,13.801547642324211,118.41,13.3524
773,0.95,75.23381010969877,10.789640885038244,77.22,10.3751
1480,0.95,109.59637705629629,14.15320577691114,90.85,11.46948561
1793,0.95,94.75321305823738,11.8117206178166,47.3,7.78724
1402,0.95,116.317723483883,13.04482724333006,80.42,10.67471486
1025,0.95,24.84754194788833,4.354649046293052,7.18,2.578146532
1093,0.95,16.19548484072593,4.4159480873132875,5.59,2.225369592
89,0.95,6.572695896606878,2.5394582726048602,2.28,1.312234294
1170,0.95,42.44248056607617,6.988037573592566,21.9,4.98711
1646,0.95,6.11712741577795,2.5305936453949958,4.32,1.89426
1353,0.95,122.5918343101234,13.362968402466539,106.65,12.5934
1355,0.95,45.98138446634672,8.360033942423819,67.4,9.65497
177,0.95,8.602562511377021,2.9550295515026477,4.38,1.925734586
1031,0.95,9.279467082375744,3.1119894024747383,3.45,1.674180322
1399,0.95,101.71276907225325,12.012673161815004,99.87,12.0428
1057,0.95,33.580351175827474,5.879529493072282,16.75,4.242394637
1110,0.95,112.868811466908,12.622655224238605,92.16,11.56559794
385,0.95,104.33715623004399,12.70298611832304,77.93,10.47865795
1411,0.95,92.92763495356202,11.561396198680175,55.01,7.024177621489566
1543,0.95,111.25979275704792,12.986685468148474,93.35,11.6629
1137,0.95,5.500456869330502,2.1955115217050927,4.65,1.99844
1393,0.95,67.69930945690912,8.353063810915286,45.24,7.64474
1367,0.95,50.608251118961356,8.366045062456635,35.03,6.547178712
1629,0.95,30.325090056126957,6.538315964760796,21.48,4.89644
408,0.95,11.045264873311522,3.3448703477011352,7.73,2.28122
506,0.95,97.28965601221768,11.63358035795615,86.69,11.1276
1115,0.95,95.69751926730896,11.62253221285745,66.22,9.54792
813,0.95,111.7085998236604,12.23615448198271,86.56,11.1497
1136,0.95,105.16549402788684,12.716021638832162,81.5,10.753
302,0.95,103.00917911257963,12.246491336843832,121.01,13.57525892
436,0.95,43.064803570087044,7.614752712683987,23.06,5.118907941
979,0.95,109.14289613853273,12.270813385781478,47.76,7.024177621489566
171,0.95,127.07522425629921,13.914900820997673,121.6,13.61374033
1409,0.95,117.24054972063324,13.22137710432971,111.85,12.9673
1518,0.95,22.60782298371205,4.717309937829552,13.87,3.797335347
1427,0.95,21.437551076288752,6.54746891595506,8.53,2.852334785
270,0.95,117.93964692025865,13.384498517496459,96.61,11.9045
227,0.95,114.93098700209173,12.795325687371347,97.07,11.92440528
1196,0.95,44.733463456775695,7.752200775546301,15.2,7.024177621489566
558,0.95,9.368928724407539,3.0319047688105503,5.08,2.102385379
1511,0.95,96.53399716547062,11.868550115030558,59.27,8.920508561
1210,0.95,104.26546059849814,12.310211960128767,96.74,11.9007
618,0.95,94.19018968121514,12.452535835570702,55.39,8.57193
1588,0.95,46.143962589150014,7.211014707659756,25.49,5.44119
1530,0.95,6.237349651388656,2.304267198689261,2.83,1.5002
1784,0.95,5.227958629741899,1.9389977861287833,0.85,0.961738557
597,0.95,31.183045640238586,5.828893106568697,19.15,4.5947
1520,0.95,94.22521213988543,11.368551930184012,72.99,10.08322393
737,0.95,38.7097185700738,5.5705076478962114,13.87,3.80598
1334,0.95,112.2644282417894,12.826546333905965,80.26,10.66165646
1150,0.95,97.93725586048397,12.97099031559677,87.25,11.2009
378,0.95,11.143532361787983,3.4837738232410373,7.39,2.62397
866,0.95,12.443481613914175,3.540827783446765,6.06,2.3352
1718,0.95,103.99491137689029,12.232844098121838,92.31,11.5845
379,0.95,8.537645596990385,3.0277830900487954,5.41,2.1838
192,0.95,9.178911565547686,2.9221785093049255,4.4,1.93236572
260,0.95,50.090039023664055,8.538147003661253,46.67,7.7514065
1652,0.95,108.65448046982786,12.721508485693308,93.06,11.633
1212,0.95,87.88303844949226,10.207681707908598,55.03,8.52936
953,0.95,24.772318876698403,5.2911954530205,9.44,3.026578642
1003,0.95,54.94773174952524,9.42435292213069,31.56,6.16036
861,0.95,10.060083976114614,3.505088555923842,4.25,1.89435
308,0.95,115.4304025608994,13.21458992137746,112.5,13.0203
1591,0.95,112.08794926959085,13.308239179324495,87.58,11.2128
1268,0.95,42.7167432035011,7.216216139506544,21.13,4.86815
1164,0.95,102.45228674512991,12.985826803848264,76.52,10.3670919
360,0.95,16.6155079247241,3.9016057115940126,6.93,2.512038
652,0.95,50.50079550262267,6.07653572790623,17.99,4.42263
381,0.95,113.91064100947656,11.652594303899646,43.82,7.469402719
1775,0.95,12.415512423199111,3.938560034496252,6.45,2.42354
1000,0.95,88.03152867722561,11.089652074911262,52.81,8.33267
452,0.95,115.80627738691338,12.897745761900017,88.76,11.3113
414,0.95,9.846519399178986,3.2899822235127347,6.1,2.340834103
987,0.95,95.94949165718869,13.315955369853377,73.79,10.1474
1459,0.95,95.06408448549661,12.029473869354732,63.99,9.33912
1358,0.95,105.86866608693423,12.53887695634281,72.87,10.0826
1703,0.95,128.88267678210906,14.162171661522626,129.15,14.10495771
638,0.95,104.89431557783375,12.437323174302493,70.99,9.91393
1404,0.95,114.98340679349698,13.08887182480206,105.27,12.5164
133,0.95,42.25209018423595,4.850812809891025,10.81,3.28324
202,0.95,112.01330650114905,12.310360159823686,91.33,11.50390062
1169,0.95,108.93720532832911,13.219022311868565,98.5,12.0756
198,0.95,111.28242656751934,12.322623768478138,16.17,4.155260325
796,0.95,114.30684801909685,12.97234431131943,69.2,9.77911
574,0.95,124.64878288367304,13.829640321562263,119.35,13.46463141
1114,0.95,21.757655817785164,4.778753718526548,14.37,3.86968
317,0.95,5.572822277455742,2.0396479497435958,1.13,1.042840696
980,0.95,59.72066435814081,9.054052947949058,95.18,11.78712672
142,0.95,20.049013437098502,4.352534917023985,9.61,3.12766
1413,0.95,38.081862189188655,7.121481702750238,17.74,4.37963
1806,0.95,29.397196834477604,6.669166584495408,3.74,7.024177621489566
1852,0.95,117.09834033814047,13.422931344275879,117.29,13.3280613
465,0.95,126.59701779602341,13.768375095871031,74.24,7.024177621489566
315,0.95,118.27449610373692,13.33125304315206,110.17,12.84561173
1425,0.95,9.850582322510496,2.9709040767552386,4.37,1.93226
670,0.95,112.43950992290601,13.407602063396547,79.53,7.024177621489566
170,0.95,83.40152825895872,11.105771449299363,63.97,9.33715
467,0.95,93.63638168171865,11.109045708821334,70.23,9.84223
1109,0.95,102.84497967041828,11.87767646777028,84.52,10.9933
1486,0.95,6.8404794723743905,2.941248305906872,3.44,1.67736
1398,0.95,100.15787740018561,11.90713111560212,96.4,11.87591193
1341,0.95,124.81512937955506,13.778304385467143,117.71,13.3674
1448,0.95,23.874710353262618,5.526820488140197,10.1,3.16086
22,0.95,48.02760666407117,5.273725835729289,12.19,3.517574786
1267,0.95,59.39811825614127,9.092576938303571,35.89,6.63491
45,0.95,6.40066584081621,2.2186598884872692,1.65,1.15643
