X_test_index,quantile,pl_mass_pred,pl_rade_pred,pl_mass,pl_rade,pl_radeerr,pl_mass_pred_recal,pl_rade_pred_recal,mass_q90,radius_q90,mass_q10,radius_q10,p_mass,p_radius
916,0.1,5.89,2.30057,11.65,3.033894354322073,0.30991,0.031189083820662766,,0.9732441471571907,,0.031189083820662766,,11.65,3.033894354322073
1855,0.1,96.91,10.42804,121.48,12.816795503065254,0.640087,0.031189083820662766,,1.0,,0.031189083820662766,,121.48,12.816795503065254
575,0.1,8.47,2.84674,7.52,2.4489058556878387,0.154363,0.031189083820662766,,0.9732441471571907,,0.031189083820662766,,7.52,2.4489058556878387
2431,0.1,117.11,13.27165,317.0,14.762200523844106,0.773281,0.05660377358490566,,1.0,,0.05660377358490566,,317.0,14.762200523844106
1193,0.1,6.62,2.45531,17.51,4.05380291299332,0.243913,0.031189083820662766,,0.9732441471571907,,0.031189083820662766,,17.51,4.05380291299332
989,0.1,66.56,9.54526,317.0,10.38196957800132,6.28631,0.031189083820662766,,1.0,,0.031189083820662766,,317.0,10.38196957800132
2354,0.1,87.05,10.27194459416307,122.07,12.067248492273556,1.2313935,0.031189083820662766,,1.0,,0.031189083820662766,,122.07,12.067248492273556
1015,0.1,19.14,4.951403000000002,28.74,8.271413498696276,1.5610227081394588,0.031189083820662766,,1.0,,0.031189083820662766,,28.74,8.271413498696276
832,0.1,317.0,14.6101,317.0,21.781868904533205,1.5610227081394588,1.0,,1.0,,1.0,,317.0,21.781868904533205
2301,0.1,98.34,11.76950648,103.14,11.501883752072231,0.6672009,0.05660377358490566,,1.0,,0.05660377358490566,,103.14,11.501883752072231
806,0.1,11.220000000000002,3.39245,19.15,4.151175507990062,0.346084,0.031189083820662766,,0.9732441471571907,,0.031189083820662766,,19.15,4.151175507990062
565,0.1,7.36,2.616310537,12.2,3.170877256855928,0.272617,0.031189083820662766,,0.9732441471571907,,0.031189083820662766,,12.2,3.170877256855928
1328,0.1,3.54,1.70003496,11.09,3.0323944529042386,0.225957,0.031189083820662766,,0.9732441471571907,,0.031189083820662766,,11.09,3.0323944529042386
1810,0.1,43.16,7.40327,61.72,8.000658878460449,0.892622,0.031189083820662766,,1.0,,0.031189083820662766,,61.72,8.000658878460449
791,0.1,4.02,1.862558727,7.86,2.5089662803852617,0.174198,0.031189083820662766,,0.9732441471571907,,0.031189083820662766,,7.86,2.5089662803852617
2191,0.1,7.34,2.610331829,10.25,1.866272006468516,1.0234563,0.031189083820662766,,0.9732441471571907,,0.031189083820662766,,10.25,1.866272006468516
1190,0.1,44.02100000000001,7.481651000000001,103.38,11.652388436367657,0.5772,0.031189083820662766,,1.0,,0.031189083820662766,,103.38,11.652388436367657
1079,0.1,2.74,1.45952,4.75,1.872425724552679,0.114591,0.031189083820662766,,0.9565217391304348,,0.031189083820662766,,4.75,1.872425724552679
1675,0.1,19.01,4.584822,34.26,4.465278904533205,1.5610227081394588,0.031189083820662766,,0.9732441471571907,,0.031189083820662766,,34.26,4.465278904533205
937,0.1,6.38,2.404864435,7.46,1.5648178855206551,0.835383,0.031189083820662766,,0.9732441471571907,,0.031189083820662766,,7.46,1.5648178855206551
2335,0.1,48.02000000000001,7.19016,100.85,7.093418931886808,3.97345,0.031189083820662766,,1.0,,0.031189083820662766,,100.85,7.093418931886808
909,0.1,21.54,4.92227,36.41,6.107281305779794,0.458256,0.031189083820662766,,0.9732441471571907,,0.031189083820662766,,36.41,6.107281305779794
895,0.1,10.694,3.2807,17.25,4.002654093325189,0.241657,0.031189083820662766,,0.9732441471571907,,0.031189083820662766,,17.25,4.002654093325189
674,0.1,12.320000000000002,3.5571660000000014,27.97,0.230591569440814,4.2950416,0.031189083820662766,,0.9732441471571907,,0.031189083820662766,,27.97,0.230591569440814
1246,0.1,88.458,11.12151,129.58,13.308538874982217,0.65761,0.031189083820662766,,1.0,,0.031189083820662766,,129.58,13.308538874982217
1613,0.1,82.77,10.8015,317.0,13.290468904533206,1.5610227081394588,0.031189083820662766,,1.0,,0.031189083820662766,,317.0,13.290468904533206
1489,0.1,8.656,2.8545290134000005,14.37,3.48713301303024,0.298503,0.031189083820662766,,0.9732441471571907,,0.031189083820662766,,14.37,3.48713301303024
949,0.1,89.57,11.37324393,99.4,11.17173617568297,0.7181252,0.031189083820662766,,1.0,,0.031189083820662766,,99.4,11.17173617568297
1185,0.1,317.0,14.6101,317.0,14.43740864624158,0.946034,1.0,,1.0,,1.0,,317.0,14.43740864624158
746,0.1,19.35,4.615,76.17,6.323959700169159,3.12117,0.031189083820662766,,0.9732441471571907,,0.031189083820662766,,76.17,6.323959700169159
621,0.1,317.0,13.898792836,317.0,14.35494704166932,5.22012,1.0,,1.0,,1.0,,317.0,14.35494704166932
1047,0.1,88.361,11.2371,317.0,15.35922909820011,4.43507,0.031189083820662766,,1.0,,0.031189083820662766,,317.0,15.35922909820011
33,0.1,5.7,2.2235769549000004,3.59,0.7954233097286598,0.714717,0.031189083820662766,,0.9732441471571907,,0.031189083820662766,,3.59,0.7954233097286598
2119,0.1,5.31,2.16083,8.13,2.5572936141749447,0.170915,0.031189083820662766,,0.9732441471571907,,0.031189083820662766,,8.13,2.5572936141749447
568,0.1,4.4,1.9276922102,6.82,2.2435244689025664,0.202899,0.031189083820662766,,0.9732441471571907,,0.031189083820662766,,6.82,2.2435244689025664
684,0.1,317.0,14.8934,317.0,19.620087699669785,1.97652,1.0,,1.0,,1.0,,317.0,19.620087699669785
302,0.1,89.0,10.27194459416307,105.64,10.355057326599123,1.699505,0.031189083820662766,,1.0,,0.031189083820662766,,105.64,10.355057326599123
2189,0.1,88.92,10.5731,317.0,13.587031513980492,1.19704,0.031189083820662766,,1.0,,0.031189083820662766,,317.0,13.587031513980492
1892,0.1,4.72,2.03371,6.55,2.266825941477932,0.137602,0.031189083820662766,,0.9732441471571907,,0.031189083820662766,,6.55,2.266825941477932
557,0.1,16.509000000000015,2.23876,317.0,8.271413498696276,1.5610227081394588,0.031189083820662766,,1.0,,0.031189083820662766,,317.0,8.271413498696276
259,0.1,112.14,12.96216425,317.0,13.73769066044646,0.77020836,0.05660377358490566,,1.0,,0.05660377358490566,,317.0,13.73769066044646
399,0.1,4.5280000000000005,1.90189,6.5,1.9168086563877191,0.40144834,0.031189083820662766,,0.9732441471571907,,0.031189083820662766,,6.5,1.9168086563877191
687,0.1,107.04,12.62979048,129.16,8.750594847689936,4.18181,0.05660377358490566,,1.0,,0.05660377358490566,,129.16,8.750594847689936
53,0.1,29.29,5.94241,45.74,6.450525858540703,0.9441151,0.031189083820662766,,0.9732441471571907,,0.031189083820662766,,45.74,6.450525858540703
1835,0.1,50.31,8.10129,78.84,9.70083627761992,0.660109,0.031189083820662766,,1.0,,0.031189083820662766,,78.84,9.70083627761992
2261,0.1,34.67,6.51393,42.06,6.589864875508086,0.54134,0.031189083820662766,,0.9732441471571907,,0.031189083820662766,,42.06,6.589864875508086
1096,0.1,50.15,8.316644,87.41,9.247168904533204,1.5610227081394588,0.031189083820662766,,1.0,,0.031189083820662766,,87.41,9.247168904533204
810,0.1,7.296,2.601476603,10.53,1.850488590357154,1.0754806,0.031189083820662766,,0.9732441471571907,,0.031189083820662766,,10.53,1.850488590357154
1610,0.1,110.97,12.897362545,131.29,13.415243919742084,0.634353,0.05660377358490566,,1.0,,0.05660377358490566,,131.29,13.415243919742084
251,0.1,5.26,5.657227,16.17,1.066624423049471,2.4100754,0.031189083820662766,,1.0,,0.031189083820662766,,16.17,1.066624423049471
1226,0.1,113.064,13.043899789,317.0,13.49741670128294,0.615803,0.05660377358490566,,1.0,,0.05660377358490566,,317.0,13.49741670128294
1745,0.1,77.73,10.27194459416307,317.0,11.426029945427546,1.18877,0.031189083820662766,,1.0,,0.031189083820662766,,317.0,11.426029945427546
1969,0.1,6.2200000000000015,2.36311,12.86,3.364143584679832,0.2078,0.031189083820662766,,0.9732441471571907,,0.031189083820662766,,12.86,3.364143584679832
1362,0.1,35.95,6.64236,49.31,7.335922373987381,0.521967,0.031189083820662766,,0.9732441471571907,,0.031189083820662766,,49.31,7.335922373987381
1436,0.1,67.22200000000001,9.705575708,88.84,10.578058209541268,0.57834905,0.031189083820662766,,1.0,,0.031189083820662766,,88.84,10.578058209541268
935,0.1,2.21,1.28248,3.16,1.3213373334109102,0.20889829,0.031189083820662766,,0.9565217391304348,,0.031189083820662766,,3.16,1.3213373334109102
2325,0.1,103.79,10.27194459416307,317.0,13.575702153777389,1.1478163,0.05660377358490566,,1.0,,0.05660377358490566,,317.0,13.575702153777389
661,0.1,84.51,10.27194459416307,111.68,-3.53438435512035,12.542709,0.031189083820662766,,1.0,,0.031189083820662766,,111.68,-3.53438435512035
1644,0.1,35.03,6.547178712,40.53,6.605539569945034,0.411681,0.031189083820662766,,0.9732441471571907,,0.031189083820662766,,40.53,6.605539569945034
1890,0.1,52.71,8.72806,69.6,7.821988904533206,1.5610227081394588,0.031189083820662766,,0.9732441471571907,,0.031189083820662766,,69.6,7.821988904533206
452,0.1,45.63,6.98229,100.72,-58.41126576071351,55.087612,0.031189083820662766,,1.0,,0.031189083820662766,,100.72,-58.41126576071351
768,0.1,5.38,2.18203,10.59,2.9833672166573777,0.20000492,0.031189083820662766,,0.9732441471571907,,0.031189083820662766,,10.59,2.9833672166573777
727,0.1,56.98,9.851770882,317.0,8.271413498696276,1.5610227081394588,0.031189083820662766,,1.0,,0.031189083820662766,,317.0,8.271413498696276
1018,0.1,29.24,5.87762,39.68,6.377205959623343,0.518367,0.031189083820662766,,0.9732441471571907,,0.031189083820662766,,39.68,6.377205959623343
917,0.1,1.31,1.0883,2.55,1.2295667348621588,0.136111,0.031189083820662766,,0.9473684210526315,,0.031189083820662766,,2.55,1.2295667348621588
215,0.1,317.0,14.763228937000004,317.0,16.747769177672794,1.08769,1.0,,1.0,,1.0,,317.0,16.747769177672794
1825,0.1,25.93,5.62786,44.16,6.614661069398542,0.678934,0.031189083820662766,,0.9732441471571907,,0.031189083820662766,,44.16,6.614661069398542
2208,0.1,55.46,8.649263489700001,84.73,9.914564901351824,0.809749,0.031189083820662766,,0.9732441471571907,,0.031189083820662766,,84.73,9.914564901351824
9,0.1,110.01,12.53990524,317.0,13.855601001725416,0.82839006,0.05660377358490566,,1.0,,0.05660377358490566,,317.0,13.855601001725416
1807,0.1,34.809,6.64264,42.41,5.357748904533205,1.5610227081394588,0.031189083820662766,,0.9732441471571907,,0.031189083820662766,,42.41,5.357748904533205
1537,0.1,101.336,10.27194459416307,317.0,12.513650406304334,3.87737,0.05660377358490566,,1.0,,0.05660377358490566,,317.0,12.513650406304334
2116,0.1,9.39,3.00633,17.98,4.117212237770862,0.225116,0.031189083820662766,,0.9732441471571907,,0.031189083820662766,,17.98,4.117212237770862
224,0.1,95.494,11.432086853,317.0,13.173546141287972,0.723462,0.031189083820662766,,1.0,,0.031189083820662766,,317.0,13.173546141287972
1965,0.1,317.0,15.9327,317.0,16.474497084352556,0.761267,1.0,,1.0,,1.0,,317.0,16.474497084352556
2131,0.1,7.36,2.62025,8.39,-1.502430869008731,3.3757446,0.031189083820662766,,0.9732441471571907,,0.031189083820662766,,8.39,-1.502430869008731
353,0.1,34.66,6.614945586,52.6,7.832917704475197,0.49569,0.031189083820662766,,0.9732441471571907,,0.031189083820662766,,52.6,7.832917704475197
825,0.1,52.81,8.920508561,69.72,9.190324866882149,0.4877107,0.031189083820662766,,1.0,,0.031189083820662766,,69.72,9.190324866882149
655,0.1,115.74,10.27194459416307,317.0,0.0761271664501208,17.500204,0.05660377358490566,,1.0,,0.05660377358490566,,317.0,0.0761271664501208
156,0.1,77.055,10.27194459416307,89.22,10.609125626184778,0.569524,0.031189083820662766,,1.0,,0.031189083820662766,,89.22,10.609125626184778
1455,0.1,25.06,8.84136,317.0,12.134011805337488,5.80639,0.031189083820662766,,1.0,,0.031189083820662766,,317.0,12.134011805337488
1042,0.1,40.31,7.11712,68.11,0.1840830410349223,7.4107375,0.031189083820662766,,1.0,,0.031189083820662766,,68.11,0.1840830410349223
135,0.1,4.271000000000001,1.8709283515,5.72,2.122454951361864,0.10260336,0.031189083820662766,,0.9732441471571907,,0.031189083820662766,,5.72,2.122454951361864
980,0.1,10.12,3.16777,15.91,3.693976790155681,0.335822,0.031189083820662766,,0.9732441471571907,,0.031189083820662766,,15.91,3.693976790155681
1721,0.1,77.23,10.27194459416307,317.0,11.724638661094048,2.76607,0.031189083820662766,,1.0,,0.031189083820662766,,317.0,11.724638661094048
1519,0.1,104.863,12.364606026,74.98,9.565133606179868,0.516223,0.05660377358490566,,1.0,,0.05660377358490566,,74.98,9.565133606179868
1742,0.1,50.41,8.64837,111.48,11.893228343487836,0.81356364,0.031189083820662766,,0.9732441471571907,,0.031189083820662766,,111.48,11.893228343487836
2345,0.1,111.951,10.27194459416307,317.0,13.81747026944105,0.920548,0.05660377358490566,,1.0,,0.05660377358490566,,317.0,13.81747026944105
182,0.1,20.7,4.804545841,44.78,5.586878904533205,1.5610227081394588,0.031189083820662766,,0.9732441471571907,,0.031189083820662766,,44.78,5.586878904533205
1213,0.1,2.52,1.39527,3.62,1.5471177064781134,0.136516,0.031189083820662766,,0.9732441471571907,,0.031189083820662766,,3.62,1.5471177064781134
465,0.1,4.38,1.93236572,5.26,1.981098945276813,0.134377,0.031189083820662766,,0.9732441471571907,,0.031189083820662766,,5.26,1.981098945276813
1717,0.1,317.0,15.289158419,317.0,16.980668904533207,1.5610227081394588,1.0,,1.0,,1.0,,317.0,16.980668904533207
1824,0.1,317.0,14.796556906,317.0,16.360612711579915,2.06249,1.0,,1.0,,1.0,,317.0,16.360612711579915
933,0.1,1.31,1.0883,1.77,0.8374215010193564,0.2699512,0.031189083820662766,,0.9473684210526315,,0.031189083820662766,,1.77,0.8374215010193564
1759,0.1,80.54800000000002,10.27194459416307,130.18,12.812484702765683,1.08284,0.031189083820662766,,1.0,,0.031189083820662766,,130.18,12.812484702765683
1210,0.1,5.36,2.1898370000000007,9.03,2.354425287186788,0.469302,0.031189083820662766,,0.9732441471571907,,0.031189083820662766,,9.03,2.354425287186788
1900,0.1,3.9,1.79105,5.43,-0.0079665077676369,1.712195,0.031189083820662766,,0.9732441471571907,,0.031189083820662766,,5.43,-0.0079665077676369
2103,0.1,74.5,10.223,86.01,10.013345601156972,0.873749,0.031189083820662766,,0.9732441471571907,,0.031189083820662766,,86.01,10.013345601156972
1119,0.1,16.859,4.154955421,23.35,4.773246629480079,0.301122,0.031189083820662766,,0.9732441471571907,,0.031189083820662766,,23.35,4.773246629480079
148,0.1,2.8020000000000005,1.5002,4.1,1.6635056001143895,0.14205,0.031189083820662766,,0.9565217391304348,,0.031189083820662766,,4.1,1.6635056001143895
2201,0.1,3.02,1.5540618533000004,6.98,0.9577069667116838,1.2296988,0.031189083820662766,,0.9732441471571907,,0.031189083820662766,,6.98,0.9577069667116838
703,0.1,48.58,7.991474000000001,61.52,8.562361659651048,0.407653,0.031189083820662766,,0.9732441471571907,,0.031189083820662766,,61.52,8.562361659651048
1841,0.1,100.58,11.4232,116.12,12.32603918044912,0.7206731,0.05660377358490566,,1.0,,0.05660377358490566,,116.12,12.32603918044912
898,0.1,86.63,11.02885784,109.92,10.060013252357916,2.14567,0.031189083820662766,,1.0,,0.031189083820662766,,109.92,10.060013252357916
1326,0.1,4.4,1.9424529,6.69,2.230662246833286,0.187677,0.031189083820662766,,0.9732441471571907,,0.031189083820662766,,6.69,2.230662246833286
1729,0.1,86.64,10.42355,317.0,13.717428084021158,0.68686056,0.031189083820662766,,1.0,,0.031189083820662766,,317.0,13.717428084021158
1932,0.1,47.91,8.64247,50.04,8.271413498696276,1.5610227081394588,0.031189083820662766,,0.9732441471571907,,0.031189083820662766,,50.04,8.271413498696276
70,0.1,27.63,5.95763,39.81,6.386445714471935,0.52485925,0.031189083820662766,,0.9732441471571907,,0.031189083820662766,,39.81,6.386445714471935
2130,0.1,64.123,9.43898,89.82,10.655787912008334,0.545364,0.031189083820662766,,0.9732441471571907,,0.031189083820662766,,89.82,10.655787912008334
1504,0.1,317.0,15.30583607,317.0,20.550283746024444,1.0965389,1.0,,1.0,,1.0,,317.0,20.550283746024444
2376,0.1,68.76,10.27194459416307,70.64,7.011159812058615,2.22858,0.031189083820662766,,1.0,,0.031189083820662766,,70.64,7.011159812058615
2212,0.1,87.45,11.37540568,317.0,15.678617255442296,1.04536,0.031189083820662766,,1.0,,0.031189083820662766,,317.0,15.678617255442296
1265,0.1,100.58,11.857124,112.59,12.144572914313889,0.67610633,0.05660377358490566,,1.0,,0.05660377358490566,,112.59,12.144572914313889
1931,0.1,317.0,15.25476917,317.0,16.705722450856676,1.1472291,1.0,,1.0,,1.0,,317.0,16.705722450856676
2178,0.1,7.0,2.5444144448,7.06,2.300055553347513,0.190702,0.031189083820662766,,0.9732441471571907,,0.031189083820662766,,7.06,2.300055553347513
2140,0.1,51.37,8.64837,79.16,9.63506864936956,0.714627,0.031189083820662766,,0.9732441471571907,,0.031189083820662766,,79.16,9.63506864936956
2164,0.1,80.06,10.27194459416307,317.0,14.919831750885136,0.902475,0.031189083820662766,,1.0,,0.031189083820662766,,317.0,14.919831750885136
57,0.1,0.81,0.949185781,1.65,1.0312365091135136,0.097689,0.031189083820662766,,0.9473684210526315,,0.031189083820662766,,1.65,1.0312365091135136
330,0.1,7.0,2.467289,8.66,1.4102354371373675,1.1454114,0.031189083820662766,,0.9732441471571907,,0.031189083820662766,,8.66,1.4102354371373675
1881,0.1,72.87,10.0826,111.85,11.814113765466608,0.899836,0.031189083820662766,,1.0,,0.031189083820662766,,111.85,11.814113765466608
789,0.1,3.49,1.6884129898,14.11,-1.2268864095249263,3.9494371,0.031189083820662766,,0.9732441471571907,,0.031189083820662766,,14.11,-1.2268864095249263
1420,0.1,35.65,6.69058,317.0,13.696768904533204,1.5610227081394588,0.031189083820662766,,1.0,,0.031189083820662766,,317.0,13.696768904533204
1633,0.1,30.66,6.83767,35.9,8.271413498696276,1.5610227081394588,0.031189083820662766,,0.9732441471571907,,0.031189083820662766,,35.9,8.271413498696276
518,0.1,116.75,10.27194459416307,317.0,24.43536061617452,0.272669,0.05660377358490566,,1.0,,0.05660377358490566,,317.0,24.43536061617452
1476,0.1,99.261,10.989831653,317.0,-0.5448895791589976,15.441661,0.05660377358490566,,1.0,,0.05660377358490566,,317.0,-0.5448895791589976
1903,0.1,317.0,14.5958,317.0,19.25373545504988,1.272273,1.0,,1.0,,1.0,,317.0,19.25373545504988
1334,0.1,1.95,1.20704,3.26,1.4656218494143884,0.1211116,0.031189083820662766,,0.9565217391304348,,0.031189083820662766,,3.26,1.4656218494143884
1568,0.1,118.92,12.56291,317.0,19.639113376528435,1.04786,0.05660377358490566,,1.0,,0.05660377358490566,,317.0,19.639113376528435
320,0.1,2.34,1.333742478,8.5,2.675109149415964,0.1337324,0.031189083820662766,,0.9565217391304348,,0.031189083820662766,,8.5,2.675109149415964
1866,0.1,2.39,1.351360634,7.07,1.994848430534427,0.43741205,0.031189083820662766,,0.9732441471571907,,0.031189083820662766,,7.07,1.994848430534427
1912,0.1,4.04,1.83776,3.1,0.8938812404525373,0.5293573,0.031189083820662766,,0.9732441471571907,,0.031189083820662766,,3.1,0.8938812404525373
314,0.1,7.88,2.432614,18.05,1.626127807904644,0.6369,0.031189083820662766,,0.9732441471571907,,0.031189083820662766,,18.05,1.626127807904644
757,0.1,7.52,1.947951,317.0,0.1077207969917652,1.250816,0.031189083820662766,,1.0,,0.031189083820662766,,317.0,0.1077207969917652
1239,0.1,23.03700000000001,5.374472103,62.53,6.554304380408816,2.0725,0.031189083820662766,,0.9732441471571907,,0.031189083820662766,,62.53,6.554304380408816
1043,0.1,19.450000000000003,4.6246993272,24.41,4.9511829963272,0.268196,0.031189083820662766,,0.9732441471571907,,0.031189083820662766,,24.41,4.9511829963272
1361,0.1,9.13,2.98877,19.82,4.309750070813785,0.282353,0.031189083820662766,,0.9732441471571907,,0.031189083820662766,,19.82,4.309750070813785
543,0.1,3.93,1.6416543964000003,7.25,2.341974371128156,0.191928,0.031189083820662766,,0.9732441471571907,,0.031189083820662766,,7.25,2.341974371128156
2000,0.1,6.12,2.33576,8.27,1.6282116466175307,0.9141595,0.031189083820662766,,0.9732441471571907,,0.031189083820662766,,8.27,1.6282116466175307
443,0.1,3.07,1.609049,6.58,2.064979802641965,0.252569,0.031189083820662766,,0.9732441471571907,,0.031189083820662766,,6.58,2.064979802641965
567,0.1,98.09,11.7215,317.0,21.081618846620344,1.48982,0.05660377358490566,,1.0,,0.05660377358490566,,317.0,21.081618846620344
2252,0.1,76.583,10.3670919,101.85,11.12429293685661,0.89079314,0.031189083820662766,,1.0,,0.031189083820662766,,101.85,11.12429293685661
634,0.1,9.59,3.16777,16.5,1.448454258915529,2.1508167,0.031189083820662766,,0.9732441471571907,,0.031189083820662766,,16.5,1.448454258915529
795,0.1,4.75,2.02143,7.19,1.5506592045005798,0.80342484,0.031189083820662766,,0.9732441471571907,,0.031189083820662766,,7.19,1.5506592045005798
1487,0.1,13.55,3.74263,30.6,4.6552989145947175,1.10307,0.031189083820662766,,0.9732441471571907,,0.031189083820662766,,30.6,4.6552989145947175
2440,0.1,68.76,10.27194459416307,109.94,9.813625007520256,2.3534684,0.031189083820662766,,1.0,,0.031189083820662766,,109.94,9.813625007520256
1399,0.1,2.79,1.477775413,7.43,2.440098686624443,0.14746214,0.031189083820662766,,0.9565217391304348,,0.031189083820662766,,7.43,2.440098686624443
1146,0.1,10.1,3.20773,20.75,3.77630644627001,0.80754805,0.031189083820662766,,0.9732441471571907,,0.031189083820662766,,20.75,3.77630644627001
1231,0.1,38.38,6.908775166,59.85,8.08874523658722,0.695996,0.031189083820662766,,0.9732441471571907,,0.031189083820662766,,59.85,8.08874523658722
2337,0.1,119.094,13.22366376,317.0,14.180263212563668,0.88988096,0.05660377358490566,,1.0,,0.05660377358490566,,317.0,14.180263212563668
1853,0.1,3.73,1.674180322,5.36,1.91029464430306,0.20325,0.031189083820662766,,0.9732441471571907,,0.031189083820662766,,5.36,1.91029464430306
1567,0.1,60.85,9.09747,94.44,11.012742242658518,0.566858,0.031189083820662766,,0.9732441471571907,,0.031189083820662766,,94.44,11.012742242658518
1235,0.1,56.57,8.658598,99.95,11.325629221587874,0.58185,0.031189083820662766,,0.9732441471571907,,0.031189083820662766,,99.95,11.325629221587874
1662,0.1,87.05,10.27194459416307,107.69,8.271413498696276,1.5610227081394588,0.031189083820662766,,1.0,,0.031189083820662766,,107.69,8.271413498696276
1812,0.1,78.07600000000001,10.27194459416307,100.16,11.42297527722595,0.538039,0.031189083820662766,,1.0,,0.031189083820662766,,100.16,11.42297527722595
2232,0.1,12.379,3.74642,26.92,4.996429322955944,0.467629,0.031189083820662766,,0.9732441471571907,,0.031189083820662766,,26.92,4.996429322955944
1651,0.1,29.29,6.0323,40.44,6.615301500908263,0.405796,0.031189083820662766,,0.9732441471571907,,0.031189083820662766,,40.44,6.615301500908263
1114,0.1,7.58,2.65245,7.93,2.527834672854428,0.16585,0.031189083820662766,,0.9732441471571907,,0.031189083820662766,,7.93,2.527834672854428
2014,0.1,48.11,7.88895,73.91,9.470808748218916,0.5360378,0.031189083820662766,,1.0,,0.031189083820662766,,73.91,9.470808748218916
69,0.1,2.42,1.35917743,7.65,1.776540796293823,0.70166904,0.031189083820662766,,0.9732441471571907,,0.031189083820662766,,7.65,1.776540796293823
2220,0.1,67.24,9.437539,106.52,11.49448845097712,0.903055,0.031189083820662766,,0.9732441471571907,,0.031189083820662766,,106.52,11.49448845097712
361,0.1,37.49,8.737516000000001,317.0,9.732162485122116,5.27668,0.031189083820662766,,1.0,,0.031189083820662766,,317.0,9.732162485122116
2032,0.1,12.477,3.59995,19.77,4.147018253520249,0.42444,0.031189083820662766,,0.9732441471571907,,0.031189083820662766,,19.77,4.147018253520249
478,0.1,105.3,12.3972,317.0,13.827148473845314,0.63955903,0.05660377358490566,,1.0,,0.05660377358490566,,317.0,13.827148473845314
132,0.1,90.55,11.31903,108.69,11.99199113649355,0.5870171,0.031189083820662766,,1.0,,0.031189083820662766,,108.69,11.99199113649355
453,0.1,6.06,2.3352,9.42,-0.5780904063156922,2.776967,0.031189083820662766,,0.9732441471571907,,0.031189083820662766,,9.42,-0.5780904063156922
192,0.1,1.31,1.0883,3.82,1.651149072934138,0.0938401,0.031189083820662766,,0.9473684210526315,,0.031189083820662766,,3.82,1.651149072934138
14,0.1,65.473,9.39924,78.84,10.287886395065293,0.20499046,0.031189083820662766,,0.9732441471571907,,0.031189083820662766,,78.84,10.287886395065293
2218,0.1,81.13,10.46251622,110.34,11.43228326131787,1.1121958,0.031189083820662766,,0.9732441471571907,,0.031189083820662766,,110.34,11.43228326131787
1283,0.1,71.54,9.98401,89.31,10.540744493744848,0.650895,0.031189083820662766,,1.0,,0.031189083820662766,,89.31,10.540744493744848
938,0.1,4.881000000000001,2.049240268,12.03,2.6188515308819733,0.6816561,0.031189083820662766,,0.9732441471571907,,0.031189083820662766,,12.03,2.6188515308819733
743,0.1,317.0,14.91382302,317.0,24.07119796695137,2.70516,1.0,,1.0,,1.0,,317.0,24.07119796695137
41,0.1,100.869,12.12752552,125.8,13.09942752097217,0.61632216,0.05660377358490566,,1.0,,0.05660377358490566,,125.8,13.09942752097217
905,0.1,92.53900000000002,11.4232,317.0,16.911623140080824,5.63409,0.031189083820662766,,1.0,,0.031189083820662766,,317.0,16.911623140080824
1355,0.1,82.165,10.4171,317.0,13.504554122317469,0.734302,0.031189083820662766,,1.0,,0.031189083820662766,,317.0,13.504554122317469
1713,0.1,91.859,11.54257023,122.53,12.53239503946822,0.895715,0.031189083820662766,,1.0,,0.031189083820662766,,122.53,12.53239503946822
2264,0.1,44.95,8.009527,79.72,9.601857865229077,0.805931,0.031189083820662766,,0.9732441471571907,,0.031189083820662766,,79.72,9.601857865229077
1511,0.1,68.66,9.890864,91.8,10.745027357630503,0.6243,0.031189083820662766,,0.9732441471571907,,0.031189083820662766,,91.8,10.745027357630503
651,0.1,2.54,1.398886601,4.77,1.5503861960828689,0.57323,0.031189083820662766,,0.9732441471571907,,0.031189083820662766,,4.77,1.5503861960828689
918,0.1,1.34,1.09621,3.21,1.4343693441634424,0.129531,0.031189083820662766,,0.9473684210526315,,0.031189083820662766,,3.21,1.4343693441634424
1539,0.1,12.112,3.54656,20.48,2.4040897382251027,1.8493468,0.031189083820662766,,0.9732441471571907,,0.031189083820662766,,20.48,2.4040897382251027
2132,0.1,26.06,5.500802721,38.51,5.309105908904327,1.2588531,0.031189083820662766,,0.9732441471571907,,0.031189083820662766,,38.51,5.309105908904327
883,0.1,14.53,4.06597,51.4,7.552109657803933,0.523202,0.031189083820662766,,0.9732441471571907,,0.031189083820662766,,51.4,7.552109657803933
1724,0.1,92.854,10.27194459416307,129.18,11.24979733134562,2.25235,0.031189083820662766,,1.0,,0.031189083820662766,,129.18,11.24979733134562
1741,0.1,72.87,10.0826,116.03,11.268368904533204,1.5610227081394588,0.031189083820662766,,1.0,,0.031189083820662766,,116.03,11.268368904533204
547,0.1,81.8,10.489654532,126.47,12.99795425183223,0.7286332,0.031189083820662766,,1.0,,0.031189083820662766,,126.47,12.99795425183223
2247,0.1,317.0,14.7463,317.0,14.08982409926318,0.9159476,1.0,,1.0,,1.0,,317.0,14.08982409926318
2062,0.1,10.373000000000005,3.2079790000000004,15.48,3.660111967563181,0.310778,0.031189083820662766,,0.9732441471571907,,0.031189083820662766,,15.48,3.660111967563181
1458,0.1,95.47,11.7630857,317.0,16.940268904533205,1.5610227081394588,0.031189083820662766,,1.0,,0.031189083820662766,,317.0,16.940268904533205
454,0.1,2.39,1.351360634,9.22,1.392595877097086,1.2432178,0.031189083820662766,,0.9732441471571907,,0.031189083820662766,,9.22,1.392595877097086
1027,0.1,37.49,7.750334,62.48,8.799658731784463,0.314565,0.031189083820662766,,0.9732441471571907,,0.031189083820662766,,62.48,8.799658731784463
1696,0.1,44.37,8.745433,317.0,8.271413498696276,1.5610227081394588,0.031189083820662766,,1.0,,0.031189083820662766,,317.0,8.271413498696276
2010,0.1,83.562,10.27194459416307,88.55,10.299578512411154,0.77843285,0.031189083820662766,,1.0,,0.031189083820662766,,88.55,10.299578512411154
1343,0.1,98.11,11.95149929,124.76,13.073871224560053,0.594068,0.05660377358490566,,1.0,,0.05660377358490566,,124.76,13.073871224560053
579,0.1,42.27,8.72806,94.58,8.271413498696276,1.5610227081394588,0.031189083820662766,,1.0,,0.031189083820662766,,94.58,8.271413498696276
2352,0.1,0.81,0.949185781,0.85,0.5909161905465476,0.28935423,0.031189083820662766,,0.9473684210526315,,0.031189083820662766,,0.85,0.5909161905465476
23,0.1,5.79,2.2640427992000003,7.07,2.3006148574080054,0.192388,0.031189083820662766,,0.9732441471571907,,0.031189083820662766,,7.07,2.3006148574080054
405,0.1,6.58,2.4387076059000004,6.89,2.309137073439797,0.161931,0.031189083820662766,,0.9732441471571907,,0.031189083820662766,,6.89,2.309137073439797
22,0.1,5.934000000000001,2.3171,7.42,2.38510804477139,0.183373,0.031189083820662766,,0.9732441471571907,,0.031189083820662766,,7.42,2.38510804477139
748,0.1,44.37,9.39506,86.69,8.271413498696276,1.5610227081394588,0.031189083820662766,,1.0,,0.031189083820662766,,86.69,8.271413498696276
2226,0.1,2.09,1.246547836,4.13,0.8117727525645206,0.81836313,0.031189083820662766,,0.9565217391304348,,0.031189083820662766,,4.13,0.8117727525645206
1515,0.1,58.985,9.02158,81.5,9.990642138652918,0.594871,0.031189083820662766,,0.9732441471571907,,0.031189083820662766,,81.5,9.990642138652918
402,0.1,82.55,10.8261,121.01,13.304157515419767,0.21154155,0.031189083820662766,,1.0,,0.031189083820662766,,121.01,13.304157515419767
1341,0.1,10.31,3.20531,15.1,3.674244867550163,0.250903,0.031189083820662766,,0.9732441471571907,,0.031189083820662766,,15.1,3.674244867550163
232,0.1,57.35600000000002,8.82245,97.14,11.427477805438272,0.3915262,0.031189083820662766,,0.9732441471571907,,0.031189083820662766,,97.14,11.427477805438272
1325,0.1,39.06,7.30242,53.17,7.760754704405964,0.469162,0.031189083820662766,,0.9732441471571907,,0.031189083820662766,,53.17,7.760754704405964
98,0.1,7.46,2.432614,21.42,2.2137679045332046,1.5610227081394588,0.031189083820662766,,0.9732441471571907,,0.031189083820662766,,21.42,2.2137679045332046
2291,0.1,12.34,3.543810817,13.85,1.0837724152407675,2.113839,0.031189083820662766,,0.9732441471571907,,0.031189083820662766,,13.85,1.0837724152407675
913,0.1,2.94,1.53671,4.87,0.7782974082539054,0.9935112,0.031189083820662766,,0.9732441471571907,,0.031189083820662766,,4.87,0.7782974082539054
581,0.1,13.574000000000002,3.74263,20.92,3.745731257475682,0.972297,0.031189083820662766,,0.9732441471571907,,0.031189083820662766,,20.92,3.745731257475682
1773,0.1,57.81,8.807786000000002,76.12,9.36352754937998,0.75834155,0.031189083820662766,,0.9732441471571907,,0.031189083820662766,,76.12,9.36352754937998
1032,0.1,24.82,5.3518665465,49.42,5.533515888133583,1.30585,0.031189083820662766,,0.9732441471571907,,0.031189083820662766,,49.42,5.533515888133583
2346,0.1,34.854,6.85813,44.1,5.500998904533205,1.5610227081394588,0.031189083820662766,,0.9732441471571907,,0.031189083820662766,,44.1,5.500998904533205
1485,0.1,50.58900000000001,8.127544226700001,92.16,11.031376826222484,0.41685495,0.031189083820662766,,1.0,,0.031189083820662766,,92.16,11.031376826222484
2402,0.1,6.06,2.3338022869,8.25,2.5579212623346,0.190838,0.031189083820662766,,0.9732441471571907,,0.031189083820662766,,8.25,2.5579212623346
2199,0.1,30.04,6.22936,69.0,9.050823278972496,0.528396,0.031189083820662766,,0.9732441471571907,,0.031189083820662766,,69.0,9.050823278972496
1762,0.1,98.25100000000002,10.27194459416307,116.87,12.373105800794406,0.72298074,0.05660377358490566,,1.0,,0.05660377358490566,,116.87,12.373105800794406
1000,0.1,7.415000000000002,3.28324,15.57,8.271413498696276,1.5610227081394588,0.031189083820662766,,0.9732441471571907,,0.031189083820662766,,15.57,8.271413498696276
1758,0.1,59.24,8.93102,85.72,10.060562144587363,0.788839,0.031189083820662766,,1.0,,0.031189083820662766,,85.72,10.060562144587363
1427,0.1,68.16,9.68176,120.52,12.480804927117289,0.802617,0.031189083820662766,,1.0,,0.031189083820662766,,120.52,12.480804927117289
1108,0.1,7.52,2.23876,12.48,8.271413498696276,1.5610227081394588,0.031189083820662766,,1.0,,0.031189083820662766,,12.48,8.271413498696276
2063,0.1,13.646,3.7675839288000006,15.58,2.085638904533205,1.5610227081394588,0.031189083820662766,,0.9732441471571907,,0.031189083820662766,,15.58,2.085638904533205
1440,0.1,2.123,1.273155384,3.55,1.5212160621865725,0.139896,0.031189083820662766,,0.9565217391304348,,0.031189083820662766,,3.55,1.5212160621865725
1914,0.1,3.45,1.674180322,6.71,2.252575222319832,0.169002,0.031189083820662766,,0.9732441471571907,,0.031189083820662766,,6.71,2.252575222319832
897,0.1,88.06,11.1189,317.0,13.692740775461258,0.656282,0.031189083820662766,,1.0,,0.031189083820662766,,317.0,13.692740775461258
1188,0.1,38.14,7.3626,317.0,12.463322560316993,2.45677,0.031189083820662766,,1.0,,0.031189083820662766,,317.0,12.463322560316993
841,0.1,85.49600000000002,11.07659,317.0,11.863481596773685,9.66611,0.031189083820662766,,1.0,,0.031189083820662766,,317.0,11.863481596773685
1077,0.1,16.05,4.128842000000001,24.64,4.591960781317428,0.574709,0.031189083820662766,,0.9732441471571907,,0.031189083820662766,,24.64,4.591960781317428
248,0.1,30.91,4.087988019,317.0,2.15053011656572,3.470252,0.031189083820662766,,0.9732441471571907,,0.031189083820662766,,317.0,2.15053011656572
868,0.1,2.86,1.499704002,3.25,0.8173601110996187,0.6245401,0.031189083820662766,,0.9565217391304348,,0.031189083820662766,,3.25,0.8173601110996187
2115,0.1,37.61,6.82171,53.46,7.679456787971446,0.567744,0.031189083820662766,,0.9732441471571907,,0.031189083820662766,,53.46,7.679456787971446
333,0.1,19.42,4.6057009396,46.67,7.178955049820769,0.44668624,0.031189083820662766,,0.9732441471571907,,0.031189083820662766,,46.67,7.178955049820769
124,0.1,4.373,1.93226,9.53,2.773950002685845,0.21149072,0.031189083820662766,,0.9732441471571907,,0.031189083820662766,,9.53,2.773950002685845
1581,0.1,58.97,8.90314,93.71,9.685068904533209,1.5610227081394588,0.031189083820662766,,0.9732441471571907,,0.031189083820662766,,93.71,9.685068904533209
2147,0.1,98.33,11.760510516,317.0,15.95644001193478,0.875392,0.05660377358490566,,1.0,,0.05660377358490566,,317.0,15.95644001193478
2357,0.1,0.36,0.757588,0.63,0.2853358385368835,0.46845463,0.0,,0.9473684210526315,,0.0,,0.63,0.2853358385368835
195,0.1,94.11200000000004,11.8344,113.76,12.319325755923089,0.60228205,0.031189083820662766,,1.0,,0.031189083820662766,,113.76,12.319325755923089
10,0.1,65.06,9.57594,113.71,9.86734794462633,2.512208,0.031189083820662766,,1.0,,0.031189083820662766,,113.71,9.86734794462633
27,0.1,27.63,5.66309,29.49,4.91561919300675,0.7808294,0.031189083820662766,,1.0,,0.031189083820662766,,29.49,4.91561919300675
1160,0.1,1.93,1.210733876,4.08,0.5758485217361862,0.9920949,0.031189083820662766,,0.9565217391304348,,0.031189083820662766,,4.08,0.5758485217361862
676,0.1,4.373,1.93226,7.35,0.9049946787625152,1.333298,0.031189083820662766,,0.9732441471571907,,0.031189083820662766,,7.35,0.9049946787625152
1573,0.1,25.42,5.480026583,23.45,3.162708904533205,1.5610227081394588,0.031189083820662766,,0.9732441471571907,,0.031189083820662766,,23.45,3.162708904533205
715,0.1,18.72,4.529208991,31.64,5.453188136882971,0.5571844,0.031189083820662766,,0.9732441471571907,,0.031189083820662766,,31.64,5.453188136882971
1051,0.1,48.31400000000001,7.909917000000001,57.12,8.047729210501974,0.52282,0.031189083820662766,,1.0,,0.031189083820662766,,57.12,8.047729210501974
1648,0.1,30.87,6.83767,49.35,8.271413498696276,1.5610227081394588,0.031189083820662766,,0.9732441471571907,,0.031189083820662766,,49.35,8.271413498696276
618,0.1,30.145000000000003,6.358202,28.62,8.271413498696276,1.5610227081394588,0.031189083820662766,,0.9732441471571907,,0.031189083820662766,,28.62,8.271413498696276
1414,0.1,74.51,10.27194459416307,127.84,12.708581285833349,1.01956,0.031189083820662766,,1.0,,0.031189083820662766,,127.84,12.708581285833349
1240,0.1,317.0,14.210823391,317.0,17.964581052353427,0.849766,1.0,,1.0,,1.0,,317.0,17.964581052353427
529,0.1,17.63,4.06597,22.39,4.058180042897032,0.765135,0.031189083820662766,,0.9732441471571907,,0.031189083820662766,,22.39,4.058180042897032
2329,0.1,0.87,0.970576265,0.86,-1.2405969237198586,1.7210847,0.031189083820662766,,0.9473684210526315,,0.031189083820662766,,0.86,-1.2405969237198586
2123,0.1,11.37,3.4295888178,38.98,6.223555935249005,0.58439887,0.031189083820662766,,0.9732441471571907,,0.031189083820662766,,38.98,6.223555935249005
289,0.1,13.41,2.841179901,27.51,2.2430595066555714,0.975823,0.031189083820662766,,0.9732441471571907,,0.031189083820662766,,27.51,2.2430595066555714
563,0.1,73.4,10.1564,317.0,-6.647067636261944,17.639652,0.031189083820662766,,1.0,,0.031189083820662766,,317.0,-6.647067636261944
1794,0.1,86.64,11.03588,115.83,12.45139463507988,0.56908,0.031189083820662766,,1.0,,0.031189083820662766,,115.83,12.45139463507988
276,0.1,317.0,10.27194459416307,317.0,20.90888568477521,0.876995,1.0,,1.0,,1.0,,317.0,20.90888568477521
1315,0.1,7.79,2.84674,9.4,2.782957652161281,0.181048,0.031189083820662766,,0.9732441471571907,,0.031189083820662766,,9.4,2.782957652161281
1712,0.1,51.909000000000006,8.32531,54.02,6.434248904533205,1.5610227081394588,0.031189083820662766,,1.0,,0.031189083820662766,,54.02,6.434248904533205
2124,0.1,90.34,11.4232,106.94,11.666369926813138,0.7464507,0.031189083820662766,,1.0,,0.031189083820662766,,106.94,11.666369926813138
1117,0.1,3.68,1.733849,6.18,2.128173258041181,0.177899,0.031189083820662766,,0.9732441471571907,,0.031189083820662766,,6.18,2.128173258041181
596,0.1,68.82,9.73924,114.89,12.05351356359594,0.853252,0.031189083820662766,,1.0,,0.031189083820662766,,114.89,12.05351356359594
162,0.1,69.61,9.95177,55.52,6.596928904533205,1.5610227081394588,0.031189083820662766,,1.0,,0.031189083820662766,,55.52,6.596928904533205
2113,0.1,5.89,2.30057,6.84,0.0233293410108013,1.9360542,0.031189083820662766,,0.9732441471571907,,0.031189083820662766,,6.84,0.0233293410108013
602,0.1,8.948000000000002,3.00633,44.36,8.271413498696276,1.5610227081394588,0.031189083820662766,,0.9732441471571907,,0.031189083820662766,,44.36,8.271413498696276
927,0.1,48.096,7.88895,111.37,10.507749881681448,1.89571,0.031189083820662766,,1.0,,0.031189083820662766,,111.37,10.507749881681448
2145,0.1,34.98,7.552442000000002,93.8,4.59600317440948,5.5325575,0.031189083820662766,,0.9732441471571907,,0.031189083820662766,,93.8,4.59600317440948
2136,0.1,19.271,4.6245583272,28.01,4.551538405484628,0.9270195,0.031189083820662766,,0.9732441471571907,,0.031189083820662766,,28.01,4.551538405484628
1029,0.1,7.631000000000002,3.19978,10.87,8.271413498696276,1.5610227081394588,0.031189083820662766,,0.9732441471571907,,0.031189083820662766,,10.87,8.271413498696276
716,0.1,96.61,11.9045,317.0,40.56616239915468,6.71322,0.031189083820662766,,1.0,,0.031189083820662766,,317.0,40.56616239915468
1003,0.1,105.151,12.50184,317.0,14.50255071113826,0.737738,0.05660377358490566,,1.0,,0.05660377358490566,,317.0,14.50255071113826
1049,0.1,68.55,9.54526,317.0,15.143848563364497,7.63992,0.031189083820662766,,1.0,,0.031189083820662766,,317.0,15.143848563364497
1982,0.1,55.46,8.59148,98.19,10.835202731480033,0.9131838,0.031189083820662766,,0.9732441471571907,,0.031189083820662766,,98.19,10.835202731480033
1681,0.1,2.5820000000000003,1.4475310804,5.4,2.034330205736308,0.11227,0.031189083820662766,,0.9732441471571907,,0.031189083820662766,,5.4,2.034330205736308
245,0.1,317.0,15.27008924,317.0,17.226017380779002,0.986603,1.0,,1.0,,1.0,,317.0,17.226017380779002
39,0.1,317.0,14.306920520000002,317.0,29.1893809360935,4.8527308,1.0,,1.0,,1.0,,317.0,29.1893809360935
2098,0.1,14.53,4.029794836,27.44,4.176514767582355,1.1660464,0.031189083820662766,,0.9732441471571907,,0.031189083820662766,,27.44,4.176514767582355
820,0.1,131.41,10.27194459416307,317.0,15.7847308494813,0.982769,0.1,,1.0,,0.1,,317.0,15.7847308494813
2078,0.1,18.37,4.435746000000001,30.33,5.544794812380246,0.358546,0.031189083820662766,,0.9732441471571907,,0.031189083820662766,,30.33,5.544794812380246
701,0.1,12.83,3.74642,21.07,4.26277945937855,0.467902,0.031189083820662766,,0.9732441471571907,,0.031189083820662766,,21.07,4.26277945937855
1946,0.1,42.13,7.2854,63.99,8.753022896323225,0.457334,0.031189083820662766,,0.9732441471571907,,0.031189083820662766,,63.99,8.753022896323225
1317,0.1,63.70200000000001,10.27194459416307,47.76,8.271413498696276,1.5610227081394588,0.031189083820662766,,1.0,,0.031189083820662766,,47.76,8.271413498696276
1592,0.1,60.35,9.02158,86.26,10.219923658028105,0.72465,0.031189083820662766,,1.0,,0.031189083820662766,,86.26,10.219923658028105
1495,0.1,52.67700000000001,8.3319961939,82.12,9.924519739101951,0.662931,0.031189083820662766,,0.9732441471571907,,0.031189083820662766,,82.12,9.924519739101951
37,0.1,1.95,1.20704,4.65,1.8904278894413444,0.0837751,0.031189083820662766,,0.9732441471571907,,0.031189083820662766,,4.65,1.8904278894413444
252,0.1,25.42,5.422034963,32.26,5.663047631995252,0.44785166,0.031189083820662766,,0.9732441471571907,,0.031189083820662766,,32.26,5.663047631995252
487,0.1,9.398,3.0191418577,12.67,-3.144700525427707,4.9658775,0.031189083820662766,,0.9732441471571907,,0.031189083820662766,,12.67,-3.144700525427707
852,0.1,19.99,5.373045155,317.0,8.271413498696276,1.5610227081394588,0.031189083820662766,,0.9732441471571907,,0.031189083820662766,,317.0,8.271413498696276
1859,0.1,82.77,10.85743708,100.78,11.30386191686057,0.685761,0.031189083820662766,,0.9732441471571907,,0.031189083820662766,,100.78,11.30386191686057
721,0.1,4.23,2.96097,7.11,8.271413498696276,1.5610227081394588,0.031189083820662766,,0.9732441471571907,,0.031189083820662766,,7.11,8.271413498696276
137,0.1,86.71900000000001,11.0608,104.2,11.435211213427657,0.7775041,0.031189083820662766,,0.9732441471571907,,0.031189083820662766,,104.2,11.435211213427657
896,0.1,9.123,2.96097,15.39,3.5929066275019306,0.236466,0.031189083820662766,,0.9732441471571907,,0.031189083820662766,,15.39,3.5929066275019306
1459,0.1,11.7,3.434812726,25.19,4.194296481411024,0.951451,0.031189083820662766,,0.9732441471571907,,0.031189083820662766,,25.19,4.194296481411024
1790,0.1,33.08,7.382565,72.49,8.271413498696276,1.5610227081394588,0.031189083820662766,,0.9732441471571907,,0.031189083820662766,,72.49,8.271413498696276
936,0.1,35.95,6.64236,12.72,2.9095612445148524,0.54465497,0.031189083820662766,,1.0,,0.031189083820662766,,12.72,2.9095612445148524
2050,0.1,102.13100000000004,11.63513,317.0,13.547954586433692,1.28426,0.05660377358490566,,1.0,,0.05660377358490566,,317.0,13.547954586433692
480,0.1,3.02,1.578113586,5.07,1.8425388968293288,0.20089346,0.031189083820662766,,0.9565217391304348,,0.031189083820662766,,5.07,1.8425388968293288
2317,0.1,42.13,7.2854,74.91,9.52564681373691,0.560612,0.031189083820662766,,1.0,,0.031189083820662766,,74.91,9.52564681373691
1358,0.1,68.934,9.751201,317.0,0.599933381439719,13.428784,0.031189083820662766,,1.0,,0.031189083820662766,,317.0,0.599933381439719
781,0.1,4.75,2.02143,5.8,1.1901131872396735,0.84500456,0.031189083820662766,,0.9732441471571907,,0.031189083820662766,,5.8,1.1901131872396735
1560,0.1,110.01,12.743901728,128.6,13.072716182223123,0.7781713,0.05660377358490566,,1.0,,0.05660377358490566,,128.6,13.072716182223123
720,0.1,50.294,8.78597,119.29,8.271413498696276,1.5610227081394588,0.031189083820662766,,1.0,,0.031189083820662766,,119.29,8.271413498696276
2083,0.1,8.99,2.93924,11.23,3.070312978350725,0.226598,0.031189083820662766,,0.9732441471571907,,0.031189083820662766,,11.23,3.070312978350725
422,0.1,73.4,10.09261891,110.17,12.039200085044277,0.62924635,0.031189083820662766,,1.0,,0.031189083820662766,,110.17,12.039200085044277
501,0.1,68.66,9.6836020752,77.93,9.501150007950375,0.7627535,0.031189083820662766,,0.9732441471571907,,0.031189083820662766,,77.93,9.501150007950375
1674,0.1,97.84,10.27194459416307,90.98,8.271413498696276,1.5610227081394588,0.05660377358490566,,1.0,,0.05660377358490566,,90.98,8.271413498696276
900,0.1,34.34,6.47219,54.56,7.818588504181275,0.518841,0.031189083820662766,,0.9732441471571907,,0.031189083820662766,,54.56,7.818588504181275
379,0.1,2.83,1.48867,2.74,0.2929271879682777,0.944963,0.031189083820662766,,0.9473684210526315,,0.031189083820662766,,2.74,0.2929271879682777
610,0.1,96.61,11.9045,317.0,21.752368904533206,1.5610227081394588,0.031189083820662766,,1.0,,0.031189083820662766,,317.0,21.752368904533206
1287,0.1,66.366,10.17338,87.67,9.27142186628628,1.5134789,0.031189083820662766,,0.9732441471571907,,0.031189083820662766,,87.67,9.27142186628628
2427,0.1,317.0,14.18483905,317.0,19.543459724839536,1.7183065,1.0,,1.0,,1.0,,317.0,19.543459724839536
1500,0.1,317.0,14.91382302,317.0,16.640515719871217,0.8672725,1.0,,1.0,,1.0,,317.0,16.640515719871217
682,0.1,6.18,2.43432,20.32,4.331405899727152,0.32911924,0.031189083820662766,,0.9732441471571907,,0.031189083820662766,,20.32,4.331405899727152
1103,0.1,3.54,1.70003496,10.49,2.9393518533247622,0.21665,0.031189083820662766,,0.9732441471571907,,0.031189083820662766,,10.49,2.9393518533247622
2273,0.1,87.57,11.2128,317.0,13.834602167315506,1.07674,0.031189083820662766,,1.0,,0.031189083820662766,,317.0,13.834602167315506
997,0.1,60.46,9.02881,95.12,11.048773628067313,0.65532,0.031189083820662766,,1.0,,0.031189083820662766,,95.12,11.048773628067313
1248,0.1,100.309,12.04883,317.0,25.23496693667091,1.24227,0.05660377358490566,,1.0,,0.05660377358490566,,317.0,25.23496693667091
569,0.1,19.42,4.58274,40.09,6.359662044937847,0.564923,0.031189083820662766,,0.9732441471571907,,0.031189083820662766,,40.09,6.359662044937847
390,0.1,2.21,1.312234294,5.22,1.987952919088522,0.10949,0.031189083820662766,,0.9565217391304348,,0.031189083820662766,,5.22,1.987952919088522
1302,0.1,10.1,3.25485,14.24,3.488376593617786,0.281552,0.031189083820662766,,0.9732441471571907,,0.031189083820662766,,14.24,3.488376593617786
861,0.1,4.479000000000002,1.974883716,7.37,2.42014971794399,0.153369,0.031189083820662766,,0.9732441471571907,,0.031189083820662766,,7.37,2.42014971794399
1151,0.1,2.3190000000000004,1.393219042,4.59,-0.6042859778029108,2.0170252,0.031189083820662766,,0.9732441471571907,,0.031189083820662766,,4.59,-0.6042859778029108
1387,0.1,11.37,3.41784,15.67,3.9642372202723326,1.29107,0.031189083820662766,,0.9732441471571907,,0.031189083820662766,,15.67,3.9642372202723326
1386,0.1,3.03,1.553134989,5.72,2.0437813198123567,0.158627,0.031189083820662766,,0.9732441471571907,,0.031189083820662766,,5.72,2.0437813198123567
149,0.1,116.81,11.721167200000004,317.0,26.114271253085946,8.26001,0.05660377358490566,,1.0,,0.05660377358490566,,317.0,26.114271253085946
107,0.1,2.83,1.499704002,3.09,1.4204221882757957,0.123934,0.031189083820662766,,0.9565217391304348,,0.031189083820662766,,3.09,1.4204221882757957
2270,0.1,47.31,7.38532555,111.18,12.238942265024026,0.600255,0.031189083820662766,,1.0,,0.031189083820662766,,111.18,12.238942265024026
384,0.1,30.91,5.657227,51.79,5.479575810289894,1.406418,0.031189083820662766,,1.0,,0.031189083820662766,,51.79,5.479575810289894
1625,0.1,25.93,5.78741,55.0,4.701907000857368,2.9922256,0.031189083820662766,,0.9732441471571907,,0.031189083820662766,,55.0,4.701907000857368
1301,0.1,1.35,1.097286737,5.65,1.440698372613379,0.616582,0.031189083820662766,,0.9565217391304348,,0.031189083820662766,,5.65,1.440698372613379
1,0.1,116.14,13.05829275,317.0,14.58381373405106,0.691963,0.05660377358490566,,1.0,,0.05660377358490566,,317.0,14.58381373405106
2250,0.1,317.0,16.6319,317.0,20.544572054795644,0.644475,1.0,,1.0,,1.0,,317.0,20.544572054795644
76,0.1,74.51,10.2185,94.92,11.072781160299805,0.5424184,0.031189083820662766,,1.0,,0.031189083820662766,,94.92,11.072781160299805
667,0.1,116.99,12.981503302,317.0,14.78004980908004,0.8602182,0.05660377358490566,,1.0,,0.05660377358490566,,317.0,14.78004980908004
1549,0.1,76.73,10.3670919,317.0,11.899548028540265,2.0986593,0.031189083820662766,,1.0,,0.031189083820662766,,317.0,11.899548028540265
616,0.1,14.48,3.91968,29.45,3.943072770916489,1.5360428,0.031189083820662766,,0.9732441471571907,,0.031189083820662766,,29.45,3.943072770916489
2129,0.1,51.37,8.64837,92.86,10.669085536232302,0.753551,0.031189083820662766,,1.0,,0.031189083820662766,,92.86,10.669085536232302
1407,0.1,2.68,1.445415407,5.36,1.4725534698298128,0.5446732,0.031189083820662766,,0.9565217391304348,,0.031189083820662766,,5.36,1.4725534698298128
1373,0.1,4.72,1.989524396,4.91,1.862742050340721,0.16522,0.031189083820662766,,0.9732441471571907,,0.031189083820662766,,4.91,1.862742050340721
1919,0.1,58.97,8.832701000000002,317.0,-2.9967980162297216,15.51775,0.031189083820662766,,1.0,,0.031189083820662766,,317.0,-2.9967980162297216
2126,0.1,32.93,6.27906,35.45,5.6584713986155,0.72927785,0.031189083820662766,,0.9732441471571907,,0.031189083820662766,,35.45,5.6584713986155
1150,0.1,5.86,2.288171102,9.04,2.744398889686545,0.167618,0.031189083820662766,,0.9732441471571907,,0.031189083820662766,,9.04,2.744398889686545
446,0.1,7.869000000000001,2.725100613,19.05,2.793722814485223,1.48288,0.031189083820662766,,0.9732441471571907,,0.031189083820662766,,19.05,2.793722814485223
1147,0.1,5.68,2.25345,8.08,2.5383574610468216,0.182718,0.031189083820662766,,0.9732441471571907,,0.031189083820662766,,8.08,2.5383574610468216
1507,0.1,2.889,1.514836914,3.71,-0.3399746571666688,1.6286867,0.031189083820662766,,0.9732441471571907,,0.031189083820662766,,3.71,-0.3399746571666688
2048,0.1,3.9,1.79105,7.0,2.2312223400829008,0.2395857,0.031189083820662766,,0.9732441471571907,,0.031189083820662766,,7.0,2.2312223400829008
2267,0.1,68.515,9.95177,97.15,10.69922696707682,0.962172,0.031189083820662766,,1.0,,0.031189083820662766,,97.15,10.69922696707682
1702,0.1,83.89,10.8015,317.0,17.213768904533207,1.5610227081394588,0.031189083820662766,,1.0,,0.031189083820662766,,317.0,17.213768904533207
486,0.1,1.95,1.20704,4.03,1.6931038454500682,0.116988,0.031189083820662766,,0.9565217391304348,,0.031189083820662766,,4.03,1.6931038454500682
2307,0.1,317.0,14.18483905,317.0,16.34518191839629,1.0699655,1.0,,1.0,,1.0,,317.0,16.34518191839629
391,0.1,105.27,12.5164,317.0,14.89823499013344,5.31915,0.05660377358490566,,1.0,,0.05660377358490566,,317.0,14.89823499013344
1259,0.1,317.0,16.18922,317.0,19.07502530867444,0.98964,1.0,,1.0,,1.0,,317.0,19.07502530867444
986,0.1,9.2,3.22711,30.75,3.663417043515922,1.88336,0.031189083820662766,,0.9732441471571907,,0.031189083820662766,,30.75,3.663417043515922
597,0.1,30.39,7.23871,26.06,8.271413498696276,1.5610227081394588,0.031189083820662766,,0.9732441471571907,,0.031189083820662766,,26.06,8.271413498696276
2069,0.1,41.69,7.4832589033,65.62,8.533798150252306,0.749546,0.031189083820662766,,0.9732441471571907,,0.031189083820662766,,65.62,8.533798150252306
1976,0.1,59.877,8.96336,80.35,8.710168904533205,1.5610227081394588,0.031189083820662766,,0.9732441471571907,,0.031189083820662766,,80.35,8.710168904533205
829,0.1,69.11,9.7546,317.0,11.090279890656948,5.76818,0.031189083820662766,,1.0,,0.031189083820662766,,317.0,11.090279890656948
1082,0.1,10.52,3.2859388,16.51,3.864485897348587,0.272462,0.031189083820662766,,0.9732441471571907,,0.031189083820662766,,16.51,3.864485897348587
1867,0.1,64.57,9.21314,96.4,11.336305608388908,0.42105705,0.031189083820662766,,0.9732441471571907,,0.031189083820662766,,96.4,11.336305608388908
1735,0.1,9.13,3.05136,16.34,3.66518866085525,0.392416,0.031189083820662766,,0.9732441471571907,,0.031189083820662766,,16.34,3.66518866085525
1957,0.1,108.43,11.4232,317.0,12.485288735898353,1.4737438,0.05660377358490566,,1.0,,0.05660377358490566,,317.0,12.485288735898353
322,0.1,65.27000000000002,9.21314,94.77,11.090287016994589,0.5201643,0.031189083820662766,,0.9732441471571907,,0.031189083820662766,,94.77,11.090287016994589
1444,0.1,49.051000000000016,8.72806,55.81,7.284540444772749,1.0350502,0.031189083820662766,,0.9732441471571907,,0.031189083820662766,,55.81,7.284540444772749
619,0.1,94.26,11.0372,317.0,-17.43016025266555,46.48904,0.031189083820662766,,1.0,,0.031189083820662766,,317.0,-17.43016025266555
264,0.1,2.83,1.501448,8.34,1.736660447520631,0.841036,0.031189083820662766,,0.9732441471571907,,0.031189083820662766,,8.34,1.736660447520631
1559,0.1,56.48,8.8779,80.77,9.925532042322391,0.6056152,0.031189083820662766,,0.9732441471571907,,0.031189083820662766,,80.77,9.925532042322391
2153,0.1,68.82,9.716056,112.25,7.629118130610548,4.17196,0.031189083820662766,,1.0,,0.031189083820662766,,112.25,7.629118130610548
831,0.1,317.0,10.27194459416307,317.0,8.271413498696276,1.5610227081394588,1.0,,1.0,,1.0,,317.0,8.271413498696276
2343,0.1,77.82,10.27194459416307,89.18,10.43861050360512,0.688064,0.031189083820662766,,1.0,,0.031189083820662766,,89.18,10.43861050360512
1782,0.1,35.89,7.022319,73.04,8.994464172471918,0.857036,0.031189083820662766,,0.9732441471571907,,0.031189083820662766,,73.04,8.994464172471918
1960,0.1,83.59,10.9219,317.0,15.220400856135011,1.2394345,0.031189083820662766,,1.0,,0.031189083820662766,,317.0,15.220400856135011
971,0.1,0.92,0.97952,2.27,1.118737120252003,0.145092,0.031189083820662766,,0.9565217391304348,,0.031189083820662766,,2.27,1.118737120252003
1076,0.1,8.53,2.8333468096000005,13.43,3.415233282009816,0.233363,0.031189083820662766,,0.9732441471571907,,0.031189083820662766,,13.43,3.415233282009816
398,0.1,3.44,1.686631414,20.17,2.8665462394455816,1.44458,0.031189083820662766,,0.9732441471571907,,0.031189083820662766,,20.17,2.8665462394455816
440,0.1,2.12,1.312234294,2.58,8.271413498696276,1.5610227081394588,0.031189083820662766,,0.9732441471571907,,0.031189083820662766,,2.58,8.271413498696276
117,0.1,99.39,11.437085683,99.04,11.470054842741396,0.4648629,0.05660377358490566,,1.0,,0.05660377358490566,,99.04,11.470054842741396
48,0.1,28.87,5.90327,48.6,7.306190385830756,0.539026,0.031189083820662766,,0.9732441471571907,,0.031189083820662766,,48.6,7.306190385830756
303,0.1,111.112,10.948019801,317.0,16.18697531924378,1.2277269,0.05660377358490566,,1.0,,0.05660377358490566,,317.0,16.18697531924378
220,0.1,7.414000000000001,2.6584,20.6,4.347776827601479,0.34581897,0.031189083820662766,,0.9732441471571907,,0.031189083820662766,,20.6,4.347776827601479
1895,0.1,5.79,2.25689,6.64,2.2036409756629105,0.193343,0.031189083820662766,,0.9732441471571907,,0.031189083820662766,,6.64,2.2036409756629105
1691,0.1,104.62,10.27194459416307,317.0,18.727168904533205,1.5610227081394588,0.05660377358490566,,1.0,,0.05660377358490566,,317.0,18.727168904533205
963,0.1,317.0,14.86959617,317.0,17.04864129525265,0.9596931,1.0,,1.0,,1.0,,317.0,17.04864129525265
1751,0.1,68.76,10.27194459416307,126.61,11.896068904533204,1.5610227081394588,0.031189083820662766,,1.0,,0.031189083820662766,,126.61,11.896068904533204
2435,0.1,44.95,8.1288,59.77,8.236249825239064,0.56839865,0.031189083820662766,,0.9732441471571907,,0.031189083820662766,,59.77,8.236249825239064
1068,0.1,73.79,10.1474,317.0,13.827468904533204,1.5610227081394588,0.031189083820662766,,1.0,,0.031189083820662766,,317.0,13.827468904533204
2421,0.1,31.14100000000001,6.170988152,40.3,5.090328904533205,1.5610227081394588,0.031189083820662766,,0.9732441471571907,,0.031189083820662766,,40.3,5.090328904533205
2401,0.1,127.13,13.382013,317.0,14.673088227843207,1.114856,0.1,,1.0,,0.1,,317.0,14.673088227843207
2082,0.1,15.49,4.0359551923,26.22,5.17911268228692,0.255766,0.031189083820662766,,0.9732441471571907,,0.031189083820662766,,26.22,5.17911268228692
530,0.1,55.37300000000001,9.851770882,317.0,8.271413498696276,1.5610227081394588,0.031189083820662766,,1.0,,0.031189083820662766,,317.0,8.271413498696276
758,0.1,4.44,1.94753,9.11,2.617922562780003,0.27015966,0.031189083820662766,,0.9732441471571907,,0.031189083820662766,,9.11,2.617922562780003
1148,0.1,74.68,10.1999,115.1,11.907678005937669,0.946292,0.031189083820662766,,1.0,,0.031189083820662766,,115.1,11.907678005937669
646,0.1,3.62,1.7743707000000006,7.43,1.4801841662511466,0.69834507,0.031189083820662766,,0.9732441471571907,,0.031189083820662766,,7.43,1.4801841662511466
1992,0.1,79.236,10.27194459416307,93.25,9.645368904533203,1.5610227081394588,0.031189083820662766,,1.0,,0.031189083820662766,,93.25,9.645368904533203
317,0.1,28.33,5.657227,79.63,6.38736108994815,3.2976332,0.031189083820662766,,0.9732441471571907,,0.031189083820662766,,79.63,6.38736108994815
191,0.1,1.95,1.20704,6.32,2.2337203103428624,0.123329535,0.031189083820662766,,0.9473684210526315,,0.031189083820662766,,6.32,2.2337203103428624
457,0.1,0.69,0.908661736,0.57,0.7820409868304293,0.066986,0.031189083820662766,,0.9473684210526315,,0.031189083820662766,,0.57,0.7820409868304293
672,0.1,74.14,10.1612,317.0,25.40680713186504,4.10377,0.031189083820662766,,1.0,,0.031189083820662766,,317.0,25.40680713186504
2405,0.1,21.99,5.026322729,49.79,4.9738848784668965,2.39727,0.031189083820662766,,0.9732441471571907,,0.031189083820662766,,49.79,4.9738848784668965
477,0.1,74.84,10.2185,101.4,11.328961006212989,0.676242,0.031189083820662766,,0.9732441471571907,,0.031189083820662766,,101.4,11.328961006212989
2066,0.1,65.27000000000002,8.99483,317.0,0.8653208866625484,12.343045,0.031189083820662766,,0.9732441471571907,,0.031189083820662766,,317.0,0.8653208866625484
2281,0.1,127.12,13.18791073,317.0,15.500103701349696,0.684714,0.1,,1.0,,0.1,,317.0,15.500103701349696
1009,0.1,36.24,7.342804,317.0,8.271413498696276,1.5610227081394588,0.031189083820662766,,0.9732441471571907,,0.031189083820662766,,317.0,8.271413498696276
1604,0.1,80.393,10.27194459416307,317.0,12.95811352513724,1.65876,0.031189083820662766,,1.0,,0.031189083820662766,,317.0,12.95811352513724
2148,0.1,48.79,7.95884,76.61,9.369319278154832,0.792852,0.031189083820662766,,1.0,,0.031189083820662766,,76.61,9.369319278154832
286,0.1,4.18,1.87042,9.3,2.221296414701296,0.6084392,0.031189083820662766,,0.9732441471571907,,0.031189083820662766,,9.3,2.221296414701296
666,0.1,0.88,0.971879488,2.39,1.2331540632825673,0.09001432,0.031189083820662766,,0.9473684210526315,,0.031189083820662766,,2.39,1.2331540632825673
1013,0.1,32.02,6.20845,60.48,7.737857583400555,1.0058509,0.031189083820662766,,1.0,,0.031189083820662766,,60.48,7.737857583400555
2323,0.1,4.973,2.11414,14.81,3.521861351712717,0.3306372,0.031189083820662766,,0.9732441471571907,,0.031189083820662766,,14.81,3.521861351712717
425,0.1,0.81,0.949185781,0.56,-2.555493429669504,2.6625428,0.031189083820662766,,0.9473684210526315,,0.031189083820662766,,0.56,-2.555493429669504
708,0.1,23.56,5.18865,32.12,5.70043514817198,0.414634,0.031189083820662766,,0.9732441471571907,,0.031189083820662766,,32.12,5.70043514817198
2073,0.1,52.71,9.612096,86.46,9.120199184958947,1.56849,0.031189083820662766,,1.0,,0.031189083820662766,,86.46,9.120199184958947
1180,0.1,2.1890000000000005,1.28228,2.55,-1.095123689978571,1.9496018,0.031189083820662766,,0.9473684210526315,,0.031189083820662766,,2.55,-1.095123689978571
1603,0.1,34.83,6.74949,49.92,6.055448904533205,1.5610227081394588,0.031189083820662766,,0.9732441471571907,,0.031189083820662766,,49.92,6.055448904533205
206,0.1,4.634000000000001,1.95611,7.84,2.46255262184194,0.190993,0.031189083820662766,,0.9732441471571907,,0.031189083820662766,,7.84,2.46255262184194
1510,0.1,90.88,11.507,111.07,11.988399225810628,0.71792996,0.031189083820662766,,1.0,,0.031189083820662766,,111.07,11.988399225810628
2344,0.1,30.91,5.7177,96.36,9.117004193069334,2.07623,0.031189083820662766,,1.0,,0.031189083820662766,,96.36,9.117004193069334
1830,0.1,7.0,2.538544064,10.35,1.2960546912018032,1.4817452,0.031189083820662766,,0.9732441471571907,,0.031189083820662766,,10.35,1.2960546912018032
906,0.1,21.260000000000005,4.8523133734,29.45,4.503776386694496,1.10109,0.031189083820662766,,0.9732441471571907,,0.031189083820662766,,29.45,4.503776386694496
1002,0.1,28.48,6.09992,61.11,7.056608904533205,1.5610227081394588,0.031189083820662766,,0.9732441471571907,,0.031189083820662766,,61.11,7.056608904533205
1785,0.1,80.41000000000001,10.6878,111.35,12.048771230504023,0.68552405,0.031189083820662766,,1.0,,0.031189083820662766,,111.35,12.048771230504023
2047,0.1,12.37,3.5584874961,69.06,9.27874240865895,0.37578428,0.031189083820662766,,0.9732441471571907,,0.031189083820662766,,69.06,9.27874240865895
1977,0.1,76.52,10.3670919,101.85,11.399686906411414,0.6762973,0.031189083820662766,,0.9732441471571907,,0.031189083820662766,,101.85,11.399686906411414
578,0.1,108.763,10.8015,317.0,17.645841061955366,4.50006,0.05660377358490566,,1.0,,0.05660377358490566,,317.0,17.645841061955366
2326,0.1,77.95,10.27194459416307,103.82,8.418830513340406,3.1102912,0.031189083820662766,,1.0,,0.031189083820662766,,103.82,8.418830513340406
1118,0.1,58.97,8.90314,94.69,9.749468904533206,1.5610227081394588,0.031189083820662766,,1.0,,0.031189083820662766,,94.69,9.749468904533206
1601,0.1,65.7,10.27194459416307,119.09,10.927283402664711,1.96279,0.031189083820662766,,1.0,,0.031189083820662766,,119.09,10.927283402664711
2259,0.1,75.41400000000002,10.27194459416307,116.48,12.307266913011404,0.741939,0.031189083820662766,,1.0,,0.031189083820662766,,116.48,12.307266913011404
2094,0.1,2.563,1.4035863989,7.56,2.480044058270652,0.127163,0.031189083820662766,,0.9732441471571907,,0.031189083820662766,,7.56,2.480044058270652
2015,0.1,25.93,6.22936,69.61,8.271413498696276,1.5610227081394588,0.031189083820662766,,0.9732441471571907,,0.031189083820662766,,69.61,8.271413498696276
1322,0.1,72.87,10.0826,91.68,11.004108537645068,0.399353,0.031189083820662766,,1.0,,0.031189083820662766,,91.68,11.004108537645068
704,0.1,7.81,2.71349,26.66,5.130012908126224,0.357814,0.031189083820662766,,0.9732441471571907,,0.031189083820662766,,26.66,5.130012908126224
1670,0.1,123.771,10.27194459416307,317.0,27.18246890453321,1.5610227081394588,0.1,,1.0,,0.1,,317.0,27.18246890453321
1942,0.1,111.59,12.51826934,317.0,15.4755785357117,0.5737162,0.05660377358490566,,1.0,,0.05660377358490566,,317.0,15.4755785357117
414,0.1,117.185,12.9823,317.0,16.340012284390475,0.7382412,0.05660377358490566,,1.0,,0.05660377358490566,,317.0,16.340012284390475
133,0.1,6.38,2.404864435,8.99,2.668742553293745,0.21325822,0.031189083820662766,,0.9732441471571907,,0.031189083820662766,,8.99,2.668742553293745
1368,0.1,3.2430000000000003,1.6124223128,6.41,1.9605867367912329,0.35092917,0.031189083820662766,,0.9732441471571907,,0.031189083820662766,,6.41,1.9605867367912329
764,0.1,1.95,1.214566424,5.08,1.7130750420896257,0.30378047,0.031189083820662766,,0.9565217391304348,,0.031189083820662766,,5.08,1.7130750420896257
436,0.1,4.66,1.998029832,8.22,1.955949053664762,1.020019,0.031189083820662766,,0.9732441471571907,,0.031189083820662766,,8.22,1.955949053664762
1635,0.1,90.34,11.389443976,121.93,11.686768904533206,1.5610227081394588,0.031189083820662766,,1.0,,0.031189083820662766,,121.93,11.686768904533206
794,0.1,91.66,11.50390062,105.95,11.412352660407317,0.8909824,0.031189083820662766,,1.0,,0.031189083820662766,,105.95,11.412352660407317
923,0.1,9.15,2.9936460473,14.19,3.338964011155088,0.3972419,0.031189083820662766,,0.9732441471571907,,0.031189083820662766,,14.19,3.338964011155088
2167,0.1,38.63,6.98229,68.58,9.162817647430174,0.390388,0.031189083820662766,,0.9732441471571907,,0.031189083820662766,,68.58,9.162817647430174
2075,0.1,317.0,13.49117281,317.0,32.761068904533204,1.5610227081394588,1.0,,1.0,,1.0,,317.0,32.761068904533204
1780,0.1,21.13,4.862440485,34.25,5.63798323451346,0.65248,0.031189083820662766,,0.9732441471571907,,0.031189083820662766,,34.25,5.63798323451346
1518,0.1,1.16,10.27194459416307,38.67,8.271413498696276,1.5610227081394588,0.031189083820662766,,1.0,,0.031189083820662766,,38.67,8.271413498696276
1292,0.1,2.3,1.318046443,2.59,1.3036866912624,0.0911265,0.031189083820662766,,0.9565217391304348,,0.031189083820662766,,2.59,1.3036866912624
1431,0.1,317.0,13.462422322,317.0,18.956231485909534,1.0926616,1.0,,1.0,,1.0,,317.0,18.956231485909534
2004,0.1,1.85,1.197424706,2.98,0.2374299308752054,1.0142795,0.031189083820662766,,0.9473684210526315,,0.031189083820662766,,2.98,0.2374299308752054
1818,0.1,25.93,6.718718000000001,95.95,8.271413498696276,1.5610227081394588,0.031189083820662766,,0.9732441471571907,,0.031189083820662766,,95.95,8.271413498696276
562,0.1,84.85,10.27194459416307,317.0,12.945820079884388,0.912472,0.031189083820662766,,1.0,,0.031189083820662766,,317.0,12.945820079884388
1339,0.1,97.91,10.27194459416307,317.0,14.279568904533209,1.5610227081394588,0.05660377358490566,,1.0,,0.05660377358490566,,317.0,14.279568904533209
1639,0.1,100.58,11.6629,317.0,14.132552895128065,0.721584,0.05660377358490566,,1.0,,0.05660377358490566,,317.0,14.132552895128065
2137,0.1,84.15,10.27194459416307,111.88,10.475846687675332,1.9405705,0.031189083820662766,,1.0,,0.031189083820662766,,111.88,10.475846687675332
1390,0.1,29.438,5.739538295,105.36,9.851272715354895,2.06455,0.031189083820662766,,0.9732441471571907,,0.031189083820662766,,105.36,9.851272715354895
11,0.1,111.112,12.78036574,125.23,12.947949721673632,0.7051293,0.05660377358490566,,1.0,,0.05660377358490566,,125.23,12.947949721673632
2338,0.1,33.08,9.00484,317.0,8.271413498696276,1.5610227081394588,0.031189083820662766,,1.0,,0.031189083820662766,,317.0,8.271413498696276
1465,0.1,3.745000000000005,1.772294492700001,5.59,1.7294811337011915,0.38694382,0.031189083820662766,,0.9732441471571907,,0.031189083820662766,,5.59,1.7294811337011915
723,0.1,107.04,12.4956,317.0,25.318651484315744,8.17427,0.05660377358490566,,1.0,,0.05660377358490566,,317.0,25.318651484315744
1349,0.1,54.63,8.4993,81.41,9.681880776017598,0.826123,0.031189083820662766,,0.9732441471571907,,0.031189083820662766,,81.41,9.681880776017598
305,0.1,110.564,12.12054,317.0,15.172687261377112,2.504766,0.05660377358490566,,1.0,,0.05660377358490566,,317.0,15.172687261377112
850,0.1,4.23,2.98877,8.38,8.271413498696276,1.5610227081394588,0.031189083820662766,,0.9732441471571907,,0.031189083820662766,,8.38,8.271413498696276
442,0.1,3.45,1.7195885374,3.95,1.666617510929293,0.114574,0.031189083820662766,,0.9732441471571907,,0.031189083820662766,,3.95,1.666617510929293
2221,0.1,115.987,11.727850000000002,317.0,14.559891906240347,0.732946,0.05660377358490566,,1.0,,0.05660377358490566,,317.0,14.559891906240347
1725,0.1,52.42,8.439638,317.0,13.723868904533203,1.5610227081394588,0.031189083820662766,,1.0,,0.031189083820662766,,317.0,13.723868904533203
157,0.1,14.74,3.744886,34.73,4.6675388487181255,0.314799,0.031189083820662766,,0.9732441471571907,,0.031189083820662766,,34.73,4.6675388487181255
812,0.1,5.79,2.25689,10.52,2.954032157549382,0.21258712,0.031189083820662766,,0.9732441471571907,,0.031189083820662766,,10.52,2.954032157549382
1154,0.1,4.25,1.89602,7.16,2.188513628881865,0.30035052,0.031189083820662766,,0.9732441471571907,,0.031189083820662766,,7.16,2.188513628881865
1467,0.1,2.54,1.398886601,3.75,1.5511761464641975,0.164694,0.031189083820662766,,0.9473684210526315,,0.031189083820662766,,3.75,1.5511761464641975
1984,0.1,96.91,11.761605629,104.12,11.61011635274446,0.65872,0.031189083820662766,,1.0,,0.031189083820662766,,104.12,11.61011635274446
638,0.1,317.0,18.03115599,317.0,37.437228689546345,4.42399,1.0,,1.0,,1.0,,317.0,37.437228689546345
1055,0.1,12.14,3.54571,99.1,2.8234677963780754,1.5592829,0.031189083820662766,,0.9732441471571907,,0.031189083820662766,,99.1,2.8234677963780754
18,0.1,67.34,9.615885133,90.88,10.317942907966216,1.480912,0.031189083820662766,,1.0,,0.031189083820662766,,90.88,10.317942907966216
229,0.1,317.0,14.645944693000002,317.0,35.75750825739313,10.8637,1.0,,1.0,,1.0,,317.0,35.75750825739313
200,0.1,2.79,1.477775413,5.47,0.1075954884718397,1.6291252,0.031189083820662766,,0.9565217391304348,,0.031189083820662766,,5.47,0.1075954884718397
891,0.1,26.62,4.96046,83.22,9.937150408752604,0.742264,0.031189083820662766,,0.9732441471571907,,0.031189083820662766,,83.22,9.937150408752604
1175,0.1,81.394,10.309881215914151,113.28,12.193083651331236,0.657419,0.031189083820662766,,1.0,,0.031189083820662766,,113.28,12.193083651331236
2349,0.1,83.10600000000001,10.85743708,317.0,14.081302844483169,0.916465,0.031189083820662766,,1.0,,0.031189083820662766,,317.0,14.081302844483169
1300,0.1,15.151000000000002,4.22851,80.06,6.020929489916009,3.58922,0.031189083820662766,,0.9732441471571907,,0.031189083820662766,,80.06,6.020929489916009
1323,0.1,317.0,15.167140933,317.0,18.796698266229843,0.96118,1.0,,1.0,,1.0,,317.0,18.796698266229843
991,0.1,41.83,7.26341,95.88,10.871555655383144,0.765591,0.031189083820662766,,1.0,,0.031189083820662766,,95.88,10.871555655383144
793,0.1,91.02,11.64707573,317.0,13.689971327143844,0.67124,0.031189083820662766,,1.0,,0.031189083820662766,,317.0,13.689971327143844
1964,0.1,91.88,10.27194459416307,317.0,15.45272785601605,0.9979907,0.031189083820662766,,1.0,,0.031189083820662766,,317.0,15.45272785601605
47,0.1,77.13,10.151510000000002,110.14,12.423774700379573,0.731867,0.031189083820662766,,1.0,,0.031189083820662766,,110.14,12.423774700379573
712,0.1,75.59,10.264,317.0,15.722438850873385,1.38618,0.031189083820662766,,1.0,,0.031189083820662766,,317.0,15.722438850873385
438,0.1,1.9080000000000008,1.2070941298000002,3.18,1.2742459403176212,0.25002378,0.031189083820662766,,0.9732441471571907,,0.031189083820662766,,3.18,1.2742459403176212
296,0.1,13.78,3.74681,34.1,-4.574885445835647,8.41901,0.031189083820662766,,0.9732441471571907,,0.031189083820662766,,34.1,-4.574885445835647
1607,0.1,54.85800000000001,8.521089,116.14,12.161299252764389,0.842573,0.031189083820662766,,1.0,,0.031189083820662766,,116.14,12.161299252764389
878,0.1,88.35,11.2199,317.0,16.947942383891693,7.460604,0.031189083820662766,,1.0,,0.031189083820662766,,317.0,16.947942383891693
194,0.1,7.58,2.65245,13.52,3.3791250835316715,0.273399,0.031189083820662766,,0.9732441471571907,,0.031189083820662766,,13.52,3.3791250835316715
175,0.1,97.44,11.8344,317.0,14.522591316659607,0.813864,0.031189083820662766,,1.0,,0.031189083820662766,,317.0,14.522591316659607
2173,0.1,317.0,15.645725768,317.0,17.849382569050032,0.7559893,1.0,,1.0,,1.0,,317.0,17.849382569050032
461,0.1,317.0,16.7087,317.0,19.00103578571055,0.900287,1.0,,1.0,,1.0,,317.0,19.00103578571055
1203,0.1,3.9,1.799296606,4.56,1.8512085658337984,0.107449,0.031189083820662766,,0.9732441471571907,,0.031189083820662766,,4.56,1.8512085658337984
2242,0.1,76.0,10.32616195,95.36,11.346505796943685,0.353619,0.031189083820662766,,0.9732441471571907,,0.031189083820662766,,95.36,11.346505796943685
1627,0.1,119.428,10.430811215914156,99.88,11.17229486248516,1.32894,0.1,,1.0,,0.1,,99.88,11.17229486248516
17,0.1,6.746,2.47030768,18.15,4.127623456796256,0.243975,0.031189083820662766,,0.9732441471571907,,0.031189083820662766,,18.15,4.127623456796256
1544,0.1,11.72,3.45801,22.7,4.690547332025798,0.303041,0.031189083820662766,,0.9732441471571907,,0.031189083820662766,,22.7,4.690547332025798
946,0.1,5.32,2.1598890833,6.79,-0.730498086145615,2.5167987,0.031189083820662766,,0.9732441471571907,,0.031189083820662766,,6.79,-0.730498086145615
489,0.1,7.52,2.23876,9.48,2.5057708374500294,0.41319102,0.031189083820662766,,1.0,,0.031189083820662766,,9.48,2.5057708374500294
2262,0.1,68.18,9.615885133,130.11,7.29438985458039,5.37763,0.031189083820662766,,1.0,,0.031189083820662766,,130.11,7.29438985458039
385,0.1,5.9620000000000015,2.3188929801,6.13,1.703530073348273,0.51685,0.031189083820662766,,0.9732441471571907,,0.031189083820662766,,6.13,1.703530073348273
2293,0.1,7.74,2.67981,8.69,2.6138420654859638,0.205273,0.031189083820662766,,0.9732441471571907,,0.031189083820662766,,8.69,2.6138420654859638
1909,0.1,1.11,1.036506337,2.19,1.0735096976829452,0.16381204,0.031189083820662766,,0.9732441471571907,,0.031189083820662766,,2.19,1.0735096976829452
145,0.1,2.86,1.499704002,7.09,2.1175904112201125,0.34479496,0.031189083820662766,,0.9732441471571907,,0.031189083820662766,,7.09,2.1175904112201125
977,0.1,80.76,10.27194459416307,112.14,12.219376758086192,0.5946677,0.031189083820662766,,1.0,,0.031189083820662766,,112.14,12.219376758086192
1716,0.1,317.0,13.503595925,317.0,13.730174886091156,1.1299,1.0,,1.0,,1.0,,317.0,13.730174886091156
818,0.1,4.79,1.9885548134,5.49,0.3130773977100805,1.4735351,0.031189083820662766,,0.9732441471571907,,0.031189083820662766,,5.49,0.3130773977100805
1732,0.1,25.89,5.480026583,33.72,5.4631075590893845,0.7326464,0.031189083820662766,,0.9732441471571907,,0.031189083820662766,,33.72,5.4631075590893845
1277,0.1,98.573,11.95149929,119.65,12.495347382633543,0.743905,0.05660377358490566,,1.0,,0.05660377358490566,,119.65,12.495347382633543
2371,0.1,45.63,6.940121298,71.85,9.834639168705234,0.309282,0.031189083820662766,,1.0,,0.031189083820662766,,71.85,9.834639168705234
1275,0.1,73.11,9.940257,98.96,11.065136551305832,0.809459,0.031189083820662766,,1.0,,0.031189083820662766,,98.96,11.065136551305832
1631,0.1,48.58,9.0709542765,55.58,8.271413498696276,1.5610227081394588,0.031189083820662766,,1.0,,0.031189083820662766,,55.58,8.271413498696276
418,0.1,19.14,2.23876,317.0,8.271413498696276,1.5610227081394588,0.031189083820662766,,1.0,,0.031189083820662766,,317.0,8.271413498696276
1848,0.1,7.37,3.001053097,6.63,1.8565354072484297,0.238129,0.031189083820662766,,0.9732441471571907,,0.031189083820662766,,6.63,1.8565354072484297
1673,0.1,44.25,7.916340000000001,55.64,7.946317249623278,0.491188,0.031189083820662766,,0.9732441471571907,,0.031189083820662766,,55.64,7.946317249623278
582,0.1,127.12,13.838301755,317.0,14.97853931383332,0.73173845,0.1,,1.0,,0.1,,317.0,14.97853931383332
1770,0.1,61.78,9.010144100000002,317.0,14.219134841384909,0.639276,0.031189083820662766,,1.0,,0.031189083820662766,,317.0,14.219134841384909
254,0.1,8.548,2.851645,16.62,2.5775434472968906,1.2984,0.031189083820662766,,0.9732441471571907,,0.031189083820662766,,16.62,2.5775434472968906
1367,0.1,2.24,1.298485869,3.84,1.630526477071529,0.111992,0.031189083820662766,,0.9565217391304348,,0.031189083820662766,,3.84,1.630526477071529
300,0.1,6.38,2.404864435,7.63,1.1689227988603044,1.172365,0.031189083820662766,,0.9732441471571907,,0.031189083820662766,,7.63,1.1689227988603044
1757,0.1,89.0,10.810899513000004,105.16,11.670120528778725,0.6465426,0.031189083820662766,,1.0,,0.031189083820662766,,105.16,11.670120528778725
30,0.1,1.12,1.040795413,2.74,-0.8944509567532879,1.8385029,0.031189083820662766,,0.9473684210526315,,0.031189083820662766,,2.74,-0.8944509567532879
657,0.1,50.98,8.09927,65.96,9.058366648782728,0.3442331,0.031189083820662766,,0.9732441471571907,,0.031189083820662766,,65.96,9.058366648782728
1887,0.1,9.2,3.15801,17.74,2.3790989045332047,1.5610227081394588,0.031189083820662766,,0.9732441471571907,,0.031189083820662766,,17.74,2.3790989045332047
1101,0.1,51.62700000000002,8.224868661,86.56,10.257550440749256,0.696148,0.031189083820662766,,1.0,,0.031189083820662766,,86.56,10.257550440749256
517,0.1,28.87,6.3744,40.76,1.401367302281849,4.4914646,0.031189083820662766,,0.9732441471571907,,0.031189083820662766,,40.76,1.401367302281849
713,0.1,10.296,3.178853,24.39,4.860042092706182,0.336684,0.031189083820662766,,0.9732441471571907,,0.031189083820662766,,24.39,4.860042092706182
386,0.1,77.13,10.417,120.72,12.56075689020078,1.05797,0.031189083820662766,,1.0,,0.031189083820662766,,120.72,12.56075689020078
459,0.1,73.47200000000001,9.940257,118.08,12.37532359054418,0.793785,0.031189083820662766,,1.0,,0.031189083820662766,,118.08,12.37532359054418
1491,0.1,15.0,4.81101,114.85,6.114020166255118,5.49473,0.031189083820662766,,0.9732441471571907,,0.031189083820662766,,114.85,6.114020166255118
1926,0.1,25.06,6.22936,29.46,8.271413498696276,1.5610227081394588,0.031189083820662766,,0.9732441471571907,,0.031189083820662766,,29.46,8.271413498696276
1646,0.1,34.69,6.661507000000001,46.76,5.764378904533205,1.5610227081394588,0.031189083820662766,,0.9732441471571907,,0.031189083820662766,,46.76,5.764378904533205
536,0.1,14.75,3.93221,28.62,5.574602724516391,0.331791,0.031189083820662766,,0.9732441471571907,,0.031189083820662766,,28.62,5.574602724516391
1647,0.1,58.97,8.8779,97.68,11.050069667513355,0.71923,0.031189083820662766,,1.0,,0.031189083820662766,,97.68,11.050069667513355
1512,0.1,12.241,3.747539,21.44,4.421413465471276,0.375862,0.031189083820662766,,0.9732441471571907,,0.031189083820662766,,21.44,4.421413465471276
283,0.1,7.24,2.59639,23.11,-1.4187824144995165,3.122172,0.031189083820662766,,0.9732441471571907,,0.031189083820662766,,23.11,-1.4187824144995165
1257,0.1,74.5,10.22067831,107.46,11.653883021157096,0.928107,0.031189083820662766,,0.9732441471571907,,0.031189083820662766,,107.46,11.653883021157096
2390,0.1,53.96,8.164886000000003,82.61,9.942949157969586,0.716671,0.031189083820662766,,1.0,,0.031189083820662766,,82.61,9.942949157969586
609,0.1,16.05,4.13797,28.66,3.369699480879243,1.9105465,0.031189083820662766,,0.9732441471571907,,0.031189083820662766,,28.66,3.369699480879243
1665,0.1,81.8,10.27194459416307,317.0,8.271413498696276,1.5610227081394588,0.031189083820662766,,1.0,,0.031189083820662766,,317.0,8.271413498696276
1038,0.1,317.0,17.7665063,317.0,15.82702093522115,9.09318,1.0,,1.0,,1.0,,317.0,15.82702093522115
1771,0.1,8.626,2.892671439400001,10.44,2.8218467146561186,0.294622,0.031189083820662766,,0.9732441471571907,,0.031189083820662766,,10.44,2.8218467146561186
1069,0.1,40.19200000000002,7.00844,317.0,15.030099091696709,6.70968,0.031189083820662766,,1.0,,0.031189083820662766,,317.0,15.030099091696709
1852,0.1,7.962000000000002,2.93924,14.24,3.426375847466116,0.340606,0.031189083820662766,,0.9732441471571907,,0.031189083820662766,,14.24,3.426375847466116
458,0.1,4.27,1.90837771,9.0,1.9632920444169304,0.596427,0.031189083820662766,,0.9732441471571907,,0.031189083820662766,,9.0,1.9632920444169304
503,0.1,4.71,2.02068,9.05,1.5749051837217014,1.0760398,0.031189083820662766,,0.9732441471571907,,0.031189083820662766,,9.05,1.5749051837217014
2213,0.1,41.6,6.940121298,69.4,9.080187707965813,0.518787,0.031189083820662766,,0.9732441471571907,,0.031189083820662766,,69.4,9.080187707965813
1526,0.1,3.03,1.553134989,6.27,-4.948886923248206,5.718552,0.031189083820662766,,0.9732441471571907,,0.031189083820662766,,6.27,-4.948886923248206
1388,0.1,8.26,2.73549,9.63,2.8627857554118865,0.152623,0.031189083820662766,,0.9732441471571907,,0.031189083820662766,,9.63,2.8627857554118865
1129,0.1,317.0,15.9563,317.0,21.3688133557322,1.1757971,1.0,,1.0,,1.0,,317.0,21.3688133557322
6,0.1,131.382,14.281092887,317.0,19.38273419233588,0.899664,0.1,,1.0,,0.1,,317.0,19.38273419233588
836,0.1,84.52,10.9718,109.15,12.065720051118756,0.578892,0.031189083820662766,,1.0,,0.031189083820662766,,109.15,12.065720051118756
670,0.1,88.76,11.2371,317.0,12.581187711455492,10.2479,0.031189083820662766,,1.0,,0.031189083820662766,,317.0,12.581187711455492
648,0.1,68.934,9.751201,95.3,8.427954431234049,3.636668,0.031189083820662766,,1.0,,0.031189083820662766,,95.3,8.427954431234049
2142,0.1,84.15,10.27194459416307,115.07,12.260806377702169,0.746512,0.031189083820662766,,1.0,,0.031189083820662766,,115.07,12.260806377702169
1426,0.1,19.450000000000003,4.6063654356,61.25,6.736613028463816,1.86455,0.031189083820662766,,0.9732441471571907,,0.031189083820662766,,61.25,6.736613028463816
1797,0.1,19.72,5.385266629,47.27,4.873028982948084,2.30594,0.031189083820662766,,0.9732441471571907,,0.031189083820662766,,47.27,4.873028982948084
488,0.1,9.31,3.0101,15.38,3.741972534209688,0.238537,0.031189083820662766,,0.9732441471571907,,0.031189083820662766,,15.38,3.741972534209688
2333,0.1,74.84,10.1999,91.81,8.882871835039378,2.0736494,0.031189083820662766,,1.0,,0.031189083820662766,,91.81,8.882871835039378
1212,0.1,4.27,1.947951,6.49,0.4292889045332049,1.5610227081394588,0.031189083820662766,,0.9732441471571907,,0.031189083820662766,,6.49,0.4292889045332049
1430,0.1,5.13,2.113848168,11.21,3.060837871633406,0.226641,0.031189083820662766,,0.9732441471571907,,0.031189083820662766,,11.21,3.060837871633406
778,0.1,4.72,2.00987,9.15,1.3194533023654906,1.2901354,0.031189083820662766,,0.9732441471571907,,0.031189083820662766,,9.15,1.3194533023654906
444,0.1,11.71,4.22851,42.21,5.298768904533205,1.5610227081394588,0.031189083820662766,,0.9732441471571907,,0.031189083820662766,,42.21,5.298768904533205
161,0.1,15.039,3.9792270412,22.34,2.604843976125595,1.8882914,0.031189083820662766,,0.9732441471571907,,0.031189083820662766,,22.34,2.604843976125595
2395,0.1,2.91,1.514836914,3.4,1.461537179662579,0.145724,0.031189083820662766,,0.9732441471571907,,0.031189083820662766,,3.4,1.461537179662579
249,0.1,2.4,1.35917743,4.28,-0.6078688075145164,1.9580723,0.031189083820662766,,0.9565217391304348,,0.031189083820662766,,4.28,-0.6078688075145164
892,0.1,14.37,4.0359551923,83.01,7.88717843980453,2.32743,0.031189083820662766,,0.9732441471571907,,0.031189083820662766,,83.01,7.88717843980453
1109,0.1,25.189000000000004,6.75509,90.02,9.426668904533203,1.5610227081394588,0.031189083820662766,,0.9732441471571907,,0.031189083820662766,,90.02,9.426668904533203
745,0.1,3.0720000000000027,1.6736016000000002,6.18,2.1034931128405123,0.194028,0.031189083820662766,,0.9732441471571907,,0.031189083820662766,,6.18,2.1034931128405123
173,0.1,85.3,10.6878,317.0,14.21688064177852,7.87344,0.031189083820662766,,1.0,,0.031189083820662766,,317.0,14.21688064177852
799,0.1,4.19,1.872114505,6.67,2.1068840133090365,0.28267094,0.031189083820662766,,0.9732441471571907,,0.031189083820662766,,6.67,2.1068840133090365
964,0.1,74.51,10.22067831,102.44,10.17189242375022,1.6935,0.031189083820662766,,1.0,,0.031189083820662766,,102.44,10.17189242375022
2045,0.1,38.63,5.7177,55.02,7.6127315796264305,0.7230957,0.031189083820662766,,1.0,,0.031189083820662766,,55.02,7.6127315796264305
1775,0.1,44.25,8.32531,40.02,8.271413498696276,1.5610227081394588,0.031189083820662766,,0.9732441471571907,,0.031189083820662766,,40.02,8.271413498696276
1374,0.1,6.59,2.327106516,7.18,1.808268910531772,0.6007387,0.031189083820662766,,0.9732441471571907,,0.031189083820662766,,7.18,1.808268910531772
828,0.1,5.19,2.13419,7.22,2.203403370525026,0.29829618,0.031189083820662766,,0.9732441471571907,,0.031189083820662766,,7.22,2.203403370525026
570,0.1,124.707,12.981503302,317.0,19.827068046794867,0.279842,0.1,,1.0,,0.1,,317.0,19.827068046794867
2430,0.1,80.42800000000001,10.27194459416307,118.26,12.680819404911704,0.556061,0.031189083820662766,,1.0,,0.031189083820662766,,118.26,12.680819404911704
1643,0.1,7.58,2.660025534,8.37,2.5689300254233887,0.194007,0.031189083820662766,,0.9732441471571907,,0.031189083820662766,,8.37,2.5689300254233887
1872,0.1,58.38,9.39506,80.42,9.441023862911916,0.9626542,0.031189083820662766,,1.0,,0.031189083820662766,,80.42,9.441023862911916
2149,0.1,87.88400000000001,11.2218,112.16,12.15405410363628,0.639339,0.031189083820662766,,1.0,,0.031189083820662766,,112.16,12.15405410363628
574,0.1,103.62,11.818637613,317.0,8.851903153342782,4.79364,0.05660377358490566,,1.0,,0.05660377358490566,,317.0,8.851903153342782
2052,0.1,51.77200000000001,8.64837,111.6,11.59547397440917,1.05624,0.031189083820662766,,0.9732441471571907,,0.031189083820662766,,111.6,11.59547397440917
880,0.1,3.23,1.6095868232,9.06,2.672389524088956,0.21712,0.031189083820662766,,0.9732441471571907,,0.031189083820662766,,9.06,2.672389524088956
1354,0.1,126.64,13.519485973000002,317.0,15.283067851076982,0.75672454,0.1,,1.0,,0.1,,317.0,15.283067851076982
688,0.1,12.806,3.7188,21.58,4.500369171252107,0.331864,0.031189083820662766,,0.9732441471571907,,0.031189083820662766,,21.58,4.500369171252107
953,0.1,1.38,1.101762401,2.72,1.2315272264294026,0.17426977,0.031189083820662766,,0.9473684210526315,,0.031189083820662766,,2.72,1.2315272264294026
342,0.1,68.55,9.598840000000004,317.0,-8.004478851186196,20.382994,0.031189083820662766,,1.0,,0.031189083820662766,,317.0,-8.004478851186196
1293,0.1,317.0,14.95447888,317.0,10.525670877243632,11.290005,1.0,,1.0,,1.0,,317.0,10.525670877243632
2096,0.1,89.798,10.7664,115.59,12.27862732789636,0.714035,0.031189083820662766,,1.0,,0.031189083820662766,,115.59,12.27862732789636
893,0.1,10.363,3.2564380713000007,21.34,2.896588904533205,1.5610227081394588,0.031189083820662766,,0.9732441471571907,,0.031189083820662766,,21.34,2.896588904533205
805,0.1,63.62,9.300241257,114.56,12.163697976125247,0.760486,0.031189083820662766,,1.0,,0.031189083820662766,,114.56,12.163697976125247
2364,0.1,15.73,3.721601549,87.93,10.954788595122825,0.367142,0.031189083820662766,,0.9732441471571907,,0.031189083820662766,,87.93,10.954788595122825
535,0.1,101.72,12.25573,317.0,19.035745266027376,0.71937275,0.05660377358490566,,1.0,,0.05660377358490566,,317.0,19.035745266027376
1273,0.1,103.62,12.42596749,317.0,13.779302899039031,0.819083,0.05660377358490566,,1.0,,0.05660377358490566,,317.0,13.779302899039031
921,0.1,49.31,8.01917,72.76,9.320242198961909,0.564205,0.031189083820662766,,0.9732441471571907,,0.031189083820662766,,72.76,9.320242198961909
1494,0.1,11.853000000000002,3.503024475,30.92,5.179210625587197,0.701649,0.031189083820662766,,0.9732441471571907,,0.031189083820662766,,30.92,5.179210625587197
2410,0.1,52.95,8.347597313,74.6,7.014120548657413,2.52458,0.031189083820662766,,1.0,,0.031189083820662766,,74.6,7.014120548657413
2210,0.1,25.89,5.480026583,40.17,6.459179531640792,0.49714726,0.031189083820662766,,0.9732441471571907,,0.031189083820662766,,40.17,6.459179531640792
483,0.1,98.09,11.95149929,123.82,12.9233567682888,0.652368,0.05660377358490566,,1.0,,0.05660377358490566,,123.82,12.9233567682888
80,0.1,94.831,10.27194459416307,317.0,13.974068904533205,1.5610227081394588,0.031189083820662766,,1.0,,0.031189083820662766,,317.0,13.974068904533205
979,0.1,34.69,6.52263,91.91,8.119360799693458,2.66157,0.031189083820662766,,1.0,,0.031189083820662766,,91.91,8.119360799693458
270,0.1,0.69,0.908661736,0.14,0.5476570903266559,0.0344566,0.031189083820662766,,0.9473684210526315,,0.031189083820662766,,0.14,0.5476570903266559
1448,0.1,41.0,7.23153,78.26,5.573862935540917,3.8474433,0.031189083820662766,,0.9732441471571907,,0.031189083820662766,,78.26,5.573862935540917
1979,0.1,2.13,1.27326,3.53,1.4757347284900255,0.164422,0.031189083820662766,,0.9732441471571907,,0.031189083820662766,,3.53,1.4757347284900255
475,0.1,121.6,13.49117281,317.0,13.895802479436975,1.0992488,0.1,,1.0,,0.1,,317.0,13.895802479436975
532,0.1,112.95,11.5901,317.0,27.972968904533207,1.5610227081394588,0.05660377358490566,,1.0,,0.05660377358490566,,317.0,27.972968904533207
1668,0.1,79.73400000000001,10.27194459416307,117.18,12.23939329981315,0.815267,0.031189083820662766,,1.0,,0.031189083820662766,,117.18,12.23939329981315
299,0.1,24.23,5.270600271,55.83,8.182343046074543,0.33535388,0.031189083820662766,,0.9732441471571907,,0.031189083820662766,,55.83,8.182343046074543
2268,0.1,58.38,9.448237,92.69,9.602368904533204,1.5610227081394588,0.031189083820662766,,1.0,,0.031189083820662766,,92.69,9.602368904533204
731,0.1,15.060000000000002,3.982720000000001,22.02,2.962918904533205,1.5610227081394588,0.031189083820662766,,0.9732441471571907,,0.031189083820662766,,22.02,2.962918904533205
485,0.1,4.51,1.911228227,7.25,1.4198776852716044,0.915131,0.031189083820662766,,0.9732441471571907,,0.031189083820662766,,7.25,1.4198776852716044
233,0.1,116.75,12.51593,317.0,13.755963458213174,0.5979688,0.05660377358490566,,1.0,,0.05660377358490566,,317.0,13.755963458213174
988,0.1,11.946000000000003,3.54571,46.66,-1.1609234051488215,6.953522,0.031189083820662766,,0.9732441471571907,,0.031189083820662766,,46.66,-1.1609234051488215
1555,0.1,3.645000000000001,1.733849,21.9,2.946200685323258,1.59253,0.031189083820662766,,0.9732441471571907,,0.031189083820662766,,21.9,2.946200685323258
1187,0.1,3.443,1.67736,5.18,1.818244071874964,0.24079674,0.031189083820662766,,0.9565217391304348,,0.031189083820662766,,5.18,1.818244071874964
916,0.1,5.89,2.30057,11.65,3.033894354322073,0.30991,,0.27213114754098366,,0.6938775510204082,,0.27213114754098366,11.65,3.033894354322073
1855,0.1,96.91,10.42804,121.48,12.816795503065254,0.640087,,0.27213114754098366,,0.8304498269896193,,0.27213114754098366,121.48,12.816795503065254
575,0.1,8.47,2.84674,7.52,2.4489058556878387,0.154363,,0.27213114754098366,,0.7657142857142857,,0.27213114754098366,7.52,2.4489058556878387
2431,0.1,117.11,13.27165,317.0,14.762200523844106,0.773281,,0.27213114754098366,,0.8304498269896193,,0.27213114754098366,317.0,14.762200523844106
1193,0.1,6.62,2.45531,17.51,4.05380291299332,0.243913,,0.27213114754098366,,0.7657142857142857,,0.27213114754098366,17.51,4.05380291299332
989,0.1,66.56,9.54526,317.0,10.38196957800132,6.28631,,0.27213114754098366,,0.8304498269896193,,0.27213114754098366,317.0,10.38196957800132
2354,0.1,87.05,10.27194459416307,122.07,12.067248492273556,1.2313935,,0.27213114754098366,,0.8304498269896193,,0.27213114754098366,122.07,12.067248492273556
1015,0.1,19.14,4.951403000000002,28.74,8.271413498696276,1.5610227081394588,,0.27213114754098366,,0.7657142857142857,,0.27213114754098366,28.74,8.271413498696276
832,0.1,317.0,14.6101,317.0,21.781868904533205,1.5610227081394588,,0.27213114754098366,,0.8304498269896193,,0.27213114754098366,317.0,21.781868904533205
2301,0.1,98.34,11.76950648,103.14,11.501883752072231,0.6672009,,0.27213114754098366,,0.8304498269896193,,0.27213114754098366,103.14,11.501883752072231
806,0.1,11.220000000000002,3.39245,19.15,4.151175507990062,0.346084,,0.27213114754098366,,0.7657142857142857,,0.27213114754098366,19.15,4.151175507990062
565,0.1,7.36,2.616310537,12.2,3.170877256855928,0.272617,,0.27213114754098366,,0.7657142857142857,,0.27213114754098366,12.2,3.170877256855928
1328,0.1,3.54,1.70003496,11.09,3.0323944529042386,0.225957,,0.27213114754098366,,0.7657142857142857,,0.27213114754098366,11.09,3.0323944529042386
1810,0.1,43.16,7.40327,61.72,8.000658878460449,0.892622,,0.27213114754098366,,0.8304498269896193,,0.27213114754098366,61.72,8.000658878460449
791,0.1,4.02,1.862558727,7.86,2.5089662803852617,0.174198,,0.27213114754098366,,0.6166666666666667,,0.27213114754098366,7.86,2.5089662803852617
2191,0.1,7.34,2.610331829,10.25,1.866272006468516,1.0234563,,0.27213114754098366,,0.6938775510204082,,0.27213114754098366,10.25,1.866272006468516
1190,0.1,44.02100000000001,7.481651000000001,103.38,11.652388436367657,0.5772,,0.27213114754098366,,0.8304498269896193,,0.27213114754098366,103.38,11.652388436367657
1079,0.1,2.74,1.45952,4.75,1.872425724552679,0.114591,,0.27213114754098366,,0.6166666666666667,,0.27213114754098366,4.75,1.872425724552679
1675,0.1,19.01,4.584822,34.26,4.465278904533205,1.5610227081394588,,0.27213114754098366,,0.7657142857142857,,0.27213114754098366,34.26,4.465278904533205
937,0.1,6.38,2.404864435,7.46,1.5648178855206551,0.835383,,0.27213114754098366,,0.7657142857142857,,0.27213114754098366,7.46,1.5648178855206551
2335,0.1,48.02000000000001,7.19016,100.85,7.093418931886808,3.97345,,0.27213114754098366,,0.8304498269896193,,0.27213114754098366,100.85,7.093418931886808
909,0.1,21.54,4.92227,36.41,6.107281305779794,0.458256,,0.27213114754098366,,0.7657142857142857,,0.27213114754098366,36.41,6.107281305779794
895,0.1,10.694,3.2807,17.25,4.002654093325189,0.241657,,0.27213114754098366,,0.7657142857142857,,0.27213114754098366,17.25,4.002654093325189
674,0.1,12.320000000000002,3.5571660000000014,27.97,0.230591569440814,4.2950416,,0.27213114754098366,,0.7657142857142857,,0.27213114754098366,27.97,0.230591569440814
1246,0.1,88.458,11.12151,129.58,13.308538874982217,0.65761,,0.27213114754098366,,0.8304498269896193,,0.27213114754098366,129.58,13.308538874982217
1613,0.1,82.77,10.8015,317.0,13.290468904533206,1.5610227081394588,,0.27213114754098366,,0.8304498269896193,,0.27213114754098366,317.0,13.290468904533206
1489,0.1,8.656,2.8545290134000005,14.37,3.48713301303024,0.298503,,0.27213114754098366,,0.7657142857142857,,0.27213114754098366,14.37,3.48713301303024
949,0.1,89.57,11.37324393,99.4,11.17173617568297,0.7181252,,0.27213114754098366,,0.8304498269896193,,0.27213114754098366,99.4,11.17173617568297
1185,0.1,317.0,14.6101,317.0,14.43740864624158,0.946034,,0.27213114754098366,,0.8304498269896193,,0.27213114754098366,317.0,14.43740864624158
746,0.1,19.35,4.615,76.17,6.323959700169159,3.12117,,0.27213114754098366,,0.7657142857142857,,0.27213114754098366,76.17,6.323959700169159
621,0.1,317.0,13.898792836,317.0,14.35494704166932,5.22012,,0.27213114754098366,,0.8304498269896193,,0.27213114754098366,317.0,14.35494704166932
1047,0.1,88.361,11.2371,317.0,15.35922909820011,4.43507,,0.27213114754098366,,0.8304498269896193,,0.27213114754098366,317.0,15.35922909820011
33,0.1,5.7,2.2235769549000004,3.59,0.7954233097286598,0.714717,,0.27213114754098366,,0.7657142857142857,,0.27213114754098366,3.59,0.7954233097286598
2119,0.1,5.31,2.16083,8.13,2.5572936141749447,0.170915,,0.27213114754098366,,0.6938775510204082,,0.27213114754098366,8.13,2.5572936141749447
568,0.1,4.4,1.9276922102,6.82,2.2435244689025664,0.202899,,0.27213114754098366,,0.6666666666666666,,0.27213114754098366,6.82,2.2435244689025664
684,0.1,317.0,14.8934,317.0,19.620087699669785,1.97652,,0.27213114754098366,,0.8304498269896193,,0.27213114754098366,317.0,19.620087699669785
302,0.1,89.0,10.27194459416307,105.64,10.355057326599123,1.699505,,0.27213114754098366,,0.8304498269896193,,0.27213114754098366,105.64,10.355057326599123
2189,0.1,88.92,10.5731,317.0,13.587031513980492,1.19704,,0.27213114754098366,,0.8304498269896193,,0.27213114754098366,317.0,13.587031513980492
1892,0.1,4.72,2.03371,6.55,2.266825941477932,0.137602,,0.27213114754098366,,0.7657142857142857,,0.27213114754098366,6.55,2.266825941477932
557,0.1,16.509000000000015,2.23876,317.0,8.271413498696276,1.5610227081394588,,0.27213114754098366,,0.7657142857142857,,0.27213114754098366,317.0,8.271413498696276
259,0.1,112.14,12.96216425,317.0,13.73769066044646,0.77020836,,0.27213114754098366,,0.8304498269896193,,0.27213114754098366,317.0,13.73769066044646
399,0.1,4.5280000000000005,1.90189,6.5,1.9168086563877191,0.40144834,,0.27213114754098366,,0.6938775510204082,,0.27213114754098366,6.5,1.9168086563877191
687,0.1,107.04,12.62979048,129.16,8.750594847689936,4.18181,,0.27213114754098366,,0.8304498269896193,,0.27213114754098366,129.16,8.750594847689936
53,0.1,29.29,5.94241,45.74,6.450525858540703,0.9441151,,0.27213114754098366,,0.8,,0.27213114754098366,45.74,6.450525858540703
1835,0.1,50.31,8.10129,78.84,9.70083627761992,0.660109,,0.27213114754098366,,0.8304498269896193,,0.27213114754098366,78.84,9.70083627761992
2261,0.1,34.67,6.51393,42.06,6.589864875508086,0.54134,,0.27213114754098366,,0.7657142857142857,,0.27213114754098366,42.06,6.589864875508086
1096,0.1,50.15,8.316644,87.41,9.247168904533204,1.5610227081394588,,0.27213114754098366,,0.8304498269896193,,0.27213114754098366,87.41,9.247168904533204
810,0.1,7.296,2.601476603,10.53,1.850488590357154,1.0754806,,0.27213114754098366,,0.6938775510204082,,0.27213114754098366,10.53,1.850488590357154
1610,0.1,110.97,12.897362545,131.29,13.415243919742084,0.634353,,0.27213114754098366,,0.8304498269896193,,0.27213114754098366,131.29,13.415243919742084
251,0.1,5.26,5.657227,16.17,1.066624423049471,2.4100754,,0.27213114754098366,,0.8304498269896193,,0.27213114754098366,16.17,1.066624423049471
1226,0.1,113.064,13.043899789,317.0,13.49741670128294,0.615803,,0.27213114754098366,,0.8304498269896193,,0.27213114754098366,317.0,13.49741670128294
1745,0.1,77.73,10.27194459416307,317.0,11.426029945427546,1.18877,,0.27213114754098366,,0.8304498269896193,,0.27213114754098366,317.0,11.426029945427546
1969,0.1,6.2200000000000015,2.36311,12.86,3.364143584679832,0.2078,,0.27213114754098366,,0.6938775510204082,,0.27213114754098366,12.86,3.364143584679832
1362,0.1,35.95,6.64236,49.31,7.335922373987381,0.521967,,0.27213114754098366,,0.8304498269896193,,0.27213114754098366,49.31,7.335922373987381
1436,0.1,67.22200000000001,9.705575708,88.84,10.578058209541268,0.57834905,,0.27213114754098366,,0.8304498269896193,,0.27213114754098366,88.84,10.578058209541268
935,0.1,2.21,1.28248,3.16,1.3213373334109102,0.20889829,,0.27213114754098366,,0.6166666666666667,,0.27213114754098366,3.16,1.3213373334109102
2325,0.1,103.79,10.27194459416307,317.0,13.575702153777389,1.1478163,,0.27213114754098366,,0.8304498269896193,,0.27213114754098366,317.0,13.575702153777389
661,0.1,84.51,10.27194459416307,111.68,-3.53438435512035,12.542709,,0.27213114754098366,,0.8304498269896193,,0.27213114754098366,111.68,-3.53438435512035
1644,0.1,35.03,6.547178712,40.53,6.605539569945034,0.411681,,0.27213114754098366,,0.7657142857142857,,0.27213114754098366,40.53,6.605539569945034
1890,0.1,52.71,8.72806,69.6,7.821988904533206,1.5610227081394588,,0.27213114754098366,,0.8304498269896193,,0.27213114754098366,69.6,7.821988904533206
452,0.1,45.63,6.98229,100.72,-58.41126576071351,55.087612,,0.27213114754098366,,0.8304498269896193,,0.27213114754098366,100.72,-58.41126576071351
768,0.1,5.38,2.18203,10.59,2.9833672166573777,0.20000492,,0.27213114754098366,,0.6938775510204082,,0.27213114754098366,10.59,2.9833672166573777
727,0.1,56.98,9.851770882,317.0,8.271413498696276,1.5610227081394588,,0.27213114754098366,,0.8304498269896193,,0.27213114754098366,317.0,8.271413498696276
1018,0.1,29.24,5.87762,39.68,6.377205959623343,0.518367,,0.27213114754098366,,0.7657142857142857,,0.27213114754098366,39.68,6.377205959623343
917,0.1,1.31,1.0883,2.55,1.2295667348621588,0.136111,,0.27213114754098366,,0.6166666666666667,,0.27213114754098366,2.55,1.2295667348621588
215,0.1,317.0,14.763228937000004,317.0,16.747769177672794,1.08769,,0.27213114754098366,,0.8304498269896193,,0.27213114754098366,317.0,16.747769177672794
1825,0.1,25.93,5.62786,44.16,6.614661069398542,0.678934,,0.27213114754098366,,0.7657142857142857,,0.27213114754098366,44.16,6.614661069398542
2208,0.1,55.46,8.649263489700001,84.73,9.914564901351824,0.809749,,0.27213114754098366,,0.8125,,0.27213114754098366,84.73,9.914564901351824
9,0.1,110.01,12.53990524,317.0,13.855601001725416,0.82839006,,0.27213114754098366,,0.8304498269896193,,0.27213114754098366,317.0,13.855601001725416
1807,0.1,34.809,6.64264,42.41,5.357748904533205,1.5610227081394588,,0.27213114754098366,,0.8,,0.27213114754098366,42.41,5.357748904533205
1537,0.1,101.336,10.27194459416307,317.0,12.513650406304334,3.87737,,0.27213114754098366,,0.8304498269896193,,0.27213114754098366,317.0,12.513650406304334
2116,0.1,9.39,3.00633,17.98,4.117212237770862,0.225116,,0.27213114754098366,,0.7657142857142857,,0.27213114754098366,17.98,4.117212237770862
224,0.1,95.494,11.432086853,317.0,13.173546141287972,0.723462,,0.27213114754098366,,0.8304498269896193,,0.27213114754098366,317.0,13.173546141287972
1965,0.1,317.0,15.9327,317.0,16.474497084352556,0.761267,,0.27213114754098366,,0.8304498269896193,,0.27213114754098366,317.0,16.474497084352556
2131,0.1,7.36,2.62025,8.39,-1.502430869008731,3.3757446,,0.27213114754098366,,0.7657142857142857,,0.27213114754098366,8.39,-1.502430869008731
353,0.1,34.66,6.614945586,52.6,7.832917704475197,0.49569,,0.27213114754098366,,0.7657142857142857,,0.27213114754098366,52.6,7.832917704475197
825,0.1,52.81,8.920508561,69.72,9.190324866882149,0.4877107,,0.27213114754098366,,0.8304498269896193,,0.27213114754098366,69.72,9.190324866882149
655,0.1,115.74,10.27194459416307,317.0,0.0761271664501208,17.500204,,0.27213114754098366,,0.8304498269896193,,0.27213114754098366,317.0,0.0761271664501208
156,0.1,77.055,10.27194459416307,89.22,10.609125626184778,0.569524,,0.27213114754098366,,0.8304498269896193,,0.27213114754098366,89.22,10.609125626184778
1455,0.1,25.06,8.84136,317.0,12.134011805337488,5.80639,,0.27213114754098366,,0.8304498269896193,,0.27213114754098366,317.0,12.134011805337488
1042,0.1,40.31,7.11712,68.11,0.1840830410349223,7.4107375,,0.27213114754098366,,0.8304498269896193,,0.27213114754098366,68.11,0.1840830410349223
135,0.1,4.271000000000001,1.8709283515,5.72,2.122454951361864,0.10260336,,0.27213114754098366,,0.6666666666666666,,0.27213114754098366,5.72,2.122454951361864
980,0.1,10.12,3.16777,15.91,3.693976790155681,0.335822,,0.27213114754098366,,0.7657142857142857,,0.27213114754098366,15.91,3.693976790155681
1721,0.1,77.23,10.27194459416307,317.0,11.724638661094048,2.76607,,0.27213114754098366,,0.8304498269896193,,0.27213114754098366,317.0,11.724638661094048
1519,0.1,104.863,12.364606026,74.98,9.565133606179868,0.516223,,0.27213114754098366,,0.8304498269896193,,0.27213114754098366,74.98,9.565133606179868
1742,0.1,50.41,8.64837,111.48,11.893228343487836,0.81356364,,0.27213114754098366,,0.8125,,0.27213114754098366,111.48,11.893228343487836
2345,0.1,111.951,10.27194459416307,317.0,13.81747026944105,0.920548,,0.27213114754098366,,0.8304498269896193,,0.27213114754098366,317.0,13.81747026944105
182,0.1,20.7,4.804545841,44.78,5.586878904533205,1.5610227081394588,,0.27213114754098366,,0.7657142857142857,,0.27213114754098366,44.78,5.586878904533205
1213,0.1,2.52,1.39527,3.62,1.5471177064781134,0.136516,,0.27213114754098366,,0.6938775510204082,,0.27213114754098366,3.62,1.5471177064781134
465,0.1,4.38,1.93236572,5.26,1.981098945276813,0.134377,,0.27213114754098366,,0.6166666666666667,,0.27213114754098366,5.26,1.981098945276813
1717,0.1,317.0,15.289158419,317.0,16.980668904533207,1.5610227081394588,,0.27213114754098366,,0.8304498269896193,,0.27213114754098366,317.0,16.980668904533207
1824,0.1,317.0,14.796556906,317.0,16.360612711579915,2.06249,,0.27213114754098366,,0.8304498269896193,,0.27213114754098366,317.0,16.360612711579915
933,0.1,1.31,1.0883,1.77,0.8374215010193564,0.2699512,,0.27213114754098366,,0.6166666666666667,,0.27213114754098366,1.77,0.8374215010193564
1759,0.1,80.54800000000002,10.27194459416307,130.18,12.812484702765683,1.08284,,0.27213114754098366,,0.8304498269896193,,0.27213114754098366,130.18,12.812484702765683
1210,0.1,5.36,2.1898370000000007,9.03,2.354425287186788,0.469302,,0.27213114754098366,,0.7657142857142857,,0.27213114754098366,9.03,2.354425287186788
1900,0.1,3.9,1.79105,5.43,-0.0079665077676369,1.712195,,0.27213114754098366,,0.6166666666666667,,0.27213114754098366,5.43,-0.0079665077676369
2103,0.1,74.5,10.223,86.01,10.013345601156972,0.873749,,0.27213114754098366,,0.8304498269896193,,0.27213114754098366,86.01,10.013345601156972
1119,0.1,16.859,4.154955421,23.35,4.773246629480079,0.301122,,0.27213114754098366,,0.7657142857142857,,0.27213114754098366,23.35,4.773246629480079
148,0.1,2.8020000000000005,1.5002,4.1,1.6635056001143895,0.14205,,0.27213114754098366,,0.6166666666666667,,0.27213114754098366,4.1,1.6635056001143895
2201,0.1,3.02,1.5540618533000004,6.98,0.9577069667116838,1.2296988,,0.27213114754098366,,0.6166666666666667,,0.27213114754098366,6.98,0.9577069667116838
703,0.1,48.58,7.991474000000001,61.52,8.562361659651048,0.407653,,0.27213114754098366,,0.8304498269896193,,0.27213114754098366,61.52,8.562361659651048
1841,0.1,100.58,11.4232,116.12,12.32603918044912,0.7206731,,0.27213114754098366,,0.8304498269896193,,0.27213114754098366,116.12,12.32603918044912
898,0.1,86.63,11.02885784,109.92,10.060013252357916,2.14567,,0.27213114754098366,,0.8304498269896193,,0.27213114754098366,109.92,10.060013252357916
1326,0.1,4.4,1.9424529,6.69,2.230662246833286,0.187677,,0.27213114754098366,,0.6938775510204082,,0.27213114754098366,6.69,2.230662246833286
1729,0.1,86.64,10.42355,317.0,13.717428084021158,0.68686056,,0.27213114754098366,,0.8304498269896193,,0.27213114754098366,317.0,13.717428084021158
1932,0.1,47.91,8.64247,50.04,8.271413498696276,1.5610227081394588,,0.27213114754098366,,0.8304498269896193,,0.27213114754098366,50.04,8.271413498696276
70,0.1,27.63,5.95763,39.81,6.386445714471935,0.52485925,,0.27213114754098366,,0.7657142857142857,,0.27213114754098366,39.81,6.386445714471935
2130,0.1,64.123,9.43898,89.82,10.655787912008334,0.545364,,0.27213114754098366,,0.7657142857142857,,0.27213114754098366,89.82,10.655787912008334
1504,0.1,317.0,15.30583607,317.0,20.550283746024444,1.0965389,,0.27213114754098366,,0.8304498269896193,,0.27213114754098366,317.0,20.550283746024444
2376,0.1,68.76,10.27194459416307,70.64,7.011159812058615,2.22858,,0.27213114754098366,,0.8304498269896193,,0.27213114754098366,70.64,7.011159812058615
2212,0.1,87.45,11.37540568,317.0,15.678617255442296,1.04536,,0.27213114754098366,,0.8304498269896193,,0.27213114754098366,317.0,15.678617255442296
1265,0.1,100.58,11.857124,112.59,12.144572914313889,0.67610633,,0.27213114754098366,,0.8304498269896193,,0.27213114754098366,112.59,12.144572914313889
1931,0.1,317.0,15.25476917,317.0,16.705722450856676,1.1472291,,0.27213114754098366,,0.8304498269896193,,0.27213114754098366,317.0,16.705722450856676
2178,0.1,7.0,2.5444144448,7.06,2.300055553347513,0.190702,,0.27213114754098366,,0.7657142857142857,,0.27213114754098366,7.06,2.300055553347513
2140,0.1,51.37,8.64837,79.16,9.63506864936956,0.714627,,0.27213114754098366,,0.7657142857142857,,0.27213114754098366,79.16,9.63506864936956
2164,0.1,80.06,10.27194459416307,317.0,14.919831750885136,0.902475,,0.27213114754098366,,0.8304498269896193,,0.27213114754098366,317.0,14.919831750885136
57,0.1,0.81,0.949185781,1.65,1.0312365091135136,0.097689,,0.27213114754098366,,0.6166666666666667,,0.27213114754098366,1.65,1.0312365091135136
330,0.1,7.0,2.467289,8.66,1.4102354371373675,1.1454114,,0.27213114754098366,,0.6938775510204082,,0.27213114754098366,8.66,1.4102354371373675
1881,0.1,72.87,10.0826,111.85,11.814113765466608,0.899836,,0.27213114754098366,,0.8304498269896193,,0.27213114754098366,111.85,11.814113765466608
789,0.1,3.49,1.6884129898,14.11,-1.2268864095249263,3.9494371,,0.27213114754098366,,0.6938775510204082,,0.27213114754098366,14.11,-1.2268864095249263
1420,0.1,35.65,6.69058,317.0,13.696768904533204,1.5610227081394588,,0.27213114754098366,,0.8304498269896193,,0.27213114754098366,317.0,13.696768904533204
1633,0.1,30.66,6.83767,35.9,8.271413498696276,1.5610227081394588,,0.27213114754098366,,0.8,,0.27213114754098366,35.9,8.271413498696276
518,0.1,116.75,10.27194459416307,317.0,24.43536061617452,0.272669,,0.27213114754098366,,0.8304498269896193,,0.27213114754098366,317.0,24.43536061617452
1476,0.1,99.261,10.989831653,317.0,-0.5448895791589976,15.441661,,0.27213114754098366,,0.8304498269896193,,0.27213114754098366,317.0,-0.5448895791589976
1903,0.1,317.0,14.5958,317.0,19.25373545504988,1.272273,,0.27213114754098366,,0.8304498269896193,,0.27213114754098366,317.0,19.25373545504988
1334,0.1,1.95,1.20704,3.26,1.4656218494143884,0.1211116,,0.27213114754098366,,0.6166666666666667,,0.27213114754098366,3.26,1.4656218494143884
1568,0.1,118.92,12.56291,317.0,19.639113376528435,1.04786,,0.27213114754098366,,0.8304498269896193,,0.27213114754098366,317.0,19.639113376528435
320,0.1,2.34,1.333742478,8.5,2.675109149415964,0.1337324,,0.27213114754098366,,0.6166666666666667,,0.27213114754098366,8.5,2.675109149415964
1866,0.1,2.39,1.351360634,7.07,1.994848430534427,0.43741205,,0.27213114754098366,,0.7657142857142857,,0.27213114754098366,7.07,1.994848430534427
1912,0.1,4.04,1.83776,3.1,0.8938812404525373,0.5293573,,0.27213114754098366,,0.6166666666666667,,0.27213114754098366,3.1,0.8938812404525373
314,0.1,7.88,2.432614,18.05,1.626127807904644,0.6369,,0.27213114754098366,,0.7657142857142857,,0.27213114754098366,18.05,1.626127807904644
757,0.1,7.52,1.947951,317.0,0.1077207969917652,1.250816,,0.27213114754098366,,0.7657142857142857,,0.27213114754098366,317.0,0.1077207969917652
1239,0.1,23.03700000000001,5.374472103,62.53,6.554304380408816,2.0725,,0.27213114754098366,,0.7657142857142857,,0.27213114754098366,62.53,6.554304380408816
1043,0.1,19.450000000000003,4.6246993272,24.41,4.9511829963272,0.268196,,0.27213114754098366,,0.7657142857142857,,0.27213114754098366,24.41,4.9511829963272
1361,0.1,9.13,2.98877,19.82,4.309750070813785,0.282353,,0.27213114754098366,,0.7657142857142857,,0.27213114754098366,19.82,4.309750070813785
543,0.1,3.93,1.6416543964000003,7.25,2.341974371128156,0.191928,,0.27213114754098366,,0.6938775510204082,,0.27213114754098366,7.25,2.341974371128156
2000,0.1,6.12,2.33576,8.27,1.6282116466175307,0.9141595,,0.27213114754098366,,0.6938775510204082,,0.27213114754098366,8.27,1.6282116466175307
443,0.1,3.07,1.609049,6.58,2.064979802641965,0.252569,,0.27213114754098366,,0.6938775510204082,,0.27213114754098366,6.58,2.064979802641965
567,0.1,98.09,11.7215,317.0,21.081618846620344,1.48982,,0.27213114754098366,,0.8304498269896193,,0.27213114754098366,317.0,21.081618846620344
2252,0.1,76.583,10.3670919,101.85,11.12429293685661,0.89079314,,0.27213114754098366,,0.8304498269896193,,0.27213114754098366,101.85,11.12429293685661
634,0.1,9.59,3.16777,16.5,1.448454258915529,2.1508167,,0.27213114754098366,,0.7657142857142857,,0.27213114754098366,16.5,1.448454258915529
795,0.1,4.75,2.02143,7.19,1.5506592045005798,0.80342484,,0.27213114754098366,,0.6938775510204082,,0.27213114754098366,7.19,1.5506592045005798
1487,0.1,13.55,3.74263,30.6,4.6552989145947175,1.10307,,0.27213114754098366,,0.7657142857142857,,0.27213114754098366,30.6,4.6552989145947175
2440,0.1,68.76,10.27194459416307,109.94,9.813625007520256,2.3534684,,0.27213114754098366,,0.8304498269896193,,0.27213114754098366,109.94,9.813625007520256
1399,0.1,2.79,1.477775413,7.43,2.440098686624443,0.14746214,,0.27213114754098366,,0.6166666666666667,,0.27213114754098366,7.43,2.440098686624443
1146,0.1,10.1,3.20773,20.75,3.77630644627001,0.80754805,,0.27213114754098366,,0.7657142857142857,,0.27213114754098366,20.75,3.77630644627001
1231,0.1,38.38,6.908775166,59.85,8.08874523658722,0.695996,,0.27213114754098366,,0.7657142857142857,,0.27213114754098366,59.85,8.08874523658722
2337,0.1,119.094,13.22366376,317.0,14.180263212563668,0.88988096,,0.27213114754098366,,0.8304498269896193,,0.27213114754098366,317.0,14.180263212563668
1853,0.1,3.73,1.674180322,5.36,1.91029464430306,0.20325,,0.27213114754098366,,0.6938775510204082,,0.27213114754098366,5.36,1.91029464430306
1567,0.1,60.85,9.09747,94.44,11.012742242658518,0.566858,,0.27213114754098366,,0.8304498269896193,,0.27213114754098366,94.44,11.012742242658518
1235,0.1,56.57,8.658598,99.95,11.325629221587874,0.58185,,0.27213114754098366,,0.8304498269896193,,0.27213114754098366,99.95,11.325629221587874
1662,0.1,87.05,10.27194459416307,107.69,8.271413498696276,1.5610227081394588,,0.27213114754098366,,0.8304498269896193,,0.27213114754098366,107.69,8.271413498696276
1812,0.1,78.07600000000001,10.27194459416307,100.16,11.42297527722595,0.538039,,0.27213114754098366,,0.8304498269896193,,0.27213114754098366,100.16,11.42297527722595
2232,0.1,12.379,3.74642,26.92,4.996429322955944,0.467629,,0.27213114754098366,,0.7657142857142857,,0.27213114754098366,26.92,4.996429322955944
1651,0.1,29.29,6.0323,40.44,6.615301500908263,0.405796,,0.27213114754098366,,0.7657142857142857,,0.27213114754098366,40.44,6.615301500908263
1114,0.1,7.58,2.65245,7.93,2.527834672854428,0.16585,,0.27213114754098366,,0.7657142857142857,,0.27213114754098366,7.93,2.527834672854428
2014,0.1,48.11,7.88895,73.91,9.470808748218916,0.5360378,,0.27213114754098366,,0.8304498269896193,,0.27213114754098366,73.91,9.470808748218916
69,0.1,2.42,1.35917743,7.65,1.776540796293823,0.70166904,,0.27213114754098366,,0.6166666666666667,,0.27213114754098366,7.65,1.776540796293823
2220,0.1,67.24,9.437539,106.52,11.49448845097712,0.903055,,0.27213114754098366,,0.8304498269896193,,0.27213114754098366,106.52,11.49448845097712
361,0.1,37.49,8.737516000000001,317.0,9.732162485122116,5.27668,,0.27213114754098366,,0.8304498269896193,,0.27213114754098366,317.0,9.732162485122116
2032,0.1,12.477,3.59995,19.77,4.147018253520249,0.42444,,0.27213114754098366,,0.7657142857142857,,0.27213114754098366,19.77,4.147018253520249
478,0.1,105.3,12.3972,317.0,13.827148473845314,0.63955903,,0.27213114754098366,,0.8304498269896193,,0.27213114754098366,317.0,13.827148473845314
132,0.1,90.55,11.31903,108.69,11.99199113649355,0.5870171,,0.27213114754098366,,0.8304498269896193,,0.27213114754098366,108.69,11.99199113649355
453,0.1,6.06,2.3352,9.42,-0.5780904063156922,2.776967,,0.27213114754098366,,0.7657142857142857,,0.27213114754098366,9.42,-0.5780904063156922
192,0.1,1.31,1.0883,3.82,1.651149072934138,0.0938401,,0.27213114754098366,,0.6166666666666667,,0.27213114754098366,3.82,1.651149072934138
14,0.1,65.473,9.39924,78.84,10.287886395065293,0.20499046,,0.27213114754098366,,0.8304498269896193,,0.27213114754098366,78.84,10.287886395065293
2218,0.1,81.13,10.46251622,110.34,11.43228326131787,1.1121958,,0.27213114754098366,,0.8125,,0.27213114754098366,110.34,11.43228326131787
1283,0.1,71.54,9.98401,89.31,10.540744493744848,0.650895,,0.27213114754098366,,0.8304498269896193,,0.27213114754098366,89.31,10.540744493744848
938,0.1,4.881000000000001,2.049240268,12.03,2.6188515308819733,0.6816561,,0.27213114754098366,,0.7657142857142857,,0.27213114754098366,12.03,2.6188515308819733
743,0.1,317.0,14.91382302,317.0,24.07119796695137,2.70516,,0.27213114754098366,,0.8304498269896193,,0.27213114754098366,317.0,24.07119796695137
41,0.1,100.869,12.12752552,125.8,13.09942752097217,0.61632216,,0.27213114754098366,,0.8304498269896193,,0.27213114754098366,125.8,13.09942752097217
905,0.1,92.53900000000002,11.4232,317.0,16.911623140080824,5.63409,,0.27213114754098366,,0.8304498269896193,,0.27213114754098366,317.0,16.911623140080824
1355,0.1,82.165,10.4171,317.0,13.504554122317469,0.734302,,0.27213114754098366,,0.8304498269896193,,0.27213114754098366,317.0,13.504554122317469
1713,0.1,91.859,11.54257023,122.53,12.53239503946822,0.895715,,0.27213114754098366,,0.8304498269896193,,0.27213114754098366,122.53,12.53239503946822
2264,0.1,44.95,8.009527,79.72,9.601857865229077,0.805931,,0.27213114754098366,,0.8125,,0.27213114754098366,79.72,9.601857865229077
1511,0.1,68.66,9.890864,91.8,10.745027357630503,0.6243,,0.27213114754098366,,0.8304498269896193,,0.27213114754098366,91.8,10.745027357630503
651,0.1,2.54,1.398886601,4.77,1.5503861960828689,0.57323,,0.27213114754098366,,0.6166666666666667,,0.27213114754098366,4.77,1.5503861960828689
918,0.1,1.34,1.09621,3.21,1.4343693441634424,0.129531,,0.27213114754098366,,0.6166666666666667,,0.27213114754098366,3.21,1.4343693441634424
1539,0.1,12.112,3.54656,20.48,2.4040897382251027,1.8493468,,0.27213114754098366,,0.7657142857142857,,0.27213114754098366,20.48,2.4040897382251027
2132,0.1,26.06,5.500802721,38.51,5.309105908904327,1.2588531,,0.27213114754098366,,0.7657142857142857,,0.27213114754098366,38.51,5.309105908904327
883,0.1,14.53,4.06597,51.4,7.552109657803933,0.523202,,0.27213114754098366,,0.7657142857142857,,0.27213114754098366,51.4,7.552109657803933
1724,0.1,92.854,10.27194459416307,129.18,11.24979733134562,2.25235,,0.27213114754098366,,0.8304498269896193,,0.27213114754098366,129.18,11.24979733134562
1741,0.1,72.87,10.0826,116.03,11.268368904533204,1.5610227081394588,,0.27213114754098366,,0.8304498269896193,,0.27213114754098366,116.03,11.268368904533204
547,0.1,81.8,10.489654532,126.47,12.99795425183223,0.7286332,,0.27213114754098366,,0.8304498269896193,,0.27213114754098366,126.47,12.99795425183223
2247,0.1,317.0,14.7463,317.0,14.08982409926318,0.9159476,,0.27213114754098366,,0.8304498269896193,,0.27213114754098366,317.0,14.08982409926318
2062,0.1,10.373000000000005,3.2079790000000004,15.48,3.660111967563181,0.310778,,0.27213114754098366,,0.7657142857142857,,0.27213114754098366,15.48,3.660111967563181
1458,0.1,95.47,11.7630857,317.0,16.940268904533205,1.5610227081394588,,0.27213114754098366,,0.8304498269896193,,0.27213114754098366,317.0,16.940268904533205
454,0.1,2.39,1.351360634,9.22,1.392595877097086,1.2432178,,0.27213114754098366,,0.7657142857142857,,0.27213114754098366,9.22,1.392595877097086
1027,0.1,37.49,7.750334,62.48,8.799658731784463,0.314565,,0.27213114754098366,,0.8125,,0.27213114754098366,62.48,8.799658731784463
1696,0.1,44.37,8.745433,317.0,8.271413498696276,1.5610227081394588,,0.27213114754098366,,0.8304498269896193,,0.27213114754098366,317.0,8.271413498696276
2010,0.1,83.562,10.27194459416307,88.55,10.299578512411154,0.77843285,,0.27213114754098366,,0.8304498269896193,,0.27213114754098366,88.55,10.299578512411154
1343,0.1,98.11,11.95149929,124.76,13.073871224560053,0.594068,,0.27213114754098366,,0.8304498269896193,,0.27213114754098366,124.76,13.073871224560053
579,0.1,42.27,8.72806,94.58,8.271413498696276,1.5610227081394588,,0.27213114754098366,,0.8304498269896193,,0.27213114754098366,94.58,8.271413498696276
2352,0.1,0.81,0.949185781,0.85,0.5909161905465476,0.28935423,,0.27213114754098366,,0.6166666666666667,,0.27213114754098366,0.85,0.5909161905465476
23,0.1,5.79,2.2640427992000003,7.07,2.3006148574080054,0.192388,,0.27213114754098366,,0.6938775510204082,,0.27213114754098366,7.07,2.3006148574080054
405,0.1,6.58,2.4387076059000004,6.89,2.309137073439797,0.161931,,0.27213114754098366,,0.7657142857142857,,0.27213114754098366,6.89,2.309137073439797
22,0.1,5.934000000000001,2.3171,7.42,2.38510804477139,0.183373,,0.27213114754098366,,0.6938775510204082,,0.27213114754098366,7.42,2.38510804477139
748,0.1,44.37,9.39506,86.69,8.271413498696276,1.5610227081394588,,0.27213114754098366,,0.8304498269896193,,0.27213114754098366,86.69,8.271413498696276
2226,0.1,2.09,1.246547836,4.13,0.8117727525645206,0.81836313,,0.27213114754098366,,0.6166666666666667,,0.27213114754098366,4.13,0.8117727525645206
1515,0.1,58.985,9.02158,81.5,9.990642138652918,0.594871,,0.27213114754098366,,0.8304498269896193,,0.27213114754098366,81.5,9.990642138652918
402,0.1,82.55,10.8261,121.01,13.304157515419767,0.21154155,,0.27213114754098366,,0.8304498269896193,,0.27213114754098366,121.01,13.304157515419767
1341,0.1,10.31,3.20531,15.1,3.674244867550163,0.250903,,0.27213114754098366,,0.7657142857142857,,0.27213114754098366,15.1,3.674244867550163
232,0.1,57.35600000000002,8.82245,97.14,11.427477805438272,0.3915262,,0.27213114754098366,,0.8304498269896193,,0.27213114754098366,97.14,11.427477805438272
1325,0.1,39.06,7.30242,53.17,7.760754704405964,0.469162,,0.27213114754098366,,0.8,,0.27213114754098366,53.17,7.760754704405964
98,0.1,7.46,2.432614,21.42,2.2137679045332046,1.5610227081394588,,0.27213114754098366,,0.7657142857142857,,0.27213114754098366,21.42,2.2137679045332046
2291,0.1,12.34,3.543810817,13.85,1.0837724152407675,2.113839,,0.27213114754098366,,0.7657142857142857,,0.27213114754098366,13.85,1.0837724152407675
913,0.1,2.94,1.53671,4.87,0.7782974082539054,0.9935112,,0.27213114754098366,,0.6938775510204082,,0.27213114754098366,4.87,0.7782974082539054
581,0.1,13.574000000000002,3.74263,20.92,3.745731257475682,0.972297,,0.27213114754098366,,0.7657142857142857,,0.27213114754098366,20.92,3.745731257475682
1773,0.1,57.81,8.807786000000002,76.12,9.36352754937998,0.75834155,,0.27213114754098366,,0.8125,,0.27213114754098366,76.12,9.36352754937998
1032,0.1,24.82,5.3518665465,49.42,5.533515888133583,1.30585,,0.27213114754098366,,0.7657142857142857,,0.27213114754098366,49.42,5.533515888133583
2346,0.1,34.854,6.85813,44.1,5.500998904533205,1.5610227081394588,,0.27213114754098366,,0.7657142857142857,,0.27213114754098366,44.1,5.500998904533205
1485,0.1,50.58900000000001,8.127544226700001,92.16,11.031376826222484,0.41685495,,0.27213114754098366,,0.8304498269896193,,0.27213114754098366,92.16,11.031376826222484
2402,0.1,6.06,2.3338022869,8.25,2.5579212623346,0.190838,,0.27213114754098366,,0.6938775510204082,,0.27213114754098366,8.25,2.5579212623346
2199,0.1,30.04,6.22936,69.0,9.050823278972496,0.528396,,0.27213114754098366,,0.7657142857142857,,0.27213114754098366,69.0,9.050823278972496
1762,0.1,98.25100000000002,10.27194459416307,116.87,12.373105800794406,0.72298074,,0.27213114754098366,,0.8304498269896193,,0.27213114754098366,116.87,12.373105800794406
1000,0.1,7.415000000000002,3.28324,15.57,8.271413498696276,1.5610227081394588,,0.27213114754098366,,0.7657142857142857,,0.27213114754098366,15.57,8.271413498696276
1758,0.1,59.24,8.93102,85.72,10.060562144587363,0.788839,,0.27213114754098366,,0.8304498269896193,,0.27213114754098366,85.72,10.060562144587363
1427,0.1,68.16,9.68176,120.52,12.480804927117289,0.802617,,0.27213114754098366,,0.8304498269896193,,0.27213114754098366,120.52,12.480804927117289
1108,0.1,7.52,2.23876,12.48,8.271413498696276,1.5610227081394588,,0.27213114754098366,,0.7657142857142857,,0.27213114754098366,12.48,8.271413498696276
2063,0.1,13.646,3.7675839288000006,15.58,2.085638904533205,1.5610227081394588,,0.27213114754098366,,0.7657142857142857,,0.27213114754098366,15.58,2.085638904533205
1440,0.1,2.123,1.273155384,3.55,1.5212160621865725,0.139896,,0.27213114754098366,,0.6166666666666667,,0.27213114754098366,3.55,1.5212160621865725
1914,0.1,3.45,1.674180322,6.71,2.252575222319832,0.169002,,0.27213114754098366,,0.6938775510204082,,0.27213114754098366,6.71,2.252575222319832
897,0.1,88.06,11.1189,317.0,13.692740775461258,0.656282,,0.27213114754098366,,0.8304498269896193,,0.27213114754098366,317.0,13.692740775461258
1188,0.1,38.14,7.3626,317.0,12.463322560316993,2.45677,,0.27213114754098366,,0.8304498269896193,,0.27213114754098366,317.0,12.463322560316993
841,0.1,85.49600000000002,11.07659,317.0,11.863481596773685,9.66611,,0.27213114754098366,,0.8304498269896193,,0.27213114754098366,317.0,11.863481596773685
1077,0.1,16.05,4.128842000000001,24.64,4.591960781317428,0.574709,,0.27213114754098366,,0.7657142857142857,,0.27213114754098366,24.64,4.591960781317428
248,0.1,30.91,4.087988019,317.0,2.15053011656572,3.470252,,0.27213114754098366,,0.8304498269896193,,0.27213114754098366,317.0,2.15053011656572
868,0.1,2.86,1.499704002,3.25,0.8173601110996187,0.6245401,,0.27213114754098366,,0.6166666666666667,,0.27213114754098366,3.25,0.8173601110996187
2115,0.1,37.61,6.82171,53.46,7.679456787971446,0.567744,,0.27213114754098366,,0.8304498269896193,,0.27213114754098366,53.46,7.679456787971446
333,0.1,19.42,4.6057009396,46.67,7.178955049820769,0.44668624,,0.27213114754098366,,0.8,,0.27213114754098366,46.67,7.178955049820769
124,0.1,4.373,1.93226,9.53,2.773950002685845,0.21149072,,0.27213114754098366,,0.6938775510204082,,0.27213114754098366,9.53,2.773950002685845
1581,0.1,58.97,8.90314,93.71,9.685068904533209,1.5610227081394588,,0.27213114754098366,,0.8304498269896193,,0.27213114754098366,93.71,9.685068904533209
2147,0.1,98.33,11.760510516,317.0,15.95644001193478,0.875392,,0.27213114754098366,,0.8304498269896193,,0.27213114754098366,317.0,15.95644001193478
2357,0.1,0.36,0.757588,0.63,0.2853358385368835,0.46845463,,0.27213114754098366,,0.6166666666666667,,0.27213114754098366,0.63,0.2853358385368835
195,0.1,94.11200000000004,11.8344,113.76,12.319325755923089,0.60228205,,0.27213114754098366,,0.8304498269896193,,0.27213114754098366,113.76,12.319325755923089
10,0.1,65.06,9.57594,113.71,9.86734794462633,2.512208,,0.27213114754098366,,0.8304498269896193,,0.27213114754098366,113.71,9.86734794462633
27,0.1,27.63,5.66309,29.49,4.91561919300675,0.7808294,,0.27213114754098366,,0.8304498269896193,,0.27213114754098366,29.49,4.91561919300675
1160,0.1,1.93,1.210733876,4.08,0.5758485217361862,0.9920949,,0.27213114754098366,,0.6166666666666667,,0.27213114754098366,4.08,0.5758485217361862
676,0.1,4.373,1.93226,7.35,0.9049946787625152,1.333298,,0.27213114754098366,,0.6166666666666667,,0.27213114754098366,7.35,0.9049946787625152
1573,0.1,25.42,5.480026583,23.45,3.162708904533205,1.5610227081394588,,0.27213114754098366,,0.7657142857142857,,0.27213114754098366,23.45,3.162708904533205
715,0.1,18.72,4.529208991,31.64,5.453188136882971,0.5571844,,0.27213114754098366,,0.7657142857142857,,0.27213114754098366,31.64,5.453188136882971
1051,0.1,48.31400000000001,7.909917000000001,57.12,8.047729210501974,0.52282,,0.27213114754098366,,0.8304498269896193,,0.27213114754098366,57.12,8.047729210501974
1648,0.1,30.87,6.83767,49.35,8.271413498696276,1.5610227081394588,,0.27213114754098366,,0.8125,,0.27213114754098366,49.35,8.271413498696276
618,0.1,30.145000000000003,6.358202,28.62,8.271413498696276,1.5610227081394588,,0.27213114754098366,,0.7657142857142857,,0.27213114754098366,28.62,8.271413498696276
1414,0.1,74.51,10.27194459416307,127.84,12.708581285833349,1.01956,,0.27213114754098366,,0.8304498269896193,,0.27213114754098366,127.84,12.708581285833349
1240,0.1,317.0,14.210823391,317.0,17.964581052353427,0.849766,,0.27213114754098366,,0.8304498269896193,,0.27213114754098366,317.0,17.964581052353427
529,0.1,17.63,4.06597,22.39,4.058180042897032,0.765135,,0.27213114754098366,,0.7657142857142857,,0.27213114754098366,22.39,4.058180042897032
2329,0.1,0.87,0.970576265,0.86,-1.2405969237198586,1.7210847,,0.27213114754098366,,0.6166666666666667,,0.27213114754098366,0.86,-1.2405969237198586
2123,0.1,11.37,3.4295888178,38.98,6.223555935249005,0.58439887,,0.27213114754098366,,0.7657142857142857,,0.27213114754098366,38.98,6.223555935249005
289,0.1,13.41,2.841179901,27.51,2.2430595066555714,0.975823,,0.27213114754098366,,0.8,,0.27213114754098366,27.51,2.2430595066555714
563,0.1,73.4,10.1564,317.0,-6.647067636261944,17.639652,,0.27213114754098366,,0.8304498269896193,,0.27213114754098366,317.0,-6.647067636261944
1794,0.1,86.64,11.03588,115.83,12.45139463507988,0.56908,,0.27213114754098366,,0.8304498269896193,,0.27213114754098366,115.83,12.45139463507988
276,0.1,317.0,10.27194459416307,317.0,20.90888568477521,0.876995,,0.27213114754098366,,0.8304498269896193,,0.27213114754098366,317.0,20.90888568477521
1315,0.1,7.79,2.84674,9.4,2.782957652161281,0.181048,,0.27213114754098366,,0.7657142857142857,,0.27213114754098366,9.4,2.782957652161281
1712,0.1,51.909000000000006,8.32531,54.02,6.434248904533205,1.5610227081394588,,0.27213114754098366,,0.8304498269896193,,0.27213114754098366,54.02,6.434248904533205
2124,0.1,90.34,11.4232,106.94,11.666369926813138,0.7464507,,0.27213114754098366,,0.8304498269896193,,0.27213114754098366,106.94,11.666369926813138
1117,0.1,3.68,1.733849,6.18,2.128173258041181,0.177899,,0.27213114754098366,,0.6938775510204082,,0.27213114754098366,6.18,2.128173258041181
596,0.1,68.82,9.73924,114.89,12.05351356359594,0.853252,,0.27213114754098366,,0.8304498269896193,,0.27213114754098366,114.89,12.05351356359594
162,0.1,69.61,9.95177,55.52,6.596928904533205,1.5610227081394588,,0.27213114754098366,,0.8304498269896193,,0.27213114754098366,55.52,6.596928904533205
2113,0.1,5.89,2.30057,6.84,0.0233293410108013,1.9360542,,0.27213114754098366,,0.6938775510204082,,0.27213114754098366,6.84,0.0233293410108013
602,0.1,8.948000000000002,3.00633,44.36,8.271413498696276,1.5610227081394588,,0.27213114754098366,,0.7657142857142857,,0.27213114754098366,44.36,8.271413498696276
927,0.1,48.096,7.88895,111.37,10.507749881681448,1.89571,,0.27213114754098366,,0.8304498269896193,,0.27213114754098366,111.37,10.507749881681448
2145,0.1,34.98,7.552442000000002,93.8,4.59600317440948,5.5325575,,0.27213114754098366,,0.7657142857142857,,0.27213114754098366,93.8,4.59600317440948
2136,0.1,19.271,4.6245583272,28.01,4.551538405484628,0.9270195,,0.27213114754098366,,0.7657142857142857,,0.27213114754098366,28.01,4.551538405484628
1029,0.1,7.631000000000002,3.19978,10.87,8.271413498696276,1.5610227081394588,,0.27213114754098366,,0.7657142857142857,,0.27213114754098366,10.87,8.271413498696276
716,0.1,96.61,11.9045,317.0,40.56616239915468,6.71322,,0.27213114754098366,,0.8304498269896193,,0.27213114754098366,317.0,40.56616239915468
1003,0.1,105.151,12.50184,317.0,14.50255071113826,0.737738,,0.27213114754098366,,0.8304498269896193,,0.27213114754098366,317.0,14.50255071113826
1049,0.1,68.55,9.54526,317.0,15.143848563364497,7.63992,,0.27213114754098366,,0.8304498269896193,,0.27213114754098366,317.0,15.143848563364497
1982,0.1,55.46,8.59148,98.19,10.835202731480033,0.9131838,,0.27213114754098366,,0.8304498269896193,,0.27213114754098366,98.19,10.835202731480033
1681,0.1,2.5820000000000003,1.4475310804,5.4,2.034330205736308,0.11227,,0.27213114754098366,,0.7657142857142857,,0.27213114754098366,5.4,2.034330205736308
245,0.1,317.0,15.27008924,317.0,17.226017380779002,0.986603,,0.27213114754098366,,0.8304498269896193,,0.27213114754098366,317.0,17.226017380779002
39,0.1,317.0,14.306920520000002,317.0,29.1893809360935,4.8527308,,0.27213114754098366,,0.8304498269896193,,0.27213114754098366,317.0,29.1893809360935
2098,0.1,14.53,4.029794836,27.44,4.176514767582355,1.1660464,,0.27213114754098366,,0.7657142857142857,,0.27213114754098366,27.44,4.176514767582355
820,0.1,131.41,10.27194459416307,317.0,15.7847308494813,0.982769,,0.27213114754098366,,0.8304498269896193,,0.27213114754098366,317.0,15.7847308494813
2078,0.1,18.37,4.435746000000001,30.33,5.544794812380246,0.358546,,0.27213114754098366,,0.7657142857142857,,0.27213114754098366,30.33,5.544794812380246
701,0.1,12.83,3.74642,21.07,4.26277945937855,0.467902,,0.27213114754098366,,0.7657142857142857,,0.27213114754098366,21.07,4.26277945937855
1946,0.1,42.13,7.2854,63.99,8.753022896323225,0.457334,,0.27213114754098366,,0.8,,0.27213114754098366,63.99,8.753022896323225
1317,0.1,63.70200000000001,10.27194459416307,47.76,8.271413498696276,1.5610227081394588,,0.27213114754098366,,0.8304498269896193,,0.27213114754098366,47.76,8.271413498696276
1592,0.1,60.35,9.02158,86.26,10.219923658028105,0.72465,,0.27213114754098366,,0.8304498269896193,,0.27213114754098366,86.26,10.219923658028105
1495,0.1,52.67700000000001,8.3319961939,82.12,9.924519739101951,0.662931,,0.27213114754098366,,0.7657142857142857,,0.27213114754098366,82.12,9.924519739101951
37,0.1,1.95,1.20704,4.65,1.8904278894413444,0.0837751,,0.27213114754098366,,0.7657142857142857,,0.27213114754098366,4.65,1.8904278894413444
252,0.1,25.42,5.422034963,32.26,5.663047631995252,0.44785166,,0.27213114754098366,,0.7657142857142857,,0.27213114754098366,32.26,5.663047631995252
487,0.1,9.398,3.0191418577,12.67,-3.144700525427707,4.9658775,,0.27213114754098366,,0.7657142857142857,,0.27213114754098366,12.67,-3.144700525427707
852,0.1,19.99,5.373045155,317.0,8.271413498696276,1.5610227081394588,,0.27213114754098366,,0.7657142857142857,,0.27213114754098366,317.0,8.271413498696276
1859,0.1,82.77,10.85743708,100.78,11.30386191686057,0.685761,,0.27213114754098366,,0.8304498269896193,,0.27213114754098366,100.78,11.30386191686057
721,0.1,4.23,2.96097,7.11,8.271413498696276,1.5610227081394588,,0.27213114754098366,,0.7657142857142857,,0.27213114754098366,7.11,8.271413498696276
137,0.1,86.71900000000001,11.0608,104.2,11.435211213427657,0.7775041,,0.27213114754098366,,0.8304498269896193,,0.27213114754098366,104.2,11.435211213427657
896,0.1,9.123,2.96097,15.39,3.5929066275019306,0.236466,,0.27213114754098366,,0.7657142857142857,,0.27213114754098366,15.39,3.5929066275019306
1459,0.1,11.7,3.434812726,25.19,4.194296481411024,0.951451,,0.27213114754098366,,0.7657142857142857,,0.27213114754098366,25.19,4.194296481411024
1790,0.1,33.08,7.382565,72.49,8.271413498696276,1.5610227081394588,,0.27213114754098366,,0.8125,,0.27213114754098366,72.49,8.271413498696276
936,0.1,35.95,6.64236,12.72,2.9095612445148524,0.54465497,,0.27213114754098366,,0.8304498269896193,,0.27213114754098366,12.72,2.9095612445148524
2050,0.1,102.13100000000004,11.63513,317.0,13.547954586433692,1.28426,,0.27213114754098366,,0.8304498269896193,,0.27213114754098366,317.0,13.547954586433692
480,0.1,3.02,1.578113586,5.07,1.8425388968293288,0.20089346,,0.27213114754098366,,0.6166666666666667,,0.27213114754098366,5.07,1.8425388968293288
2317,0.1,42.13,7.2854,74.91,9.52564681373691,0.560612,,0.27213114754098366,,0.8304498269896193,,0.27213114754098366,74.91,9.52564681373691
1358,0.1,68.934,9.751201,317.0,0.599933381439719,13.428784,,0.27213114754098366,,0.8304498269896193,,0.27213114754098366,317.0,0.599933381439719
781,0.1,4.75,2.02143,5.8,1.1901131872396735,0.84500456,,0.27213114754098366,,0.6666666666666666,,0.27213114754098366,5.8,1.1901131872396735
1560,0.1,110.01,12.743901728,128.6,13.072716182223123,0.7781713,,0.27213114754098366,,0.8304498269896193,,0.27213114754098366,128.6,13.072716182223123
720,0.1,50.294,8.78597,119.29,8.271413498696276,1.5610227081394588,,0.27213114754098366,,0.8304498269896193,,0.27213114754098366,119.29,8.271413498696276
2083,0.1,8.99,2.93924,11.23,3.070312978350725,0.226598,,0.27213114754098366,,0.7657142857142857,,0.27213114754098366,11.23,3.070312978350725
422,0.1,73.4,10.09261891,110.17,12.039200085044277,0.62924635,,0.27213114754098366,,0.8304498269896193,,0.27213114754098366,110.17,12.039200085044277
501,0.1,68.66,9.6836020752,77.93,9.501150007950375,0.7627535,,0.27213114754098366,,0.8,,0.27213114754098366,77.93,9.501150007950375
1674,0.1,97.84,10.27194459416307,90.98,8.271413498696276,1.5610227081394588,,0.27213114754098366,,0.8304498269896193,,0.27213114754098366,90.98,8.271413498696276
900,0.1,34.34,6.47219,54.56,7.818588504181275,0.518841,,0.27213114754098366,,0.8125,,0.27213114754098366,54.56,7.818588504181275
379,0.1,2.83,1.48867,2.74,0.2929271879682777,0.944963,,0.27213114754098366,,0.6166666666666667,,0.27213114754098366,2.74,0.2929271879682777
610,0.1,96.61,11.9045,317.0,21.752368904533206,1.5610227081394588,,0.27213114754098366,,1.0,,0.27213114754098366,317.0,21.752368904533206
1287,0.1,66.366,10.17338,87.67,9.27142186628628,1.5134789,,0.27213114754098366,,0.8125,,0.27213114754098366,87.67,9.27142186628628
2427,0.1,317.0,14.18483905,317.0,19.543459724839536,1.7183065,,0.27213114754098366,,0.8304498269896193,,0.27213114754098366,317.0,19.543459724839536
1500,0.1,317.0,14.91382302,317.0,16.640515719871217,0.8672725,,0.27213114754098366,,0.8304498269896193,,0.27213114754098366,317.0,16.640515719871217
682,0.1,6.18,2.43432,20.32,4.331405899727152,0.32911924,,0.27213114754098366,,0.7657142857142857,,0.27213114754098366,20.32,4.331405899727152
1103,0.1,3.54,1.70003496,10.49,2.9393518533247622,0.21665,,0.27213114754098366,,0.7657142857142857,,0.27213114754098366,10.49,2.9393518533247622
2273,0.1,87.57,11.2128,317.0,13.834602167315506,1.07674,,0.27213114754098366,,0.8304498269896193,,0.27213114754098366,317.0,13.834602167315506
997,0.1,60.46,9.02881,95.12,11.048773628067313,0.65532,,0.27213114754098366,,0.8304498269896193,,0.27213114754098366,95.12,11.048773628067313
1248,0.1,100.309,12.04883,317.0,25.23496693667091,1.24227,,0.27213114754098366,,0.8304498269896193,,0.27213114754098366,317.0,25.23496693667091
569,0.1,19.42,4.58274,40.09,6.359662044937847,0.564923,,0.27213114754098366,,0.7657142857142857,,0.27213114754098366,40.09,6.359662044937847
390,0.1,2.21,1.312234294,5.22,1.987952919088522,0.10949,,0.27213114754098366,,0.6166666666666667,,0.27213114754098366,5.22,1.987952919088522
1302,0.1,10.1,3.25485,14.24,3.488376593617786,0.281552,,0.27213114754098366,,0.7657142857142857,,0.27213114754098366,14.24,3.488376593617786
861,0.1,4.479000000000002,1.974883716,7.37,2.42014971794399,0.153369,,0.27213114754098366,,0.6938775510204082,,0.27213114754098366,7.37,2.42014971794399
1151,0.1,2.3190000000000004,1.393219042,4.59,-0.6042859778029108,2.0170252,,0.27213114754098366,,0.6166666666666667,,0.27213114754098366,4.59,-0.6042859778029108
1387,0.1,11.37,3.41784,15.67,3.9642372202723326,1.29107,,0.27213114754098366,,0.7657142857142857,,0.27213114754098366,15.67,3.9642372202723326
1386,0.1,3.03,1.553134989,5.72,2.0437813198123567,0.158627,,0.27213114754098366,,0.6166666666666667,,0.27213114754098366,5.72,2.0437813198123567
149,0.1,116.81,11.721167200000004,317.0,26.114271253085946,8.26001,,0.27213114754098366,,0.8304498269896193,,0.27213114754098366,317.0,26.114271253085946
107,0.1,2.83,1.499704002,3.09,1.4204221882757957,0.123934,,0.27213114754098366,,0.6166666666666667,,0.27213114754098366,3.09,1.4204221882757957
2270,0.1,47.31,7.38532555,111.18,12.238942265024026,0.600255,,0.27213114754098366,,0.8304498269896193,,0.27213114754098366,111.18,12.238942265024026
384,0.1,30.91,5.657227,51.79,5.479575810289894,1.406418,,0.27213114754098366,,0.8304498269896193,,0.27213114754098366,51.79,5.479575810289894
1625,0.1,25.93,5.78741,55.0,4.701907000857368,2.9922256,,0.27213114754098366,,0.7657142857142857,,0.27213114754098366,55.0,4.701907000857368
1301,0.1,1.35,1.097286737,5.65,1.440698372613379,0.616582,,0.27213114754098366,,0.6166666666666667,,0.27213114754098366,5.65,1.440698372613379
1,0.1,116.14,13.05829275,317.0,14.58381373405106,0.691963,,0.27213114754098366,,0.8304498269896193,,0.27213114754098366,317.0,14.58381373405106
2250,0.1,317.0,16.6319,317.0,20.544572054795644,0.644475,,0.27213114754098366,,0.8304498269896193,,0.27213114754098366,317.0,20.544572054795644
76,0.1,74.51,10.2185,94.92,11.072781160299805,0.5424184,,0.27213114754098366,,0.8304498269896193,,0.27213114754098366,94.92,11.072781160299805
667,0.1,116.99,12.981503302,317.0,14.78004980908004,0.8602182,,0.27213114754098366,,0.8304498269896193,,0.27213114754098366,317.0,14.78004980908004
1549,0.1,76.73,10.3670919,317.0,11.899548028540265,2.0986593,,0.27213114754098366,,0.8304498269896193,,0.27213114754098366,317.0,11.899548028540265
616,0.1,14.48,3.91968,29.45,3.943072770916489,1.5360428,,0.27213114754098366,,0.7657142857142857,,0.27213114754098366,29.45,3.943072770916489
2129,0.1,51.37,8.64837,92.86,10.669085536232302,0.753551,,0.27213114754098366,,0.8304498269896193,,0.27213114754098366,92.86,10.669085536232302
1407,0.1,2.68,1.445415407,5.36,1.4725534698298128,0.5446732,,0.27213114754098366,,0.6166666666666667,,0.27213114754098366,5.36,1.4725534698298128
1373,0.1,4.72,1.989524396,4.91,1.862742050340721,0.16522,,0.27213114754098366,,0.6938775510204082,,0.27213114754098366,4.91,1.862742050340721
1919,0.1,58.97,8.832701000000002,317.0,-2.9967980162297216,15.51775,,0.27213114754098366,,0.8304498269896193,,0.27213114754098366,317.0,-2.9967980162297216
2126,0.1,32.93,6.27906,35.45,5.6584713986155,0.72927785,,0.27213114754098366,,0.7657142857142857,,0.27213114754098366,35.45,5.6584713986155
1150,0.1,5.86,2.288171102,9.04,2.744398889686545,0.167618,,0.27213114754098366,,0.6938775510204082,,0.27213114754098366,9.04,2.744398889686545
446,0.1,7.869000000000001,2.725100613,19.05,2.793722814485223,1.48288,,0.27213114754098366,,0.7657142857142857,,0.27213114754098366,19.05,2.793722814485223
1147,0.1,5.68,2.25345,8.08,2.5383574610468216,0.182718,,0.27213114754098366,,0.6938775510204082,,0.27213114754098366,8.08,2.5383574610468216
1507,0.1,2.889,1.514836914,3.71,-0.3399746571666688,1.6286867,,0.27213114754098366,,0.6166666666666667,,0.27213114754098366,3.71,-0.3399746571666688
2048,0.1,3.9,1.79105,7.0,2.2312223400829008,0.2395857,,0.27213114754098366,,0.6166666666666667,,0.27213114754098366,7.0,2.2312223400829008
2267,0.1,68.515,9.95177,97.15,10.69922696707682,0.962172,,0.27213114754098366,,0.8304498269896193,,0.27213114754098366,97.15,10.69922696707682
1702,0.1,83.89,10.8015,317.0,17.213768904533207,1.5610227081394588,,0.27213114754098366,,0.8304498269896193,,0.27213114754098366,317.0,17.213768904533207
486,0.1,1.95,1.20704,4.03,1.6931038454500682,0.116988,,0.27213114754098366,,0.6166666666666667,,0.27213114754098366,4.03,1.6931038454500682
2307,0.1,317.0,14.18483905,317.0,16.34518191839629,1.0699655,,0.27213114754098366,,0.8304498269896193,,0.27213114754098366,317.0,16.34518191839629
391,0.1,105.27,12.5164,317.0,14.89823499013344,5.31915,,0.27213114754098366,,0.8304498269896193,,0.27213114754098366,317.0,14.89823499013344
1259,0.1,317.0,16.18922,317.0,19.07502530867444,0.98964,,0.27213114754098366,,0.8304498269896193,,0.27213114754098366,317.0,19.07502530867444
986,0.1,9.2,3.22711,30.75,3.663417043515922,1.88336,,0.27213114754098366,,0.7657142857142857,,0.27213114754098366,30.75,3.663417043515922
597,0.1,30.39,7.23871,26.06,8.271413498696276,1.5610227081394588,,0.27213114754098366,,0.8304498269896193,,0.27213114754098366,26.06,8.271413498696276
2069,0.1,41.69,7.4832589033,65.62,8.533798150252306,0.749546,,0.27213114754098366,,0.7657142857142857,,0.27213114754098366,65.62,8.533798150252306
1976,0.1,59.877,8.96336,80.35,8.710168904533205,1.5610227081394588,,0.27213114754098366,,0.8304498269896193,,0.27213114754098366,80.35,8.710168904533205
829,0.1,69.11,9.7546,317.0,11.090279890656948,5.76818,,0.27213114754098366,,0.8304498269896193,,0.27213114754098366,317.0,11.090279890656948
1082,0.1,10.52,3.2859388,16.51,3.864485897348587,0.272462,,0.27213114754098366,,0.7657142857142857,,0.27213114754098366,16.51,3.864485897348587
1867,0.1,64.57,9.21314,96.4,11.336305608388908,0.42105705,,0.27213114754098366,,0.8304498269896193,,0.27213114754098366,96.4,11.336305608388908
1735,0.1,9.13,3.05136,16.34,3.66518866085525,0.392416,,0.27213114754098366,,0.7657142857142857,,0.27213114754098366,16.34,3.66518866085525
1957,0.1,108.43,11.4232,317.0,12.485288735898353,1.4737438,,0.27213114754098366,,0.8304498269896193,,0.27213114754098366,317.0,12.485288735898353
322,0.1,65.27000000000002,9.21314,94.77,11.090287016994589,0.5201643,,0.27213114754098366,,0.8304498269896193,,0.27213114754098366,94.77,11.090287016994589
1444,0.1,49.051000000000016,8.72806,55.81,7.284540444772749,1.0350502,,0.27213114754098366,,0.8125,,0.27213114754098366,55.81,7.284540444772749
619,0.1,94.26,11.0372,317.0,-17.43016025266555,46.48904,,0.27213114754098366,,0.8304498269896193,,0.27213114754098366,317.0,-17.43016025266555
264,0.1,2.83,1.501448,8.34,1.736660447520631,0.841036,,0.27213114754098366,,0.6938775510204082,,0.27213114754098366,8.34,1.736660447520631
1559,0.1,56.48,8.8779,80.77,9.925532042322391,0.6056152,,0.27213114754098366,,0.8125,,0.27213114754098366,80.77,9.925532042322391
2153,0.1,68.82,9.716056,112.25,7.629118130610548,4.17196,,0.27213114754098366,,0.8304498269896193,,0.27213114754098366,112.25,7.629118130610548
831,0.1,317.0,10.27194459416307,317.0,8.271413498696276,1.5610227081394588,,0.27213114754098366,,0.8304498269896193,,0.27213114754098366,317.0,8.271413498696276
2343,0.1,77.82,10.27194459416307,89.18,10.43861050360512,0.688064,,0.27213114754098366,,0.8304498269896193,,0.27213114754098366,89.18,10.43861050360512
1782,0.1,35.89,7.022319,73.04,8.994464172471918,0.857036,,0.27213114754098366,,0.7657142857142857,,0.27213114754098366,73.04,8.994464172471918
1960,0.1,83.59,10.9219,317.0,15.220400856135011,1.2394345,,0.27213114754098366,,0.8304498269896193,,0.27213114754098366,317.0,15.220400856135011
971,0.1,0.92,0.97952,2.27,1.118737120252003,0.145092,,0.27213114754098366,,0.6166666666666667,,0.27213114754098366,2.27,1.118737120252003
1076,0.1,8.53,2.8333468096000005,13.43,3.415233282009816,0.233363,,0.27213114754098366,,0.7657142857142857,,0.27213114754098366,13.43,3.415233282009816
398,0.1,3.44,1.686631414,20.17,2.8665462394455816,1.44458,,0.27213114754098366,,0.7657142857142857,,0.27213114754098366,20.17,2.8665462394455816
440,0.1,2.12,1.312234294,2.58,8.271413498696276,1.5610227081394588,,0.27213114754098366,,0.7657142857142857,,0.27213114754098366,2.58,8.271413498696276
117,0.1,99.39,11.437085683,99.04,11.470054842741396,0.4648629,,0.27213114754098366,,0.8304498269896193,,0.27213114754098366,99.04,11.470054842741396
48,0.1,28.87,5.90327,48.6,7.306190385830756,0.539026,,0.27213114754098366,,0.7657142857142857,,0.27213114754098366,48.6,7.306190385830756
303,0.1,111.112,10.948019801,317.0,16.18697531924378,1.2277269,,0.27213114754098366,,0.8304498269896193,,0.27213114754098366,317.0,16.18697531924378
220,0.1,7.414000000000001,2.6584,20.6,4.347776827601479,0.34581897,,0.27213114754098366,,0.7657142857142857,,0.27213114754098366,20.6,4.347776827601479
1895,0.1,5.79,2.25689,6.64,2.2036409756629105,0.193343,,0.27213114754098366,,0.6938775510204082,,0.27213114754098366,6.64,2.2036409756629105
1691,0.1,104.62,10.27194459416307,317.0,18.727168904533205,1.5610227081394588,,0.27213114754098366,,0.8304498269896193,,0.27213114754098366,317.0,18.727168904533205
963,0.1,317.0,14.86959617,317.0,17.04864129525265,0.9596931,,0.27213114754098366,,0.8304498269896193,,0.27213114754098366,317.0,17.04864129525265
1751,0.1,68.76,10.27194459416307,126.61,11.896068904533204,1.5610227081394588,,0.27213114754098366,,0.8304498269896193,,0.27213114754098366,126.61,11.896068904533204
2435,0.1,44.95,8.1288,59.77,8.236249825239064,0.56839865,,0.27213114754098366,,0.8,,0.27213114754098366,59.77,8.236249825239064
1068,0.1,73.79,10.1474,317.0,13.827468904533204,1.5610227081394588,,0.27213114754098366,,0.8304498269896193,,0.27213114754098366,317.0,13.827468904533204
2421,0.1,31.14100000000001,6.170988152,40.3,5.090328904533205,1.5610227081394588,,0.27213114754098366,,0.7657142857142857,,0.27213114754098366,40.3,5.090328904533205
2401,0.1,127.13,13.382013,317.0,14.673088227843207,1.114856,,0.27213114754098366,,0.8304498269896193,,0.27213114754098366,317.0,14.673088227843207
2082,0.1,15.49,4.0359551923,26.22,5.17911268228692,0.255766,,0.27213114754098366,,0.7657142857142857,,0.27213114754098366,26.22,5.17911268228692
530,0.1,55.37300000000001,9.851770882,317.0,8.271413498696276,1.5610227081394588,,0.27213114754098366,,0.8304498269896193,,0.27213114754098366,317.0,8.271413498696276
758,0.1,4.44,1.94753,9.11,2.617922562780003,0.27015966,,0.27213114754098366,,0.6938775510204082,,0.27213114754098366,9.11,2.617922562780003
1148,0.1,74.68,10.1999,115.1,11.907678005937669,0.946292,,0.27213114754098366,,0.8304498269896193,,0.27213114754098366,115.1,11.907678005937669
646,0.1,3.62,1.7743707000000006,7.43,1.4801841662511466,0.69834507,,0.27213114754098366,,0.7657142857142857,,0.27213114754098366,7.43,1.4801841662511466
1992,0.1,79.236,10.27194459416307,93.25,9.645368904533203,1.5610227081394588,,0.27213114754098366,,0.8304498269896193,,0.27213114754098366,93.25,9.645368904533203
317,0.1,28.33,5.657227,79.63,6.38736108994815,3.2976332,,0.27213114754098366,,0.7657142857142857,,0.27213114754098366,79.63,6.38736108994815
191,0.1,1.95,1.20704,6.32,2.2337203103428624,0.123329535,,0.27213114754098366,,0.6166666666666667,,0.27213114754098366,6.32,2.2337203103428624
457,0.1,0.69,0.908661736,0.57,0.7820409868304293,0.066986,,0.27213114754098366,,0.6166666666666667,,0.27213114754098366,0.57,0.7820409868304293
672,0.1,74.14,10.1612,317.0,25.40680713186504,4.10377,,0.27213114754098366,,0.8304498269896193,,0.27213114754098366,317.0,25.40680713186504
2405,0.1,21.99,5.026322729,49.79,4.9738848784668965,2.39727,,0.27213114754098366,,0.7657142857142857,,0.27213114754098366,49.79,4.9738848784668965
477,0.1,74.84,10.2185,101.4,11.328961006212989,0.676242,,0.27213114754098366,,0.8304498269896193,,0.27213114754098366,101.4,11.328961006212989
2066,0.1,65.27000000000002,8.99483,317.0,0.8653208866625484,12.343045,,0.27213114754098366,,0.8,,0.27213114754098366,317.0,0.8653208866625484
2281,0.1,127.12,13.18791073,317.0,15.500103701349696,0.684714,,0.27213114754098366,,0.8304498269896193,,0.27213114754098366,317.0,15.500103701349696
1009,0.1,36.24,7.342804,317.0,8.271413498696276,1.5610227081394588,,0.27213114754098366,,0.8125,,0.27213114754098366,317.0,8.271413498696276
1604,0.1,80.393,10.27194459416307,317.0,12.95811352513724,1.65876,,0.27213114754098366,,0.8304498269896193,,0.27213114754098366,317.0,12.95811352513724
2148,0.1,48.79,7.95884,76.61,9.369319278154832,0.792852,,0.27213114754098366,,0.8304498269896193,,0.27213114754098366,76.61,9.369319278154832
286,0.1,4.18,1.87042,9.3,2.221296414701296,0.6084392,,0.27213114754098366,,0.6166666666666667,,0.27213114754098366,9.3,2.221296414701296
666,0.1,0.88,0.971879488,2.39,1.2331540632825673,0.09001432,,0.27213114754098366,,0.6166666666666667,,0.27213114754098366,2.39,1.2331540632825673
1013,0.1,32.02,6.20845,60.48,7.737857583400555,1.0058509,,0.27213114754098366,,0.8304498269896193,,0.27213114754098366,60.48,7.737857583400555
2323,0.1,4.973,2.11414,14.81,3.521861351712717,0.3306372,,0.27213114754098366,,0.6938775510204082,,0.27213114754098366,14.81,3.521861351712717
425,0.1,0.81,0.949185781,0.56,-2.555493429669504,2.6625428,,0.27213114754098366,,0.5,,0.27213114754098366,0.56,-2.555493429669504
708,0.1,23.56,5.18865,32.12,5.70043514817198,0.414634,,0.27213114754098366,,0.7657142857142857,,0.27213114754098366,32.12,5.70043514817198
2073,0.1,52.71,9.612096,86.46,9.120199184958947,1.56849,,0.27213114754098366,,0.8304498269896193,,0.27213114754098366,86.46,9.120199184958947
1180,0.1,2.1890000000000005,1.28228,2.55,-1.095123689978571,1.9496018,,0.27213114754098366,,0.6166666666666667,,0.27213114754098366,2.55,-1.095123689978571
1603,0.1,34.83,6.74949,49.92,6.055448904533205,1.5610227081394588,,0.27213114754098366,,0.7657142857142857,,0.27213114754098366,49.92,6.055448904533205
206,0.1,4.634000000000001,1.95611,7.84,2.46255262184194,0.190993,,0.27213114754098366,,0.6938775510204082,,0.27213114754098366,7.84,2.46255262184194
1510,0.1,90.88,11.507,111.07,11.988399225810628,0.71792996,,0.27213114754098366,,0.8304498269896193,,0.27213114754098366,111.07,11.988399225810628
2344,0.1,30.91,5.7177,96.36,9.117004193069334,2.07623,,0.27213114754098366,,0.8304498269896193,,0.27213114754098366,96.36,9.117004193069334
1830,0.1,7.0,2.538544064,10.35,1.2960546912018032,1.4817452,,0.27213114754098366,,0.6938775510204082,,0.27213114754098366,10.35,1.2960546912018032
906,0.1,21.260000000000005,4.8523133734,29.45,4.503776386694496,1.10109,,0.27213114754098366,,0.7657142857142857,,0.27213114754098366,29.45,4.503776386694496
1002,0.1,28.48,6.09992,61.11,7.056608904533205,1.5610227081394588,,0.27213114754098366,,0.7657142857142857,,0.27213114754098366,61.11,7.056608904533205
1785,0.1,80.41000000000001,10.6878,111.35,12.048771230504023,0.68552405,,0.27213114754098366,,0.8304498269896193,,0.27213114754098366,111.35,12.048771230504023
2047,0.1,12.37,3.5584874961,69.06,9.27874240865895,0.37578428,,0.27213114754098366,,0.7657142857142857,,0.27213114754098366,69.06,9.27874240865895
1977,0.1,76.52,10.3670919,101.85,11.399686906411414,0.6762973,,0.27213114754098366,,0.8125,,0.27213114754098366,101.85,11.399686906411414
578,0.1,108.763,10.8015,317.0,17.645841061955366,4.50006,,0.27213114754098366,,0.8304498269896193,,0.27213114754098366,317.0,17.645841061955366
2326,0.1,77.95,10.27194459416307,103.82,8.418830513340406,3.1102912,,0.27213114754098366,,0.8304498269896193,,0.27213114754098366,103.82,8.418830513340406
1118,0.1,58.97,8.90314,94.69,9.749468904533206,1.5610227081394588,,0.27213114754098366,,0.8304498269896193,,0.27213114754098366,94.69,9.749468904533206
1601,0.1,65.7,10.27194459416307,119.09,10.927283402664711,1.96279,,0.27213114754098366,,0.8304498269896193,,0.27213114754098366,119.09,10.927283402664711
2259,0.1,75.41400000000002,10.27194459416307,116.48,12.307266913011404,0.741939,,0.27213114754098366,,0.8304498269896193,,0.27213114754098366,116.48,12.307266913011404
2094,0.1,2.563,1.4035863989,7.56,2.480044058270652,0.127163,,0.27213114754098366,,0.6166666666666667,,0.27213114754098366,7.56,2.480044058270652
2015,0.1,25.93,6.22936,69.61,8.271413498696276,1.5610227081394588,,0.27213114754098366,,0.8304498269896193,,0.27213114754098366,69.61,8.271413498696276
1322,0.1,72.87,10.0826,91.68,11.004108537645068,0.399353,,0.27213114754098366,,0.8304498269896193,,0.27213114754098366,91.68,11.004108537645068
704,0.1,7.81,2.71349,26.66,5.130012908126224,0.357814,,0.27213114754098366,,0.7657142857142857,,0.27213114754098366,26.66,5.130012908126224
1670,0.1,123.771,10.27194459416307,317.0,27.18246890453321,1.5610227081394588,,0.27213114754098366,,0.8304498269896193,,0.27213114754098366,317.0,27.18246890453321
1942,0.1,111.59,12.51826934,317.0,15.4755785357117,0.5737162,,0.27213114754098366,,0.8304498269896193,,0.27213114754098366,317.0,15.4755785357117
414,0.1,117.185,12.9823,317.0,16.340012284390475,0.7382412,,0.27213114754098366,,0.8304498269896193,,0.27213114754098366,317.0,16.340012284390475
133,0.1,6.38,2.404864435,8.99,2.668742553293745,0.21325822,,0.27213114754098366,,0.7657142857142857,,0.27213114754098366,8.99,2.668742553293745
1368,0.1,3.2430000000000003,1.6124223128,6.41,1.9605867367912329,0.35092917,,0.27213114754098366,,0.6166666666666667,,0.27213114754098366,6.41,1.9605867367912329
764,0.1,1.95,1.214566424,5.08,1.7130750420896257,0.30378047,,0.27213114754098366,,0.6166666666666667,,0.27213114754098366,5.08,1.7130750420896257
436,0.1,4.66,1.998029832,8.22,1.955949053664762,1.020019,,0.27213114754098366,,0.6938775510204082,,0.27213114754098366,8.22,1.955949053664762
1635,0.1,90.34,11.389443976,121.93,11.686768904533206,1.5610227081394588,,0.27213114754098366,,0.8304498269896193,,0.27213114754098366,121.93,11.686768904533206
794,0.1,91.66,11.50390062,105.95,11.412352660407317,0.8909824,,0.27213114754098366,,0.8304498269896193,,0.27213114754098366,105.95,11.412352660407317
923,0.1,9.15,2.9936460473,14.19,3.338964011155088,0.3972419,,0.27213114754098366,,0.7657142857142857,,0.27213114754098366,14.19,3.338964011155088
2167,0.1,38.63,6.98229,68.58,9.162817647430174,0.390388,,0.27213114754098366,,0.7657142857142857,,0.27213114754098366,68.58,9.162817647430174
2075,0.1,317.0,13.49117281,317.0,32.761068904533204,1.5610227081394588,,0.27213114754098366,,0.8304498269896193,,0.27213114754098366,317.0,32.761068904533204
1780,0.1,21.13,4.862440485,34.25,5.63798323451346,0.65248,,0.27213114754098366,,0.7657142857142857,,0.27213114754098366,34.25,5.63798323451346
1518,0.1,1.16,10.27194459416307,38.67,8.271413498696276,1.5610227081394588,,0.27213114754098366,,0.8304498269896193,,0.27213114754098366,38.67,8.271413498696276
1292,0.1,2.3,1.318046443,2.59,1.3036866912624,0.0911265,,0.27213114754098366,,0.6166666666666667,,0.27213114754098366,2.59,1.3036866912624
1431,0.1,317.0,13.462422322,317.0,18.956231485909534,1.0926616,,0.27213114754098366,,0.8304498269896193,,0.27213114754098366,317.0,18.956231485909534
2004,0.1,1.85,1.197424706,2.98,0.2374299308752054,1.0142795,,0.27213114754098366,,0.6166666666666667,,0.27213114754098366,2.98,0.2374299308752054
1818,0.1,25.93,6.718718000000001,95.95,8.271413498696276,1.5610227081394588,,0.27213114754098366,,0.7657142857142857,,0.27213114754098366,95.95,8.271413498696276
562,0.1,84.85,10.27194459416307,317.0,12.945820079884388,0.912472,,0.27213114754098366,,0.8304498269896193,,0.27213114754098366,317.0,12.945820079884388
1339,0.1,97.91,10.27194459416307,317.0,14.279568904533209,1.5610227081394588,,0.27213114754098366,,0.8304498269896193,,0.27213114754098366,317.0,14.279568904533209
1639,0.1,100.58,11.6629,317.0,14.132552895128065,0.721584,,0.27213114754098366,,0.8304498269896193,,0.27213114754098366,317.0,14.132552895128065
2137,0.1,84.15,10.27194459416307,111.88,10.475846687675332,1.9405705,,0.27213114754098366,,0.8304498269896193,,0.27213114754098366,111.88,10.475846687675332
1390,0.1,29.438,5.739538295,105.36,9.851272715354895,2.06455,,0.27213114754098366,,0.7657142857142857,,0.27213114754098366,105.36,9.851272715354895
11,0.1,111.112,12.78036574,125.23,12.947949721673632,0.7051293,,0.27213114754098366,,0.8304498269896193,,0.27213114754098366,125.23,12.947949721673632
2338,0.1,33.08,9.00484,317.0,8.271413498696276,1.5610227081394588,,0.27213114754098366,,0.8304498269896193,,0.27213114754098366,317.0,8.271413498696276
1465,0.1,3.745000000000005,1.772294492700001,5.59,1.7294811337011915,0.38694382,,0.27213114754098366,,0.7657142857142857,,0.27213114754098366,5.59,1.7294811337011915
723,0.1,107.04,12.4956,317.0,25.318651484315744,8.17427,,0.27213114754098366,,0.8304498269896193,,0.27213114754098366,317.0,25.318651484315744
1349,0.1,54.63,8.4993,81.41,9.681880776017598,0.826123,,0.27213114754098366,,0.8304498269896193,,0.27213114754098366,81.41,9.681880776017598
305,0.1,110.564,12.12054,317.0,15.172687261377112,2.504766,,0.27213114754098366,,0.8304498269896193,,0.27213114754098366,317.0,15.172687261377112
850,0.1,4.23,2.98877,8.38,8.271413498696276,1.5610227081394588,,0.27213114754098366,,0.7657142857142857,,0.27213114754098366,8.38,8.271413498696276
442,0.1,3.45,1.7195885374,3.95,1.666617510929293,0.114574,,0.27213114754098366,,0.6166666666666667,,0.27213114754098366,3.95,1.666617510929293
2221,0.1,115.987,11.727850000000002,317.0,14.559891906240347,0.732946,,0.27213114754098366,,0.8304498269896193,,0.27213114754098366,317.0,14.559891906240347
1725,0.1,52.42,8.439638,317.0,13.723868904533203,1.5610227081394588,,0.27213114754098366,,0.8304498269896193,,0.27213114754098366,317.0,13.723868904533203
157,0.1,14.74,3.744886,34.73,4.6675388487181255,0.314799,,0.27213114754098366,,0.7657142857142857,,0.27213114754098366,34.73,4.6675388487181255
812,0.1,5.79,2.25689,10.52,2.954032157549382,0.21258712,,0.27213114754098366,,0.6938775510204082,,0.27213114754098366,10.52,2.954032157549382
1154,0.1,4.25,1.89602,7.16,2.188513628881865,0.30035052,,0.27213114754098366,,0.6166666666666667,,0.27213114754098366,7.16,2.188513628881865
1467,0.1,2.54,1.398886601,3.75,1.5511761464641975,0.164694,,0.27213114754098366,,0.6166666666666667,,0.27213114754098366,3.75,1.5511761464641975
1984,0.1,96.91,11.761605629,104.12,11.61011635274446,0.65872,,0.27213114754098366,,0.8304498269896193,,0.27213114754098366,104.12,11.61011635274446
638,0.1,317.0,18.03115599,317.0,37.437228689546345,4.42399,,0.5,,1.0,,0.5,317.0,37.437228689546345
1055,0.1,12.14,3.54571,99.1,2.8234677963780754,1.5592829,,0.27213114754098366,,0.7657142857142857,,0.27213114754098366,99.1,2.8234677963780754
18,0.1,67.34,9.615885133,90.88,10.317942907966216,1.480912,,0.27213114754098366,,0.8304498269896193,,0.27213114754098366,90.88,10.317942907966216
229,0.1,317.0,14.645944693000002,317.0,35.75750825739313,10.8637,,0.27213114754098366,,0.8304498269896193,,0.27213114754098366,317.0,35.75750825739313
200,0.1,2.79,1.477775413,5.47,0.1075954884718397,1.6291252,,0.27213114754098366,,0.6166666666666667,,0.27213114754098366,5.47,0.1075954884718397
891,0.1,26.62,4.96046,83.22,9.937150408752604,0.742264,,0.27213114754098366,,0.7657142857142857,,0.27213114754098366,83.22,9.937150408752604
1175,0.1,81.394,10.309881215914151,113.28,12.193083651331236,0.657419,,0.27213114754098366,,0.8304498269896193,,0.27213114754098366,113.28,12.193083651331236
2349,0.1,83.10600000000001,10.85743708,317.0,14.081302844483169,0.916465,,0.27213114754098366,,0.8304498269896193,,0.27213114754098366,317.0,14.081302844483169
1300,0.1,15.151000000000002,4.22851,80.06,6.020929489916009,3.58922,,0.27213114754098366,,0.7657142857142857,,0.27213114754098366,80.06,6.020929489916009
1323,0.1,317.0,15.167140933,317.0,18.796698266229843,0.96118,,0.27213114754098366,,0.8304498269896193,,0.27213114754098366,317.0,18.796698266229843
991,0.1,41.83,7.26341,95.88,10.871555655383144,0.765591,,0.27213114754098366,,0.8304498269896193,,0.27213114754098366,95.88,10.871555655383144
793,0.1,91.02,11.64707573,317.0,13.689971327143844,0.67124,,0.27213114754098366,,0.8304498269896193,,0.27213114754098366,317.0,13.689971327143844
1964,0.1,91.88,10.27194459416307,317.0,15.45272785601605,0.9979907,,0.27213114754098366,,0.8304498269896193,,0.27213114754098366,317.0,15.45272785601605
47,0.1,77.13,10.151510000000002,110.14,12.423774700379573,0.731867,,0.27213114754098366,,0.8304498269896193,,0.27213114754098366,110.14,12.423774700379573
712,0.1,75.59,10.264,317.0,15.722438850873385,1.38618,,0.27213114754098366,,0.8304498269896193,,0.27213114754098366,317.0,15.722438850873385
438,0.1,1.9080000000000008,1.2070941298000002,3.18,1.2742459403176212,0.25002378,,0.27213114754098366,,0.7657142857142857,,0.27213114754098366,3.18,1.2742459403176212
296,0.1,13.78,3.74681,34.1,-4.574885445835647,8.41901,,0.27213114754098366,,0.7657142857142857,,0.27213114754098366,34.1,-4.574885445835647
1607,0.1,54.85800000000001,8.521089,116.14,12.161299252764389,0.842573,,0.27213114754098366,,0.8304498269896193,,0.27213114754098366,116.14,12.161299252764389
878,0.1,88.35,11.2199,317.0,16.947942383891693,7.460604,,0.27213114754098366,,0.8304498269896193,,0.27213114754098366,317.0,16.947942383891693
194,0.1,7.58,2.65245,13.52,3.3791250835316715,0.273399,,0.27213114754098366,,0.7657142857142857,,0.27213114754098366,13.52,3.3791250835316715
175,0.1,97.44,11.8344,317.0,14.522591316659607,0.813864,,0.27213114754098366,,0.8304498269896193,,0.27213114754098366,317.0,14.522591316659607
2173,0.1,317.0,15.645725768,317.0,17.849382569050032,0.7559893,,0.27213114754098366,,0.8304498269896193,,0.27213114754098366,317.0,17.849382569050032
461,0.1,317.0,16.7087,317.0,19.00103578571055,0.900287,,0.27213114754098366,,0.8304498269896193,,0.27213114754098366,317.0,19.00103578571055
1203,0.1,3.9,1.799296606,4.56,1.8512085658337984,0.107449,,0.27213114754098366,,0.6166666666666667,,0.27213114754098366,4.56,1.8512085658337984
2242,0.1,76.0,10.32616195,95.36,11.346505796943685,0.353619,,0.27213114754098366,,0.8304498269896193,,0.27213114754098366,95.36,11.346505796943685
1627,0.1,119.428,10.430811215914156,99.88,11.17229486248516,1.32894,,0.27213114754098366,,0.8304498269896193,,0.27213114754098366,99.88,11.17229486248516
17,0.1,6.746,2.47030768,18.15,4.127623456796256,0.243975,,0.27213114754098366,,0.7657142857142857,,0.27213114754098366,18.15,4.127623456796256
1544,0.1,11.72,3.45801,22.7,4.690547332025798,0.303041,,0.27213114754098366,,0.7657142857142857,,0.27213114754098366,22.7,4.690547332025798
946,0.1,5.32,2.1598890833,6.79,-0.730498086145615,2.5167987,,0.27213114754098366,,0.6938775510204082,,0.27213114754098366,6.79,-0.730498086145615
489,0.1,7.52,2.23876,9.48,2.5057708374500294,0.41319102,,0.27213114754098366,,0.7657142857142857,,0.27213114754098366,9.48,2.5057708374500294
2262,0.1,68.18,9.615885133,130.11,7.29438985458039,5.37763,,0.27213114754098366,,0.8304498269896193,,0.27213114754098366,130.11,7.29438985458039
385,0.1,5.9620000000000015,2.3188929801,6.13,1.703530073348273,0.51685,,0.27213114754098366,,0.6938775510204082,,0.27213114754098366,6.13,1.703530073348273
2293,0.1,7.74,2.67981,8.69,2.6138420654859638,0.205273,,0.27213114754098366,,0.7657142857142857,,0.27213114754098366,8.69,2.6138420654859638
1909,0.1,1.11,1.036506337,2.19,1.0735096976829452,0.16381204,,0.27213114754098366,,0.6938775510204082,,0.27213114754098366,2.19,1.0735096976829452
145,0.1,2.86,1.499704002,7.09,2.1175904112201125,0.34479496,,0.27213114754098366,,0.6938775510204082,,0.27213114754098366,7.09,2.1175904112201125
977,0.1,80.76,10.27194459416307,112.14,12.219376758086192,0.5946677,,0.27213114754098366,,0.8304498269896193,,0.27213114754098366,112.14,12.219376758086192
1716,0.1,317.0,13.503595925,317.0,13.730174886091156,1.1299,,0.27213114754098366,,0.8304498269896193,,0.27213114754098366,317.0,13.730174886091156
818,0.1,4.79,1.9885548134,5.49,0.3130773977100805,1.4735351,,0.27213114754098366,,0.7657142857142857,,0.27213114754098366,5.49,0.3130773977100805
1732,0.1,25.89,5.480026583,33.72,5.4631075590893845,0.7326464,,0.27213114754098366,,0.7657142857142857,,0.27213114754098366,33.72,5.4631075590893845
1277,0.1,98.573,11.95149929,119.65,12.495347382633543,0.743905,,0.27213114754098366,,0.8304498269896193,,0.27213114754098366,119.65,12.495347382633543
2371,0.1,45.63,6.940121298,71.85,9.834639168705234,0.309282,,0.27213114754098366,,0.8304498269896193,,0.27213114754098366,71.85,9.834639168705234
1275,0.1,73.11,9.940257,98.96,11.065136551305832,0.809459,,0.27213114754098366,,0.8304498269896193,,0.27213114754098366,98.96,11.065136551305832
1631,0.1,48.58,9.0709542765,55.58,8.271413498696276,1.5610227081394588,,0.27213114754098366,,0.8304498269896193,,0.27213114754098366,55.58,8.271413498696276
418,0.1,19.14,2.23876,317.0,8.271413498696276,1.5610227081394588,,0.27213114754098366,,0.7657142857142857,,0.27213114754098366,317.0,8.271413498696276
1848,0.1,7.37,3.001053097,6.63,1.8565354072484297,0.238129,,0.27213114754098366,,0.7657142857142857,,0.27213114754098366,6.63,1.8565354072484297
1673,0.1,44.25,7.916340000000001,55.64,7.946317249623278,0.491188,,0.27213114754098366,,0.8,,0.27213114754098366,55.64,7.946317249623278
582,0.1,127.12,13.838301755,317.0,14.97853931383332,0.73173845,,0.27213114754098366,,0.8304498269896193,,0.27213114754098366,317.0,14.97853931383332
1770,0.1,61.78,9.010144100000002,317.0,14.219134841384909,0.639276,,0.27213114754098366,,0.8304498269896193,,0.27213114754098366,317.0,14.219134841384909
254,0.1,8.548,2.851645,16.62,2.5775434472968906,1.2984,,0.27213114754098366,,0.7657142857142857,,0.27213114754098366,16.62,2.5775434472968906
1367,0.1,2.24,1.298485869,3.84,1.630526477071529,0.111992,,0.27213114754098366,,0.6166666666666667,,0.27213114754098366,3.84,1.630526477071529
300,0.1,6.38,2.404864435,7.63,1.1689227988603044,1.172365,,0.27213114754098366,,0.7657142857142857,,0.27213114754098366,7.63,1.1689227988603044
1757,0.1,89.0,10.810899513000004,105.16,11.670120528778725,0.6465426,,0.27213114754098366,,0.8304498269896193,,0.27213114754098366,105.16,11.670120528778725
30,0.1,1.12,1.040795413,2.74,-0.8944509567532879,1.8385029,,0.27213114754098366,,0.6166666666666667,,0.27213114754098366,2.74,-0.8944509567532879
657,0.1,50.98,8.09927,65.96,9.058366648782728,0.3442331,,0.27213114754098366,,0.8125,,0.27213114754098366,65.96,9.058366648782728
1887,0.1,9.2,3.15801,17.74,2.3790989045332047,1.5610227081394588,,0.27213114754098366,,0.7657142857142857,,0.27213114754098366,17.74,2.3790989045332047
1101,0.1,51.62700000000002,8.224868661,86.56,10.257550440749256,0.696148,,0.27213114754098366,,0.8304498269896193,,0.27213114754098366,86.56,10.257550440749256
517,0.1,28.87,6.3744,40.76,1.401367302281849,4.4914646,,0.27213114754098366,,0.7657142857142857,,0.27213114754098366,40.76,1.401367302281849
713,0.1,10.296,3.178853,24.39,4.860042092706182,0.336684,,0.27213114754098366,,0.7657142857142857,,0.27213114754098366,24.39,4.860042092706182
386,0.1,77.13,10.417,120.72,12.56075689020078,1.05797,,0.27213114754098366,,0.8304498269896193,,0.27213114754098366,120.72,12.56075689020078
459,0.1,73.47200000000001,9.940257,118.08,12.37532359054418,0.793785,,0.27213114754098366,,0.8304498269896193,,0.27213114754098366,118.08,12.37532359054418
1491,0.1,15.0,4.81101,114.85,6.114020166255118,5.49473,,0.27213114754098366,,0.8304498269896193,,0.27213114754098366,114.85,6.114020166255118
1926,0.1,25.06,6.22936,29.46,8.271413498696276,1.5610227081394588,,0.27213114754098366,,0.7657142857142857,,0.27213114754098366,29.46,8.271413498696276
1646,0.1,34.69,6.661507000000001,46.76,5.764378904533205,1.5610227081394588,,0.27213114754098366,,0.7657142857142857,,0.27213114754098366,46.76,5.764378904533205
536,0.1,14.75,3.93221,28.62,5.574602724516391,0.331791,,0.27213114754098366,,0.7657142857142857,,0.27213114754098366,28.62,5.574602724516391
1647,0.1,58.97,8.8779,97.68,11.050069667513355,0.71923,,0.27213114754098366,,0.8304498269896193,,0.27213114754098366,97.68,11.050069667513355
1512,0.1,12.241,3.747539,21.44,4.421413465471276,0.375862,,0.27213114754098366,,0.7657142857142857,,0.27213114754098366,21.44,4.421413465471276
283,0.1,7.24,2.59639,23.11,-1.4187824144995165,3.122172,,0.27213114754098366,,0.7657142857142857,,0.27213114754098366,23.11,-1.4187824144995165
1257,0.1,74.5,10.22067831,107.46,11.653883021157096,0.928107,,0.27213114754098366,,0.8125,,0.27213114754098366,107.46,11.653883021157096
2390,0.1,53.96,8.164886000000003,82.61,9.942949157969586,0.716671,,0.27213114754098366,,0.8304498269896193,,0.27213114754098366,82.61,9.942949157969586
609,0.1,16.05,4.13797,28.66,3.369699480879243,1.9105465,,0.27213114754098366,,0.7657142857142857,,0.27213114754098366,28.66,3.369699480879243
1665,0.1,81.8,10.27194459416307,317.0,8.271413498696276,1.5610227081394588,,0.27213114754098366,,0.8304498269896193,,0.27213114754098366,317.0,8.271413498696276
1038,0.1,317.0,17.7665063,317.0,15.82702093522115,9.09318,,0.5,,0.8304498269896193,,0.5,317.0,15.82702093522115
1771,0.1,8.626,2.892671439400001,10.44,2.8218467146561186,0.294622,,0.27213114754098366,,0.7657142857142857,,0.27213114754098366,10.44,2.8218467146561186
1069,0.1,40.19200000000002,7.00844,317.0,15.030099091696709,6.70968,,0.27213114754098366,,0.8304498269896193,,0.27213114754098366,317.0,15.030099091696709
1852,0.1,7.962000000000002,2.93924,14.24,3.426375847466116,0.340606,,0.27213114754098366,,0.7657142857142857,,0.27213114754098366,14.24,3.426375847466116
458,0.1,4.27,1.90837771,9.0,1.9632920444169304,0.596427,,0.27213114754098366,,0.7657142857142857,,0.27213114754098366,9.0,1.9632920444169304
503,0.1,4.71,2.02068,9.05,1.5749051837217014,1.0760398,,0.27213114754098366,,0.6938775510204082,,0.27213114754098366,9.05,1.5749051837217014
2213,0.1,41.6,6.940121298,69.4,9.080187707965813,0.518787,,0.27213114754098366,,0.8,,0.27213114754098366,69.4,9.080187707965813
1526,0.1,3.03,1.553134989,6.27,-4.948886923248206,5.718552,,0.27213114754098366,,0.6166666666666667,,0.27213114754098366,6.27,-4.948886923248206
1388,0.1,8.26,2.73549,9.63,2.8627857554118865,0.152623,,0.27213114754098366,,0.7657142857142857,,0.27213114754098366,9.63,2.8627857554118865
1129,0.1,317.0,15.9563,317.0,21.3688133557322,1.1757971,,0.27213114754098366,,0.8304498269896193,,0.27213114754098366,317.0,21.3688133557322
6,0.1,131.382,14.281092887,317.0,19.38273419233588,0.899664,,0.27213114754098366,,0.8304498269896193,,0.27213114754098366,317.0,19.38273419233588
836,0.1,84.52,10.9718,109.15,12.065720051118756,0.578892,,0.27213114754098366,,0.8304498269896193,,0.27213114754098366,109.15,12.065720051118756
670,0.1,88.76,11.2371,317.0,12.581187711455492,10.2479,,0.27213114754098366,,0.8304498269896193,,0.27213114754098366,317.0,12.581187711455492
648,0.1,68.934,9.751201,95.3,8.427954431234049,3.636668,,0.27213114754098366,,0.8304498269896193,,0.27213114754098366,95.3,8.427954431234049
2142,0.1,84.15,10.27194459416307,115.07,12.260806377702169,0.746512,,0.27213114754098366,,0.8304498269896193,,0.27213114754098366,115.07,12.260806377702169
1426,0.1,19.450000000000003,4.6063654356,61.25,6.736613028463816,1.86455,,0.27213114754098366,,0.7657142857142857,,0.27213114754098366,61.25,6.736613028463816
1797,0.1,19.72,5.385266629,47.27,4.873028982948084,2.30594,,0.27213114754098366,,0.7657142857142857,,0.27213114754098366,47.27,4.873028982948084
488,0.1,9.31,3.0101,15.38,3.741972534209688,0.238537,,0.27213114754098366,,0.7657142857142857,,0.27213114754098366,15.38,3.741972534209688
2333,0.1,74.84,10.1999,91.81,8.882871835039378,2.0736494,,0.27213114754098366,,0.8304498269896193,,0.27213114754098366,91.81,8.882871835039378
1212,0.1,4.27,1.947951,6.49,0.4292889045332049,1.5610227081394588,,0.27213114754098366,,0.7657142857142857,,0.27213114754098366,6.49,0.4292889045332049
1430,0.1,5.13,2.113848168,11.21,3.060837871633406,0.226641,,0.27213114754098366,,0.6938775510204082,,0.27213114754098366,11.21,3.060837871633406
778,0.1,4.72,2.00987,9.15,1.3194533023654906,1.2901354,,0.27213114754098366,,0.6938775510204082,,0.27213114754098366,9.15,1.3194533023654906
444,0.1,11.71,4.22851,42.21,5.298768904533205,1.5610227081394588,,0.27213114754098366,,0.7657142857142857,,0.27213114754098366,42.21,5.298768904533205
161,0.1,15.039,3.9792270412,22.34,2.604843976125595,1.8882914,,0.27213114754098366,,0.7657142857142857,,0.27213114754098366,22.34,2.604843976125595
2395,0.1,2.91,1.514836914,3.4,1.461537179662579,0.145724,,0.27213114754098366,,0.6938775510204082,,0.27213114754098366,3.4,1.461537179662579
249,0.1,2.4,1.35917743,4.28,-0.6078688075145164,1.9580723,,0.27213114754098366,,0.6166666666666667,,0.27213114754098366,4.28,-0.6078688075145164
892,0.1,14.37,4.0359551923,83.01,7.88717843980453,2.32743,,0.27213114754098366,,0.7657142857142857,,0.27213114754098366,83.01,7.88717843980453
1109,0.1,25.189000000000004,6.75509,90.02,9.426668904533203,1.5610227081394588,,0.27213114754098366,,0.8,,0.27213114754098366,90.02,9.426668904533203
745,0.1,3.0720000000000027,1.6736016000000002,6.18,2.1034931128405123,0.194028,,0.27213114754098366,,0.6166666666666667,,0.27213114754098366,6.18,2.1034931128405123
173,0.1,85.3,10.6878,317.0,14.21688064177852,7.87344,,0.27213114754098366,,0.8304498269896193,,0.27213114754098366,317.0,14.21688064177852
799,0.1,4.19,1.872114505,6.67,2.1068840133090365,0.28267094,,0.27213114754098366,,0.6938775510204082,,0.27213114754098366,6.67,2.1068840133090365
964,0.1,74.51,10.22067831,102.44,10.17189242375022,1.6935,,0.27213114754098366,,0.8304498269896193,,0.27213114754098366,102.44,10.17189242375022
2045,0.1,38.63,5.7177,55.02,7.6127315796264305,0.7230957,,0.27213114754098366,,0.8304498269896193,,0.27213114754098366,55.02,7.6127315796264305
1775,0.1,44.25,8.32531,40.02,8.271413498696276,1.5610227081394588,,0.27213114754098366,,0.7657142857142857,,0.27213114754098366,40.02,8.271413498696276
1374,0.1,6.59,2.327106516,7.18,1.808268910531772,0.6007387,,0.27213114754098366,,0.7657142857142857,,0.27213114754098366,7.18,1.808268910531772
828,0.1,5.19,2.13419,7.22,2.203403370525026,0.29829618,,0.27213114754098366,,0.6938775510204082,,0.27213114754098366,7.22,2.203403370525026
570,0.1,124.707,12.981503302,317.0,19.827068046794867,0.279842,,0.27213114754098366,,0.8304498269896193,,0.27213114754098366,317.0,19.827068046794867
2430,0.1,80.42800000000001,10.27194459416307,118.26,12.680819404911704,0.556061,,0.27213114754098366,,0.8304498269896193,,0.27213114754098366,118.26,12.680819404911704
1643,0.1,7.58,2.660025534,8.37,2.5689300254233887,0.194007,,0.27213114754098366,,0.7657142857142857,,0.27213114754098366,8.37,2.5689300254233887
1872,0.1,58.38,9.39506,80.42,9.441023862911916,0.9626542,,0.27213114754098366,,0.8304498269896193,,0.27213114754098366,80.42,9.441023862911916
2149,0.1,87.88400000000001,11.2218,112.16,12.15405410363628,0.639339,,0.27213114754098366,,0.8304498269896193,,0.27213114754098366,112.16,12.15405410363628
574,0.1,103.62,11.818637613,317.0,8.851903153342782,4.79364,,0.27213114754098366,,0.8304498269896193,,0.27213114754098366,317.0,8.851903153342782
2052,0.1,51.77200000000001,8.64837,111.6,11.59547397440917,1.05624,,0.27213114754098366,,0.7657142857142857,,0.27213114754098366,111.6,11.59547397440917
880,0.1,3.23,1.6095868232,9.06,2.672389524088956,0.21712,,0.27213114754098366,,0.6938775510204082,,0.27213114754098366,9.06,2.672389524088956
1354,0.1,126.64,13.519485973000002,317.0,15.283067851076982,0.75672454,,0.27213114754098366,,0.8304498269896193,,0.27213114754098366,317.0,15.283067851076982
688,0.1,12.806,3.7188,21.58,4.500369171252107,0.331864,,0.27213114754098366,,0.7657142857142857,,0.27213114754098366,21.58,4.500369171252107
953,0.1,1.38,1.101762401,2.72,1.2315272264294026,0.17426977,,0.27213114754098366,,0.6166666666666667,,0.27213114754098366,2.72,1.2315272264294026
342,0.1,68.55,9.598840000000004,317.0,-8.004478851186196,20.382994,,0.27213114754098366,,0.8304498269896193,,0.27213114754098366,317.0,-8.004478851186196
1293,0.1,317.0,14.95447888,317.0,10.525670877243632,11.290005,,0.27213114754098366,,0.8304498269896193,,0.27213114754098366,317.0,10.525670877243632
2096,0.1,89.798,10.7664,115.59,12.27862732789636,0.714035,,0.27213114754098366,,0.8304498269896193,,0.27213114754098366,115.59,12.27862732789636
893,0.1,10.363,3.2564380713000007,21.34,2.896588904533205,1.5610227081394588,,0.27213114754098366,,0.7657142857142857,,0.27213114754098366,21.34,2.896588904533205
805,0.1,63.62,9.300241257,114.56,12.163697976125247,0.760486,,0.27213114754098366,,0.8304498269896193,,0.27213114754098366,114.56,12.163697976125247
2364,0.1,15.73,3.721601549,87.93,10.954788595122825,0.367142,,0.27213114754098366,,0.7657142857142857,,0.27213114754098366,87.93,10.954788595122825
535,0.1,101.72,12.25573,317.0,19.035745266027376,0.71937275,,0.27213114754098366,,0.8304498269896193,,0.27213114754098366,317.0,19.035745266027376
1273,0.1,103.62,12.42596749,317.0,13.779302899039031,0.819083,,0.27213114754098366,,0.8304498269896193,,0.27213114754098366,317.0,13.779302899039031
921,0.1,49.31,8.01917,72.76,9.320242198961909,0.564205,,0.27213114754098366,,0.8,,0.27213114754098366,72.76,9.320242198961909
1494,0.1,11.853000000000002,3.503024475,30.92,5.179210625587197,0.701649,,0.27213114754098366,,0.7657142857142857,,0.27213114754098366,30.92,5.179210625587197
2410,0.1,52.95,8.347597313,74.6,7.014120548657413,2.52458,,0.27213114754098366,,0.8304498269896193,,0.27213114754098366,74.6,7.014120548657413
2210,0.1,25.89,5.480026583,40.17,6.459179531640792,0.49714726,,0.27213114754098366,,0.7657142857142857,,0.27213114754098366,40.17,6.459179531640792
483,0.1,98.09,11.95149929,123.82,12.9233567682888,0.652368,,0.27213114754098366,,0.8304498269896193,,0.27213114754098366,123.82,12.9233567682888
80,0.1,94.831,10.27194459416307,317.0,13.974068904533205,1.5610227081394588,,0.27213114754098366,,0.8304498269896193,,0.27213114754098366,317.0,13.974068904533205
979,0.1,34.69,6.52263,91.91,8.119360799693458,2.66157,,0.27213114754098366,,0.8304498269896193,,0.27213114754098366,91.91,8.119360799693458
270,0.1,0.69,0.908661736,0.14,0.5476570903266559,0.0344566,,0.27213114754098366,,0.5,,0.27213114754098366,0.14,0.5476570903266559
1448,0.1,41.0,7.23153,78.26,5.573862935540917,3.8474433,,0.27213114754098366,,0.8,,0.27213114754098366,78.26,5.573862935540917
1979,0.1,2.13,1.27326,3.53,1.4757347284900255,0.164422,,0.27213114754098366,,0.6938775510204082,,0.27213114754098366,3.53,1.4757347284900255
475,0.1,121.6,13.49117281,317.0,13.895802479436975,1.0992488,,0.27213114754098366,,0.8304498269896193,,0.27213114754098366,317.0,13.895802479436975
532,0.1,112.95,11.5901,317.0,27.972968904533207,1.5610227081394588,,0.27213114754098366,,1.0,,0.27213114754098366,317.0,27.972968904533207
1668,0.1,79.73400000000001,10.27194459416307,117.18,12.23939329981315,0.815267,,0.27213114754098366,,0.8304498269896193,,0.27213114754098366,117.18,12.23939329981315
299,0.1,24.23,5.270600271,55.83,8.182343046074543,0.33535388,,0.27213114754098366,,0.7657142857142857,,0.27213114754098366,55.83,8.182343046074543
2268,0.1,58.38,9.448237,92.69,9.602368904533204,1.5610227081394588,,0.27213114754098366,,0.8304498269896193,,0.27213114754098366,92.69,9.602368904533204
731,0.1,15.060000000000002,3.982720000000001,22.02,2.962918904533205,1.5610227081394588,,0.27213114754098366,,0.7657142857142857,,0.27213114754098366,22.02,2.962918904533205
485,0.1,4.51,1.911228227,7.25,1.4198776852716044,0.915131,,0.27213114754098366,,0.6938775510204082,,0.27213114754098366,7.25,1.4198776852716044
233,0.1,116.75,12.51593,317.0,13.755963458213174,0.5979688,,0.27213114754098366,,0.8304498269896193,,0.27213114754098366,317.0,13.755963458213174
988,0.1,11.946000000000003,3.54571,46.66,-1.1609234051488215,6.953522,,0.27213114754098366,,0.7657142857142857,,0.27213114754098366,46.66,-1.1609234051488215
1555,0.1,3.645000000000001,1.733849,21.9,2.946200685323258,1.59253,,0.27213114754098366,,0.7657142857142857,,0.27213114754098366,21.9,2.946200685323258
1187,0.1,3.443,1.67736,5.18,1.818244071874964,0.24079674,,0.27213114754098366,,0.6166666666666667,,0.27213114754098366,5.18,1.818244071874964
