tid,toi,pl_mass,tfopwg_disp,st_tmag,st_tmagerr,ra,dec,pmra,pmraerr,pmdec,pmdecerr,pl_tranepoch,pl_tranepocherr,pl_orbper,pl_orbpererr,pl_trandurh,pl_trandurherr,pl_trandepmmag,pl_trandepmmagerr,pl_trandep,pl_trandeperr,pl_rade,pl_radeerr,pl_insol,pl_eqt,pl_snr,st_dist,st_disterr,st_teff,st_tefferr,st_logg,st_loggerr,st_rad,st_raderr,st_feh,st_feherr,st_mass,st_masserr
231663901,101.01,115.19,1,12.4069,0.006,318.737012,-55.871863,12.641,0.044,-16.011,0.041,2458326.009,0.000131546,1.43036995,7.72e-07,1.616599404,0.019208942,20.784,0.200653,18960.71229,184.79134,13.18745031,0.6576402,1281.240825,1525.904809,151.72173,375.31,4.411,5600.0,,4.48851,,0.890774012,0.0438467,,,1.05,0.129454
336732616,103.01,116.75,1,11.5232,0.008,312.457488,-24.428694,10.426,0.07,15.62,0.051,2458327.253,0.000586,3.547854,0.000149,3.494333,0.049205,11.377523,0.133944,10424.3718,123.359314,14.581841,0.196435,1212.004376,1504.858953,59.5,411.211,7.752,6351.0,,4.22896,,1.4,,,,1.27,0.196969
231670397,104.01,121.75,1,9.8638,0.006,319.949697,-58.148933,10.552,0.045,-10.658,0.043,2460150.609,0.0006817,4.0872956,2.3e-06,5.586113047,0.050875474,3.885379,0.03875,3572.17125,35.689426,13.62377318,0.65182334,2242.36054,1755.076738,48.678577,316.678,2.9655,6036.0,,3.93359,,2.218669891,0.102573,,,1.16,0.166129
144065872,105.01,122.95,1,9.4995,0.006,337.457824,-48.003099,91.976,0.052,-6.861,0.069,2459084.585,0.00011,2.184666949,4.85e-07,2.865280016,0.009074817,12.786825,0.037924,11708.02285,34.928566,13.70285267,0.66197515,1362.138143,1549.44098,349.33414,137.544,0.7905,5630.0,,4.37759,,1.238240004,0.0596985,,,1.03,0.127209
289793076,108.01,99.64,1,13.163,0.01,316.96148,-26.09672,3.479,0.063,-10.313,0.038,2458328.084,0.000439131,3.044054067,4.26e-06,2.59845748,0.061165422,24.414911,0.532696,22236.01654,490.51093,12.10867994,0.2679916,315.9871326,1075.318454,34.314007,421.855,8.339,5523.0,,4.52192,,0.809867978,,,,0.95,
29344935,109.01,102.14,1,13.2366,0.007,313.215475,-25.687376,1.053,0.052,-9.881,0.029,2458326.127,0.000478173,2.76676001,2.53e-06,2.68721777,0.07263539,16.351489,0.315828,14947.43878,290.84625,12.28673887,0.30639383,505.8840075,1209.574123,41.24269,513.011,9.1275,5346.0,,4.48823,,0.984866023,,,,0.93,
355703913,111.01,113.71,1,13.183,0.006,0.774487,-62.469317,2.894,0.024,4.911,0.025,2458326.105,0.000396017,2.10615688,2.61e-06,1.46889345,0.05627796,13.263943,0.558677,12142.22385,514.4283,13.08687204,2.512208,691.8428073,1308.041753,38.7845,508.842,3.896,5380.0,,4.4337,,0.940697014,,0.245387,0.0875268,0.95,
388104525,112.01,125.23,1,11.6035,0.006,55.933639,-65.19378,21.126,0.032,16.543,0.043,2460069.774,0.000364779,2.499799598,4.42e-07,2.865171019,0.009780298,15.991971,0.041631,14621.20596,38.342907,13.85160928,0.7051293,907.8624196,1399.989438,375.26334,302.448,2.004,5650.0,,4.28867,,1.137320042,0.0577764,,,1.0,0.121147
25155310,114.01,78.37,1,10.6103,0.006,63.374706,-69.226593,63.134,0.045,53.433,0.039,2458327.52,6.06e-05,3.288789827,3.42e-07,3.43677173,0.009987716,7.633138,0.014978,7005.72479,13.795558,10.51358773,0.51853716,759.3373533,1338.839265,557.429,216.526,0.932,5800.0,,4.28004,,1.241750002,0.0610804,0.20683,0.0458093,1.01,0.123355
281541555,115.01,78.84,1,13.0417,0.006,6.70264,-56.316102,21.46,0.027,7.316,0.024,2458329.903,0.000541665,4.742370901,3.13e-06,2.498814518,0.066505075,13.823066,0.267382,12650.81104,246.23778,10.55059224,0.20499046,209.7699043,970.6340996,50.48632,453.808,3.894,5377.0,185.0,4.42476,2.00401,0.877584994,,,,0.96,
238176110,116.01,97.44,1,11.0443,0.006,357.846434,-70.152862,96.185,0.041,-1.747,0.038,2458326.689,7.42e-05,2.798580184,3.35e-07,2.380104344,0.012993329,18.294525,0.059786,16708.7152,55.063156,11.95149929,0.7325688,332.556249,1089.145817,380.53317,149.942,0.5175,4920.0,,4.49371,,0.906655014,0.0553769,0.32,0.08,0.81,0.0958693
266980320,118.01,18.15,1,9.179,0.006,349.559266,-56.903986,313.918,0.039,-20.177,0.043,2460175.749,0.0010809,6.0344667,5.9e-06,1.89,0.109,1.956086,0.054389,1800.0,50.0931,4.44029,0.243975,64.2648,788.0,42.0,94.1719,0.2512,5586.0,187.0,4.36763,0.270247,1.05,0.05,,,0.97,0.120939
394137592,120.01,90.88,1,7.1062,0.006,4.447163,-66.358928,64.763,0.049,-5.056,0.041,2458332.083,0.000707,11.535076,0.001035,8.555958,0.069027,2.597913,0.031416,2389.90616,28.935114,12.215808,1.480912,,,32.9,79.5702,0.17345,5479.3,57.0,3.77,0.08,2.48771,0.298399,-0.02,0.09,0.96,0.124471
231702397,122.01,7.46,1,13.084,0.007,332.948236,-58.946085,138.138,0.089,-235.81,0.076,2458329.119,0.000865972,5.078032535,7.64e-06,1.210035307,0.27777362,6.450076,0.465919,5923.128307,429.03534,2.634776336,0.68248564,8.174313865,431.253644,15.281929,62.118,0.2158,3318.0,64.0,4.9581,0.407256,0.334125012,0.0100409,,,0.315858,0.0202514
52368076,125.01,7.65,1,10.1985,0.006,23.593425,-66.676349,-119.8,0.066,-122.953,0.08,2460206.744,0.0019795,4.6517186,8.3e-06,2.709,0.921,1.06237,0.086613,978.0,79.7705,2.66889,0.203698,540.772,1343.0,26.0,111.059,0.442,5154.0,182.0,4.47072,0.28501,0.85,0.05,,,0.91,0.110203
52368076,125.02,7.42,1,10.1985,0.006,23.593425,-66.676349,-119.8,0.066,-122.953,0.08,2460202.05,0.0032682,9.1549418,2.49e-05,2.457,0.341,1.196054,0.065582,1101.0,60.4017,2.62011,0.183373,42.2592,710.0,18.0,111.059,0.442,5154.0,182.0,4.47072,0.28501,0.85,0.05,,,0.91,0.110203
52368076,125.03,7.07,1,10.1985,0.006,23.593425,-66.676349,-119.8,0.066,-122.953,0.08,2460181.147,0.0052731,19.9815709,8.96e-05,2.724,0.716,0.987383,0.076907,909.0,70.8314,2.54717,0.192388,16.5853,562.0,10.0,111.059,0.442,5154.0,182.0,4.47072,0.28501,0.85,0.05,,,0.91,0.110203
70440470,126.01,124.3,1,12.7923,0.006,339.489275,-35.154203,-9.326,0.041,-50.142,0.045,2458326.731,0.00042045,3.035397712,3.68e-06,2.796467795,0.059945308,17.566776,0.292171,16049.41204,269.06363,13.79115826,0.73552907,726.7569274,1324.241044,41.57743,573.027,11.688,5751.0,189.0,4.35036,,1.072239995,0.053588,,,1.09,0.142327
234523599,127.01,76.0,1,14.1266,0.007,15.551889,-61.756133,78.858,0.087,-27.095,0.064,2458325.651,0.000243106,3.795517784,2.27e-06,2.019813485,0.031575486,58.298733,0.608638,52278.9941,560.4189,10.32616195,0.33078393,18.0832336,525.9431131,75.709694,140.225,0.86,3424.0,,4.438,,0.445371985,0.01356,,,0.44159,0.0205201
391949880,128.01,5.99,1,7.9849,0.006,79.520938,-80.964384,-49.146,0.042,45.307,0.046,2460175.867,0.0012993,4.9404714,7.1e-06,1.954,0.417,0.494122,0.018553,455.0,17.088,2.3216,0.116622,320.012,1178.0,43.0,68.4727,0.119,6086.0,193.0,4.26269,0.26143,1.13,0.05,,,1.13,0.151237
201248411,129.01,29.49,1,9.9005,0.006,0.185606,-54.830823,-202.815,0.031,-71.518,0.029,2460205.647,0.000584,0.980972,5e-07,0.540503552,0.026238935,6.728913,0.065402,6178.392421,60.235405,5.916292333,0.7808294,719.5629045,1320.951709,167.35898,61.7856,0.0805,4486.0,175.0,4.49914,0.338797,0.764401019,0.0628191,,,0.7,0.0867846
263003176,130.01,5.9,1,7.4371,0.006,12.546778,-83.743767,139.424,0.056,30.476,0.042,2458336.558,0.001111978,14.33921442,2.23e-05,4.606473855,0.35378832,0.426381,0.013446,392.6346872,12.384206,2.29632326,0.759807,118.7538488,841.9410276,32.31029,57.5846,0.0945,6295.7,56.481,4.438,,1.137420058,0.0451659,,,1.23,0.18151
89020549,132.01,12.19,1,10.8061,0.006,338.399662,-43.436872,35.553,0.043,-53.055,0.054,2458326.903,0.000821728,2.109684883,6.64e-06,2.121082839,0.2234417,1.436908,0.062857,1322.565719,57.89131,3.517574786,0.9270777,644.2120132,1284.92256,18.639763,163.678,0.987,5673.0,188.0,4.55383,0.4189,0.940805972,0.0527538,,,0.91,0.113124
234994474,134.01,2.74,1,9.22978,0.007,350.028592,-60.065729,-319.961,0.102,-127.781,0.115,2458326.034,0.000566393,1.40151826,4.81e-06,1.158306137,0.32550693,0.644852,0.04648,593.7540922,42.808456,1.461685313,1.8385029,149.3747543,891.6389885,20.450527,25.1496,0.0239,3794.0,69.0,4.67812,0.063226,0.597006977,0.01815,,,0.58564,0.0205272
410153553,136.01,2.92,1,11.9238,0.008,340.496204,-69.172108,334.357,0.083,-726.974,0.086,2459036.324,0.000380855,0.462884405,1.52e-05,0.558821921,0.08828183,4.885837,0.188836,4489.911922,173.90933,1.35432368,0.18157507,64.71810404,723.3961549,25.038494,14.8846,0.0113,3043.0,63.0,5.09707,0.426694,0.188624,0.00571031,,,0.157909,0.0200668
176957796,137.01,3.59,0,10.702,0.006,101.297491,-66.238326,18.528,0.048,-67.531,0.041,2459199.44,0.7578715,4.8173797,0.0057592,1.323,1.857,1.956086,0.090132,1800.0,83.0109,1.71137,0.714717,33.919,672.0,1000.0,88.8838,0.19925,4651.0,175.0,4.56937,0.2,0.69,0.07,,,0.74,0.0949972
62483237,139.01,6.07,1,9.3636,0.006,336.402414,-34.909713,26.43,0.071,-30.255,0.08,2458334.892,0.001381485,11.07085753,2.77e-05,2.193761658,0.31063417,1.249025,0.099718,1149.732803,91.839714,2.333764804,1.646811,22.42190662,554.9934842,12.694616,42.4061,0.0763,4356.0,173.0,4.53491,0.3608,0.700726986,0.0575277,,,0.69,0.0852195
403224672,141.01,3.62,1,7.384,0.006,338.983717,-59.864829,-108.388,0.05,-84.419,0.064,2460178.671,0.0016377,1.0082361,1.5e-06,1.41,0.24,0.247576,0.013239,228.0,12.1939,1.7202,0.0924458,1882.94,1835.0,26.0,48.0883,0.0989,5795.29,44.5804,4.438,,1.13,0.05,,,1.04,0.129204
261136679,144.01,4.65,1,5.1054,0.006,84.29928,-80.464604,311.187,0.127,1048.84,0.136,2460011.551,0.0028276,6.267832,2.29e-05,2.789,0.237,0.348577,0.008096,321.0,7.45646,1.99779,0.0837751,203.434,1052.0,53.0,18.2702,0.0226,5950.0,,4.438,,1.15,0.05,0.0887839,0.00649598,1.1,0.140389
355636844,146.01,119.48,0,10.7124,0.006,358.302034,-56.013252,65.392,1.57,-27.177,1.636,2459080.903,0.00446,6.30556,4e-05,2.946,0.394,0.934135,0.00134,860.0,1.23429,,,,,17.0,739.632,639.884,,,,,,,,,,
393940766,148.01,43.22,1,11.7835,0.006,338.320803,-38.159828,22.348,0.07,-25.839,0.072,2458327.329,0.00191,4.86709,2e-05,3.103,0.389,4.580598,0.003424,4210.0,3.15395,7.42915,0.444077,435.152,1272.0,14.0,395.257,9.729,5814.3,793.8,4.34,2.0,1.15,0.06,,,1.13,0.153555
271893367,150.01,125.8,1,10.9031,0.006,112.965421,-73.606036,-15.215,0.029,27.144,0.033,2459995.646,0.00142205,5.857407538,3.09e-06,5.854802929,0.02472023,7.069098,0.029277,6489.730235,26.96511,13.88927615,0.61632216,750.9220273,1335.11434,157.52177,336.267,1.916,5982.9,108.8,4.03,0.08,1.679870009,0.0741256,0.211186,0.046085,1.1,0.141051
382302241,151.01,12.01,0,11.0264,0.006,83.349121,-58.745093,28.992,0.046,25.403,0.06,2458326.05,0.002,1.59782,6e-05,1.49,0.296,1.862211,0.004951,1713.69,4.56,3.59995,0.207255,955.676,1548.0,32.0,137.504,0.4555,5037.6,64.8,4.72,0.2,0.79,0.02,0.102405,0.1,0.87,0.107354
403287048,152.01,52.8,0,11.3569,0.006,332.357482,-62.334453,-34.716,0.036,-109.526,0.047,2458327.923,0.00494,7.00776,0.00315,2.68,0.824,3.988702,0.019543,3666.99,18.0,8.1288,0.625284,302.511,1161.0,16.0,376.849,4.5095,6347.0,102.6,4.23,0.45,1.22,0.04,,,1.26,0.191402
220518305,156.01,80.03,0,10.294,0.006,41.467598,-64.320687,29.82,0.042,4.632,0.046,2459128.644,0.00145,14.152,3e-05,3.599,0.23,4.133657,0.100766,3800.0,92.805,10.6751,1.45569,288.531,1148.0,39.0,234.138,1.3405,5823.9,138.2,4.6,0.16,1.28,0.06,0.19,0.12,1.21,0.177327
140691463,157.01,119.01,1,12.0166,0.006,73.70144,-76.680606,11.712,0.035,-18.922,0.05,2458543.338,6.24e-05,2.084543418,2.93e-07,2.017038039,0.008200487,13.662544,0.047224,12504.82502,43.493595,13.4432705,0.7049504,1085.494259,1463.951309,371.14728,355.683,2.826,5638.0,133.9,4.35,0.08,1.106459975,0.0579346,,,1.0,0.132466
403136413,158.01,110.14,0,11.2314,0.006,333.578718,-55.378981,-8.312,0.043,4.153,0.053,2458326.378,0.00219,2.51266,0.00045,2.411,0.173,3.033449,0.002942,2790.01,2.71,13.3617,0.731867,793.471,1478.0,22.0,601.367,11.559,5988.0,137.8,4.08,0.16,2.3,0.1,-0.03,0.12,1.15,0.158958
253917293,160.01,48.6,0,11.2901,0.007,337.500827,-31.924356,28.377,0.077,-27.285,0.059,2458327.376,0.00284,4.608,0.001,3.383,0.758,3.494326,0.008664,3213.22,7.98,7.99698,0.539026,724.001,1445.0,25.0,341.854,4.498,5935.0,141.5,4.29,0.65,1.28,0.06,,,1.12,0.145936
79395355,164.01,52.86,0,11.407,0.006,320.054292,-51.309972,18.03,0.053,-14.704,0.064,2458328.337,0.00377,7.31898,0.00224,3.771,0.886,4.143792,0.011075,3809.3,10.2,8.79673,0.51237,468.718,1296.0,17.0,360.131,4.613,5926.0,79.5,4.27,2.01,1.3,0.03,,,1.15,0.154532
350743714,165.01,118.4,0,9.6686,0.007,88.886226,-57.290745,2.812,0.056,-39.619,0.049,2460203.585,0.0002239,7.7576444,1.9e-06,3.483,0.133,8.116828,0.078276,7448.0,72.0924,13.3028,0.0820769,445.472,1279.0,348.0,210.311,1.1585,6038.0,54.0,3.96,0.11,1.45,,,,,
183120439,169.01,85.34,1,11.788,0.006,16.778688,-75.198945,20.225,0.05,-15.607,0.048,2459062.718,0.001265776,2.255445922,4.46e-06,1.667860405,0.04603705,5.751925,0.15637,5283.71039,144.01193,11.05352928,0.5730389,1472.009522,1579.782885,34.75056,407.84,4.1945,5817.0,126.7,4.23,0.07,1.296609998,0.0621181,,,1.05,0.12634
309257814,171.02,45.74,0,11.6626,0.006,124.269428,-63.213403,-13.511,0.045,19.48,0.037,2458569.773,0.000379556,1.813576726,0.000191875,1.07533165,0.109361865,4.532931,0.262434,4166.280204,241.68144,7.660458043,0.9441151,2590.391481,1819.537876,23.709396,256.345,1.463,5237.0,183.0,4.2427,0.42297,1.107229948,0.0651181,,,0.88,0.109325
29857954,172.01,69.55,1,10.7379,0.006,316.631879,-26.692865,-4.711,0.094,-54.25,0.069,2458326.922,0.00173,9.47686,4e-05,4.392,0.243,3.240324,0.001167,2980.0,1.07525,9.80856,0.54867,161.969,993.0,14.0,342.831,7.221,5801.8,235.6,4.32,2.0,1.79,0.09,,,1.031,0.12794
425997655,174.01,4.18,1,8.7513,0.006,55.459031,-62.767267,-102.571,0.05,-43.917,0.059,2460180.378,0.0017731,17.6671687,2.92e-05,2.525,0.14,0.927615,0.037816,854.0,34.8289,1.87042,0.12665,7.60884,462.0,26.0,39.0341,0.04005,4813.0,111.0,4.38,0.21,0.69,0.04,-0.19,0.08,0.78,0.0888069
425997655,174.02,3.24,1,8.7513,0.006,55.459031,-62.767267,-102.571,0.05,-43.917,0.059,2460157.951,0.004136,29.7975205,8.87e-05,2.782,0.202,0.728774,0.036088,671.0,33.2375,1.60982,0.115321,3.2713,374.0,17.0,39.0341,0.04005,4813.0,111.0,4.38,0.21,0.69,0.04,-0.19,0.08,0.78,0.0888069
425997655,174.03,1.65,1,8.7513,0.006,55.459031,-62.767267,-102.571,0.05,-43.917,0.059,2460184.414,0.0035407,12.1623316,4.41e-05,2.614,0.919,0.344233,0.02919,317.0,26.885,1.15643,0.097689,27.5458,638.0,14.0,39.0341,0.04005,4813.0,111.0,4.38,0.21,0.69,0.04,-0.19,0.08,0.78,0.0888069
425997655,174.04,0.36,1,8.7513,0.006,55.459031,-62.767267,-102.571,0.05,-43.917,0.059,2460203.018,0.0041223,3.9766833,1.42e-05,1.859,0.302,0.154185,0.013163,142.0,12.1233,0.757588,0.0655541,89.0886,855.0,9.0,39.0341,0.04005,4813.0,111.0,4.38,0.21,0.69,0.04,-0.19,0.08,0.78,0.0888069
425997655,174.05,0.88,1,8.7513,0.006,55.459031,-62.767267,-102.571,0.05,-43.917,0.059,2460197.039,0.0041425,7.9076222,2.62e-05,2.611,0.411,0.23563,0.015555,217.0,14.3268,0.969819,0.073197,44.8107,720.0,13.0,39.0341,0.04005,4813.0,111.0,4.38,0.21,0.69,0.04,-0.19,0.08,0.78,0.0888069
307210830,175.01,2.5,1,9.41242,0.007,124.53286,-68.314466,94.768,0.054,-340.47,0.052,2460039.151,0.0003728,3.6906795,1.3e-06,1.107,0.081,1.800557,0.04718,1657.0,43.4539,1.36751,0.0448017,8.77401,479.0,80.0,10.6194,0.0032,3469.0,68.0,4.9401,0.058929,0.31,0.01,,,0.292836,0.0201481
307210830,175.02,9.75,1,9.41242,0.007,124.53286,-68.314466,94.768,0.054,-340.47,0.052,2460039.155,0.0004444,7.4507305,3.2e-06,0.475,0.12,1.675497,4.72609,1542.0,4343.43,3.04528,0.856434,1.96064,329.0,40.0,10.6194,0.0032,3469.0,68.0,4.9401,0.058929,0.31,0.01,,,0.292836,0.0201481
307210830,175.03,1.07,1,9.41242,0.007,124.53286,-68.314466,94.768,0.054,-340.47,0.052,2460035.728,0.0006774,2.2531134,1.5e-06,0.909,0.272,0.723341,0.119307,666.0,109.88,1.01428,0.0713486,82.284,839.0,40.0,10.6194,0.0032,3469.0,68.0,4.9401,0.058929,0.31,0.01,,,0.292836,0.0201481
272086159,176.01,103.66,0,13.4004,0.007,115.003473,-72.205678,15.438,0.073,478.653,0.106,2458649.291,0.002626019,16.155373,0.000103,1.556705,0.037499,80.224553,1.764459,71225.72317,1623.8068,10.424281,7.728964,1.846008647,297.2885497,49.630848,65.9528,0.20035,3270.0,63.0,4.98242,0.409627,0.271,0.047,,,0.302101,0.0202307
262530407,177.01,4.71,1,9.49275,0.007,20.438428,-46.714723,-111.206,0.058,-79.827,0.068,2460204.963,0.0008831,2.8531016,1.7e-06,1.142,0.173,1.515659,0.130923,1395.0,120.577,2.02068,0.114301,23.0419,610.0,28.0,22.4751,0.02605,3703.0,66.0,4.76229,0.061557,0.52,0.02,,,0.515356,0.0204259
251848941,178.01,7.04,1,10.42,0.006,7.302011,-30.454116,149.953,0.073,-87.253,0.042,2460196.437,0.0018585,6.5578513,1.06e-05,2.08,0.17,1.734219,0.087539,1596.0,80.6229,2.54474,0.244377,24.9125,622.0,18.0,62.699,0.20675,4111.0,171.0,4.55528,0.449348,0.66,0.06,,,0.68,0.0803989
251848941,178.02,12.29,1,10.42,0.006,7.302011,-30.454116,149.953,0.073,-87.253,0.042,2458354.552,0.004083,20.708504,0.003165,2.236524,0.274134,1.800631,0.484506,1657.067907,446.14713,3.751004,1.518233,19.49777246,535.9397866,9.537692,62.699,0.20675,4111.0,171.0,4.55528,0.449348,0.701202,0.152166,,,0.68,0.0803989
251848941,178.03,5.83,1,10.42,0.006,7.302011,-30.454116,149.953,0.073,-87.253,0.042,2458362.954,0.002034289,9.961634689,2.27e-05,2.464805194,0.39346996,1.178047,0.102269,1084.432706,94.1892,2.280732664,0.9848358,21.82018511,551.2319188,11.135912,62.699,0.20675,4111.0,171.0,4.55528,0.449348,0.660806,0.0596206,,,0.68,0.0803989
251848941,178.04,2.91,1,10.42,0.006,7.302011,-30.454116,149.953,0.073,-87.253,0.042,2458356.108,0.002182153,3.238425315,2.43e-05,1.994105549,0.3307548,0.578589,0.075049,532.7580623,69.12007,1.514836914,1.6900105,97.61593787,801.6779386,7.2096095,62.699,0.20675,4111.0,171.0,4.55528,0.449348,0.660806,0.0596206,,,0.68,0.0803989
207141131,179.01,7.65,1,8.1796,0.006,44.262014,-56.191869,-36.676,0.042,50.599,0.045,2458354.588,0.000321959,4.137437917,4.2e-06,1.845493726,0.11862802,1.222723,0.035281,1125.535465,32.49457,2.675765853,0.70166904,168.3361754,918.6796864,31.719687,38.5653,0.0366,5058.0,181.0,4.51761,0.282094,0.802632987,0.0479623,,,0.85,0.103514
76923707,181.01,39.81,1,10.4654,0.006,352.172541,-34.49141,111.364,0.075,-2.588,0.094,2458358.118,0.000227189,4.532050173,2.99e-06,2.375442508,0.04223273,8.583563,0.101625,7874.585279,93.59567,7.059079908,0.52485925,123.9023995,850.9218562,86.568436,96.2338,0.57475,4983.0,180.0,4.61445,0.318565,0.805572987,0.0550251,,,0.76,0.0936053
279741379,186.01,9.84,1,6.9934,0.006,51.750188,-63.500166,355.084,0.045,-247.46,0.049,2460202.211,0.0008449,35.6134391,3.24e-05,3.512,0.737,1.711383,0.087917,1575.0,80.9712,3.12194,0.291907,10.8612,505.0,39.0,16.32,0.0071,4628.53,91.9226,4.32239,0.236802,0.71,0.06,0.00265487,0.0526804,0.73,0.0877794
279741379,186.02,0.95,1,6.9934,0.006,51.750188,-63.500166,355.084,0.045,-247.46,0.049,2460201.825,0.0026809,7.7897726,1.93e-05,2.376,0.744,0.210653,0.021358,194.0,19.6709,1.00084,0.107854,144.765,966.0,10.0,16.32,0.0071,4628.53,91.9226,4.32239,0.236802,0.71,0.06,0.00265487,0.0526804,0.73,0.0877794
166739520,190.01,94.92,1,9.6411,0.006,36.775811,-50.284425,59.958,0.038,24.743,0.036,2459139.178,0.0002471,10.02059978,4.65e-06,5.759169402,0.02481623,8.959603,0.039675,8218.144286,36.541595,11.76791831,0.5424184,211.7916534,972.9644217,216.54204,157.963,0.634,6038.0,,4.35513,,1.275269985,0.0584674,-0.36,0.09,1.1,0.135624
183532609,191.01,108.01,1,9.1468,0.006,359.900874,-35.031335,109.747,0.06,7.614,0.06,2460202.793,0.000182,8.1587261,1.2e-06,4.288,0.172,16.780952,0.174021,15337.0,160.266,12.7393,0.745852,209.118,1059.0,249.0,89.9606,0.3633,5600.0,,4.50501,,1.0,0.06,0.24,0.1,0.99,0.124742
183537452,192.01,41.0,1,10.2499,0.006,357.879198,-39.907121,-56.853,0.041,-88.865,0.048,2460200.09,0.0004296,3.9227122,9e-07,2.555,0.138,13.05599,0.135273,11953.0,124.583,7.23153,0.475318,235.573,1091.0,176.0,87.5953,0.3106,4800.0,,4.53527,,0.64,0.04,0.17,0.05,0.88,0.111364
183985250,193.01,111.98,1,9.1031,0.006,358.668877,-37.628224,247.615,0.076,-69.801,0.062,2460206.061,0.0002447,0.7920646,2e-07,0.466,0.108,1.590682,4.865462,1464.0,4471.23,12.9674,,1013.69,1571.0,56.0,80.4373,0.3162,5422.0,185.0,4.42223,0.273742,0.98,,,,0.93,
441462736,197.01,53.04,1,7.3566,0.006,353.033186,-21.801201,-96.775,0.101,51.24,0.091,2458357.014,0.002205297,14.278122,0.003338778,8.697271771,0.21654366,0.899282,0.048272,827.9264426,44.459335,8.356607753,0.8052116,91.65418141,789.1468373,14.3883705,95.5483,0.7309,5105.0,181.0,3.39182,0.291381,2.903239965,,,,,
12421862,198.01,2.79,1,9.92801,0.007,2.271509,-27.121745,692.255,0.105,90.142,0.066,2458356.367,0.001527935,10.21501679,5.24e-05,1.968306554,0.38846454,1.079877,0.094225,994.1089045,86.780266,1.477775413,0.58433956,7.419503395,420.9334696,11.117827,23.7262,0.02655,3763.0,65.0,4.83739,0.119367,0.447335988,0.0133167,,,0.4437,0.0202915
309792357,199.01,74.5,1,10.0391,0.006,80.105873,-59.895433,45.702,0.037,58.455,0.038,2460038.977,0.0003971,104.8729635,4.14e-05,6.554,0.174,13.30876,0.181536,12183.0,167.187,10.223,0.600463,2.75278,358.0,262.0,102.27,0.1905,5350.0,184.0,4.52347,0.275691,0.88,0.05,,,0.88,0.106682
410214986,200.01,31.72,1,7.8541,0.006,354.915467,-69.196043,79.464,0.074,-67.44,0.045,2458332.308,0.000278406,8.138222177,3.04e-06,3.279702506,0.038377635,4.190364,0.103227,3852.029987,95.07076,6.175768156,0.47273856,115.8275563,836.7056912,46.739357,44.0622,0.0692,5414.0,161.0,4.438,,0.951985002,0.0705779,,,0.94,0.124858
350618622,201.01,90.56,1,8.5822,0.006,87.401782,-54.910423,7.731,0.052,66.448,0.058,2460177.325,0.0020008,52.97814194,1.38e-05,4.796524594,0.017003449,6.913424,0.026765,6347.269096,24.65142,11.44714924,0.54719585,30.26531606,598.2132842,277.0269,113.825,0.346,6461.8,83.0,4.35,0.16,1.330309987,0.0634748,0.18,0.12,1.31,0.212157
259962054,203.01,0.29,0,12.2423,0.007,43.018076,-67.687016,-55.699,0.098,149.273,0.09,2459106.86,0.03502,51.94509,0.00219,8.094,3.492,2.754747,0.027905,2534.0,25.7015,0.705818,0.131354,4.34593,402.0,8.0,24.7894,0.0285,3203.0,63.0,5.01682,0.423075,0.23,0.01,,,0.202161,0.0200851
55650590,206.01,2.97,1,12.4312,0.008,73.73822,-62.521874,105.973,0.074,111.015,0.083,2458325.543,0.000283578,0.73631322,4.77e-06,0.673685332,0.062197004,1.436887,0.085025,1322.546105,78.30821,1.533268214,0.10285874,117.7581671,840.1706554,25.910513,47.7465,0.10975,3358.0,,4.438,,0.351675987,0.0105659,,,0.336144,0.0202765
55652896,216.01,77.73,1,11.5748,0.006,73.980013,-63.26033,-22.699,0.045,-56.352,0.054,2458331.489,0.000260838,34.50593183,9.24e-06,3.820665269,0.025298946,19.044823,0.081469,17387.98342,75.03255,10.46251622,0.6855942,9.581451206,448.7222169,147.80844,177.945,0.879,5025.77,125.0,4.66348,0.2,0.801735997,0.0521859,0.316325,0.1,0.84,0.100203
55652896,216.02,34.46,1,11.5748,0.006,73.980013,-63.26033,-22.699,0.045,-56.352,0.054,2459340.905,0.001549087,17.38904539,4.79e-05,2.651654051,0.1328006,3.231344,0.176876,2971.753227,162.89523,6.484012464,3.0092702,23.89215467,563.8759593,30.600433,177.945,0.879,5025.77,125.0,4.66348,0.2,0.801735997,0.0521859,0.316325,0.1,0.84,0.100203
260043723,217.01,20.02,0,8.735,0.006,91.608698,-58.953703,17.646,0.073,-11.08,0.075,2460203.947,0.0010606,3.1385875,3.2e-06,3.541,0.321,0.634255,0.169284,584.0,155.904,4.70639,0.523086,17444.7,3201.0,84.0,142.018,0.679,6278.0,196.0,4.08153,0.29837,1.55,0.07,,,1.26,0.202301
150098860,220.01,8.53,1,9.6878,0.006,91.799699,-61.99721,-17.815,0.046,-68.361,0.042,2460175.494,0.0013013,10.6953083,1.22e-05,2.044,0.367,0.999337,0.047904,920.0,44.1205,2.84818,0.165318,66.8553,796.0,31.0,90.7402,0.1712,5272.71,45.6,3.98846,0.066564,0.88,0.05,-0.100718,0.0668965,0.9,0.113456
316937670,221.01,2.12,0,12.1535,0.007,356.492464,-56.344047,269.66,0.042,145.156,0.039,2458325.343,0.001421,0.62425,3.3e-05,0.774288,0.553938,1.036352,0.153526,954.060325,141.39258,1.671618,2.989466,353.894099,1106.211273,7.4479375,50.1632,0.08,3765.0,73.0,4.75169,0.35062,0.525,0.079,,,0.385618,0.0202788
144440290,222.01,56.57,0,8.7635,0.006,359.162484,-44.719403,161.769,0.049,-75.541,0.055,2458376.544,0.0,,,0.68,0.0,6.020784,0.0,5530.0,0.0,8.85869,,86.15106681,777.0248613,20.308218,84.0311,0.32705,5709.0,80.0,4.438,,1.0929,0.107376,,,1.02,0.128162
326453034,223.01,76.37,0,10.2733,0.007,339.677571,-25.631849,-20.712,0.076,-26.846,0.074,2458355.958,0.002649,14.445918,0.003833,1.533311,0.535725,1.3839,0.175393,1273.806981,161.52963,3.290507,4.043106,37.10994164,629.4950471,7.6791534,365.053,7.9035,5063.0,181.0,4.48439,2.00352,0.87237,0.87237,,,,
47484268,226.01,21.42,0,12.4253,0.008,342.967188,-24.78778,158.71,0.114,-71.085,0.094,2458358.501,0.002621,,,2.67,0.0,14.647222,0.0,13400.0,0.0,4.214299,,1.302504903,272.4674275,16.452566,51.3563,0.20135,3396.0,64.0,4.91468,0.392296,0.334,0.056,,,0.378406,0.0202633
2760710,227.01,19.13,0,13.8409,0.008,356.527357,-16.691464,-76.094,0.107,-49.799,0.1,2458364.102,0.002060602,,,1.51,0.0,33.518483,0.0,30400.0,0.0,2.432614,,0.290998187,187.3235245,11.973635,52.3436,0.23985,2808.0,80.0,5.20628,0.340459,0.128,0.019,,,0.211546,0.0201846
77044471,228.01,123.63,1,13.2576,0.007,358.558844,-30.013038,20.321,0.048,-2.07,0.033,2459089.518,0.001788024,2.686504149,5.3e-06,2.552477239,0.08744798,13.382865,0.369645,12250.41897,340.39734,13.74702393,0.3625193,994.8105653,1432.368781,28.169575,757.044,13.4985,5738.0,,4.23836,,1.182739973,,,,1.06,
120610833,229.01,83.66,1,11.5005,0.006,5.237757,-35.998465,52.895,0.049,-46.888,0.036,2458354.773,0.000279163,3.126077752,2.31e-06,1.718536682,0.027001472,12.430641,0.23468,11383.75271,216.12529,10.92571149,0.7295448,328.1564535,1085.525393,70.762856,211.196,1.7515,5100.0,,4.4651,,0.87470597,0.0567763,0.43,0.06,0.91,0.110215
160074939,230.01,12.82,0,8.7435,0.006,346.319169,-36.945639,14.666,0.048,-24.892,0.072,2458366.33,0.002965,13.340145,0.004364,4.611198,0.546755,0.640658,0.085844,589.893526,79.06242,3.929267,1.571116,268.2186408,1032.148032,7.7575736,140.941,0.852,6467.0,198.0,4.16063,0.321775,1.57943,0.198661,,,1.36,0.22926
204376737,231.01,108.63,1,11.4779,0.007,348.157128,-22.674125,-23.305,0.065,-36.895,0.064,2458357.395,9.7014e-05,3.361001253,4.92e-07,2.56858694,0.015419307,26.466436,0.109897,24081.78105,101.214005,12.74000711,0.6397709,273.0272959,1036.74337,280.4428,197.119,1.6195,5375.0,,4.49371,,0.817704976,0.0408442,-0.143,0.0284605,0.93,0.118851
305048087,237.01,3.61,1,13.4102,0.007,353.243538,-29.416487,151.047,0.108,-333.194,0.156,2458355.25,0.00261,5.433729,0.001053,1.172585,0.472631,7.113879,0.916284,6530.706532,843.5729,1.741587,0.971689,3.324007539,344.3778811,7.68747,38.0749,0.22785,3139.0,98.0,5.04944,0.547167,0.214,0.049,,,0.180288,0.0201408
9006668,238.01,3.09,1,9.926601,0.006,349.231081,-18.606646,-53.238,0.077,-0.195,0.059,2460205.748,0.0024743,1.2730965,2.7e-06,1.48,0.212,0.449588,0.036627,414.0,33.7341,1.57925,0.123934,660.277,1412.0,13.0,80.5407,0.26635,5024.0,181.0,4.5685,0.30183,0.77,0.05,,,0.84,0.0992503
9725627,239.01,70.17,1,10.9774,0.008,358.408479,-10.118118,-19.202,0.117,-8.172,0.07,2458356.962,0.000326886,4.156783357,2.02e-06,3.94136088,0.055626072,5.257014,0.058754,4830.185952,54.11281,9.851770882,0.55952674,941.6088632,1412.821789,92.4371,353.539,9.056,6362.5,83.0,4.59,0.16,1.388309956,0.0749473,-0.2,0.12,1.27,0.186767
77031414,241.01,112.14,1,10.9571,0.006,354.168696,-34.611304,87.963,0.061,-8.556,0.057,2458355.196,9.5e-05,1.386651904,7.22e-07,2.300675132,0.014922514,15.579144,0.121831,14246.46655,112.20379,12.98116186,0.63853365,1879.934766,1679.40501,131.61345,232.98,1.7765,6286.0,196.0,4.438,,1.076609969,0.052402,,,1.03,0.12256
118327550,244.01,2.28,1,10.3475,0.007,10.569754,-36.717974,-155.186,0.103,45.445,0.081,2458357.365,0.001241054,7.397193544,2.38e-05,1.152177935,0.5290699,1.103947,0.125993,1016.255947,116.03725,1.312234294,1.8106523,6.674421614,409.9427015,10.986659,22.0337,0.03335,3342.0,,4.438,,0.407103002,0.0124724,,,0.399476,0.0205326
158623531,246.01,81.8,1,11.2794,0.006,24.167869,-50.659308,-35.371,3.695,-31.725,3.695,2458355.732,0.000249662,7.872893679,4.85e-06,3.759957833,0.030950211,16.012035,0.102778,14639.41553,94.65733,15.0953,1.11573,166.5367856,916.2147815,157.15222,169.272,,5070.0,,4.47933,,1.26,0.09,,,,
184240683,250.01,111.87,1,11.5464,0.006,359.349028,-41.27722,7.33,0.04,-15.944,0.046,2458355.509,0.000100849,1.628428833,5.25e-07,2.368248953,0.018371545,15.08604,0.086684,13798.67015,79.83545,12.96216425,0.6519837,1559.476154,1602.745013,202.14264,309.137,3.3775,5700.0,,4.39502,,1.094099998,0.0543568,0.154118,0.0514496,1.02,0.126024
224225541,251.01,8.4,1,9.3258,0.006,353.062066,-37.255863,44.639,0.074,1.902,0.07,2458357.305,0.000852505,4.937722732,8.89e-06,2.129425361,0.6177573,0.917639,0.086643,844.8199092,79.79778,2.826989728,2.6301448,277.7461661,1041.194266,13.305129,99.523,0.4355,5862.0,190.0,4.51783,0.262166,0.955756009,0.0449473,,,1.04,0.129506
49687222,254.01,10.84,0,9.8343,0.006,351.705383,-11.725573,-27.594,2.012,-46.011,1.058,2458360.073,0.002667,20.186539,0.003807,1.866565,0.909295,1.092846,0.156001,1006.041833,143.67206,3.283981,4.520391,55.74331739,696.8959687,8.4469795,133.3143,,6101.0,193.0,4.48196,0.402847,1.01859,0.192495,,,,
204317710,255.01,99.04,1,13.7426,0.007,346.075086,-21.272017,-1.425,0.048,-20.118,0.048,2459090.083,0.001928102,2.812648471,6.87e-06,2.873752218,0.11531863,15.301175,0.458911,13994.06254,422.5832,12.06580062,0.4648629,614.5934084,1269.891815,24.578865,745.116,17.117,5700.0,,4.39704,,1.009570003,,,,1.01,
92226327,256.01,4.06,1,11.2991,0.007,11.248632,-15.274109,317.585,0.121,-596.617,0.085,2458399.929,0.001120759,24.73734116,0.000140537,2.069050977,0.12742876,7.146432,0.321877,6560.492087,296.41574,1.843945309,0.114572965,0.14391761,157.0898896,19.97876,14.9861,0.01525,3131.0,,5.05701,,0.215535,0.00655817,,,0.184589,0.0201091
92226327,256.02,3.08,1,11.2991,0.007,11.248632,-15.274109,317.585,0.121,-596.617,0.085,2459141.1,0.0017719,3.777941752,8.52e-06,1.475932517,0.09515379,3.773458,0.467445,3469.450739,430.44,1.565993718,0.20743896,5.717418154,394.3844097,17.645792,14.9861,0.01525,3131.0,,5.05701,,0.215535,0.00655817,,,0.184589,0.0201091
200723869,257.01,33.51,1,7.0286,0.006,47.517261,-50.832263,97.912,0.052,27.911,0.082,2459121.27,0.001131815,18.38770809,2.93e-05,6.405152997,0.077006675,1.293913,0.027337,1191.028319,25.177616,6.379096159,0.29591537,211.2844875,972.3814218,39.21195,76.9028,0.1948,6382.7,111.3,4.05,0.08,1.765570045,0.072387,,,1.28,0.189889
12862099,259.01,108.09,1,12.3993,0.007,3.903273,-11.938264,15.281,0.079,-30.047,0.044,2458386.578,0.000681041,2.423822584,0.000136506,2.248401463,0.05427328,17.696733,0.327315,16167.17837,301.42267,12.2562719,0.24819414,549.914052,1235.07535,36.095585,364.512,5.573,5410.0,,4.47919,,0.93,,,,0.96,0.119596
37749396,260.01,4.6,1,8.4991,0.006,4.773018,-9.96615,-36.593,0.126,-301.435,0.062,2458392.294,0.001904279,13.47584784,2.19e-05,2.06439133,0.19250593,0.770001,0.055168,708.9461601,50.810562,1.98408816,0.23659416,10.18375195,455.6136246,13.82877,20.1852,0.02315,4111.0,171.0,4.6461,0.439409,0.618173003,0.0598643,,,0.63,0.0813985
63898957,261.01,9.53,1,9.03971,0.006,15.218141,-24.423993,108.36,0.088,-11.198,0.061,2458383.916,0.00176224,3.363925397,1.56e-05,3.343049531,0.19369616,0.458344,0.031576,422.0610761,29.08252,3.044986266,0.21149072,874.7955667,1387.063658,11.843994,114.495,0.5545,5890.3,57.0,3.92,0.08,1.280179977,0.0545025,-0.35,0.09,1.069,0.134583
63898957,261.02,10.31,1,9.03971,0.006,15.218141,-24.423993,108.36,0.088,-11.198,0.061,2458389.727,0.003037184,13.03935862,0.004316486,4.921832469,0.53144544,0.679449,0.063009,625.5995687,58.03166,3.348222274,1.2696187,243.5260946,1007.525683,10.275119,114.495,0.5545,5890.3,57.0,3.92,0.08,1.31383,0.136209,-0.35,0.09,1.069,0.134583
70513361,262.01,4.93,1,8.1345,0.006,32.534687,-31.070627,240.041,0.147,-175.854,0.133,2459136.576,0.0031097,11.14527844,3.7e-05,1.394770545,0.33500788,0.614998,0.051285,566.2736451,47.23385,2.067145589,2.1233275,56.91326577,700.5241733,12.805194,43.932,0.1171,5302.58,20.9902,4.53515,0.037074,0.848675013,0.0516382,0.263727,0.0236433,0.91,0.12055
120916706,263.01,68.18,1,15.6198,0.01,37.108277,-25.097329,30.333,0.181,10.142,0.179,2459116.148,0.001080279,0.55680953,8.87e-06,0.9712066,0.08280766,50.151357,3.66998,45140.53504,3374.4705,9.687022864,0.67014873,235.6927628,999.3239856,15.559053,277.404,7.881,3116.0,101.0,5.06043,0.562987,0.439738005,0.0167967,,,0.435505,0.0232738
159951311,265.01,64.13,1,11.7276,0.006,49.562173,-41.302023,-16.0,0.035,24.512,0.055,2459169.575,0.0003467,5.924266132,3.56e-06,2.889444888,0.036212273,12.883844,0.11154,11796.33036,102.72714,9.344044163,0.61892897,120.7076171,845.3828218,94.41432,212.472,1.104,5310.0,,4.59604,,0.846670985,0.0549573,,,0.87,0.106212
164767175,266.01,6.17,1,9.45661,0.006,26.209253,-18.401384,-87.067,0.071,-110.708,0.053,2458382.334,0.00204678,10.75101066,5.14e-05,2.943424033,0.6060479,0.693022,0.067092,638.0928566,61.79254,2.358182685,1.7880001,90.84126378,787.3911722,11.408802,101.694,0.419,5784.0,55.0,4.438,,0.918917,0.0420301,,,1.037,0.130053
164767175,266.02,3.68,1,9.45661,0.006,26.209253,-18.401384,-87.067,0.071,-110.708,0.053,2458392.105,0.004409,6.19132,0.003482,3.4164,1.161866,0.374905,0.068174,345.240264,62.78886,1.759371,2.874777,219.1278279,981.282679,8.478584,101.694,0.419,5784.0,55.0,4.438,,0.929557,0.09191,,,1.037,0.130053
166836920,267.01,108.69,1,8.93,0.006,39.897669,-50.008193,-1.868,0.048,-39.856,0.05,2458382.208,0.000171945,5.752579721,1.33e-06,5.407159764,0.022090752,5.753281,0.028448,5284.952571,26.201511,12.74428382,0.5870171,828.8267593,1368.47129,199.61911,158.66,0.8045,6180.0,,4.11766,,1.70927,0.0782412,,,1.14,0.1599
220479565,269.01,8.99,1,12.2958,0.007,75.846283,-54.177721,26.472,0.043,-120.75,0.043,2458381.846,0.000243415,3.697716709,2.25e-06,0.930826341,0.07256874,5.175721,0.133487,4755.670729,122.93876,2.942043959,0.21325822,19.1944226,533.8429511,41.52972,57.0225,0.07565,3607.0,,4.438,,0.397924006,0.011947,,,0.389135,0.0203323
259377017,270.01,6.39,1,10.4981,0.007,68.41608,-51.957394,82.944,0.05,-269.755,0.051,2459198.961,0.0005277,5.660569316,3.86e-06,1.663170403,0.052896116,4.194807,0.071767,3856.106085,66.09782,2.407087231,0.11973171,9.940740788,452.8709226,51.1377,22.4793,0.01355,3551.0,74.0,4.83982,0.382963,0.374357998,0.0114957,,,0.362274,0.020491
259377017,270.02,5.72,1,10.4981,0.007,68.41608,-51.957394,82.944,0.05,-269.755,0.051,2458389.679,0.000584919,11.37956534,1.51e-05,2.235030537,0.07614999,3.42225,0.082712,3147.046174,76.177734,2.253946448,0.10260336,3.918002134,358.827663,39.073574,22.4793,0.01355,3551.0,74.0,4.83982,0.382963,0.374357998,0.0114957,,,0.362274,0.020491
259377017,270.03,1.78,1,10.4981,0.007,68.41608,-51.957394,82.944,0.05,-269.755,0.051,2458383.733,0.000708464,3.360137707,8.61e-06,1.413244972,0.30529118,1.056891,0.063829,972.9589363,58.786633,1.184371827,0.737667,19.92612261,538.8593825,18.003332,22.4793,0.01355,3551.0,74.0,4.83982,0.382963,0.374357998,0.0114957,,,0.362274,0.020491
268766053,272.01,104.2,1,11.7617,0.006,31.909164,-20.661843,-9.079,0.057,8.19,0.058,2459140.876,0.0002718,3.309845755,1.53e-06,2.267653578,0.0243205,21.003286,0.161703,19158.83218,148.92244,12.43162281,0.7775041,241.6655587,1005.595774,107.77688,201.338,1.371,4953.0,,4.55653,,0.858618975,0.053191,,,0.818,0.0960988
279740441,273.01,35.09,0,11.481,0.006,51.504472,-64.548108,-21.479,0.045,109.97,0.043,2458386.095,0.001412562,0.741859449,8.91e-05,1.502695781,0.1196039,3.244273,0.188664,2983.625732,173.75093,6.02383473,7.4662147,740.8643338,1330.621148,16.765955,106.16,0.2315,4304.6,64.0,4.57,0.12,0.66174,0.0974527,-0.15,0.08,0.67,0.077692
281979481,274.01,8.64,0,10.4929,0.006,130.505379,-75.801869,38.707,0.038,-81.363,0.04,2459362.157,0.002034911,0.541794727,5.06e-06,1.171637947,0.07248259,0.584201,0.063982,537.9244902,58.928013,2.873873341,1.4076043,2690.415312,1836.853758,24.296259,113.378,0.261,5181.0,182.0,4.54631,0.289574,0.807298005,0.0471181,,,0.87,0.111103
439456714,277.01,16.84,1,11.7315,0.007,19.076698,-20.953277,-115.432,0.067,-249.177,0.049,2458385.036,0.000795943,3.993441827,8.31e-06,1.969306473,0.11264866,6.317673,0.278102,5801.895716,256.10855,4.255664474,0.24329622,28.23597205,587.9229796,20.975157,64.6692,0.13825,3748.0,64.0,4.7573,0.343554,0.523113012,0.015618,,,0.520428,0.020342
29781292,282.01,19.27,1,8.9387,0.006,65.238307,-68.102688,22.028,0.039,-10.401,0.043,2460129.286,0.0074513,56.00450565,0.00020734,10.43370786,0.207373,0.834078,0.018644,767.9192527,17.171547,4.607444359,0.22036916,29.95353267,596.6666471,43.312225,139.611,0.428,6321.0,196.0,4.22436,0.295755,1.41189003,0.0640704,,,1.24,0.199013
29781292,282.02,4.72,0,8.9387,0.006,65.238307,-68.102688,22.028,0.039,-10.401,0.043,2459044.826,0.05923,31.32312,0.00354,1.541,0.807,0.418089,0.036875,385.0,33.9627,2.00987,0.90968,15.1394,549.0,7.0,139.611,0.428,6321.0,196.0,4.22436,0.295755,1.41,0.06,,,1.24,0.199013
29781292,282.03,11.71,1,8.9387,0.006,65.238307,-68.102688,22.028,0.039,-10.401,0.043,2458355.649,0.005979233,84.26076445,0.000875551,10.92505899,0.46590725,0.478009,0.023842,440.1660616,21.959137,3.435910248,0.2032539,17.3744666,520.7120401,17.34557,139.611,0.428,6321.0,196.0,4.22436,0.295755,1.41189003,0.0640704,,,1.24,0.199013
29781292,282.04,7.09,1,8.9387,0.006,65.238307,-68.102688,22.028,0.039,-10.401,0.043,2460176.096,0.006424,22.8909855,0.000134,2.465656956,0.27574107,0.275171,0.019781,253.4100012,18.218567,2.559462932,0.34479496,98.74754771,803.9912632,12.901306,139.611,0.428,6321.0,196.0,4.22436,0.295755,1.41189003,0.0640704,,,1.24,0.199013
277103955,284.01,0.92,0,9.2927,0.006,84.254356,-66.790853,-16.639,0.075,133.172,0.067,2460206.239,0.0029304,1.3090665,3.6e-06,2.844,0.728,0.226943,0.015609,209.0,14.376,0.97952,0.0901436,2194.21,1906.0,30.0,52.1472,0.0699,4779.8,128.6,4.57,0.32,0.78,0.06,,,0.74,0.0862959
150030205,286.01,2.57,1,9.1059,0.006,90.984276,-60.666335,76.064,0.048,-3.482,0.04,2460186.649,0.0016561,4.5117221,5.9e-06,1.785,0.286,0.339889,0.016756,313.0,15.4327,1.40246,0.0932244,86.7681,850.0,27.0,59.2293,0.07465,5245.0,183.0,4.57666,0.27213,0.79,0.05,,,0.86,0.105052
150030205,286.02,4.1,1,9.1059,0.006,90.984276,-60.666335,76.064,0.048,-3.482,0.04,2460155.028,0.0038695,39.361947,0.0001444,4.535,1.253,0.599492,0.047543,552.0,43.7879,1.84555,0.14205,22.4437,606.0,24.0,59.2293,0.07465,5245.0,183.0,4.57666,0.27213,0.79,0.05,,,0.86,0.105052
188570092,294.01,65.69,1,11.3875,0.006,339.02584,-17.000305,-108.621,0.09,-84.412,0.078,2459457.974,0.0006235,7.327945,5.6e-06,2.896,0.118,14.988425,0.002425,13710.0,2.23389,9.49027,0.754797,39.3409,697.0,92.0,127.589,0.6115,4521.0,122.6,4.5,0.1,0.79,0.06,,,0.711,0.0828359
166697854,300.01,43.24,0,10.8387,0.006,35.737437,-53.070195,13.052,0.039,7.754,0.035,2458354.43,0.00237,2.75753,0.00046,1.376,0.164,1.163936,0.002355,1071.45,2.16867,6.99891,1.46553,197.323,1044.0,17.0,397.391,3.767,5776.5,94.0,2.99,0.25,1.94,0.4,-1.09,0.18,1.04,0.126398
145750719,303.01,77.95,1,12.0213,0.007,341.364034,-14.991775,3.481,0.067,-2.787,0.052,2459468.533,0.0015061,3.5608112,7.9e-06,3.389,0.198,5.322274,0.001242,4890.0,1.14394,10.4972,0.594881,621.482,1390.0,23.0,486.474,8.44,5659.0,126.3,4.1,0.08,1.47,0.08,,,1.0,0.127729
114749636,306.01,89.22,1,11.7607,0.006,359.191512,-22.153232,-5.295,0.078,-6.964,0.055,2459112.512,0.00093,4.60273,1e-05,4.023,0.152,7.779964,0.001184,7140.0,1.09065,11.339,0.569524,591.945,1374.0,37.0,436.098,9.1615,5909.0,118.5,4.21,0.07,1.34,0.06,,,1.07,0.135664
9102327,313.01,34.73,0,11.3018,0.006,350.779775,-19.41965,-1.191,0.073,5.003,0.057,2458354.543,0.00351,3.2615,0.00086,2.233,0.211,1.795424,0.003107,1652.28,2.86135,5.07097,0.314799,403.299,1248.0,16.0,304.942,3.442,5963.0,143.3,3.41,0.25,1.13,0.05,-1.3,0.18,0.929,0.11553
66356824,315.01,86.63,0,12.4245,0.006,12.076269,-32.119461,-7.27,0.063,-26.111,0.043,2459109.392,0.00204,3.55562,1e-05,1.838,0.38,2.837476,0.223628,2610.0,205.948,11.1675,2.19728,691.805,1428.0,14.0,551.619,12.738,5671.0,127.5,4.19,0.08,1.34,0.07,,,1.01,0.126219
188593930,320.01,24.74,0,12.3574,0.007,345.522623,-16.360699,-28.458,0.068,-176.929,0.056,2458354.276,0.00343,1.46503,0.00029,1.145,0.252,3.438668,0.010086,3162.12,9.28965,5.43222,0.825769,601.367,1379.0,15.0,379.256,5.205,5912.5,441.0,4.36,,0.88,0.12,,,1.11,0.137905
175476629,321.01,34.69,0,12.8509,0.006,350.977923,-38.225789,25.692,0.047,-13.893,0.058,2458354.272,0.00674,1.14057,0.00053,2.188,0.24,5.45213,0.91602,5009.01,843.33,6.52263,2.67802,13201.6,2986.0,16.0,380.053,6.5265,5349.5,38.6,4.44,2.0,0.84,0.01,,,0.93,0.11685
169765334,329.01,22.34,1,10.6929,0.007,351.321095,-15.634631,52.133,0.117,5.002,0.082,2459090.797,0.001934039,5.704285814,1.85e-05,4.061263959,0.49649572,1.022144,0.058166,940.986289,53.571136,5.024786776,1.8882914,576.8749367,1249.942881,16.090202,284.388,4.186,5560.5,123.1,4.01,0.08,1.611479998,0.0831859,-0.11,0.1,0.98,0.124394
262531275,331.01,55.52,0,13.0261,0.006,20.419256,-42.481783,-6.279,0.022,-14.514,0.023,2459141.055,0.0070202,2.4843369,2.34e-05,1.154,0.295,4.842308,0.019457,4450.0,17.9205,8.59746,,160.141,991.0,12.0,939.136,17.157,5608.0,122.0,3.94,,1.76,,,,0.99,
139285832,332.01,10.81,1,11.5273,0.006,348.058952,-44.876485,35.906,0.058,-37.39,0.096,2459062.447,0.001972957,0.77685,3e-05,1.43,0.442,0.901535,0.008155,830.0,7.51073,3.28324,0.350139,4180.32,2240.0,15.0,222.852,3.6895,5190.0,133.3,4.42,0.09,0.96,0.06,,,0.88,0.11214
41865539,335.01,44.25,0,12.3571,0.006,21.32225,-39.947872,-13.501,0.023,-13.674,0.027,2458354.866,0.00394,1.26092,0.0004,2.718,0.72,5.252382,0.030173,4825.94,27.7901,8.46782,0.678134,5014.81,2344.0,12.0,472.613,4.7065,5875.0,75.2,4.36,,1.11,0.03,-0.28,0.12,1.2,0.171697
55452495,336.01,94.26,0,9.9524,0.006,70.670279,-64.885209,-11.324,0.069,-2.566,0.08,2460108.109,0.0103484,17.7082945,0.0002741,3.449,1.047,2.544688,0.451074,2341.0,415.368,11.7171,1.73563,100.109,881.0,67.0,600.497,14.7285,7859.0,158.5,4.12,1.52,2.8,0.1,,,1.88,0.301251
116156517,338.01,131.15,1,11.3151,0.006,7.709529,-40.573461,38.231,0.03,-9.135,0.039,2459108.861,0.00095,5.36777,1e-05,4.271,0.164,7.24426,0.001001,6650.0,0.921726,14.2607,0.695606,747.132,1456.0,18.0,542.251,9.952,6561.0,138.0,4.1,0.09,1.72,0.08,,,1.36,0.223669
415969574,342.01,82.69,0,12.8691,0.008,342.170406,-18.520467,19.229,2.15,-3.888,2.149,2458362.572,0.00281,10.45776,0.00388,3.148,0.289,9.567455,0.013427,8773.24,12.3668,,,65.5508,792.0,21.0,508.84,,5800.0,200.4,4.38,,,,,,,
382474101,349.01,131.37,0,10.179,0.04,12.274291,-52.046528,-7.4,2.0,-5.2,2.0,2459107.753,0.0002037,2.6520851,1.3e-06,3.56,0.049,11.877542,0.000235,10880.0,0.216525,,,,,193.0,216.661,,6054.0,193.0,4.29,2.0,,,,,,
220016044,357.01,35.65,0,10.3987,0.006,32.321881,-48.48474,13.651,0.039,-3.888,0.044,2459088.39,0.00117792,0.939966444,4.03e-05,1.122491998,0.2695821,0.638532,0.048507,587.9364245,44.67597,6.614945586,2.76346,22464.7892,3122.448877,11.185909,480.322,7.123,6300.3,140.1,3.72,0.09,2.546499968,0.137786,-0.22,0.12,1.24,0.183218
9032368,373.01,63.43,0,13.2889,0.007,355.901919,-11.26957,11.261,0.078,-17.047,0.047,2458355.679,0.00364,1.632,0.00042,1.466,0.341,5.988031,0.023294,5500.0,21.4543,9.24379,,806.657,1484.0,13.0,741.257,20.804,5997.0,122.0,4.39,,1.11,,,,1.11,
20892672,378.01,66.94,0,13.105,0.006,1.399014,-19.489511,,,,,2458356.501,0.00214,3.10926,0.00045,2.506,0.221,5.932179,0.004848,5448.84,4.46476,9.58224,9.58616,532.263,1338.0,32.0,629.792,,5894.0,190.0,4.32,,1.18,1.18,,,,
220396259,379.01,9.61,0,9.9124,0.006,68.891541,-56.138849,-1.949,0.04,-34.477,0.042,2458354.71,0.00121,0.91677,1e-05,1.337,0.359,0.3,0.000954,276.272,0.879078,3.12766,0.205199,4151.31,2236.0,26.0,231.803,1.051,5825.0,97.8,4.04,0.12,1.71,0.06,-0.28,0.1,1.07,0.134417
207084429,381.01,10.97,0,7.1995,0.006,22.757528,-51.215733,135.947,0.045,-69.874,0.037,2458356.071,0.00362,4.89577,4e-05,2.478,0.141,0.390935,0.000237,360.0,0.218278,3.30734,0.167954,240.778,1097.0,21.0,75.5476,0.1708,5883.0,52.4,,,1.77,0.08,,,1.13,0.144918
229091748,382.01,36.52,0,12.7226,0.006,3.797833,-46.272428,18.813,0.021,0.176,0.027,2458354.592,0.00135,0.4568,4e-05,0.548,0.067,3.72906,0.010422,3428.7,9.59936,6.64264,0.384265,1132.97,1616.0,17.0,506.62,5.226,5777.0,66.7,4.35,,1.03,0.02,,,1.03,0.1291
167418898,383.01,44.78,0,10.2401,0.006,99.609604,-67.656396,7.85,2.0,-51.7,2.0,2459367.92,0.0005352,10.9803025,9.3e-06,1.659,0.1,2.598015,0.004163,2390.0,3.83463,7.58741,,73.7576,,64.0,204.207,,5951.0,,,,1.27,,-0.409232,0.0467469,,
92359850,387.01,85.3,0,9.65521,0.006,52.225639,-19.979808,10.261,0.064,-9.189,0.075,2459167.712,0.00046,4.155,,2.807,0.298,5.333184,0.002728,4900.0,2.51246,11.0678,0.561924,534.715,1339.0,103.0,218.294,1.9165,6270.0,314.4,4.14,0.4,1.57,0.07,,,1.256,0.186696
271900960,389.01,43.64,0,8.2606,0.006,112.941928,-75.527552,-0.316,0.058,-28.206,0.06,2458330.371,0.00386,13.45913,0.00113,3.428,0.388,2.804079,0.305607,2579.32,281.435,7.68909,2.55479,897.182,1524.0,13.0,104.344,0.3575,6457.7,115.5,4.43,0.33,1.38,0.05,,,1.46,0.243115
250386181,390.01,101.78,0,9.89377,0.006,30.114481,-4.985686,26.427,0.072,-27.85,0.065,2459138.723,0.00065,1.470258,7.9e-05,1.126,0.11,2.935452,1.538775,2700.0,1416.26,12.2412,4.50667,884.686,1519.0,31.0,167.306,1.287,6321.46,53.5103,4.1984,0.096,1.08,0.04,-0.4916,0.072,1.247,0.186197
382391899,391.01,114.5,1,11.0529,0.006,43.688074,-10.898024,3.281,0.072,8.963,0.078,2459169.669,0.0001318,1.955093156,5.39e-07,1.787620007,0.010682647,21.530495,0.112812,19634.99087,103.89829,13.14068336,0.62092483,690.3398082,1307.330758,217.93053,184.848,1.86,5400.0,,4.53926,,0.873417974,0.0410955,0.13,0.03,0.969,0.121331
29960109,393.01,3.55,0,11.2003,0.007,42.250066,-14.537646,174.42,0.061,45.414,0.065,2458411.669,0.00298,2.49221,0.00061,1.605,0.221,1.60808,0.004038,1480.0,3.7192,1.71311,0.10767,43.3259,714.0,12.0,37.8932,0.0513,3450.0,157.0,4.78,0.01,0.45,0.01,,,0.443322,0.0202933
178155732,396.01,6.32,1,5.9053,0.006,42.984978,-30.814061,123.229,0.07,105.788,0.151,2459120.538,0.001943347,5.973912449,1.87e-05,3.123546419,0.12901346,0.25253,0.011664,232.5621027,10.742767,2.391773469,0.123329535,488.0089226,1198.744673,15.300015,31.964,0.0721,6308.31,52.7451,4.438,,1.284500003,0.0539246,,,1.24,0.18028
178155732,396.02,3.82,1,5.9053,0.006,42.984978,-30.814061,123.229,0.07,105.788,0.151,2459169.271,0.00163,3.58529,1e-05,2.495,0.372,0.19545,0.000178,180.0,0.16408,1.77141,0.0938401,646.628,1404.0,19.0,31.964,0.0721,6308.31,52.7451,4.438,,1.28,0.05,,,1.24,0.18028
178155732,396.03,4.97,1,5.9053,0.006,42.984978,-30.814061,123.229,0.07,105.788,0.151,2459117.261,0.002345342,11.23046048,4.55e-05,3.600997837,0.2030101,0.22654,0.016847,208.629137,15.516351,2.075466457,0.20931257,210.3340005,971.2859803,11.041638,31.964,0.0721,6308.31,52.7451,4.438,,1.284500003,0.0539246,,,1.24,0.18028
219379012,397.01,13.52,0,10.231,0.006,76.833621,-48.115889,-29.75,0.044,9.784,0.049,2459168.725,0.0028251,1.5464949,6.4e-06,1.101,0.234,1.010204,0.002075,930.0,1.91113,3.7295,0.273399,438.793,1275.0,21.0,167.009,0.6115,5973.5,185.9,3.89,0.12,1.14,0.06,-0.880207,0.0951969,1.0,0.123438
1129033,398.01,113.76,1,9.62713,0.007,37.155522,-7.060667,93.889,0.129,-1.567,0.207,2459168.521,5.56e-05,1.36002828,2.08e-07,2.165275076,0.005123441,21.300942,0.050612,19427.69447,46.61427,13.09118126,0.60228205,1343.156827,1544.014699,482.2753,105.166,1.1955,5500.0,,4.48298,,0.933974981,0.0429146,0.07,0.03,0.991,0.120696
219388773,399.01,13.61,0,10.6793,0.006,77.047577,-50.858906,-0.317,0.055,-27.908,0.071,2458412.383,0.002850388,1.571681925,9.58e-05,1.967224822,0.19746892,0.807447,0.084342,743.4097278,77.67882,4.509178613,5.6954865,715.6772333,1319.164787,13.741621,106.507,0.4305,4752.8,64.0,4.37,0.12,0.982066,0.103283,0.08,0.08,0.76,0.0878652
259701242,401.01,2.21,0,8.235,0.006,74.466453,-53.817948,25.215,0.037,-14.105,0.047,2459139.773,0.00474,2.48548,2e-05,2.621,0.265,0.173732,0.000238,160.0,0.219406,1.28248,0.0791035,1105.11,1606.0,13.0,64.4827,0.0832,5928.0,85.6,4.48,0.25,0.96,0.05,,,1.1,0.147843
120896927,402.01,3.63,1,8.3157,0.006,36.867885,-27.636117,-73.59,0.057,-211.614,0.082,2459139.127,0.0027008,4.755973679,1.85e-05,2.546969567,0.21605152,0.432894,0.022571,398.6310113,20.788399,1.725417023,0.6993496,161.7314334,909.5327855,17.72927,44.8155,0.07055,5175.2,23.6172,4.37657,0.066896,0.841841996,0.0418417,0.06,0.0212132,0.88,0.110587
120896927,402.02,5.47,1,8.3157,0.006,36.867885,-27.636117,-73.59,0.057,-211.614,0.082,2459118.956,0.0036838,17.18072136,4.58e-05,2.100481335,0.3203745,0.738702,0.043232,680.1385904,39.817078,2.195403439,1.6291252,29.1782002,592.7674866,15.360436,44.8155,0.07055,5175.2,23.6172,4.37657,0.066896,0.841841996,0.0418417,0.06,0.0212132,0.88,0.110587
257567854,403.01,110.08,1,11.185,0.007,52.818037,-23.819792,1.771,0.071,-26.516,0.059,2458411.902,0.000546,3.532822,0.000138,3.44312,0.046901,12.320677,0.149719,11283.61942,137.88638,13.474905,0.184494,837.7033716,1372.120697,88.35828,317.652,5.5425,6153.0,,4.34152,,1.25,,0.26,0.03,1.17,0.16388
166833457,404.01,107.4,1,12.3943,0.006,58.429011,-34.328272,33.627,0.03,-12.405,0.038,2459168.639,0.0003113,2.962640198,1.49e-06,1.909672408,0.022899967,29.849943,0.285557,27118.32622,262.97327,12.65489004,0.6409269,269.8828476,1033.745354,110.936714,281.742,1.6215,5473.0,,4.60845,,0.718635023,0.0359297,,,0.97,0.123407
176984236,405.01,44.56,0,10.5683,0.006,101.909492,-66.328317,-4.0,2.5,1.8,2.3,2459199.326,0.0003474,1.7560902,1.1e-06,1.763,0.26,1.792944,0.001181,1650.0,1.08733,7.52118,,1923.34,,84.0,266.9,,6249.0,338.7,4.28,2.01,1.29,,,,,
153065527,406.01,4.51,1,11.2828,0.007,49.262643,-42.244149,41.675,0.055,-412.827,0.074,2458388.567,0.001139761,13.17572943,3.13e-05,2.157027231,0.26255363,2.69526,0.139984,2479.347714,128.92201,1.960237285,0.4459335,2.645317365,325.2663942,16.977493,31.0597,0.03405,3349.0,63.0,4.94138,0.395255,0.388608992,0.0116001,,,0.378565,0.0202713
153065527,406.02,2.16,1,11.2828,0.007,49.262643,-42.244149,41.675,0.055,-412.827,0.074,2458385.388,0.001564433,6.614911016,3.13e-05,0.965460472,0.8199179,1.152112,0.218753,1060.571582,201.45874,1.273155384,3.2967181,6.629467789,409.2506857,7.381627,31.0597,0.03405,3349.0,63.0,4.94138,0.395255,0.388608992,0.0116001,,,0.378565,0.0202713
176778112,408.01,7.84,0,9.6114,0.006,47.82774,-35.628068,-46.296,0.031,-1.595,0.039,2459169.52,0.00144,1.33679,,1.488,0.296,0.760281,0.001607,700.0,1.48052,2.70732,0.190993,1038.31,1581.0,23.0,109.991,0.3125,5600.0,187.0,4.43748,0.269206,0.98,0.05,,,1.0,0.121046
167754523,409.01,1.34,0,9.1536,0.006,104.181674,-60.687954,3.117,0.044,-224.185,0.038,2459193.224,0.0031063,6.7992776,4.02e-05,1.58,0.398,0.228029,0.000739,210.0,0.680695,1.09621,0.100217,30.7937,656.0,10.0,53.3027,0.0604,4913.8,71.5,4.54,0.16,0.73,0.05,-0.09,0.06,0.82,0.0959432
206466531,410.01,48.08,0,10.0081,0.006,56.815012,-52.985207,-26.194,0.038,-12.788,0.045,2459139.772,0.00268,1.42744,1e-05,1.973,0.098,0.488691,0.198297,450.0,182.622,7.86301,2.00946,28512.6,3620.0,17.0,223.145,1.186,6000.2,130.8,4.36,0.11,1.33,0.05,-0.16,0.1,1.27,0.189232
100990000,411.01,5.94,1,7.757,0.006,54.819538,-42.763028,-51.664,0.044,-110.627,0.062,2458386.189,0.001208453,9.573070636,2.75e-05,3.794967728,0.16408458,0.402676,0.021333,370.8091141,19.648224,2.305305831,0.24545431,186.024825,941.9166541,15.221101,62.7792,0.11585,6101.0,193.0,4.38774,0.262054,1.116719961,0.0480905,,,1.17,0.162261
100990000,411.02,3.02,1,7.757,0.006,54.819538,-42.763028,-51.664,0.044,-110.627,0.062,2458385.724,0.002045122,4.040413036,2.26e-05,3.527446608,0.22391456,0.1557,0.013228,143.394396,12.183512,1.54737474,0.14544313,587.586178,1255.705054,10.687032,62.7792,0.11585,6101.0,193.0,4.38774,0.262054,1.116719961,0.0480905,,,1.17,0.162261
7624182,412.01,63.97,0,8.7929,0.006,64.311488,-38.844171,11.45,0.057,-0.54,0.076,2459199.67,0.0009301,1.1096992,2.2e-06,2.097,0.183,0.673365,0.004212,620.0,3.87915,9.33715,0.735812,122457.0,5211.0,45.0,460.728,7.059,8666.0,229.0,3.80083,0.468308,3.13,0.1,,,2.26,0.316889
152476657,415.01,121.6,1,10.5831,0.006,62.616081,-45.898243,2.379,0.035,-6.511,0.045,2459166.483,0.0005569,3.611262058,2.2e-06,3.537744722,0.028853392,6.189033,0.053553,5684.094414,49.322964,13.61374033,0.59679073,1818.548888,1665.524382,80.28465,381.174,3.2035,6450.0,,4.03776,,1.684430003,0.07301,,,1.36,0.222003
339733013,417.01,12.0,0,10.0793,0.006,110.851802,-58.696738,-32.194,0.039,6.38,0.033,2458328.378,0.00342,5.62162,7e-05,2.675,0.589,0.63,0.002069,580.083,1.90541,3.35879,0.28553,334.683,1191.0,26.0,186.807,0.679,5834.2,179.5,4.24,0.11,1.27,0.08,0.0378755,0.0458934,1.07,0.1341
178284730,418.01,118.92,1,10.3074,0.006,60.385539,-20.450999,-18.665,0.051,20.276,0.052,2459146.1,0.000177223,2.235986455,5.07e-07,1.525433157,0.006451492,20.891691,0.139168,19058.01374,128.17053,13.4367443,0.7075624,491.325955,1200.77649,236.86826,117.598,0.5975,5260.0,,4.51363,,0.844379008,0.0442312,,,0.924,0.108329
279251651,419.01,2.68,0,10.5886,0.007,104.153958,-59.181309,-150.879,0.05,454.289,0.06,2458654.122,0.001161134,0.403842579,3.15e-05,1.059221772,0.33206382,0.691436,0.05267,636.6337963,48.509575,1.442392972,1.3622795,710.634979,1316.835102,12.129184,42.76,0.04985,4119.1,188.7,4.73,0.07,0.555,0.018,,,0.549943,0.0202648
408159788,420.01,21.14,0,10.6152,0.006,78.447702,7.055842,43.091,0.064,-51.312,0.053,2459199.05,0.0057717,2.300698,2.43e-05,3.451,0.253,0.847205,0.336115,780.0,309.525,4.87824,1.65997,17366.7,3198.0,21.0,145.407,0.877,5747.3,518.8,4.57,0.31,0.85,0.04,,,0.982,0.129021
94986319,421.01,20.6,1,9.2711,0.006,81.853282,-14.27674,-35.687,0.046,50.45,0.064,2459195.308,0.0007124,16.06752202,1.73e-05,2.618238244,0.06979756,3.185496,0.05156,2929.650147,47.487232,4.79096167,0.34581897,36.10606044,625.1939631,55.85984,74.7969,0.2035,5718.0,189.0,4.35658,2.00367,0.860123992,0.0494975,,,0.92,0.115758
94986319,421.02,4.38,1,9.2711,0.006,81.853282,-14.27674,-35.687,0.046,50.45,0.064,2458441.281,0.001548711,5.197685836,2.94e-05,1.881073731,0.3464259,0.475046,0.041737,437.4376044,38.440166,1.925734586,0.9877214,162.5917886,910.7399798,11.869352,74.7969,0.2035,5718.0,189.0,4.35658,2.00367,0.860123992,0.0494975,,,0.92,0.115758
117979694,424.01,4.75,0,10.5094,0.006,71.921274,-17.745004,-13.762,0.036,19.567,0.044,2459199.447,0.0028505,1.9784257,1.1e-05,2.106,0.367,0.782012,0.001599,720.0,1.47316,2.02143,0.158549,600.02,1378.0,16.0,103.69,0.3405,5059.0,122.9,4.61,0.09,0.75,0.05,,,0.845,0.107965
459942762,430.01,5.68,0,8.2482,0.006,60.278439,4.540868,40.555,0.081,-62.99,0.064,2458438.838,0.00172,0.58644,6e-05,1.441,0.157,0.481393,0.000644,443.281,0.593425,2.31276,0.103777,6607.5,2511.0,34.0,66.5727,0.19755,5997.7,78.3,,,1.0,0.03,-0.45,0.011,1.13,0.152785
31374837,431.01,10.82,1,8.1705,0.006,83.26925,-26.72387,16.804,0.039,150.766,0.048,2458440.63,0.000482087,12.46100864,1.32e-05,3.319577729,0.09169284,2.258662,0.048018,2078.142598,44.225582,3.280949179,0.32790983,28.35878877,588.5612549,45.231777,32.5686,0.03115,4891.0,111.8,4.62,0.08,0.726631999,0.042995,0.02,0.08,0.8,0.0890284
31374837,431.02,2.78,1,8.1705,0.006,83.26925,-26.72387,16.804,0.039,150.766,0.048,2458438.376,0.000343347,0.490058941,5.51e-06,1.012332756,0.08059802,0.316039,0.012101,291.0399722,11.14497,1.474152943,0.1615313,2120.447466,1730.719269,28.3464,32.5686,0.03115,4891.0,111.8,4.62,0.08,0.726631999,0.042995,0.02,0.08,0.8,0.0890284
78055054,434.01,125.96,1,12.8461,0.007,80.538242,-30.970818,8.704,0.025,4.327,0.025,2459198.52,0.0015459,4.388851647,3.27e-06,3.018401546,0.036128573,27.448983,0.242366,24964.54782,223.20244,13.89945234,0.8251116,192.2328216,949.6785627,89.87043,362.273,2.2455,5175.0,182.0,4.46488,2.00365,0.877856016,0.0512412,,,0.87,0.103076
44745077,436.01,10.49,0,13.0734,0.007,61.639511,-25.094117,-88.788,0.05,-87.994,0.067,2458411.703,0.00319,1.8756,0.00017,0.989,0.279,6.169603,0.04227,5666.3,38.9309,,,40.39129728,642.971466,16.0,77.5383,0.23055,3549.7,274.0,4.87,0.41,,,,,0.383047,0.0202469
32499655,437.01,97.14,1,13.5452,0.008,84.326756,-27.972576,-2.16,0.026,0.255,0.029,2459197.576,0.0012827,2.743902942,4.25e-06,1.503168008,0.059521034,15.145192,0.584995,13852.39796,538.65515,11.92923882,0.3915262,306.4170427,1067.082454,32.695362,446.035,3.2185,4860.0,171.0,4.438,,0.885702014,,,,0.79,
143350972,440.01,3.69,0,7.6818,0.006,82.245986,-17.429564,-84.343,0.067,-75.221,0.074,2458439.135,0.00219,1.0817,0.00014,1.588,0.222,0.370878,0.000538,341.533,0.495141,2.07554,0.083749,2462.700975,1796.688012,26.0,49.3375,0.09575,5759.2,38.2,4.45,0.01,1.02,0.01,0.0595743,0.00469596,1.03,0.126964
316916655,441.01,49.83,0,9.19901,0.006,74.472782,-13.703709,-10.626,0.042,-2.252,0.047,2458440.194,0.00099,2.87436,0.00021,1.901,0.412,2.707301,0.006914,2490.41,6.36835,7.91346,0.685174,2011.82,1865.0,65.0,183.952,0.919,6805.0,242.2,4.26,0.34,1.44,0.1,,,1.472,0.250955
70899085,442.01,21.79,1,10.7329,0.007,64.190221,-12.084864,49.766,0.044,-197.253,0.034,2459196.115,0.0005086,4.0520368,4.4e-06,1.560512785,0.04151744,6.001573,0.122538,5512.403319,112.85521,4.952313354,0.17886217,38.54411942,635.4908204,44.85534,52.616,0.11525,3779.0,157.0,4.64,0.01,0.607751012,0.018173,,,0.594367,0.0203488
117979897,443.01,118.1,1,12.0682,0.006,71.824435,-17.115174,7.532,0.034,-1.95,0.044,2459174.841,0.000974875,3.310669201,3.48e-06,3.703386678,0.054132555,10.023756,0.119761,9189.734252,110.29803,13.382013,0.6670257,1061.554242,1455.812008,47.82397,516.543,8.5035,6030.0,121.9,4.22,0.08,1.351430058,0.0649749,,,1.118,0.139958
179034327,444.01,10.91,1,9.0567,0.006,64.183998,-26.766407,-25.83,0.035,-116.428,0.045,2458417.605,0.002078826,17.96350827,9.3e-05,4.429795787,0.17718041,1.37644,0.110336,1266.94519,101.6182,3.29701974,0.26150832,23.46935231,561.3646044,9.843916,57.3973,0.0827,5229.0,183.0,4.55429,0.424663,0.794471025,0.0482412,,,0.85,0.102469
1528696,448.01,53.39,1,13.1686,0.006,75.795382,-30.399461,-9.339,0.025,-21.995,0.026,2458438.403,0.000215363,0.882062426,5.16e-06,0.575967223,0.10460989,12.838931,0.536144,11755.45093,493.6848,8.388894075,2.225674,983.4245957,1428.252576,28.6565,308.262,1.4125,4669.0,122.0,4.52,,0.782887995,,,,0.74,
257605131,451.01,14.68,1,10.2666,0.006,62.966385,-37.93973,-11.167,0.039,12.375,0.054,2458416.635,0.001275692,16.36487304,4.92e-05,4.047830152,0.20240912,2.255346,0.143861,2075.094412,132.4925,3.924832159,0.5098805,38.23719993,634.2219521,14.497905,123.739,0.385,5481.0,127.6,4.56,0.08,0.856226027,0.0441055,,,0.96,0.124766
257605131,451.02,4.4,1,10.2666,0.006,62.966385,-37.93973,-11.167,0.039,12.375,0.054,2458410.999,0.001246278,1.858662423,1.35e-05,2.052579678,0.42424858,0.540471,0.057933,497.6683497,53.357212,1.93236572,1.8722088,695.1879631,1309.620035,10.002181,123.739,0.385,5481.0,127.6,4.56,0.08,0.856226027,0.0441055,,,0.96,0.124766
257605131,451.03,7.89,1,10.2666,0.006,62.966385,-37.93973,-11.167,0.039,12.375,0.054,2458411.806,0.00203154,9.191079151,9.69e-05,3.055677045,0.38808247,1.021996,0.123078,940.8500219,113.352394,2.725100613,0.87950623,82.51779113,768.6995876,9.849737,123.739,0.385,5481.0,127.6,4.56,0.08,0.856226027,0.0441055,,,0.96,0.124766
139733308,452.01,74.68,1,11.9012,0.006,67.222847,-21.482057,-0.026,0.036,-22.048,0.04,2459174.696,0.00064729,4.763395242,3.42e-06,3.007827175,0.044342354,14.383831,0.139671,13160.62983,128.63376,10.2196833,0.59249717,183.2394519,938.3708227,81.83613,246.384,1.7305,5258.0,123.0,4.51,0.08,0.875509977,0.049196,,,0.9,0.11273
98796344,455.01,2.68,1,8.84294,0.008,45.462478,-16.594496,-369.196,0.14,-268.51,0.147,2459168.295,0.0007279,5.358775952,7.55e-06,1.369776439,0.14748554,2.94464,0.144175,2708.439372,132.78087,1.445415407,0.29846486,6.279553709,403.7401541,20.253843,6.86929,0.003805,3562.0,83.0,4.97389,0.060229,0.275952995,0.00828276,,,0.249439,0.0201557
77228304,456.01,5.26,0,15.7298,0.016,69.116563,-41.246194,63.868,0.228,10.099,0.249,2458410.951,0.001209,0.336826,1.7e-05,0.883311,0.114655,19.999154,2.391011,18251.29209,2199.7795,15.240658,1.416672,11129.64647,2619.630824,10.402103,39.4781,0.1915,5780.0,,4.438,,1.0,,,,0.114299,0.0200335
4646810,461.01,4.28,1,8.8723,0.006,38.271253,-10.352178,-173.029,0.077,-92.131,0.069,2458416.352,0.001589161,10.9245478,3.97e-05,1.871647676,0.36133847,0.709801,0.067749,653.537141,62.396942,1.901501814,1.9580723,35.242668,621.4224577,10.592442,45.5621,0.08815,4884.0,96.0,4.49,0.18,0.744130015,0.0558769,-0.01,0.06,0.8,0.0944292
398733009,464.01,16.17,0,15.61,0.0,32.169791,-9.046045,11.782,0.104,-9.057,0.091,2459116.382,0.001345398,0.818567173,7.75e-05,0.980968699,0.0874979,49.6644,4.265546,44712.18116,3921.006,4.155260325,2.4100754,151050.0669,5028.054542,10.488189,2220.36,309.14,31000.0,,5.59998,,0.18,0.104,,,0.47,0.03
270380593,465.01,32.26,1,10.7307,0.006,32.782085,2.418194,74.19,0.089,40.056,0.08,2458414.136,0.000194588,3.83616233,1.1e-06,2.412849524,0.045370728,5.832554,0.049134,5357.577493,45.253304,6.236992628,0.44785166,190.7135382,947.796565,122.74717,122.066,0.6445,4910.0,,4.60108,,0.847379982,0.0548341,,,0.811,0.10253
4616072,466.01,125.97,1,12.8893,0.011,101.994246,-21.910711,-3.181,0.017,3.683,0.03,2459201.891,0.001258148,4.187615382,7e-06,3.007021688,0.076937735,11.906285,0.231688,10906.18571,213.36957,13.90023688,0.6506094,811.3504171,1361.199765,38.59756,772.11,11.145,6675.0,195.0,4.20094,,1.23732996,0.0545729,,,1.38,0.23449
20178111,467.01,16.62,0,10.2767,0.006,89.897418,-40.395746,-14.62,0.037,5.776,0.043,2459198.702,0.0013381,1.734422,0.000265,2.32,1.258,1.336278,0.168381,1230.0,155.073,4.24151,1.2984,4861.83,2326.0,31.0,151.504,0.5135,5890.0,191.0,4.48757,0.273706,0.94,0.05,,,1.06,0.134696
33521996,468.01,91.33,1,13.3383,0.007,88.146808,-19.031627,-2.533,0.042,7.349,0.061,2459220.82,0.000571,3.32527029,1.83e-06,2.053814396,0.030129604,38.391224,0.394307,34741.7763,363.10464,11.50390062,0.3623092,47.331494,668.9710175,94.981865,169.318,1.058,3724.0,,4.68255,,0.596800983,0.0179141,,,0.585471,0.0203909
33692729,469.01,12.37,1,8.7615,0.006,93.057845,-14.649317,-79.262,0.077,162.701,0.077,2458474.57,0.001209776,13.63080241,3.53e-05,4.342656424,0.1637294,1.280951,0.04287,1179.103334,39.483753,3.549396235,0.38449073,60.16031171,710.3089208,25.067589,68.192,0.17675,6114.0,194.0,4.5101,0.263951,1.005280018,0.0565427,,,0.91,0.118028
37770169,470.01,19.32,1,10.6995,0.006,94.009904,-25.031411,52.515,0.028,-67.02,0.039,2458474.495,0.001606353,12.19145583,4.08e-05,3.318812713,0.18263032,2.853867,0.113457,2625.057074,104.49199,4.613131896,0.42131928,44.75513808,659.6756823,23.24246,130.46,0.3995,5418.0,185.0,4.57259,0.29621,0.840970993,0.0507437,,,0.862,0.109459
59843967,474.01,111.07,1,12.7632,0.007,94.112091,-22.546882,0.266,0.015,2.484,0.026,2459226.055,0.0006162,2.516725716,2.34e-06,2.589609921,0.045473907,17.960925,0.225938,16406.54574,208.0753,12.90831479,0.75047064,558.8280149,1240.050272,46.15443,416.459,2.7085,5403.0,,4.50146,,0.982638001,0.0551458,,,0.91,0.114406
170102285,477.01,109.38,1,11.7583,0.006,101.127503,-42.76223,-9.014,0.042,-87.771,0.048,2458470.661,0.000134899,2.944427301,8.49e-07,2.447849359,0.019561294,22.257681,0.152604,20291.38387,140.54343,12.79215388,0.84872735,317.4314288,1076.545105,159.14836,207.49,1.0265,5150.0,,4.55754,,0.887269974,0.0584598,0.05,0.06,0.84,0.100206
306362738,479.01,107.82,1,10.8164,0.006,91.089719,-16.96539,54.769,0.05,-19.061,0.056,2459221.889,0.0002154,2.781737864,9.6e-07,2.150823668,0.016458897,13.996365,0.087064,12808.39408,80.18528,12.68410234,0.60692525,615.4708822,1270.344839,168.56888,194.553,1.196,5600.0,,4.4291,,1.02094996,0.0485654,,,0.989,0.123626
317548889,480.01,8.34,1,6.7799,0.006,88.378462,-16.265397,-43.419,0.077,-90.042,0.084,2458469.562,0.000941565,6.865958244,1.71e-05,3.455761045,0.24825074,0.362712,0.020215,334.0145589,18.618645,2.81449145,0.841036,531.5209848,1224.615786,16.847942,54.5306,0.12465,6212.63,49.0057,4.438,,1.500040054,0.0580779,,,1.2,0.163384
339672028,481.01,97.15,1,9.3935,0.006,110.512686,-57.384998,25.676,0.061,-25.387,0.077,2460205.952,0.001148,10.3311664,1.11e-05,5.626,0.278,4.980822,0.08574,4577.0,78.9664,11.9428,0.601647,253.126,1111.0,157.0,179.366,1.0125,5760.0,189.0,3.97699,0.288134,1.73,0.09,,,1.04,0.129043
365639282,482.01,77.8,0,13.084,0.007,81.399006,8.440499,90.8,2.0,-86.37,2.0,2458472.413,0.004222,10.8717,0.00594,2.943958,0.429073,15.972321,1.904575,14603.37238,1752.6406,9.098964,23.361732,4.586940299,373.250606,11.663487,173.8201,,3692.0,65.0,4.78092,0.353337,0.488,0.074,,,0.555463,0.0211008
427348923,484.01,59.82,0,11.6888,0.006,83.531883,-0.207762,-25.016,0.076,20.026,0.061,2459196.648,0.0010212,4.728681,9.4e-06,4.533,0.191,10.901047,0.003485,9990.0,3.20954,8.96336,0.808714,222.388,1075.0,86.0,149.953,0.952,4425.0,90.0,4.57,0.13,0.9,0.08,0.034,0.051,0.692,0.0808524
427352241,485.01,52.47,0,9.9955,0.031,83.622986,-4.415044,-13.311,0.082,-30.295,0.071,2459198.438,0.0009288,1.2667147,2.6e-06,1.712,0.475,2.032227,0.013403,1870.0,12.3444,8.31491,0.803332,3265.32,2105.0,49.0,282.205,3.579,6084.0,193.0,4.28965,2.00468,1.87,0.08,,,1.42,0.258561
260708537,486.01,0.14,1,9.36854,0.007,98.454881,-58.525032,-404.351,0.069,795.85,0.068,2460204.282,0.0018266,1.7447031,3e-06,1.066,0.32,0.173732,0.017236,160.0,15.8749,0.591815,0.0344566,107.262,896.0,18.0,15.2142,0.00715,3445.0,87.0,4.85243,0.061474,0.43,0.01,,,0.421238,0.0203412
452866790,488.01,1.93,1,11.1972,0.007,120.593607,3.337163,-403.168,0.086,-381.015,0.048,2458492.206,0.000660914,1.19799956,6.25e-06,0.96820034,0.30645123,1.24966,0.101338,1150.31773,93.331795,1.210733876,1.1058786,58.26022369,704.6326883,16.802065,27.3644,0.0376,3332.0,63.0,4.91528,0.142281,0.354528993,0.0107089,,,0.33944,0.0203209
455096220,489.01,116.63,1,11.8997,0.006,123.250703,4.787029,-9.57,0.081,-7.348,0.052,2459250.846,0.0007946,3.646661205,4.04e-06,3.922517813,0.059136398,9.809919,0.127797,8994.573664,117.6988,13.28441341,0.6727048,999.6687505,1434.114341,50.01656,506.965,12.872,6096.0,,4.21513,,1.356719971,0.0661156,0.12,0.03,1.18,0.165146
108645766,497.01,14.24,0,13.2312,0.007,112.446414,-28.483916,207.907,0.067,-171.569,0.09,2458492.914,0.006628,2.974175,0.001636,3.031634,0.343247,12.785984,1.833569,11707.25724,1687.3541,3.756355,0.897648,13.86784013,492.1777269,7.1741686,56.336,0.1543,3333.0,102.0,4.94824,0.506965,0.302,0.065,,,0.288049,0.0201765
134200185,500.01,2.42,1,9.4022,0.006,106.559098,-47.587816,135.798,0.04,-146.251,0.037,2458468.391,0.000571411,0.548157295,8.92e-06,0.942466837,0.1871087,0.246335,0.019002,226.8573536,17.501747,1.35917743,0.39238426,1463.115587,1577.391183,17.792326,47.3924,0.0473,4590.0,176.0,4.50961,0.324858,0.751824975,0.0631583,,,0.7,0.0800304
186812530,503.01,90.67,1,9.19813,0.006,124.320365,12.601322,-9.336,0.095,-9.945,0.053,2460257.184,0.0002941,3.6773543,1.2e-06,1.441,0.185,4.29606,0.181849,3949.0,167.475,11.426,0.45212,786.44,1475.0,127.0,255.416,3.8885,7887.0,218.0,4.28126,0.47567,1.68,0.06,,,1.835,0.280385
274138511,506.01,23.11,0,10.4215,0.006,116.68702,6.445569,-7.001,0.067,-30.304,0.037,2458492.5,0.003381,2.774207,0.000722,2.393565,0.531679,0.7531,0.072173,693.389889,66.471954,2.582442,3.122172,444.231028,1170.905839,9.472691,267.292,2.665,5280.0,183.0,4.44454,2.00384,0.945062,0.945062,,,0.9,0.111488
453211454,509.01,7.69,1,7.9259,0.006,117.924642,9.385241,-78.797,0.079,-188.706,0.043,2460269.975,0.0012018,9.0588209,1.17e-05,3.342,0.214,0.950435,0.025366,875.0,23.3623,2.67607,0.130267,92.839,864.0,32.0,48.9739,0.1055,5560.26,43.3509,4.438,,0.96,0.04,,,0.98,0.128967
453211454,509.02,9.3,1,7.9259,0.006,117.924642,9.385241,-78.797,0.079,-188.706,0.043,2460259.048,0.0023304,21.4003129,0.0001262,5.384745896,0.32298875,1.043627,0.036955,960.7539877,34.036156,3.001042624,0.6084392,35.28117239,621.592122,24.131968,48.9739,0.1055,5560.26,43.3509,4.438,,0.962324023,0.0434171,,,0.98,0.128967
119292328,512.01,2.94,1,8.9767,0.006,96.646702,-38.60721,3.004,0.042,-109.019,0.044,2458471.218,0.002118595,7.188733213,4.51e-05,2.950575214,0.4082451,0.309759,0.026225,285.257999,24.15356,1.525458227,1.1745087,112.4619017,830.5601795,10.797672,67.3975,0.11655,5581.0,187.0,4.52166,0.26533,0.882674992,0.048995,,,0.92,0.118252
431999925,513.01,27.51,0,14.7095,0.007,120.789948,-20.010091,64.87,2.0,-60.53,2.0,2458492.93,0.008993,1.445433,0.000968,3.684343,0.720241,18.213453,2.373195,16635.28994,2183.4067,3.493627,0.975823,29.25772671,593.1709781,7.890174,190.2254,,3266.0,101.0,4.98546,0.527945,0.269,0.06,,,0.432904,0.027888
366576758,514.01,87.24,1,13.6674,0.008,127.882912,11.922255,-13.149,0.061,-2.452,0.037,2458495.843,0.001829485,11.39096853,2.18e-05,3.806246699,0.19190091,17.885005,0.540016,16337.76578,497.249,11.19847412,0.6001173,46.90214184,667.4487415,32.97257,475.758,8.116,5027.0,,4.51935,,0.875935972,,,,0.81,
366622912,515.01,99.68,1,13.7988,0.007,128.067093,11.63071,-9.569,0.06,-2.149,0.04,2458493.284,0.000324982,3.114893076,1.69e-06,2.372134634,0.047303837,28.581095,0.390615,25980.70109,359.70517,12.11200864,0.21937872,198.0921858,956.8339703,76.21036,442.813,6.8055,4973.0,172.0,4.438,,0.749559999,,,,0.82,
308307606,517.01,96.97,0,13.2361,0.006,120.199911,-60.865633,-5.8,0.03,11.426,0.032,2458412.729,0.001272626,9.885024379,1.18e-05,2.423435279,0.1411991,10.792883,0.557726,9891.368176,513.5525,11.91736015,8.328078,66.42468338,728.1185957,25.435297,416.217,2.6445,5522.0,180.0,4.39493,,0.819195986,,,,0.94,
218795833,519.01,97.07,1,14.4347,0.007,124.606758,-19.662792,-41.992,0.095,29.095,0.073,2458491.877,0.000101545,1.265233768,6.77e-07,1.212100263,0.016693883,126.788129,1.165021,110215.6795,1072.4487,11.92440528,0.3808433,53.98650764,691.3390016,145.18329,115.557,0.9295,3225.0,100.0,5.00457,0.531516,0.35530901,0.0109591,,,0.34034,0.0204828
93125144,523.01,42.24,0,9.6833,0.006,84.846558,-19.55834,20.435,0.116,-56.395,0.185,2458472.96,0.001169,9.91102,0.001685,2.981681,0.100397,6.582247,0.619925,6044.13412,570.8092,7.705774,1.300738,63.44183786,719.8030598,15.278281,77.8471,0.5851,4692.0,177.0,4.29723,0.337979,0.941705,0.147578,,,0.79,
365690646,524.01,26.9,0,10.094,0.006,81.54323,6.912307,-7.797,0.087,-9.559,0.07,2458471.143,0.002412,12.983175,0.003306,1.527578,0.761684,1.283009,0.175077,1180.996904,161.23894,5.933251,6.288821,397.4686874,1138.794811,7.579506,293.27,3.5595,6962.64,13.5697,4.14716,0.016843,1.67983,0.066178,-0.187102,0.0106535,1.511,0.262355
200593988,526.01,34.1,0,12.3069,0.007,85.335762,11.194448,83.783,0.1,-29.865,0.076,2458470.849,0.004324,7.699087,0.003345,4.380607,0.39642,8.80014,0.679566,8072.469566,625.70715,6.21451,8.41901,8.721304556,438.2935835,16.209078,70.9325,0.2068,3617.0,67.0,4.81052,0.362772,0.45,0.07,,,0.464152,0.0203707
403693875,528.01,66.74,0,13.3675,0.006,105.006164,11.043248,-9.928,0.054,-46.202,0.044,2458469.706,0.002002,3.524465,0.000652,3.103957,0.160922,23.956142,1.091452,21822.78369,1004.7591,9.045877,1.545847,53.13087237,688.5833009,17.919674,192.351,1.24,3965.0,147.0,4.68568,0.375183,0.613,0.1,,,0.628,
438490744,529.01,71.06,0,14.1396,0.008,100.255965,16.588795,-2.492,0.138,-189.117,0.117,2458468.496,0.002003,1.665878,0.000283,4.956738,0.144742,97.211686,2.826642,85643.9861,2600.0479,6.98229,5.428897,10.91211385,463.5504123,19.085302,63.0507,0.44045,3021.0,97.0,5.10725,0.532457,0.172,0.038,,,0.214929,0.020177
387690507,530.01,55.83,1,13.5287,0.008,103.412833,12.881578,13.682,0.083,-62.577,0.073,2458470.203,0.000649243,6.387573911,4.74e-06,2.566057902,0.087085545,26.369111,0.58591,23994.29604,539.49713,8.612116336,0.33535388,14.25904464,495.6126203,44.60936,148.762,1.101,3688.0,69.0,4.78199,0.354944,0.544768989,0.0163464,,,0.540526,0.0203953
302895996,531.01,7.63,0,13.8097,0.01,83.11641,15.555883,-48.4,2.0,-52.05,2.0,2458468.847,0.002165,0.567995,0.000108,1.408867,0.400217,5.669893,0.543539,5208.552517,500.4922,2.671369,1.172365,185.0742346,940.7110382,9.056893,167.3049,,3462.0,103.0,4.88307,0.464398,0.368,0.073,,,0.377,0.091
144700903,532.01,26.78,1,12.6785,0.007,85.080054,11.562637,23.368,0.061,-38.099,0.047,2458470.581,0.0004611,2.32663999,2.78e-06,1.649728402,0.25495508,8.550949,0.299188,7844.78312,275.52435,5.591120638,1.0404642,87.09614138,779.1471354,34.0331,135.047,0.548,3946.0,69.0,4.69039,0.330439,0.623609006,0.0186859,,,0.606938,0.0203687
281909674,534.01,105.64,1,14.4266,0.009,102.721143,-5.086456,1.637,0.062,-3.257,0.07,2458470.817,0.002757008,4.035044438,2.78e-05,2.852616276,0.4046506,12.943331,1.205381,11850.47226,1109.5808,12.53306062,1.699505,546.5338871,1233.173045,10.193945,1148.93,59.135,5945.0,,4.46721,,1.137069941,,,,1.08,
237751146,538.01,18.51,0,14.1477,0.008,104.33198,4.028698,52.075,0.114,-61.646,0.093,2459203.398,0.002871772,1.669769041,0.000343106,2.010534803,0.30597737,11.64217,1.02344,10665.55057,942.1793,4.498560148,0.7500977,49.22130769,675.5508371,10.02832,133.21,1.5015,3411.0,102.0,4.90948,0.480684,0.433512,0.0135164,,,0.428732,0.0207529
200322593,540.01,0.86,1,11.5045,0.007,76.309695,-47.937539,-66.085,0.082,25.077,0.093,2459175.142,0.000952436,1.239153364,4.9e-06,0.488774921,0.11378676,2.520376,0.144121,2318.659441,132.73195,0.965470636,0.41618714,21.66231261,550.2321395,17.89114,14.0022,0.00885,3042.0,,4.438,,0.197117001,0.00592568,,,0.166161,0.0200639
53593457,543.01,30.91,0,15.0404,0.008,100.306094,-3.925831,19.57,2.0,-65.14,2.0,2458468.332,0.003362,0.530893,0.000146,1.910177,0.234509,36.943228,3.325312,33453.5972,3058.0403,3.747202,0.900232,61.42719108,714.0192388,9.624941,,,3085.0,99.0,5.0795,0.549539,0.193,0.044,,,0.291869,0.0259467
50618703,544.01,5.32,1,9.6504,0.006,82.290072,-0.342898,34.297,0.063,-78.131,0.058,2458469.757,0.000482315,1.548354168,4.23e-06,1.203092544,0.14919817,1.006304,0.051374,926.4111032,47.315773,2.160174068,0.64126754,240.1950345,1004.06252,20.608194,41.1166,0.0734,4665.0,177.0,4.67631,0.316736,0.663414001,0.0607689,,,0.66,0.0812266
36440357,546.01,118.92,1,13.1573,0.013,102.194623,-0.672786,-3.659,0.049,-3.898,0.044,2459211.466,0.0041813,9.201649642,3.14e-05,4.431733296,0.18872592,15.101072,0.457213,13812.32336,421.02008,13.43739593,0.48492947,203.9516754,963.8325055,24.720894,726.412,14.8815,6190.0,,4.36651,,1.12270999,,,,1.21,
42821097,548.01,119.77,1,13.1861,0.035,97.033598,-0.170729,4.799,0.052,-6.013,0.049,2459205.243,0.004127134,3.897120261,1.89e-05,4.825888207,0.24742348,6.875702,0.304019,6312.746277,279.97253,13.49322275,0.7149572,1103.809011,1470.087664,16.031055,790.663,25.904,6090.0,,4.08625,,1.639500022,,,,1.03,
32830028,549.01,18.05,0,14.2321,0.008,86.752182,-24.842642,2.448,0.073,-98.536,0.088,2458468.344,0.000477,0.516278,2.1e-05,0.565611,0.106334,22.255273,1.121868,20289.21082,1032.7452,2.442348,0.6369,50.41663609,679.6154071,18.210543,80.6542,0.3604,3009.0,97.0,5.10976,0.525773,0.169,0.037,,,0.284217,0.0202917
192826603,551.01,79.63,1,13.9143,0.007,82.714213,-36.630981,-31.902,0.037,-41.026,0.042,2459203.149,0.001252444,2.647305125,3.02e-06,1.211280962,0.054065313,23.451338,1.074933,21367.88249,989.5596,10.61344808,3.2976332,70.1195731,738.0394311,35.281853,218.121,1.037,3916.0,,4.71907,,0.567866027,0.0171805,,,0.561044,0.0204813
44737596,552.01,67.92,1,13.8231,0.007,60.949392,-25.408921,12.872,0.038,-1.753,0.048,2458413.06,0.000353942,2.788654032,3.13e-06,1.890018609,0.051824372,28.981573,0.523575,26339.9058,482.11438,9.665126013,0.3510175,51.94876618,684.7208601,43.573982,194.964,1.118,3654.0,162.0,4.438,,0.587105989,0.0175241,,,0.577439,0.0203329
161477033,553.01,7.21,0,10.0614,0.006,73.261286,-45.540405,50.694,0.039,67.504,0.041,2458443.222,0.003863,14.058151,0.005392,3.514627,0.849132,0.932632,0.118849,858.616845,109.45815,2.467289,2.266664,41.33003156,646.6751668,8.819479,108.159,0.235,5465.0,186.0,4.57025,0.276352,0.839854,0.102877,,,0.91,0.110815
407966340,554.01,8.5,1,6.4386,0.006,60.748336,9.207768,89.567,0.113,-165.762,0.056,2458442.615,0.000885,7.049160841,7.73e-06,3.502453072,0.08912054,0.326337,0.009729,300.5227138,8.960467,2.846494116,0.1337324,489.6346689,1199.741798,29.263027,45.6181,0.12505,6337.87,44.6906,4.438,,1.427170038,0.0557185,,,1.25,0.182089
407966340,554.02,2.34,1,6.4386,0.006,60.748336,9.207768,89.567,0.113,-165.762,0.056,2458438.476,0.001243822,3.044044082,9.2e-06,1.35428848,0.07295238,0.089832,0.009989,82.73504311,9.199939,1.333742478,0.51044494,1500.102049,1587.266867,11.499728,45.6181,0.12505,6337.87,44.6906,4.438,,1.427170038,0.0557185,,,1.25,0.182089
170849515,555.01,94.77,1,14.857,0.007,70.339767,-32.320417,-5.429,0.057,-38.609,0.09,2458438.148,0.000585034,1.941636568,3.26e-06,1.932135837,0.08019122,36.372215,1.086852,32945.13478,1000.52655,11.75690439,0.5201643,127.6742735,857.3252177,29.584158,385.689,5.7415,3837.0,133.0,4.72608,0.400388,0.633668005,0.0202681,,,0.614735,0.0210845
59003115,556.01,4.98,0,11.3075,0.006,57.225546,13.483139,55.603,0.079,-91.719,0.058,2458439.076,0.00574,2.294185,0.000938,2.750763,0.652343,0.757535,0.102336,697.472004,94.25027,1.95611,1.294193,304.478914,1065.391077,7.231075,146.905,1.0675,5062.0,19.0,4.62,0.03,0.707445,0.034104,-0.371,0.022,0.844,0.0984221
207110080,558.01,120.33,1,10.9923,0.006,42.291509,-58.024683,1.071,0.042,3.859,0.042,2459133.407,0.0009731,14.57289854,0.000819005,2.562349736,0.09951017,4.858052,0.168123,4464.435989,154.8349,13.53006831,0.6676787,248.8553739,1012.993143,31.568552,402.63,3.8195,6025.8,107.0,4.0,0.07,1.760949969,0.0741809,-0.62,0.12,1.12,0.143013
209459275,559.01,101.3,1,10.5704,0.006,46.818616,-31.162995,-23.136,0.031,-69.698,0.04,2459166.186,0.0003819,6.9839072,6.1e-06,5.076,0.065,10.96685,0.000317,10050.0,0.292261,12.2398,0.562704,404.915,1249.0,170.0,233.266,1.5315,5972.0,124.7,4.31,0.08,1.21,0.06,,,1.1,0.146335
101011575,560.01,7.39,1,8.5925,0.006,129.688303,-13.256527,-63.858,0.051,38.374,0.041,2459982.845,0.0009785,6.3980642,6.5e-06,2.004,0.137,1.79947,0.057878,1656.0,53.3061,2.62025,0.21636,33.7178,671.0,33.0,31.5666,0.03205,4695.0,92.0,4.5,0.2,0.63,0.05,-0.21,0.06,0.75,0.0893632
101011575,560.02,4.66,1,8.5925,0.006,129.688303,-13.256527,-63.858,0.051,38.374,0.041,2459987.338,0.0014936,18.8792871,5.9e-05,3.262,0.262,1.302579,0.041311,1199.0,38.0485,1.99787,0.167093,10.5814,502.0,24.0,31.5666,0.03205,4695.0,92.0,4.5,0.2,0.63,0.05,-0.21,0.06,0.75,0.0893632
377064495,561.01,7.58,1,9.5273,0.006,148.185152,6.216103,-108.432,0.088,-61.511,0.094,2460273.232,0.0024724,10.778833,2.89e-05,3.416,0.347,1.227576,0.044597,1130.0,41.0743,2.6584,0.157545,65.3136,791.0,24.0,85.799,0.496,5391.0,185.0,4.52526,0.28868,0.84,0.05,,,0.95,0.117329
377064495,561.02,2.83,1,9.5273,0.006,148.185152,6.216103,-108.432,0.088,-61.511,0.094,2460285.469,0.0016031,0.4465713,6e-07,1.077,0.269,0.319253,0.022956,294.0,21.1432,1.48867,0.100506,4347.38,2262.0,21.0,85.799,0.496,5391.0,185.0,4.52526,0.28868,0.84,0.05,,,0.95,0.117329
377064495,561.03,8.66,1,9.5273,0.006,148.185152,6.216103,-108.432,0.088,-61.511,0.094,2458521.9,0.0177297,25.71221573,0.002276103,5.971022786,1.5182297,1.250896,0.136237,1151.454738,125.47072,2.87813921,1.1454114,2.863917809,331.7873984,10.010626,85.799,0.496,5391.0,185.0,4.52526,0.28868,0.840575993,0.0452261,,,0.95,0.117329
377064495,561.04,10.3,1,9.5273,0.006,148.185152,6.216103,-108.432,0.088,-61.511,0.094,2458538.198,0.013831133,,,6.648921565,0.739864,0.993499,0.089564,914.6281731,82.487976,3.18580584,0.2666196,0.142385578,156.6701468,12.304529,85.799,0.496,5391.0,185.0,4.52526,0.28868,0.840575993,0.0452261,,,0.95,0.117329
413248763,562.01,2.16,1,8.74094,0.007,144.007464,-21.665063,138.694,0.1,-990.311,0.083,2460011.629,0.0008558,3.9306027,3e-06,1.196,0.275,1.138448,0.059668,1048.0,54.9547,1.26995,0.0506095,16.4901,561.0,29.0,9.44181,0.00511,3505.0,90.0,4.90573,0.061793,0.36,0.01,,,0.34592,0.0201631
1003831,564.01,46.67,1,10.6701,0.006,130.295154,-16.036327,-2.508,0.05,-11.025,0.042,2458518.203,0.000248976,1.65114558,2.26e-06,0.949524728,0.028884921,3.485991,0.139817,3205.567144,128.76796,7.7514065,0.44668624,1452.38289,1574.490449,36.129078,199.581,1.2615,5752.0,189.0,4.47122,0.584777,1.121960044,0.0548141,,,0.977,0.122464
1133072,566.01,6.84,0,12.625,0.007,131.086145,-28.07677,48.691,0.055,-45.743,0.054,2458517.532,0.002755,0.846542,0.000179,2.408837,0.443968,2.74448,0.256708,2524.567663,236.40909,1.642414,0.666679,85.2240732,774.9261587,9.50554,83.5896,0.28795,3380.0,101.0,4.92521,0.490647,0.325,0.068,,,0.493652,0.0203747
13349647,567.01,116.99,1,12.212,0.007,131.58039,-8.026985,-4.077,0.053,-8.71,0.041,2458518.505,0.000102533,1.537364349,5.59e-07,1.752877884,0.016976692,19.531812,0.132483,17828.61949,122.01345,13.30845019,0.6212685,1422.607513,1566.35798,182.28227,386.346,5.192,5959.0,,4.4894,,0.959587991,0.0442739,-0.01,0.05,1.08,0.136954
123482865,569.01,53.68,1,9.4727,0.006,115.102779,-42.154663,6.317,0.053,-3.068,0.048,2459270.5,0.0007099,6.5562078,1.47e-05,2.314,0.169,3.229435,0.001086,2970.0,1.00054,8.40415,0.433515,99.2324,879.0,52.0,156.226,0.753,6845.0,203.0,4.36113,0.340345,1.47,0.07,,,1.04,0.135072
270468559,571.01,106.65,1,11.5598,0.006,135.344358,6.097083,-2.911,0.075,-33.389,0.046,2458519.463,0.000294156,4.641843454,1.75e-06,3.856677215,0.040329687,8.20155,0.060917,7525.447523,56.10482,12.6031793,0.63113064,684.0972603,1304.365227,145.85832,405.238,7.6375,5743.0,,4.14093,,1.413740039,0.0692261,,,1.059,0.126594
408310006,576.01,42.34,1,8.86849,0.006,144.875105,-20.982419,-55.082,0.072,10.927,0.069,2460010.495,0.0004136,5.4435354,3e-06,3.5,0.198,3.500622,0.046618,3219.0,42.9356,7.30242,0.327956,402.866,1248.0,106.0,114.173,0.5885,6313.0,196.0,4.32632,0.289026,1.25,0.06,,,1.141,0.147016
196286587,592.01,53.26,0,10.1985,0.006,125.557166,-25.06947,4.836,0.043,-7.165,0.04,2459974.937,0.0021416,10.4137962,2.37e-05,3.482,0.209,2.117077,0.067299,1948.0,61.983,8.3814,0.406739,131.058,942.0,25.0,358.441,3.8825,6439.3,182.5,4.12,0.6,1.97,0.09,,,1.3,0.202781
287329267,595.01,37.61,0,9.9959,0.006,109.783542,-59.302042,-4.84,0.041,7.583,0.043,2458331.947,0.00515,7.64348,6e-05,2.772,0.454,0.608183,0.000868,560.0,0.799349,6.82171,0.406298,170.804,1007.0,19.0,432.642,3.8765,6258.1,103.6,3.59,0.08,2.94,0.12,-0.335808,0.0458287,1.22,0.176936
144956678,596.01,52.53,0,9.9071,0.006,122.068635,-35.559433,-1.863,0.038,13.133,0.042,2459228.947,0.002083376,1.513600345,0.000219172,2.440069452,0.2813182,0.809326,0.055962,745.1393405,51.541286,8.309019329,2.3770592,14144.86688,2781.438526,11.865457,388.682,3.7825,6017.0,129.7,3.55,0.08,2.93328,0.134,,,1.11,0.151452
146208651,597.01,52.6,0,9.796,0.006,133.457963,-48.81268,41.829,0.048,-20.217,0.047,2458519.223,0.00508,6.5224,0.00248,2.63,0.484,0.917372,0.002255,844.574,2.07697,8.46817,0.49569,71.5773,810.0,11.0,253.619,1.8255,4951.7,77.1,3.55,0.4,2.65,0.08,,,,
81429971,598.01,96.61,0,10.1356,0.008,123.178216,-42.93501,1.084,0.047,-0.74,0.054,2459986.02,0.0027453,3.0432421,9.6e-06,3.192,0.499,1.762494,0.063727,1622.0,58.6932,11.9045,0.642488,3620.18,2160.0,32.0,869.555,23.0415,8000.0,174.4,,,3.59,0.16,,,,
134396419,600.01,15.31,0,10.2681,0.008,122.272933,-37.06186,-3.067,0.069,4.052,0.064,2459984.851,0.0027056,4.3652608,1.43e-05,1.976,0.245,1.479781,0.067406,1362.0,62.0814,,,1044.26,1583.0,19.0,829.726,29.905,9156.5,482.7,,,,,,,,
262746281,603.01,48.18,1,9.74179,0.006,141.107854,5.766056,-20.471,0.059,-43.611,0.053,2460271.218,0.0023676,16.1798603,4.61e-05,6.495,0.24,2.444571,0.049191,2249.0,45.3053,7.89958,0.412377,131.122,942.0,35.0,205.924,1.5805,5900.8,129.6,4.04,0.08,1.63,0.08,0.176,0.012,1.072,0.136382
153651591,607.01,85.01,0,10.5259,0.011,121.009264,-26.165676,-4.369,0.049,6.26,0.052,2459230.769,0.001750908,2.145632443,0.000302497,2.168009594,0.32216987,1.563146,0.110939,1438.674695,102.17381,11.02885784,2.7573917,28811.4007,3322.85081,11.071719,921.917,30.9445,9389.0,182.7,3.92,0.07,2.80165,0.117136,,,2.39,0.312146
118021229,614.01,34.66,0,9.947331,0.006,128.475094,-20.940646,-50.781,0.042,-7.647,0.043,2458518.281,0.00274,0.88501,0.00021,1.622,0.202,0.890972,0.001912,820.279,1.76139,6.77007,0.340373,2010.85,1865.0,22.0,255.901,1.636,5362.0,52.1,3.75,0.59,2.15,0.04,,,0.962,0.127279
267527924,619.01,14.37,0,10.1853,0.006,114.050732,-48.063487,-1.2,2.1,5.2,2.0,2460011.605,0.0020928,1.8080364,3.9e-06,2.892,0.581,1.373239,1.157577,1264.0,1065.6,,,12760.9,2960.0,38.0,,,5354.5,17.2,,,,,,,,
296739893,620.01,9.56,1,10.2139,0.007,142.173446,-12.167165,35.872,0.105,-389.854,0.082,2458518.005,0.000452471,5.098803777,4.44e-06,1.025282166,0.17485256,3.181327,0.144402,2925.822243,132.99059,3.05033809,0.78160477,19.82742098,538.1908458,32.28497,33.0231,0.05845,3633.0,70.0,4.80423,0.365746,0.547452986,0.0165014,,,0.542958,0.0204441
83092282,622.01,63.62,1,8.5615,0.006,125.305054,-46.484296,-4.633,0.052,-17.577,0.053,2460006.078,0.0002526,6.402529473,1.42e-06,3.923395605,0.020344432,4.149951,0.021843,3814.950895,20.11759,9.300241257,0.38569346,623.0276834,1274.226362,199.4987,123.297,0.469,7056.0,206.0,4.33435,0.325246,1.407199979,0.0580025,,,1.42,0.235839
101395259,623.01,118.47,0,10.1913,0.008,148.720293,-23.332118,-20.119,0.097,7.542,0.104,2458523.943,0.000418417,7.574674954,4.4e-06,3.08478661,0.037665483,6.76133,0.082041,6208.06493,75.560074,13.40695673,0.6467533,516.8517446,1216.07748,95.56752,275.377,7.6635,6422.0,197.0,4.20608,0.594182,1.488549948,0.0707236,,,1.34,0.212773
281408474,628.01,100.48,1,9.65646,0.007,99.263061,1.76755,-1.437,0.117,-1.082,0.087,2458469.235,0.00043,3.4076,0.00014,3.69,0.056,8.173711,0.000265,7500.0,0.244342,12.1343,0.579782,1052.9,1586.0,170.0,178.68,2.991,6174.0,156.8,4.23,0.08,1.38,0.07,,,1.179,0.161577
293853437,629.01,102.67,1,8.69437,0.006,95.827908,0.883347,6.476,0.105,-3.898,0.099,2459221.689,0.000718,8.7179665,1.23e-05,6.143,0.124,2.630666,7.2e-05,2420.0,0.0662036,12.3121,0.469985,2341.09,1937.0,42.0,333.379,8.0155,9165.0,230.7,4.05,0.07,2.38,0.09,,,2.321,0.329025
97158538,631.01,29.67,0,8.783341,0.006,105.945472,-30.726357,-12.978,0.039,22.818,0.053,2459229.708,0.001046011,2.595074713,0.000204551,0.79212736,0.2731439,0.722527,0.048998,665.2502774,45.128178,5.938255493,6.0433493,5582.81004,2204.616037,11.98571,233.697,1.524,6852.0,125.0,3.91,0.09,2.24201,0.0953369,,,1.483,0.25686
348755723,633.01,20.97,0,13.9036,0.007,134.088088,-12.934871,30.243,0.102,2.488,0.143,2458517.81,0.002628,4.503645,0.000869,1.973292,0.304933,13.685524,1.211043,12525.72524,1114.7897,11.197034,1.881909,35.79499769,623.8430401,9.939798,116.496,0.8835,3267.0,,4.438,,1.0,,,,0.427418,0.0204592
344926234,634.01,3.07,0,9.1299,0.006,151.55755,3.946493,20.649,0.284,-18.065,0.478,2458517.428,0.001804,0.49359,7.2e-05,1.545897,0.336383,0.267886,0.029709,246.702105,27.362505,1.733849,1.121573,7238.719107,2352.530056,7.43477,92.8368,0.7164,5872.0,191.0,4.43995,0.313994,1.02918,0.149487,0.005,0.027,1.09,0.139553
286132427,635.01,2.74,0,8.1075,0.006,146.72453,-4.29824,-45.703,0.083,-40.413,0.087,2458517.436,0.001801,0.493379,7.7e-05,1.5,0.283602,0.211024,0.024663,194.341058,22.715282,1.503946,0.944963,7066.343282,2338.398008,8.047397,58.7453,0.24805,5914.0,191.0,4.46485,0.254775,1.00635,0.112958,0.106,0.017,1.05,0.13495
146463781,636.01,47.31,0,14.7034,0.007,123.885413,-31.556521,-28.848,0.073,69.089,0.081,2458517.477,0.002485,0.417921,7.9e-05,1.843947,0.247587,46.183846,3.920988,41644.89311,3604.8499,5.657227,1.322447,159.3798634,906.2084598,9.291737,158.67,1.342,3278.0,100.0,4.97806,0.517731,0.275,0.06,,,0.368528,0.0204606
78154865,638.01,4.14,0,8.9225,0.006,147.86736,-4.123323,-2.379,0.072,14.086,0.073,2458517.428,0.001407,0.493826,5.5e-05,1.162615,0.459021,0.33725,0.048427,310.570859,44.601707,1.940277,4.062545,8648.339203,2459.534554,8.201568,96.6355,0.50395,6030.0,192.0,4.41585,0.275802,1.08524,0.131985,,,1.12,0.141539
432008938,643.01,51.79,0,13.7006,0.007,120.69393,-23.696727,100.619,0.058,-195.052,0.06,2458522.349,0.003658,9.653456,0.002539,4.00937,0.258226,47.820639,4.558786,43088.5649,4189.9946,7.281973,1.406418,3.12657022,339.1460758,13.058762,87.7731,0.34095,3359.0,69.0,4.93457,0.410313,0.315,0.055,,,0.341657,0.0202832
63303499,644.01,6.13,0,10.194,0.006,104.922683,-24.883877,-11.529,0.033,27.957,0.049,2459202.296,0.003047833,1.927132758,0.00020988,4.553007662,0.3852849,0.636317,0.037772,585.8978628,34.789112,2.3659,0.51685,1087.611643,1464.664689,11.259578,203.532,1.1425,5952.0,664.1,,,1.25,0.27,,,,
157568289,645.01,120.72,0,10.4091,0.006,106.767434,-36.770799,0.934,0.046,8.274,0.058,2458468.737,0.00085,1.84051,6e-05,4.642,0.055,2.802446,0.000165,2577.82,0.152151,13.9166,1.05797,4390.21,2267.0,113.0,414.522,5.2525,5710.5,216.5,3.6,0.45,2.49,0.19,,,1.28,0.20692
78672342,648.01,81.0,0,10.1347,0.016,103.00276,-18.95443,-10.688,0.05,2.799,0.055,2458471.302,0.00691,2.97638,0.00175,3.212,0.957,0.864418,0.003636,795.842,3.34883,11.0372,1.52854,2695.88,2007.0,14.0,637.257,13.704,6492.5,372.3,3.57,0.63,3.56,0.44,,,1.46,0.253325
349373192,650.01,11.72,0,9.7839,0.006,110.261044,-60.155475,-1.667,0.077,12.491,0.075,2458326.315,0.00441,0.76983,3e-05,2.774,0.185,0.17394,0.000207,160.192,0.191012,,,49237.6,4149.0,32.0,402.762,5.5185,8658.0,230.9,3.92,0.11,,,-0.458135,0.0457707,1.8,0.282418
22221375,652.01,5.22,1,7.3635,0.006,149.123515,-24.099186,-177.111,0.095,46.867,0.085,2460013.592,0.0012798,3.9846589,6.2e-06,2.146,0.528,0.48326,0.02424,445.0,22.3254,2.12827,0.10949,647.901,1405.0,25.0,45.683,0.10505,5903.0,,4.44653,,1.03,0.04,0.0169231,0.016641,1.09,0.13291
35009898,654.01,7.34,1,12.2255,0.007,164.724551,-5.547545,99.174,0.097,-266.107,0.069,2458543.434,0.00051291,1.527563898,3.08e-06,1.372705486,0.08139971,3.144959,0.133552,2892.422794,122.99816,2.610331829,0.13460043,59.36694717,707.9554489,25.678757,57.7553,0.18245,3433.0,86.0,4.89676,0.432223,0.427953005,0.0127854,,,0.422643,0.0203147
36734222,656.01,114.08,1,11.1184,0.006,154.908187,-9.806443,-42.044,0.069,-38.193,0.066,2458543.605,3.12e-05,0.813473271,3.03e-07,1.262963956,0.004698167,28.454176,0.094006,25866.83474,86.57887,13.11183627,1.2943878,680.8952697,1302.836235,539.76886,86.7467,0.3269,4400.0,,4.64555,,0.757649004,0.0747613,,,0.65,0.082049
48103627,657.01,113.28,1,12.4399,0.006,147.4067,-33.218503,-8.463,0.042,0.734,0.057,2459283.032,0.001460856,4.569669803,5.93e-06,3.953617074,0.07687171,10.75967,0.184047,9861.079392,169.49892,13.05829275,0.6644163,616.12218,1270.680778,42.40866,562.256,9.6955,6122.0,188.0,4.283,,1.283059955,0.0608568,,,1.11,0.143814
53189332,660.01,91.02,1,10.99,0.006,166.429628,-5.079485,-24.818,0.077,-13.294,0.06,2458544.651,0.000558669,9.289700633,6.25e-06,5.358915501,0.06378252,6.797599,0.066044,6241.261906,60.82712,11.48126141,0.5259388,327.8306693,1085.255873,101.507034,352.181,6.2825,6055.0,,4.22795,,1.415490031,0.0622965,,,1.24,0.190383
53735810,661.01,112.89,1,11.248,0.006,158.22503,-34.989907,11.492,0.083,-13.533,0.084,2458544.17,0.000372251,4.086049536,2.19e-06,4.542060706,0.046422906,7.718409,0.069928,7083.709119,64.40354,13.03234369,0.6635232,1434.773879,1569.696229,111.816475,500.258,13.1685,6580.0,,4.0663,,1.477409959,0.0742387,0.05,0.05,1.56,0.245319
54085154,662.01,20.17,0,8.2046,0.006,160.180141,-31.927233,-2.069,0.05,-15.577,0.058,2460037.452,0.0013011,1.0014437,1.7e-06,1.28,0.385,0.45176,0.864097,416.0,795.546,4.71785,1.44458,28733.4,3627.0,26.0,87.2682,0.28245,6380.0,80.0,4.438,,1.18,0.05,,,1.27,0.192852
54962195,663.01,6.5,1,11.7602,0.007,160.065852,-8.511083,-142.182,0.075,-82.962,0.062,2458544.388,0.000939472,2.598903115,6.41e-06,1.663570634,0.231782,2.122801,0.144202,1953.261547,132.80658,2.431285405,0.40144834,48.46153194,672.9286739,15.326795,64.2308,0.1799,3719.0,64.0,4.76941,0.347691,0.51236099,0.0152398,,,0.510139,0.0203013
54962195,663.02,14.79,1,11.7602,0.007,160.065852,-8.511083,-142.182,0.075,-82.962,0.062,2459989.643,0.005752808,4.699146555,0.001753911,2.520047344,0.39453098,2.623833,0.409043,2413.722117,376.67136,3.941620416,7.739804,22.00013126,552.3648923,9.834454,64.2308,0.1799,3719.0,64.0,4.76941,0.347691,0.51236099,0.0152398,,,0.510139,0.0203013
54962195,663.03,4.63,1,11.7602,0.007,160.065852,-8.511083,-142.182,0.075,-82.962,0.062,2458547.139,0.003127827,7.102474859,3.26e-05,2.754265243,0.5472849,1.431635,0.158204,1317.715762,145.70102,1.989524396,0.55708754,12.68345731,481.3147406,8.827338,64.2308,0.1799,3719.0,64.0,4.76941,0.347691,0.51236099,0.0152398,,,0.510139,0.0203013
55092869,664.01,121.01,1,7.3212,0.006,161.706905,-9.399365,-79.091,0.09,-78.576,0.067,2459988.884,0.000916527,4.73592319,0.000296571,7.081961165,0.050132286,2.542375,0.0312,2338.874556,28.736029,13.57525892,0.21154155,468.2559879,1186.425806,79.11996,99.1596,0.52105,5370.0,,3.72765,,2.787149906,,0.27,0.1,,
101955023,667.01,1.95,1,10.8372,0.007,153.70907,-47.154936,-1053.98,0.074,414.3,0.083,2459280.989,0.000884501,1.6289322,3.78e-06,0.809275953,0.09636562,2.73093,0.105684,2512.119245,97.33358,1.214566424,0.15818869,20.95931886,545.7126746,25.76042,12.613,0.007,3202.0,,4.86375,,0.226407006,0.00697427,,,0.195794,0.0201573
124573851,669.01,6.89,1,10.1755,0.006,158.900701,-5.181374,9.845,0.064,72.079,0.059,2460013.734,0.0038883,3.9451359,1.77e-05,2.424,0.389,0.913488,0.056356,841.0,51.9043,2.51666,0.161931,286.87,1146.0,15.0,142.867,0.8505,5581.9,76.0,4.13,0.12,0.99,0.04,-0.006,0.016,0.996,0.127635
147660201,670.01,32.88,0,11.1557,0.006,163.9091,-42.84928,-55.007,0.059,18.019,0.062,2458543.348,0.002717,0.579398,0.000108,1.64214,0.200189,1.438551,0.141322,1324.07712,130.15393,5.759676,9.940321,4535.918085,2093.081072,11.090368,191.494,1.5515,5688.0,188.0,4.48774,0.314376,0.950534,0.137621,,,0.88,0.105132
151825527,672.01,22.85,1,11.6739,0.007,167.990863,-39.328115,85.141,0.046,-74.728,0.038,2458546.48,0.000254145,3.633573539,3.27e-06,1.78090767,0.053174198,9.442953,0.154976,8659.568993,142.72823,5.09241464,0.23408793,33.47428495,613.4759993,51.374588,66.9071,0.15285,3765.0,65.0,4.75169,0.342271,0.544067979,0.016274,,,0.539888,0.0203613
158588995,674.01,24.23,1,11.8764,0.007,164.586559,-36.858109,-163.27,0.057,-3.766,0.068,2459301.778,0.0003876,1.977165842,8.69e-07,1.110415345,0.020793837,15.172616,0.146572,13877.30597,134.98889,5.270600271,0.17071044,40.72276887,644.2865637,127.449066,46.0851,0.1156,3467.0,64.0,4.87946,0.378912,0.421943992,0.0125279,,,0.416017,0.0202508
280206394,677.01,112.5,1,9.271401,0.006,144.119359,-50.463093,-24.817,0.051,42.417,0.05,2460030.705,0.0002656,11.2365977,5.2e-06,2.292,0.071,10.269536,0.168996,9414.0,155.639,13.0203,0.601669,37.6345,690.0,198.0,141.812,0.6195,6446.0,198.0,4.37882,0.315236,1.29,0.06,,,1.18,0.165057
429304876,682.01,13.63,1,9.2231,0.006,167.88543,-22.07278,-91.427,0.055,-53.36,0.051,2460037.26,0.0016046,6.8392388,1.27e-05,4.176,0.77,1.317797,0.045834,1213.0,42.2136,3.74186,0.251835,234.46,1090.0,35.0,83.1548,0.30135,5085.0,76.0,3.92,0.12,1.08,0.07,0.27,0.1,0.85,0.100848
281731203,685.01,75.59,1,9.9623,0.007,163.032312,0.493167,-23.664,0.075,-44.171,0.068,2460268.402,0.0378686,11.6332127,0.0002106,5.081,0.188,3.784952,0.000218,3480.0,0.200411,10.264,0.549285,126.951,935.0,100.0,213.283,1.958,5287.7,128.3,3.88,0.45,1.73,0.09,,,0.96,0.119201
339636032,688.01,11.88,0,8.5885,0.006,110.194274,-55.379531,-40.087,0.044,41.156,0.038,2459986.415,0.0033922,6.8787507,2.23e-05,2.599,0.548,0.389849,0.024619,359.0,22.6747,3.45801,0.216133,266.78,1125.0,24.0,176.054,0.717,6636.0,132.3,3.99,0.09,1.98,0.09,,,1.39,0.234376
445822015,689.01,47.58,0,10.7014,0.006,147.005591,-48.320751,-18.317,0.046,27.152,0.044,2458545.057,0.00336,1.66402,0.00044,3.397,0.124,8.681911,0.522073,7964.45,480.731,7.65443,1.88798,8754.73,2694.0,18.0,108.513,0.329,4841.3,52.9,4.71,0.28,0.78,0.02,,,0.79,0.0900772
156991337,691.01,20.32,0,10.234,0.006,99.953812,-42.045199,-11.214,0.046,18.134,0.045,2458474.395,0.002832915,6.905586187,5.3e-05,3.207350545,0.26897958,1.201305,0.208346,1105.831113,191.87572,4.752734031,1.4784077,232.4514475,995.8703751,10.477873,169.117,0.6915,5846.0,131.4,4.4,0.08,1.079069972,0.053588,,,1.06,0.137834
320417762,692.01,12.26,0,9.0188,0.007,118.004229,10.249288,-5.013,0.137,-4.75,0.073,2458491.741,0.00966,1.03604,0.00068,1.855,0.435,0.271468,0.001496,250.0,1.37812,3.52761,0.390778,21307.5,3365.0,11.0,481.966,19.0405,9622.0,136.9,3.95,0.07,2.74,0.13,,,2.45,0.317648
55383975,694.01,110.17,0,11.2595,0.006,77.383578,-64.026083,6.468,0.044,25.987,0.054,2458366.772,0.00034133,48.05119885,2.01e-05,4.307057406,0.029568134,15.862131,0.077229,14503.36049,71.12794,12.84561173,0.62924635,12.52715922,479.8250298,202.09285,223.882,1.248,5354.96,44.8088,4.45894,0.121106,1.041700006,0.0505779,0.425802,0.0475908,0.93,0.118852
77156829,696.01,0.88,1,10.4276,0.007,68.178987,-39.790874,239.41,0.041,-967.772,0.051,2458411.474,0.000404766,0.860240579,1.02e-05,0.512434462,0.1604382,0.781507,0.070337,719.5357708,64.78025,0.971879488,0.56376266,112.3971391,830.4405814,13.214655,19.8782,0.0094,3450.0,111.0,4.89044,0.492117,0.338189989,0.0104196,,,0.320556,0.0204311
77156829,696.02,1.13,1,10.4276,0.007,68.178987,-39.790874,239.41,0.041,-967.772,0.051,2458411.068,0.000865336,3.694260409,1.08e-05,1.127852114,0.27371076,0.904602,0.070961,832.8225921,65.35565,1.042840696,0.4390688,16.10195034,510.9040793,13.202267,19.8782,0.0094,3450.0,111.0,4.89044,0.492117,0.338189989,0.0104196,,,0.320556,0.0204311
77156829,696.03,0.56,1,10.4276,0.007,68.178987,-39.790874,239.41,0.041,-967.772,0.051,2458414.563,0.001363072,4.965206855,1.88e-05,0.936152358,0.77546746,0.687552,0.119726,633.0580849,110.265656,0.856692464,2.6625428,10.8558882,462.9521337,9.041866,19.8782,0.0094,3450.0,111.0,4.89044,0.492117,0.338189989,0.0104196,,,0.320556,0.0204311
150428135,700.01,7.23,1,10.9102,0.007,97.095717,-65.578615,-102.75,0.051,161.805,0.06,2459303.157,0.001218,16.05110598,9e-06,1.396822858,0.054549325,3.010052,0.080722,2768.521242,74.3447,2.586921166,0.10166379,2.727563139,327.7656616,39.344032,31.1265,0.0206,3482.0,,4.438,,0.419456989,0.0125728,,,0.413261,0.0203393
150428135,700.02,2.33,1,10.9102,0.007,97.095717,-65.578615,-102.75,0.051,161.805,0.06,2458330.486,0.004012649,37.42368383,0.000149455,3.365010125,0.33689576,0.801082,0.06126,737.5519387,56.42106,1.329657113,0.121734485,0.882238586,247.1816698,13.430718,31.1265,0.0206,3482.0,,4.438,,0.419456989,0.0125728,,,0.413261,0.0203393
150428135,700.03,0.85,1,10.9102,0.007,97.095717,-65.578615,-102.75,0.051,161.805,0.06,2458331.35,0.001903424,9.977272963,2.38e-05,2.2583631,0.40294933,0.499393,0.038273,459.8525479,35.250004,0.961728828,0.39835432,5.141607931,384.055942,13.609558,31.1265,0.0206,3482.0,,4.438,,0.419456989,0.0125728,,,0.413261,0.0203393
150428135,700.04,0.81,1,10.9102,0.007,97.095717,-65.578615,-102.75,0.051,161.805,0.06,2458353.0,0.005665797,27.80968976,0.000154136,2.955882341,0.68581676,0.441793,0.05765,406.8232517,53.0958,0.949185781,0.31348795,1.310750112,272.8976058,7.2197175,31.1265,0.0206,3482.0,,4.438,,0.419456989,0.0125728,,,0.413261,0.0203393
219239945,701.01,13.88,0,10.966,0.006,64.52165,-53.80127,42.013,0.034,36.099,0.04,2458389.367,0.005664,13.697384,0.002108,4.783848,0.424539,1.153606,0.092672,1061.94658,85.35073,4.211945,0.685604,96.89380342,800.1911623,12.751473,217.621,0.8895,5837.0,190.0,4.37713,0.321497,1.10089,0.16444,,,1.03,0.130284
260004324,704.01,1.43,1,10.1428,0.007,91.089986,-55.311538,681.726,0.05,342.132,0.059,2458327.417,0.000589863,3.814300897,4.73e-06,1.379395209,0.21216735,0.497154,0.023883,457.7909152,21.996891,1.114716288,0.59506947,26.37118831,577.9658451,25.53161,29.8424,0.0239,3625.0,69.0,4.7833,0.060185,0.504068017,0.0149315,,,0.502062,0.0202567
391821647,708.01,4.2,0,10.8623,0.006,82.764859,-70.357179,6.515,0.046,23.14,0.053,2458325.574,0.004267,1.996071,0.000106,5.910879,0.409116,0.383079,0.039293,352.76672,36.18996,1.947951,0.430095,1372.564389,1552.397488,9.086427,214.756,1.1995,6636.0,200.0,4.60452,0.386891,0.975121,0.154384,,,1.52,0.269856
150151262,712.01,5.7,1,9.9059,0.006,92.936106,-65.825839,-2.929,0.047,31.003,0.045,2460139.317,0.0011927,9.531366,1.21e-05,1.673,0.388,0.99499,0.049927,916.0,45.983,2.24794,0.243983,19.4095,584.0,27.0,58.6212,0.0796,4504.0,168.0,4.58833,0.2,0.72,0.08,,,0.71,0.0851576
150151262,712.02,6.62,1,9.9059,0.006,92.936106,-65.825839,-2.929,0.047,31.003,0.045,2460083.781,0.0025975,51.6991421,0.0001292,4.371,0.822,1.454775,0.045005,1339.0,41.4499,2.45531,0.262497,2.70562,357.0,30.0,58.6212,0.0796,4504.0,168.0,4.58833,0.2,0.72,0.08,,,0.71,0.0851576
150151262,712.03,8.22,0,9.9059,0.006,92.936106,-65.825839,-2.929,0.047,31.003,0.045,2458417.121,0.005172,53.746482,0.005896,5.592988,0.414857,1.692398,0.185225,1557.541816,170.5844,3.263156,1.020019,3.3582641,345.2617451,8.504271,58.6212,0.0796,4504.0,168.0,4.58833,0.2,0.842645,0.128211,,,0.71,0.0851576
150151262,712.04,4.83,1,9.9059,0.006,92.936106,-65.825839,-2.929,0.047,31.003,0.045,2460082.804,0.003952,84.83869,0.0003679,5.194,0.732,1.108016,0.052531,1020.0,48.3813,2.03857,0.226089,1.21501,292.0,19.0,58.6212,0.0796,4504.0,168.0,4.58833,0.2,0.72,0.08,,,0.71,0.0851576
271971130,715.01,3.18,1,13.5308,0.007,113.852328,-73.577409,82.634,0.078,9.987,0.098,2458327.551,0.00173638,19.28797174,5.55e-05,2.092318529,0.25845242,5.004253,0.293641,4598.481626,270.41656,1.594664307,0.25002378,0.721286413,235.0426567,16.709684,42.4048,0.08555,3075.0,,4.438,,0.229824007,0.0068728,,,0.199363,0.0200854
119081096,716.01,8.74,0,12.4268,0.007,136.238912,-18.502674,94.649,0.045,-39.417,0.059,2458518.11,0.00404,0.83707,0.00029,2.497,0.567,2.984988,0.01766,2745.5,16.2657,2.98849,0.323354,2645.93,1998.0,17.0,88.8248,0.3145,3776.0,152.8,4.72,0.33,0.52,0.04,,,0.501502,0.0203183
275248683,717.01,2.58,0,11.4407,0.007,147.970536,2.116647,-26.092,0.176,62.064,0.26,2458518.266,0.00283,0.53079,0.00012,1.238,0.234,1.209173,0.003164,1113.07,2.91444,,,977.343,1557.0,16.0,34.7229,0.0951,3788.4,244.9,4.87,0.38,,,,,0.377486,0.0202404
150247134,718.01,52.89,0,11.4845,0.006,94.167445,-62.648403,-3.58,0.049,34.785,0.057,2459144.828,0.0415971,12.8650769,0.0009118,3.979,0.913,1.16236,0.004771,1070.0,4.39433,1.90058,1.9097,40.6428,703.0,9.0,726.88,13.106,5031.0,122.0,,,0.81,0.81,,,,
184952758,719.01,3.95,0,9.0349,0.006,128.144178,-36.346818,57.83,0.043,-24.55,0.045,2460007.695,0.0031751,4.109953,1.61e-05,4.641,0.882,0.471312,0.02417,434.0,22.2615,1.81345,0.114574,1091.8,1601.0,22.0,84.7306,0.2111,5653.0,122.3,4.46,0.08,0.97,0.05,,,1.0,0.126454
131419878,720.01,6.58,0,8.8154,0.006,118.037196,-37.799016,-12.175,0.112,8.992,0.11,2458494.089,0.00651,3.16043,0.00071,1.922,0.489,0.220785,0.00157,203.33,1.44642,2.38866,0.252569,616.95,1388.0,9.0,151.634,1.4935,6482.3,205.2,4.21,0.35,1.52,0.1,,,1.41,0.237257
410245915,725.01,42.21,0,10.2658,0.006,133.964876,-20.274779,-1.1,2.7,-5.3,2.9,2459986.361,0.00156,0.9889446,1.7e-06,1.681,0.297,1.063456,1.00142,979.0,921.917,7.2993,,33896.0,,26.0,272.834,,6173.3,152.9,4.22,2.0,1.5,,,,,
174143743,726.01,4.27,0,10.1007,0.006,113.88333,-36.386962,6.948,0.045,39.068,0.052,2458492.313,0.00572,0.46132,9e-05,1.32,0.28,0.238888,0.001115,220.0,1.02671,1.89253,0.156017,13156.0,2983.0,10.0,206.755,1.309,6629.0,128.8,4.41,0.08,1.21,0.05,,,1.39,0.227374
96097215,728.01,19.05,0,10.5656,0.008,146.891712,-7.33087,-20.668,0.078,-11.696,0.066,2458518.941,0.0023,1.60245,0.00025,0.312,0.195,0.966735,0.191546,890.0,176.405,4.69411,1.48288,55.2437,759.0,9.0,172.097,1.3785,5648.0,215.8,,,0.98,0.08,,,1.029,
11561667,730.01,125.99,1,14.9181,0.008,149.823667,-27.392817,-24.635,0.104,-8.286,0.098,2458543.869,0.000749583,3.087629733,4.04e-06,2.238624611,0.115302674,44.787769,1.481479,40411.81425,1363.5623,13.90112935,0.60331833,95.85718118,798.0423026,29.327133,436.176,10.655,4105.0,171.0,4.438,,0.693859994,,,,0.64,
34068865,731.01,7.52,1,8.031941,0.007,146.121464,-45.779016,-462.549,0.056,-582.814,0.058,2460013.713,0.0006209,0.3219233,4e-07,0.199,0.086,0.221513,2.093318,204.0,1926.16,2.66076,0.921089,469.443,1296.0,17.0,9.41263,0.002835,3518.0,84.0,4.82492,0.061282,0.46,0.01,,,0.454797,0.0202618
36724087,732.01,1.56,1,10.5848,0.007,154.644903,-11.717801,-341.409,0.114,-247.87,0.105,2459988.468,0.001048755,0.768390381,9.6e-06,1.024124154,0.45347685,0.981942,0.100955,903.9933214,92.97864,1.140644696,1.5143634,112.6409067,830.8904817,12.229575,21.9814,0.04025,3329.0,72.0,4.94957,0.423263,0.374139011,0.0111845,,,0.362023,0.0202675
36724087,732.02,5.9,1,10.5848,0.007,154.644903,-11.717801,-341.409,0.114,-247.87,0.105,2459992.613,0.001068004,12.25343082,0.001566725,1.369949038,0.13741581,4.05697,0.356683,3729.634709,328.46353,2.29679437,0.39371803,2.806263361,330.1048127,10.1567335,21.9814,0.04025,3329.0,72.0,4.94957,0.423263,0.374139011,0.0111845,,,0.362023,0.0202675
106402532,733.01,4.44,1,8.8411,0.006,159.409318,-40.888259,27.543,0.04,19.347,0.042,2460030.757,0.0026729,4.8847937,1.43e-05,2.51,0.473,0.519106,0.032425,478.0,29.8637,1.94753,0.125355,223.094,1076.0,17.0,75.2092,0.176,5969.0,192.0,4.5172,0.279076,0.94,0.05,,,1.01,0.131692
146846569,734.01,100.72,0,15.173,0.008,160.889636,-44.621815,-287.11,2.0,132.7,2.0,2458545.448,0.000226471,4.753538756,2.17e-06,1.090596457,0.036170825,277.857415,21.310449,225793.1061,19436.281,12.18634964,55.087612,2.60862885,324.1326821,38.594772,,,3010.0,97.0,5.10976,0.525773,0.201279998,0.00623173,,,0.170263,0.020122
150271680,735.01,9.42,0,9.5215,0.006,94.754704,-63.864708,31.763,0.215,-44.282,0.225,2458543.967,0.00332,2.593694,0.00059,3.054429,0.651651,0.5721,0.051636,526.784827,47.557205,2.980736,2.776967,4.324175487,367.7863249,11.244808,121.755,1.467,5316.6,64.0,3.88,0.1,1.28725,0.137373,-0.82,0.08,0.92,0.115036
181804752,736.01,9.22,1,13.5571,0.008,165.690484,-16.406444,-221.078,0.219,-58.999,0.138,2458546.508,0.000663809,4.989917579,5.6e-06,1.381965375,0.09407357,20.751572,1.378163,18931.41058,1268.5297,2.985843595,1.2432178,2.24107924,312.0570889,26.609259,26.4927,0.0639,2940.0,67.0,5.14315,0.410207,0.171430007,0.00518929,,,0.14169,0.0200509
181804752,736.02,1.83,1,13.5571,0.008,165.690484,-16.406444,-221.078,0.219,-58.999,0.138,2458543.558,0.000697671,0.947994544,1.39e-05,0.564662978,0.2614891,4.570272,0.615776,4200.52889,566.98956,1.192639209,0.47840133,20.51983788,542.829237,10.809539,26.4927,0.0639,2940.0,67.0,5.14315,0.410207,0.171430007,0.00518929,,,0.14169,0.0200509
219189765,737.01,98.54,1,14.7599,0.008,171.014792,-19.556959,-38.857,0.118,39.679,0.077,2458544.431,0.000337243,1.73185294,1.84e-06,1.691963899,0.05425991,40.212311,0.904414,36359.43017,832.64935,12.02994928,0.48911378,86.6365464,778.1172307,44.193367,299.389,7.0265,3394.0,102.0,4.9186,0.487781,0.615218997,0.020916,,,0.600332,0.021826
359271092,741.01,0.57,1,7.66874,0.007,140.399376,-60.281169,-840.114,0.056,182.09,0.062,2460006.414,0.0048554,7.5768334,3.52e-05,2.073,0.83,0.313823,0.034909,289.0,32.1517,0.867887,0.066986,26.1371,629.0,12.0,10.454,0.00315,3766.0,95.0,4.75957,0.060823,0.53,0.02,,,0.522473,0.0202738
373424049,742.01,9.0,0,8.6333,0.006,140.056794,-53.119685,2.654,0.063,-0.909,0.062,2458543.475,0.00283,0.963081,0.000194,2.378514,0.265809,0.265236,0.019935,244.261214,18.360544,2.727644,0.596427,23744.77394,3166.006188,13.63825,227.265,1.844,8688.0,230.0,4.32187,0.344824,1.68698,0.245108,,,2.12,0.313598
437242640,744.01,118.08,1,9.7566,0.006,165.399368,-23.860946,-43.9,0.069,-65.794,0.069,2460031.706,0.0002086,4.3176859,1.1e-06,1.822,0.154,12.319996,0.321276,11283.0,295.862,13.3926,0.793785,229.962,1084.0,136.0,132.096,0.8515,5700.0,,4.50578,,1.11,0.06,0.04,0.1,1.014,0.12983
14661418,751.01,99.38,1,12.4806,0.006,174.009869,-29.543364,24.921,0.042,-9.907,0.032,2458570.991,0.000239949,4.722815957,1.72e-06,2.189417397,0.040665444,24.902903,0.283723,22675.38127,261.28473,12.0898005,0.9075707,111.2989557,828.4046383,119.71721,229.518,1.601,4803.0,,4.64154,,0.793235004,0.0582462,0.024189,0.0782272,0.757,0.0889309
61538902,752.01,114.53,1,11.3743,0.006,176.299052,-42.063958,11.67,0.048,-1.593,0.037,2458573.687,0.000228427,5.748132293,1.71e-06,2.660048297,0.027674228,13.392789,0.102887,12259.44733,94.757744,13.14269004,0.6288164,345.7200926,1099.767559,137.21872,301.462,3.3435,5900.0,,4.52994,,1.127830029,0.0532764,,,1.1,0.145172
73228647,755.01,5.26,1,9.4628,0.006,190.036564,-44.312078,-3.723,0.097,-13.684,0.123,2460066.437,0.002085,2.5404679,8.1e-06,2.154,0.326,0.621219,0.030886,572.0,28.4465,2.15331,0.134377,622.47,1391.0,16.0,106.307,0.7195,6003.0,192.0,4.47356,0.276774,0.99,0.05,,,1.03,0.135847
73228647,755.02,5.13,1,9.4628,0.006,190.036564,-44.312078,-3.723,0.097,-13.684,0.123,2458576.159,0.001891036,6.741879563,1.92e-05,1.37108568,0.6001972,0.48928,0.088481,450.5420649,81.49111,2.113848168,4.644325,193.8322952,951.6478794,8.289674,106.307,0.7195,6003.0,192.0,4.47356,0.276774,0.986648977,0.0502011,,,1.03,0.135847
130924120,757.01,5.45,1,9.0498,0.006,187.994843,-35.554452,47.935,0.073,107.175,0.103,2460039.193,0.0039903,17.4682298,6.97e-05,3.491,0.414,1.005858,0.051044,926.0,47.0122,2.17884,0.139569,24.3644,618.0,18.0,60.3418,0.201,5499.0,186.0,4.39962,2.00408,0.76,0.04,,,0.92,0.11236
178709444,762.01,49.53,1,13.6615,0.007,166.074742,-47.821496,-159.157,0.07,-24.515,0.067,2459329.506,0.0008324,3.471680802,3.29e-06,1.381697773,0.044831026,33.770063,0.877706,30624.64346,808.0704,8.027234045,0.29949307,17.00121702,517.8926558,40.89199,98.4458,0.4309,3399.0,102.0,4.91468,0.484981,0.426784992,0.0130268,,,0.421357,0.020525
178819686,763.01,6.41,1,9.5275,0.006,194.468098,-39.758061,-76.902,0.073,-84.817,0.055,2460046.424,0.002316101,5.605774799,1.14e-05,3.021389697,0.46949676,0.761572,0.048465,701.1882316,44.637024,2.409708803,1.5932673,182.934999,937.9808032,18.749166,95.1274,0.45155,5767.0,189.0,4.34736,2.00358,0.906760991,0.0467135,,,0.97,0.114611
178819686,763.02,8.59,1,9.5275,0.006,194.468098,-39.758061,-76.902,0.073,-84.817,0.055,2460046.212,0.002995296,12.27724442,3.09e-05,3.839888859,0.28587875,0.944418,0.048316,869.4629182,44.49966,2.863508512,0.41841304,64.31956946,722.2799042,15.86392,95.1274,0.45155,5767.0,189.0,4.34736,2.00358,0.906760991,0.0467135,,,0.97,0.114611
219401954,765.01,6.93,0,9.647,0.006,78.165188,-53.743438,17.488,0.046,32.329,0.057,2458570.226,0.002456,0.861484,0.000147,1.293669,0.397879,0.311334,0.041585,286.708078,38.300644,2.512038,4.220942,10152.61494,2560.143025,8.275544,168.781,0.7225,5724.7,57.0,3.82,0.08,1.45505,0.165864,-0.24,0.09,1.02,0.129493
219698950,766.01,105.75,1,11.5122,0.008,175.52524,-23.354845,-20.357,0.064,-0.924,0.046,2458570.565,0.000157954,3.446452913,1.57e-06,2.462599045,0.018664438,17.86627,0.106293,16320.79117,97.89503,12.53990524,0.614805,489.9461001,1199.932526,205.23804,283.971,3.73,5870.0,,4.4,,0.913091004,0.0445528,0.1,0.12,1.18,0.158994
229047362,767.01,116.81,1,11.2175,0.006,195.359758,-27.522227,-29.268,0.061,-6.293,0.047,2458572.991,0.000252,3.764873,6.9e-05,2.759996,0.022034,24.438343,0.146737,22257.11845,135.14021,13.95182,0.090622,357.0122872,1108.639991,155.86082,211.416,1.4575,5703.0,,4.51085,,0.92,,0.06,0.03,1.025,0.123143
248075138,769.01,81.22,1,11.3728,0.006,192.981203,-42.073617,-49.781,0.061,4.865,0.064,2459332.03,0.0002793,4.9816784,3e-06,2.733,0.053,19.842907,0.001648,18110.0,1.51789,10.7801,0.64077,137.118,953.0,137.0,177.291,1.3105,5315.0,,4.51737,,0.79,0.05,0.29,0.05,0.92,0.114537
277634430,771.01,2.53,1,12.0874,0.007,164.11389,-72.985174,39.475,0.081,-76.411,0.06,2459335.352,0.00195981,2.326007735,4.86e-06,0.996086784,0.18412185,3.566838,0.175367,3279.789132,161.50557,1.396086874,0.44174787,14.89660019,501.0620836,22.615362,25.2788,0.0257,3231.0,,4.438,,0.241857007,0.00727155,,,0.2121,0.0201145
286865921,773.01,101.4,1,11.5037,0.006,190.151956,-19.284353,-23.173,0.08,-12.865,0.061,2459329.25,0.0004408,4.971298,4.6e-06,3.283,0.088,13.250508,0.001451,12130.0,1.33654,12.1956,0.676242,238.875,1095.0,107.0,271.103,3.667,5510.0,,4.44137,,1.09,0.06,,,0.963,0.124322
306996324,776.01,5.07,1,9.73597,0.007,178.577997,-37.553357,251.112,0.051,-145.059,0.034,2458572.6,0.001757269,15.66533219,3.84e-05,2.993779891,0.23513722,1.431567,0.081652,1317.653048,75.2017,2.099994225,0.20089346,5.09962093,383.2694675,17.159199,27.1701,0.03205,3806.0,66.0,4.73575,0.338566,0.533024013,0.0157771,,,0.52973,0.0202495
306996324,776.02,3.79,1,9.73597,0.007,178.577997,-37.553357,251.112,0.051,-145.059,0.034,2458571.416,0.001230322,8.24661327,1.46e-05,2.412090944,0.4117858,1.163671,0.065303,1071.206785,60.144234,1.768731463,0.8504002,11.99747541,474.6704725,18.458174,27.1701,0.03205,3806.0,66.0,4.73575,0.338566,0.533024013,0.0157771,,,0.52973,0.0202495
398943781,780.01,123.82,1,10.7875,0.006,190.618803,-30.639818,14.9,0.076,11.889,0.054,2459329.902,0.0001207,3.0524018,8e-07,2.483,0.023,24.452648,0.00019,22270.0,0.175155,13.7594,0.652368,344.149,1199.0,323.0,163.371,1.0595,5545.0,,4.52787,,0.88,0.04,0.06,0.02,0.976,0.123773
413376180,781.01,115.74,1,12.7492,0.006,176.738826,-22.56301,-46.424,0.047,-1.172,0.024,2458570.773,0.000139067,1.354134174,6.33e-07,2.081288319,0.024537409,21.97863,0.174553,20039.55067,160.75624,13.22366376,0.851882,950.0562665,1415.979876,162.17717,341.925,3.636,5227.0,,4.47443,,0.93147099,0.0590452,,,0.825,0.0938295
429358906,782.01,7.25,1,12.2875,0.007,183.920361,-18.910338,-163.72,0.151,-36.819,0.096,2458577.042,0.001404522,8.023981147,1.69e-05,1.70827306,0.37981406,4.362618,0.318608,4010.05776,293.40546,2.592665251,0.915131,5.390167468,388.6156751,14.5085945,52.5122,0.2036,3331.0,63.0,4.94964,0.399131,0.406515986,0.0122887,,,0.398817,0.0204054
460984940,784.01,4.03,1,8.7537,0.006,159.341221,-63.655692,3.567,0.047,-154.911,0.046,2460038.666,0.0019217,2.7970316,6.4e-06,2.185,0.322,0.522365,0.023037,481.0,21.2174,1.84303,0.116988,413.894,1256.0,22.0,64.5997,0.1102,5849.0,190.0,4.5297,0.261519,0.9,0.05,,,0.96,0.122658
294780517,792.01,12.67,0,11.7345,0.006,71.245764,-67.98105,-7.454,0.045,19.694,0.051,2458416.496,0.002336975,15.64770554,0.000247939,1.336066979,0.5425854,1.646321,0.170897,1515.168947,157.38956,3.219327559,4.9658775,30.63688635,600.0409721,10.254003,215.208,1.127,5107.98,125.0,4.5443,0.2,0.835807,0.204047,0.349553,0.1,0.86,0.0983604
300013921,793.01,15.38,0,10.8578,0.006,107.133952,-68.368778,-0.395,0.04,25.382,0.043,2459236.957,0.0013824,54.6616036,0.0001672,2.388,0.143,2.195405,0.001169,2020.0,1.0763,4.04767,0.238537,1.20276,291.0,22.0,144.067,0.3935,5379.0,185.0,4.50461,0.302612,0.8,0.04,,,0.95,0.124974
277099925,796.01,9.48,0,10.721,0.6,83.986551,-67.459594,1.43,0.055,0.65,0.057,2458325.967,0.000532031,0.808630838,4.25e-06,3.019028245,0.1449003,0.96643,0.054029,889.7191222,49.761765,3.035296436,0.41319102,3462.2277,1956.404514,19.006979,9590.75,1415.39,5780.0,,4.438,,1.0,,,,,
143526444,803.01,77.01,0,9.3309,0.007,125.645029,-19.254613,-7.548,0.047,5.082,0.047,2459974.318,0.0112209,15.3050693,0.0001821,3.872,2.27,0.836339,0.235052,770.0,216.467,10.4166,,340.827,1197.0,14.0,403.772,5.3305,5370.0,184.0,3.32339,0.486817,4.16,,-0.218126,0.040295,,
55525572,813.01,41.34,1,9.8467,0.006,72.69401,-60.905461,-3.733,0.047,-2.789,0.054,2459125.847,0.0113373,83.89624341,0.000221989,13.03308461,0.22037427,1.322877,0.037303,1217.672324,34.356415,7.216883182,0.47846976,29.58327479,594.8141775,28.517313,263.145,1.569,5823.7,76.0,3.77,0.12,2.043540001,0.0984121,-0.03,0.1,1.05,0.130094
255760319,814.01,12.46,0,8.9944,0.006,99.714619,-53.107598,5.4,0.048,-17.345,0.053,2458359.734,0.00711,7.21048,0.00045,2.671,0.341,0.27157,0.000699,250.094,0.643423,3.7188,0.212937,124.246,930.0,14.0,196.472,1.0895,5920.4,78.3,3.91,0.33,2.14,0.06,,,1.16,0.166166
102840239,815.01,7.39,1,9.36,0.006,155.871938,-43.834925,8.928,0.047,7.102,0.05,2460026.624,0.0016396,11.1972769,2.56e-05,3.061,0.434,1.413462,0.058404,1301.0,53.7906,2.62397,0.163711,33.9923,672.0,26.0,59.7117,0.1293,4953.9,107.6,4.59,0.08,0.76,0.04,0.0371026,0.039434,0.82,0.0943077
102840239,815.02,5.41,1,9.36,0.006,155.871938,-43.834925,8.928,0.047,7.102,0.05,2460023.13,0.0043632,734.4987702,8.04e-05,2.529,0.588,1.090627,0.078859,1004.0,72.6296,2.1838,0.168773,9.04438,483.0,12.0,59.7117,0.1293,4953.9,107.6,4.59,0.08,0.76,0.04,0.0371026,0.039434,0.82,0.0943077
175180796,816.01,13.73,0,11.143,0.006,116.010481,-36.996503,7.426,0.041,-95.61,0.048,2458493.443,0.00335,1.55747,0.00022,2.714,0.128,3.40144,0.280865,3127.94,258.653,3.80336,1.12504,5034.13,2346.0,29.0,74.5217,0.15655,4146.6,148.6,4.6,0.12,0.62,0.04,-0.14,0.08,0.65,0.0790193
30312676,817.01,43.82,0,11.3029,0.006,74.286788,-66.390334,1.858,0.053,-0.031,0.045,2459126.769,0.00227,1.10223,,2.598,0.365,1.102582,0.152557,1015.0,140.5,7.469402719,4.917793,199185.0,5885.0,7.0,7294.41,1017.21,8747.0,230.0,4.08022,1.32314,2.23767,1.46589,,,,
46096489,818.01,117.81,1,10.6481,0.006,214.683011,-20.275437,-0.04,0.082,17.257,0.061,2458598.073,0.00045,3.118536,8.4e-05,2.043274,0.024721,13.374414,0.152551,12242.73132,140.4948,11.857124,0.105384,481.9169727,1194.985966,103.52802,194.134,1.9255,5700.0,,4.49158,,0.95,,0.127692,0.0196116,1.02,0.124764
73717937,819.01,68.16,1,11.7528,0.006,192.189568,-47.613679,-32.058,0.09,2.831,0.107,2459301.041,0.0024036,16.2546802,7.18e-05,4.74,0.26,5.38774,0.002065,4950.0,1.90176,9.68176,0.544216,63.815,787.0,25.0,400.331,9.984,5846.0,,4.41665,,1.32,0.07,,,1.05,0.131523
125405602,821.01,7.47,0,11.1825,0.007,209.615851,-23.277572,242.852,0.08,-252.531,0.072,2458606.785,0.002901,13.823303,0.004073,1.365217,0.266457,2.779274,0.430504,2556.532346,396.43063,2.806009,0.578105,4.547005317,372.4355382,7.192833,39.5907,0.0991,3669.0,72.0,4.78896,0.361894,0.477,0.074,,,0.444969,0.0203638
127530399,822.01,77.93,1,11.1116,0.006,217.6092,-46.159516,12.561,0.074,-73.208,0.066,2458602.856,0.000233892,7.133514861,2.11e-06,3.13762649,0.030195158,19.762776,0.128257,18037.53002,118.12178,10.47865795,0.7627535,64.45936094,722.6720336,160.54788,122.91,0.565,4775.0,,4.60305,,0.789876997,0.0568267,,,0.76,0.0892047
127530399,822.02,6.06,1,11.1116,0.006,217.6092,-46.159516,12.561,0.074,-73.208,0.066,2458597.576,0.001535351,1.011533589,9.76e-06,1.620145279,0.25378376,0.695842,0.080192,640.6892788,73.85662,2.333203267,0.4378438,871.7333843,1385.848222,8.900014,122.91,0.565,4775.0,,4.60305,,0.789876997,0.0568267,,,0.76,0.0892047
193641523,824.01,9.05,1,10.0732,0.006,222.16547,-57.588867,-51.604,0.068,-152.392,0.079,2458597.813,0.000341837,1.392972127,2.85e-06,1.079951716,0.12347158,1.712554,0.057046,1576.077612,52.540215,2.953905674,1.0760398,411.5001611,1148.714894,34.290123,63.9262,0.14315,4452.0,174.0,4.49909,0.3415,0.729635,0.0566885,,,0.7,0.0881697
220029715,825.01,25.42,1,12.4284,0.006,208.856746,-21.207859,-43.125,0.044,-36.694,0.04,2458598.749,0.000718326,3.185318599,4.35e-06,2.239699793,0.21417066,5.352102,0.181621,4917.337891,167.26488,5.422034963,1.100917,211.6178316,972.7647273,27.773184,240.707,1.6385,4944.0,180.0,4.50243,2.00346,0.781958997,0.0462186,0.255864,0.0788158,0.819,0.0985067
243200602,826.01,84.85,1,10.491,0.006,203.106019,-42.475273,6.111,0.078,-1.238,0.082,2460063.008,0.000515,11.5509742,7.8e-06,3.571,0.061,11.835831,0.216714,10842.0,199.581,11.0252,0.604944,56.355,763.0,120.0,172.256,1.379,5625.0,,4.49092,,1.06,0.06,,,0.99,0.124152
350332997,832.01,82.55,0,11.7611,0.006,84.081627,-54.191199,13.661,0.039,1.427,0.045,2459357.08,0.0005017,1.9160221,1.4e-06,1.405,0.045,2.64155,0.00065,2430.0,0.59901,10.8261,0.59309,339.505,1195.0,58.0,586.704,7.0895,5623.0,187.0,4.37483,2.0039,2.09,0.11,,,0.97,0.121111
362249359,833.01,2.51,1,10.1461,0.007,145.645472,-62.475886,-157.239,0.045,79.715,0.044,2458544.12,0.000687646,1.041889003,5.55e-06,1.273766726,0.24143624,0.505403,0.033954,465.3854112,31.272263,1.389030992,0.70231384,270.068174,1033.922774,16.191872,41.7148,0.0418,3965.0,72.0,4.68337,0.067569,0.603335977,0.0177147,,,0.590802,0.0201601
440887364,836.01,7.5,1,8.6486,0.006,225.079883,-24.454202,-199.576,0.076,-27.911,0.07,2459356.164,0.0014976,8.5954792,3.05e-05,2.47,0.421,1.238445,0.001306,1140.0,1.20287,2.64032,0.246702,40.8229,704.0,21.0,27.5024,0.02935,4476.0,175.0,4.58156,0.337936,0.69,0.06,,,0.66,0.077312
440887364,836.02,3.52,1,8.6486,0.006,225.079883,-24.454202,-199.576,0.076,-27.911,0.07,2459355.705,0.0016091,3.8167262,1.33e-05,1.602,0.128,0.62991,0.000532,580.0,0.490274,1.69257,0.158074,40.9119,763.9863872,17.0,27.5024,0.02935,4476.0,175.0,4.58156,0.337936,0.69,0.06,,,0.66,0.077312
460205581,837.01,39.06,1,9.9322,0.006,157.037281,-64.505211,-18.017,0.039,11.307,0.037,2460022.807,0.0007052,8.3249172,6.4e-06,1.406,0.363,4.935012,0.264788,4535.0,243.849,7.0011,0.372404,40.8042,704.0,41.0,142.488,0.4595,6513.0,199.0,4.53694,0.338064,1.01,0.04,,,1.15,0.157036
287563610,840.01,55.46,1,13.0546,0.006,198.132842,-45.590574,-13.42,0.054,-1.788,0.052,2459328.56,0.002208,3.7993182,1.6e-05,2.302,0.188,8.272171,0.007752,7590.0,7.13973,8.54839,,225.371,1079.0,17.0,488.176,10.773,5318.0,184.0,4.43686,2.00392,0.97,,,,0.98,
380886535,844.01,40.76,0,11.7952,0.008,19.461136,0.346971,-6.903,0.077,-33.44,0.059,2459451.724,0.003435259,8.906625088,0.001036049,1.961833765,0.5932804,2.368219,0.275614,2178.833634,253.81749,7.157410792,4.4914646,325.1651305,1083.043104,7.5065594,472.297,10.8055,5829.6,138.8,4.1,0.08,1.515949965,0.0906633,-0.053,0.074,1.05,0.130085
229141709,846.01,109.12,0,11.766,0.006,26.376875,-51.296821,25.698,0.036,11.896,0.032,2458363.763,0.00238,14.20489,0.00151,4.924,0.446,9.554672,0.11839,8761.57,109.035,12.4595,1.396,386.596,1235.0,45.0,446.815,4.514,6316.3,32.9,4.3,2.0,1.21,0.01,,,1.22,0.18146
33595516,849.01,12.39,1,11.5485,0.006,28.715796,-29.421709,73.315,0.056,20.664,0.042,2458384.02,0.00218,0.76566,0.00015,1.452,0.21,1.531968,0.001865,1410.0,1.71758,3.54139,0.245668,2314.06,1932.0,17.0,225.734,1.558,5311.0,132.3,4.47,0.08,0.92,0.05,,,0.914,0.108529
198008005,858.01,124.62,1,10.6444,0.006,60.199826,-54.592918,10.997,0.047,-10.99,0.044,2459088.312,0.000361378,3.279728177,2.55e-05,3.518700858,0.028268568,12.062168,0.09684,11048.18261,89.188705,13.81175813,0.6877438,913.776443,1402.263853,102.837204,250.489,1.509,5857.0,135.1,4.24,0.08,1.297469974,0.0636332,,,1.06,0.128916
271596418,868.01,4.13,0,10.7109,0.006,108.568016,-74.970528,3.562,0.032,59.957,0.04,2458325.749,0.00151,0.556109,1.7e-05,1.096708,0.221493,0.187697,0.025124,172.860189,23.13988,1.609049,2.070679,8967.452529,2481.915671,7.987135,230.697,1.043,5670.45,40.2845,4.16644,0.110912,1.18329,0.158197,-0.0318574,0.0457846,1.01,0.126285
200807066,869.01,4.88,0,8.9043,0.006,53.178982,-51.788532,103.407,0.048,111.455,0.056,2458404.073,0.004934569,26.25882394,0.000277776,4.427947737,0.70264274,0.272565,0.038056,251.0105068,35.050304,2.053330499,1.3756185,54.41421754,692.7042412,7.737952,110.247,0.3125,5908.0,191.0,4.28153,0.29009,1.248409986,0.0595477,,,1.07,0.138607
219344917,871.01,3.49,1,9.7607,0.006,74.737626,-50.627415,-79.355,0.049,-121.707,0.055,2458417.051,0.00207126,14.36273803,6.84e-05,3.204379782,0.40776542,0.588604,0.044348,541.9770506,40.845634,1.686631414,1.3281828,24.13634048,565.3112203,12.021679,68.0473,0.10365,4939.0,180.0,4.58489,0.308587,0.732189,0.0451432,,,0.81,0.0974807
219380235,878.01,22.39,0,10.8239,0.006,76.761786,-51.766957,24.993,0.053,25.261,0.064,2459196.628,0.0115033,3.9773904,7.18e-05,2.82,1.089,1.231923,0.014729,1134.0,13.5662,5.03874,0.765135,460.733,1290.0,14.0,334.457,3.86,5518.3,121.1,3.93,0.08,1.77,0.09,0.34,0.1,0.97,0.125392
34077285,880.02,8.16,1,9.2563,0.006,94.164473,-13.987337,0.962,0.056,23.237,0.056,2459202.295,0.002981834,2.573594282,0.000547872,2.4810064,0.1769986,0.803308,0.056434,739.6008283,51.97616,2.777922854,0.22940397,301.8661097,1063.098093,12.548503,60.6679,0.11205,4935.0,122.3,4.52,0.09,0.816999,0.0517714,,,0.81,0.0991949
92013169,882.01,50.31,0,9.73965,0.006,89.16524,14.785575,5.202,0.105,-11.742,0.083,2460282.513,0.0014526,2.3552639,3.9e-06,1.033,0.187,0.990643,0.07351,912.0,67.7026,8.10129,0.469696,698.522,1432.0,23.0,387.97,9.4935,7069.0,174.9,3.88,0.09,2.37,0.11,,,1.565,0.280089
438295981,888.01,28.62,0,9.52621,0.006,96.666044,13.29938,-2.47,0.077,-14.371,0.065,2458472.158,0.00314,3.96643,0.00167,2.025,0.28,0.899765,0.002003,828.371,1.84461,5.99981,0.331791,376.453,1227.0,17.0,263.022,3.008,6565.2,95.4,4.09,0.37,1.9,0.05,,,1.471,0.255432
284288080,889.01,29.39,0,10.8457,0.006,106.649775,-53.546434,-3.782,0.056,-3.748,0.05,2458469.907,0.00309,1.83485,0.00022,2.673,0.597,1.303666,0.002211,1200.0,2.03671,5.90327,0.371084,3996.1,2215.0,27.0,388.477,4.375,6466.0,129.5,4.11,0.09,1.68,0.07,,,1.32,0.209578
33690636,891.01,7.73,0,11.0427,0.006,93.122299,-16.792043,-11.768,0.053,-25.565,0.06,2458468.955,0.00672,4.99915,0.00244,5.256,0.449,0.743192,0.002005,684.271,1.84694,2.28122,0.193112,386.241,1235.0,10.0,123.997,0.453,4696.0,155.9,,,0.79,0.05,,,0.699,0.0849539
66561343,892.01,99.21,1,10.9739,0.03,86.738228,-11.23534,-0.143,0.086,5.967,0.096,2459219.552,0.0007998,10.6265837,1.66e-05,5.415,0.119,8.20653,0.000696,7530.0,0.641108,12.0335,0.407719,571.007,1361.0,79.0,340.543,4.827,7723.0,270.7,4.43,0.08,1.35,0.04,,,1.82,0.307281
250484865,895.01,2.88,0,8.7973,0.006,94.205654,-2.92914,23.14,0.068,-61.444,0.066,2458468.758,0.00645,0.76189,0.00043,1.904,0.272,0.206309,0.000685,190.0,0.630631,1.50503,0.119189,6450.77,2496.0,10.0,96.3043,0.3819,5998.0,121.7,4.39,0.08,1.11,0.05,,,1.11,0.142881
102283403,896.01,10.36,0,9.08959,0.006,89.15458,10.551759,-10.692,0.072,1.799,0.064,2458471.133,0.00712,3.52985,0.0027,1.907,0.551,0.608183,0.005744,560.0,5.29033,3.20773,0.372829,489.2,1310.0,9.0,156.139,0.998,6627.0,128.9,4.31,0.09,1.37,0.06,,,1.39,0.233785
229384040,897.01,7.25,0,9.11269,0.006,98.59774,8.413625,-13.628,0.066,-67.866,0.058,2459211.721,0.0082594,1.2980202,1.59e-05,3.007,0.483,0.271468,0.000769,250.0,0.707837,2.58794,0.191928,6354.72,2487.0,10.0,165.943,1.114,6128.0,132.0,4.08,0.08,1.62,0.07,,,1.158,0.15674
261257684,904.01,5.96,1,10.846,0.007,89.371273,-83.129726,-28.941,0.032,110.858,0.033,2458626.968,0.000852059,10.87727482,1.16e-05,2.682953269,0.21896666,1.985692,0.069269,1827.218938,63.796677,2.309612998,0.41049486,8.316864304,433.1214112,28.084484,46.0891,0.0349,3992.0,170.0,4.61929,0.240707,0.532438993,0.0157936,,,0.529185,0.0202724
261257684,904.02,6.1,1,10.846,0.007,89.371273,-83.129726,-28.941,0.032,110.858,0.033,2458630.353,0.003093311,83.99939907,0.000259635,4.931765827,0.33311003,2.017642,0.117194,1856.591277,107.9341,2.340834103,0.32274127,0.544859899,219.1245115,14.180324,46.0891,0.0349,3992.0,170.0,4.61929,0.240707,0.532438993,0.0157936,,,0.529185,0.0202724
261867566,905.01,126.47,1,10.5721,0.006,227.658675,-71.361632,-25.839,0.033,-41.15,0.051,2458628.35,0.000126352,3.739571561,7.02e-07,2.043659733,0.011729374,16.692637,0.106372,15256.90235,97.96748,13.93173527,0.7286332,353.3142325,1105.757854,220.35062,158.649,0.7215,5565.0,187.0,4.46277,0.287097,1.000180006,0.0521105,,,0.93,0.120097
305424003,907.01,67.34,1,9.9444,0.006,262.183407,-62.840383,-1.388,0.041,-37.836,0.056,2458627.057,0.000832115,4.584912905,8.88e-06,5.249397433,0.12818953,2.283606,0.056007,2101.068279,51.583145,9.615885133,0.6116279,1729.671435,1644.790742,28.746328,312.529,4.21,6272.0,196.0,3.8399,0.756872,2.059789896,0.0922839,,,1.2,0.172843
350153977,908.01,9.87,1,10.6513,0.006,53.159427,-81.250745,5.839,0.04,-0.307,0.044,2458626.551,0.000816541,3.183778916,5.69e-06,2.325296828,0.3331702,0.923495,0.044439,850.2084133,40.928772,3.108016306,1.5717691,519.52682,1217.647952,23.563166,175.748,0.636,5500.0,76.0,4.99,0.12,1.052360058,0.0594975,0.0,0.1,0.96,0.125324
364107753,909.01,3.93,0,7.0514,0.006,251.362526,-71.839588,40.743,0.043,53.07,0.058,2460119.574,0.0034306,3.9043855,1.82e-05,3.525,0.339,0.276898,0.011864,255.0,10.9272,1.80937,0.0973429,836.633,1498.0,19.0,51.8209,0.0908,6059.06,50.4474,4.29,0.11,1.31,0.05,-0.51,0.05,1.13,0.152036
369327947,910.01,1.12,1,10.1508,0.007,290.23794,-82.559788,342.184,0.072,-1230.22,0.079,2458626.204,0.000426043,2.029106652,4.43e-06,0.733956121,0.11758856,1.036853,0.065486,954.52078,60.31323,1.040795413,0.12550709,22.07133815,552.8113049,16.95669,12.4814,0.0065,3194.0,101.0,4.96718,0.069791,0.287497014,0.00950598,,,0.262417,0.0206699
407126408,913.01,6.74,1,9.6181,0.006,234.572324,-80.803427,-40.069,0.04,83.388,0.043,2458625.211,0.001054271,11.09934795,1.56e-05,3.246437288,0.28694776,1.259521,0.055614,1159.389202,51.221188,2.482707358,0.8442644,35.24220462,621.420415,20.716316,65.1769,0.0991,4948.0,180.0,4.60394,0.311168,0.732535005,0.0488442,,,0.82,0.0972518
153027658,914.01,36.24,0,10.2413,0.006,48.726093,-44.961855,-31.351,0.914,-22.988,1.315,2458384.925,0.0034,2.3374921,1.03e-05,2.279,0.371,0.825473,0.001399,760.0,1.28847,4.00659,0.483414,975.016,1556.0,27.0,233.2062,28.1867,5963.4,347.5,3.65,0.1,1.54,0.17,-0.95,0.08,,
259389219,915.01,80.77,0,11.2486,0.006,68.803771,-51.396562,-9.856,0.034,-1.993,0.042,2459199.866,0.0010627,2.3250156,5.7e-06,1.775,0.405,1.227576,0.020967,1130.0,19.3113,10.7275,1.12022,2083.06,1882.0,18.0,506.371,4.8725,5753.0,127.6,3.83,0.08,2.05,0.1,,,1.03,0.129552
294869729,918.01,33.26,0,11.2716,0.006,71.799228,-68.985641,3.379,0.057,7.2,0.055,2459199.905,0.0032227,1.1140067,6.1e-06,3.072,0.457,0.445243,0.001013,410.0,0.93294,6.34675,0.441032,6504.41,2501.0,20.0,549.872,6.956,5614.0,126.5,3.5,0.08,2.94,0.14,,,0.99,0.12566
301051430,923.01,15.35,0,11.0264,0.006,50.036337,-45.061851,25.459,0.036,12.055,0.046,2459117.395,0.002311621,3.274466518,0.000252325,1.549665067,0.36316103,0.997251,0.085869,918.0803144,79.08558,4.029794836,1.5242478,920.8745704,1404.979119,9.946655,302.944,2.087,6049.0,136.2,4.3,0.09,1.246099949,0.060309,,,1.13,0.15102
261258875,927.01,19.67,0,9.2691,0.006,89.730768,-79.743374,-2.119,0.179,23.541,0.18,2458327.45,0.00426,2.5852,2e-05,1.963,0.395,0.314909,0.0005,290.0,0.460655,4.66502,0.305191,1150.76,1622.0,20.0,314.616,9.2115,6639.0,127.5,3.73,0.09,2.66,0.13,,,1.4,0.231032
146520535,942.01,12.2,1,11.0462,0.007,76.649617,-20.245613,15.382,0.034,-3.976,0.04,2458441.572,0.00496,4.32765,0.00173,3.181,0.479,1.60808,0.002817,1480.0,2.59497,3.52025,0.272617,261.858,1120.0,11.0,152.601,0.692,4945.0,121.0,4.43,0.09,0.91,0.06,,,0.814,0.0972503
189013222,949.01,6.82,0,10.2892,0.006,79.101853,-15.512686,4.352,0.047,-27.448,0.051,2459199.16,0.0029667,1.3228701,7.1e-06,1.589,0.324,0.782012,0.002577,720.0,2.37381,2.50355,0.202899,910.45,1530.0,13.0,112.611,0.399,5136.1,201.1,,,0.84,0.05,,,0.898,0.108998
245947683,950.01,40.09,0,10.2098,0.006,70.375099,14.815533,11.031,0.072,-28.797,0.037,2458439.355,0.00487,1.14288,0.00059,1.699,0.204,2.467423,0.007514,2270.0,6.92052,7.08364,0.564923,3104.56,2079.0,9.0,211.593,1.9625,6706.0,451.3,4.23,0.13,1.51,0.08,,,1.424,0.311166
44792534,954.01,60.95,1,9.77919,0.006,61.941059,-25.208803,-5.787,0.042,-29.623,0.045,2459167.325,0.00093,3.68497,1e-05,4.536,0.486,2.249803,0.000621,2070.0,0.572102,9.05543,0.475878,1260.27,1659.0,43.0,238.768,1.89,5756.0,127.5,3.88,0.07,1.93,0.1,,,1.03,0.126389
146467675,955.01,22.46,0,9.70467,0.006,76.081839,-20.731341,-15.51,0.033,-17.482,0.043,2459199.706,0.0011718,1.6375303,4.6e-06,1.606,0.228,0.836339,0.001052,770.0,0.968713,5.03673,0.289912,900.876,1526.0,24.0,211.351,1.269,5888.8,108.6,3.99,0.07,1.72,0.08,-0.463348,0.073994,1.068,0.132956
249067445,957.01,7.52,0,8.95699,0.006,79.432431,-0.370122,-5.427,0.099,-4.661,0.078,2459198.904,0.0023712,0.8317937,1.93e-05,1.875,0.239,0.217169,0.000441,200.0,0.406279,2.64673,0.154363,25432.4,3518.0,12.0,280.188,4.9225,8897.0,170.2,4.27,0.07,1.82,0.06,,,2.241,0.316844
5109298,960.01,106.53,0,10.6698,0.012,107.59809,-5.432679,-4.426,0.081,-4.126,0.074,2459202.96,0.005883572,1.618710669,0.000655031,4.73974905,0.38189626,1.469093,0.133197,1352.169797,122.67115,12.59486018,12.417894,26480.60766,3253.506931,10.174758,789.891,30.7345,9385.0,206.7,4.12,0.07,2.22468,0.105417,,,2.38,0.324361
141776043,962.01,94.58,0,11.2295,0.006,117.712497,-21.015735,-9.921,0.039,0.43,0.036,2458493.358,0.00223,4.06269,0.00071,4.299,0.179,4.580598,0.851873,4210.0,784.296,,,,,66.0,447.244,5.667,,,,,,,,,,
179155220,964.01,90.34,0,10.6659,0.006,109.106905,-8.329732,-1.464,0.068,-86.426,0.058,2458491.889,0.00059,0.60274,2e-05,1.834,0.017,18.35513,0.510375,16763.6,469.962,11.8344,2.05443,18432.4,3246.0,129.0,127.566,0.675,5146.2,120.2,4.61,0.28,0.83,0.04,,,0.895,0.109987
179159972,965.01,20.92,0,10.6124,0.006,109.056276,-9.893473,-20.821,0.119,48.724,0.109,2458491.952,0.00378,1.37101,0.00035,2.379,0.432,1.696626,0.063808,1561.43,58.7673,4.99178,0.972297,17275.0,3193.0,21.0,224.488,4.1545,5947.5,51.9,4.22,0.41,1.15,0.02,,,1.151,0.161443
445586472,967.01,23.06,0,10.5704,0.006,117.084021,-57.236311,-16.929,0.049,8.655,0.05,2459230.005,0.004605945,1.739363149,0.000613314,3.606902755,0.85206544,0.465752,0.047981,428.8811939,44.19116,5.118907941,4.030304,11860.00953,2661.589098,8.666388,522.06,7.0035,7051.0,134.9,3.87,0.09,2.40368,0.102113,,,1.56,0.27747
453209605,968.01,17.63,0,10.5766,0.006,116.914289,11.980797,-9.2,2.0,-0.2,2.0,2458493.617,0.00238,2.80944,0.0006,3.151,0.205,1.745562,0.001473,1606.43,1.35648,,,536.378,1340.0,20.0,,,4968.3,82.0,,,,,,,,
280437559,969.01,13.08,1,10.5424,0.006,115.136686,2.098588,-34.152,0.091,-77.936,0.058,2459248.378,0.0012764,1.8237371,4.2e-06,1.347,0.303,2.053983,0.002638,1890.0,2.4297,3.64998,0.388173,167.634,1002.0,30.0,77.2554,0.32535,4249.1,132.6,4.43,0.11,0.82,0.08,0.086,0.041,0.66,0.0799349
177722855,971.01,12.36,0,10.5224,0.006,107.42144,-11.328877,-26.461,0.067,17.049,0.061,2459225.43,0.0032688,2.3960724,2.79e-05,4.53,0.82,0.738552,0.001453,680.0,1.33785,3.54571,0.252742,3570.59,2153.0,18.0,229.595,2.293,5743.0,241.8,4.18,0.09,1.37,0.07,,,1.026,0.146742
333821572,974.01,55.55,0,10.4337,0.006,116.274911,-17.17511,0.525,0.049,0.485,0.047,2459985.028,0.0015473,2.8259491,4.9e-06,2.409,0.863,2.39778,0.247756,2206.0,228.166,8.56637,0.636143,4419.71,2271.0,29.0,522.177,10.23,8192.0,132.7,4.21,0.08,1.84,0.07,,,2.005,0.305762
5772442,979.01,41.88,0,10.351,0.006,111.766458,-7.129696,-26.859,0.176,-13.631,0.137,2458492.502,0.00278,1.10578,0.00022,1.87,0.207,0.730428,0.001051,672.523,0.968288,7.4741,0.662273,2163.51,1900.0,20.0,414.876,20.5,5650.4,227.6,4.32,2.0,2.62,0.21,,,1.044,0.124647
93594834,980.01,16.25,0,10.3138,0.007,114.420797,-7.33674,-16.724,0.054,-33.873,0.044,2459228.778,0.005857443,1.338755454,0.000548635,3.241308775,0.42075393,0.387943,0.0408,357.2449276,37.577885,4.167255775,0.89411604,5177.387851,2163.4528,7.937647,269.611,2.3345,5322.0,129.4,3.82,0.09,1.96337,0.110487,,,0.92,0.119562
127476180,981.01,19.99,0,10.2957,0.006,117.113226,-28.204828,-20.695,0.041,12.432,0.049,2459985.78,0.0021299,1.6055589,3.4e-06,2.253,0.518,1.268881,0.076522,1168.0,70.4768,4.70308,0.282444,3384.43,2124.0,17.0,297.758,2.581,6711.0,138.0,4.25,0.09,1.48,0.06,,,1.426,0.2463
177126182,982.01,114.89,0,10.3075,0.022,106.405063,-11.979855,-0.718,0.065,-2.104,0.066,2459216.013,0.002381,6.3037582,3.4e-05,3.757,0.791,1.847322,0.00391,1700.0,3.60134,13.147,0.853252,1735.06,1798.0,25.0,793.408,25.934,8502.0,259.5,3.78,0.08,3.08,0.13,,,2.11,0.314251
148659924,983.01,26.06,0,10.3437,0.007,114.864422,-32.903754,-5.117,0.06,3.948,0.071,2459973.559,0.0033141,7.3816254,3.73e-05,4.696,0.971,2.767809,0.698489,2546.0,643.125,,,9359.75,2740.0,26.0,551.738,11.2085,9260.2,233.5,4.08,1.26,,,,,,
113553629,988.01,108.18,0,10.1989,0.008,113.424039,-30.996054,-5.229,0.042,3.841,0.049,2458491.915,0.00613,4.30438,0.00248,3.037,0.41,0.729862,0.002719,672.002,2.50426,13.7564,1.38032,503.88,1319.0,10.0,785.176,17.585,6056.9,247.0,4.17,1.75,4.82,0.38,,,1.27,0.200205
108835813,992.01,44.36,0,10.0813,0.01,112.616704,-26.080682,-2.927,0.061,-2.298,0.071,2458494.066,0.00827,4.76516,0.00348,2.892,0.561,0.703447,0.002955,647.689,2.72142,,,2214.79,1911.0,11.0,822.322,29.2465,9412.5,376.9,,,,,,,2.82,0.38191
93963408,994.01,14.13,0,10.0267,0.006,115.046333,-9.084269,-7.229,0.089,-2.482,0.079,2459229.9,0.004038877,2.396722027,0.000696387,3.94531682,0.70991313,0.417979,0.036697,384.8985474,33.798634,3.838448618,1.9348891,15531.06362,2847.213599,9.605016,543.152,19.1305,10393.0,222.8,4.32,0.07,1.87739,0.078985,,,2.679,0.35317
54390047,998.01,18.72,0,9.6952,0.007,118.319555,-14.218823,-1.706,0.069,-1.714,0.061,2459229.57,0.002223784,0.941435963,0.000158088,1.360699558,0.3867723,0.369118,0.036579,339.9126618,33.689648,4.529208991,3.9919791,41562.58781,3641.626449,9.02753,482.278,11.1405,8322.0,130.7,4.01,0.07,2.34986,0.0915779,,,2.05,0.307938
341186896,999.01,26.43,0,9.6171,0.006,118.864086,-58.22206,-17.19,0.042,12.272,0.039,2459985.988,0.0018666,1.5078959,1.5e-06,2.759,0.255,1.998507,0.033629,1839.0,30.9731,5.53091,0.231482,9662.8,2762.0,63.0,180.02,0.6635,6635.0,130.1,4.35,0.09,1.3,0.05,,,1.39,0.231919
50365310,1000.01,28.66,0,9.604,0.013,112.357708,-12.69596,-5.964,0.085,-0.076,0.072,2459229.63,0.001657303,2.171348387,0.00026368,2.017219576,0.31958792,0.713439,0.041018,656.8860989,37.77821,5.818163339,1.9105465,22601.94858,3127.204052,12.843955,485.735,11.9515,10249.0,264.7,4.19,0.07,2.16986,0.0725729,,,2.64,0.34882
238597883,1004.01,88.76,0,9.1355,0.006,122.178195,-48.802811,-4.496,0.069,9.347,0.062,2459987.047,0.0037481,3.5730141,1.28e-05,3.37,1.029,0.82004,1.419496,755.0,1306.55,11.3113,3.24714,54679.3,4260.0,24.0,356.437,4.6175,9219.0,171.1,4.14,0.07,2.15,0.06,,,2.34,0.329495
169904935,1005.01,34.91,0,9.1309,0.006,120.704811,-11.101521,-26.932,1.935,-2.901,2.06,2458492.555,0.00106,4.55072,0.00033,2.599,0.284,3.937496,0.002364,3620.0,2.1771,6.54449,0.45717,254.05,1112.0,73.0,100.711,14.121,5613.0,179.9,,,1.09,0.07,,,,
156115721,1006.01,56.74,0,9.2386,0.006,124.359239,-27.273521,-29.1,2.6,-6.8,2.2,2459229.985,0.002159411,2.504791825,0.000407608,4.379756331,0.10365538,2.468011,0.088362,2270.540219,81.38088,8.695089818,8.438766,1750.932635,1649.82207,19.892866,,,6616.0,200.0,,,1.53429,1.4887,,,,
440801822,1008.01,10.37,0,8.9362,0.012,109.382839,13.395219,-17.9,1.1,1.3,1.0,2460258.236,0.0028047,2.0483755,5.5e-06,2.767,0.861,0.524537,0.045537,483.0,41.94,3.19621,,5644.4,,33.0,144.297,,6858.5,584.6,4.2,1.9,1.57,,,,,
139853601,1010.01,29.45,0,8.45086,0.006,112.293981,-21.832912,-5.746,0.176,4.502,0.261,2459228.878,0.000791335,0.6808702,3.9e-05,2.463456327,0.055706516,1.638309,0.043399,1507.800689,39.971123,5.911590826,1.5360428,87140.69959,4382.026606,23.648024,485.122,36.246,9438.0,782.0,,,1.0,,,,,
97700520,1013.01,117.29,0,7.6095,0.006,107.286063,-31.933523,-3.973,0.063,7.061,0.071,2459232.248,0.000512478,5.42555479,0.000207321,3.96374742,0.02114011,16.342886,0.259493,14939.63422,238.97354,,,273.5880696,1037.275305,44.632336,510.295,9.32,8868.7,809.8,,,,,,,,
96246348,1014.01,28.62,0,7.678,0.012,103.561602,-34.22282,-13.063,0.078,9.737,0.141,2459985.657,0.0003095,1.409518411,2.34e-06,0.94849994,0.041390125,3.089522,0.056331,2841.510326,51.88166,,,1650.422071,1625.618022,57.17235,224.672,2.8445,9307.0,938.9,,,,,,,,
175310067,1016.01,128.46,0,10.6257,0.006,116.110771,-36.098285,-9.231,0.048,11.614,0.052,2459238.831,0.006715143,12.68894149,0.009508793,7.920100125,0.53937656,3.515711,0.255453,3232.852789,235.25328,14.0608342,15.241591,425.1594177,1158.131037,13.069341,368.646,3.784,7601.0,135.8,4.31,0.08,1.53641,0.0479799,,,1.77,0.302711
140706664,1020.01,87.05,0,10.7173,0.013,128.381976,-43.828421,-5.814,0.051,4.328,0.047,2458521.291,0.00241,3.28892,0.00066,3.793,0.202,11.481242,0.576253,10518.9,530.608,,,29832.6,3661.0,32.0,906.827,23.8635,8734.2,283.6,4.1,1.45,,,,,,
143994283,1021.01,9.97,0,10.5551,0.006,119.30075,-42.999149,-3.211,0.046,-15.082,0.051,2458492.904,0.00426,1.90879,0.00035,1.909,0.231,0.671716,0.001561,618.482,1.43774,3.34688,0.217749,985.807,1561.0,14.0,235.974,1.579,6022.6,133.5,4.52,0.39,1.22,0.05,,,1.35,0.223358
47384844,1022.01,11.25,0,8.72924,0.007,162.96491,-5.788708,-15.787,0.09,-11.849,0.077,2458547.448,0.00834,3.09574,0.00677,4.475,1.196,0.412658,0.0,380.0,0.0,3.4262,0.778713,18087.9,3230.0,9.0,120.666,1.068,6084.0,111.0,4.13,0.3,1.41,0.05,,,1.192,0.168837
388624270,1026.01,13.44,0,9.9138,0.006,125.434634,-51.759442,47.228,0.047,-6.325,0.039,2459237.46,0.006503656,14.26943719,0.009218703,6.935049374,0.466316,1.354097,0.102703,1246.392187,94.588425,3.725538108,0.26792818,51.25884955,682.4360542,14.453426,105.677,0.2575,5690.0,129.0,4.58,0.08,0.853898,0.0413895,,,1.01,0.12676
447283466,1028.01,1.95,0,7.9059,0.006,157.098337,-51.705409,30.65,0.054,-33.906,0.056,2458544.481,0.00412,1.01606,0.00034,2.843,0.278,0.260608,0.000408,240.0,0.375709,1.20704,0.0989898,2784.04,2023.0,27.0,23.7748,0.02025,4634.0,120.9,4.64,0.09,0.68,0.05,,,0.74,0.0871956
374908020,1029.01,74.24,0,6.841,0.0,88.73909,-65.958839,,,,,2458365.893,0.00096,36.22214,0.00046,5.107,0.188,7.812771,0.247764,7170.0,228.173,,,,,285.0,,,,,,,,,,,,
304021498,1031.01,59.63,0,9.7318,0.006,140.88389,-67.026006,-23.901,0.042,3.03,0.047,2459304.838,0.0028519,5.652623,2.54e-05,3.434,0.475,1.358019,0.028244,1250.0,26.0133,8.94354,1.13988,2717.06,2011.0,26.0,270.771,1.6275,6415.4,103.2,3.98,0.08,1.92,0.08,-0.273697,0.052312,1.29,0.204498
149601557,1033.01,70.23,0,10.0163,0.006,87.282586,-60.498444,8.9,3.1,20.7,2.2,2459179.545,0.0021257,29.0162503,0.0001146,6.507,0.763,1.564587,0.002056,1440.0,1.89359,9.84223,,159.189,,35.0,219.94,,6113.1,,,,2.01,,0.0917514,0.0457663,,
400595342,1034.01,16.5,0,9.8174,0.006,134.441752,-49.000578,-4.837,0.063,4.109,0.062,2459283.338,0.003483932,3.634469158,0.000977255,2.533923408,0.5744699,0.682816,0.061134,628.699015,56.304756,4.204836768,2.1508167,5420.178349,2188.38205,9.941104,363.44,4.983,9810.0,173.7,4.43,0.06,1.607759953,0.0427739,,,2.51,0.343034
363260203,1037.01,32.96,0,9.0211,0.006,147.385172,-63.306478,-19.687,0.07,10.953,0.068,2459331.125,0.0031745,1.2025238,6.7e-06,1.991,0.052,0.42352,0.116799,390.0,107.57,6.31106,1.99504,208477.0,5952.0,25.0,279.698,3.279,9158.0,171.4,4.32,0.07,1.74,0.05,,,2.32,0.319521
90544017,1038.01,26.09,0,8.7157,0.006,128.454638,-49.940347,-15.5,1.6,7.0,1.5,2459273.372,0.0020248,3.2235985,1.38e-05,2.159,0.452,0.738552,0.001227,680.0,1.13,5.51341,,2064.8,,23.0,280.765,,8904.0,239.9,4.09,1.36,2.17,,,,,
310483807,1040.01,92.38,0,8.3854,0.007,128.61421,-61.488262,-11.78,0.118,6.725,0.097,2458520.657,0.00497,2.55555,0.00045,1.566,0.375,0.369213,0.00149,340.0,1.37224,11.5901,,3520.68,2145.0,6.0,732.432,32.449,10037.0,123.0,,,6.04,,,,,
90448944,1043.01,12.73,0,9.5719,0.006,128.302319,-52.714202,-9.496,0.051,14.659,0.045,2459985.77,0.0037454,1.4415577,7.4e-06,2.349,0.682,0.550608,0.059679,507.0,54.9645,3.61078,0.26004,16861.8,3174.0,24.0,208.055,1.1015,6902.0,135.7,4.25,0.09,1.52,0.06,,,1.5,0.252304
309787037,1046.01,64.55,0,10.0119,0.006,126.419468,-60.907514,-1.536,0.058,-9.979,0.048,2460177.867,0.0011229,1.3042553,2e-06,1.706,0.213,0.992817,0.683093,914.0,628.954,9.36472,1.30647,26944.7,3569.0,42.0,301.298,2.496,6762.0,130.2,4.11,0.08,1.75,0.07,,,1.45,0.240384
370745311,1047.01,27.69,0,10.2355,0.006,144.581535,-67.505097,-35.412,0.104,24.084,0.128,2458544.791,0.00092,0.62627,2e-05,0.666,0.169,2.043105,0.074398,1880.0,68.5212,5.72162,0.894462,3235.57,2101.0,41.0,134.926,1.0555,5622.0,131.2,4.5,0.07,0.93,0.05,,,1.0,0.119578
384549882,1048.01,77.13,0,8.802,0.006,136.527702,-54.903922,-10.863,0.096,7.063,0.089,2458518.376,0.00075,0.30412,1e-05,0.748,0.1,1.44499,0.00416,1330.0,3.83107,10.417,0.668057,280833.0,6413.0,70.0,440.426,9.484,11892.0,235.8,4.14,0.07,2.52,0.09,,,3.17,0.422288
259863352,1051.01,7.43,0,7.1278,0.006,40.365939,-71.462749,168.17,2.0,-56.04,2.0,2458657.737,0.007425253,21.70166896,0.009532318,8.267642354,0.5088978,0.229828,0.027288,211.6567325,25.132692,2.375149384,0.69834507,52.095,685.2,8.58716,53.19149,,5625.0,80.0,4.438,,1.56486,0.186629,,,,
317060587,1052.01,8.42,1,9.0197,0.006,337.510274,-75.646561,-63.327,0.046,-1.942,0.044,2458332.941,0.002641976,9.139803966,0.00011088,3.091293571,0.6627002,0.389215,0.036613,358.4157801,33.721474,3.062985497,2.8175755,243.011763,1006.993283,10.624502,129.804,0.5575,5958.2,76.0,4.34,0.12,1.58,0.165123,-0.25,0.1,1.09,0.144301
112395568,1053.01,95.3,0,8.8849,0.006,290.977117,-33.351416,-18.692,0.065,-8.192,0.059,2458657.999,0.001553,5.742625,0.000621,2.860293,0.230499,1.201229,0.095469,1105.760867,87.92673,13.088532,3.636668,,,11.805602,263.729,2.8735,5664.0,188.0,3.26574,0.355261,3.86959,0.644568,,,,
366989877,1054.01,6.52,1,8.4362,0.006,302.114174,-54.317501,1.594,0.054,-15.903,0.049,2460122.7,0.0199476,15.5077855,0.0002372,4.565,0.427,0.557126,0.027626,513.0,25.4443,2.43432,0.142957,88.0718,853.0,12.0,88.4343,0.28175,6122.0,194.0,4.30881,0.268555,1.17,0.05,,,1.14,0.15899
320004517,1055.01,12.54,1,8.0888,0.006,293.286615,-54.532728,108.439,0.074,-82.632,0.052,2458661.063,0.000867107,17.47130782,1.76e-05,4.428481869,0.099011794,1.303399,0.031349,1199.754148,28.872627,3.576682783,0.24099071,53.37003171,689.3568807,43.21312,57.2651,0.18695,5783.54,7.82429,4.49925,0.019231,0.97466898,0.0546984,-0.0525569,0.00695284,1.04,0.135125
253990973,1061.01,4.77,0,9.7345,0.006,284.688908,-41.242483,24.978,0.089,-71.79,0.091,2458654.253,0.003078,0.540933,0.000107,1.674337,0.329757,0.279447,0.030011,257.347459,27.641214,2.28501,0.57323,,,8.619074,133.171,0.6935,5525.0,186.0,4.25342,0.29667,1.21935,0.16458,,,1.04,0.12785
299799658,1062.01,5.89,1,9.478,0.006,38.120968,-78.023683,107.847,0.045,30.732,0.042,2460177.2,0.0013316,4.1150576,5.6e-06,1.08,0.323,0.528882,0.055216,487.0,50.8548,2.30057,0.16833,77.3573,826.0,14.0,82.1733,0.1632,5394.0,185.0,4.50942,0.276077,0.89,0.05,,,0.89,0.108716
79748331,1064.01,6.63,1,10.0059,0.006,296.003935,-47.56203,-3.457,0.124,-100.891,0.072,2458656.668,0.001185214,6.443865747,1.65e-05,1.930944887,0.30149648,1.218827,0.08269,1121.951228,76.157646,2.460344027,1.638728,60.83130503,712.2812841,13.689148,68.0726,0.362,4803.0,178.0,4.52079,2.00348,0.737188995,0.0567035,,,0.74,0.08544
79748331,1064.02,7.29,1,10.0059,0.006,296.003935,-47.56203,-3.457,0.124,-100.891,0.072,2458664.49,0.001696175,12.22655952,2.69e-05,2.190437943,0.42197752,1.31059,0.094039,1206.369329,86.60944,2.601476603,1.7533404,25.89703776,575.3502049,13.444705,68.0726,0.362,4803.0,178.0,4.52079,2.00348,0.737188995,0.0567035,,,0.74,0.08544
201604954,1066.01,119.75,1,11.9707,0.006,285.096517,-54.893341,3.99,0.054,-37.19,0.042,2458657.833,0.001239,4.606184,0.000392,3.121643,0.078877,15.079836,1.120573,13793.03487,1031.5532,12.962219,0.582183,,,14.814943,353.891,4.919,5670.0,,4.3925,,1.07,,,,0.99,0.131434
201642601,1067.01,65.96,1,13.1686,0.006,288.672005,-59.57935,3.125,0.031,6.146,0.029,2458656.988,0.000501203,3.131673545,3.31e-06,2.457919743,0.08156381,16.3165,0.334364,14915.69437,307.91364,9.499519117,0.3442331,148.6544991,890.5622134,37.781586,263.609,1.659,4351.0,167.0,4.438,,0.767009974,,,,0.69,
6663331,1068.01,125.28,1,13.2887,0.006,284.399762,-49.138513,11.096,0.044,-5.764,0.042,2458656.633,0.001251,3.180362,0.000247,2.111521,0.106258,23.256738,0.74124,21192.46332,682.47424,13.446487,0.600679,,,25.185488,535.383,7.8145,5498.0,,4.47934,,0.92,,,,0.96,
120247528,1071.01,111.68,1,11.5803,0.006,280.184169,-58.459388,-27.094,0.052,-30.897,0.048,2458655.396,0.001083,3.553814,0.000237,2.056578,0.048296,10.889275,0.303603,9979.266691,279.5894,12.539744,12.542709,,,40.43895,290.198,2.937,5639.0,188.0,4.37172,2.00387,1.07973,1.07973,,,0.98,0.124766
158297421,1073.01,117.42,1,13.6699,0.006,287.484402,-49.664942,3.827,0.058,4.878,0.038,2459036.473,0.001292809,3.922801611,1.22e-05,1.873600698,0.079814635,34.763157,1.138302,31510.90049,1047.8658,13.33687048,0.4312808,91.16758899,788.0973496,30.534128,300.67,3.806,4444.0,168.0,4.438,,0.698300004,,,,0.69,
351601843,1075.01,4.14,1,11.1186,0.007,309.971209,-65.449699,-99.737,0.023,-59.95,0.039,2458654.25,0.000553947,0.604739241,5.64e-06,1.040384706,0.22145393,1.116367,0.06999,1027.683348,64.46101,1.862558727,1.4926332,528.0253155,1222.59731,16.558659,61.4592,0.09435,4046.0,170.0,4.60963,0.230678,0.580336988,0.0172756,,,0.571742,0.0203056
360742636,1076.01,111.21,1,11.2474,0.006,294.633694,-55.330269,5.382,0.051,-38.112,0.047,2458654.163,0.000119058,2.549561077,6.91e-07,2.61733081,0.019333646,16.322791,0.088991,14921.40219,81.960434,12.91712883,0.6510275,757.1284067,1337.864515,194.39462,248.46,2.1455,5659.0,,4.44653,,1.03997004,0.0519397,,,1.01,0.124398
370133522,1078.01,2.39,1,10.1165,0.007,306.928646,-56.462287,424.414,0.073,-1230.62,0.073,2458654.103,0.000362075,0.518242461,4.18e-06,0.8565249,0.07535014,0.903591,0.044265,831.8920424,40.76848,1.348512056,0.09001432,255.1405815,1019.329598,21.303896,20.373,0.0192,3325.0,102.0,4.88693,0.098941,0.390989006,0.0117402,,,0.381272,0.0203251
343648136,1088.01,25.92,0,10.4613,0.006,272.311383,-76.300955,-23.549,0.047,-45.079,0.054,2458626.39,0.00222,1.15395,0.00017,2.236,0.103,1.684197,0.001816,1550.0,1.67219,5.48364,0.324737,3534.3,2148.0,8.0,240.901,1.98,6093.0,131.0,4.2,0.08,1.4,0.07,,,1.14,0.160517
382331352,1093.01,30.39,0,10.0067,0.168,215.805264,-63.045983,-3.135,0.134,-4.442,0.203,2458601.338,0.00465,11.47606,0.00162,6.083,0.44,3.316556,1.249087,3050.0,1149.79,,,,,24.0,1710.22,633.01,,,,,,,,,,
375225453,1096.01,27.97,0,10.11,0.006,133.826684,-73.173308,-21.883,0.034,19.084,0.046,2459307.936,0.002752377,0.920952632,0.000185519,1.860273537,0.46476126,0.391891,0.046108,360.8801529,42.466145,5.734908856,4.2950416,32740.36294,3430.762244,7.2275467,490.288,5.048,6553.0,136.4,3.65,0.09,2.890889883,0.125277,,,1.36,0.225456
360630575,1097.01,5.37,1,8.7215,0.006,189.775859,-74.57402,-50.359,0.039,-6.874,0.04,2459376.411,0.0016778,9.188506,2.88e-05,2.492,0.153,0.499554,0.000464,460.0,0.427735,2.16591,0.121765,63.4589,786.0,17.0,79.5561,0.14855,5876.0,124.0,4.48,0.08,0.98,0.04,,,1.06,0.13727
360630575,1097.02,7.35,1,8.7215,0.006,189.775859,-74.57402,-50.359,0.039,-6.874,0.04,2459344.462,0.002610221,13.90283907,0.00138709,2.126442927,0.41097364,0.702992,0.077015,647.2701039,70.93129,2.613684818,1.333298,77.48418827,756.6987586,8.821142,79.5561,0.14855,5876.0,124.0,4.48,0.08,0.983214974,0.0449925,,,1.06,0.13727
383390264,1098.01,9.58,1,8.7581,0.006,192.589285,-88.121111,-18.776,0.039,-18.086,0.039,2458629.909,0.000837284,10.18269827,1.29e-05,2.82751087,0.2582998,0.724944,0.049137,667.4752458,45.255642,3.053805684,0.79589766,198.394783,957.1991659,14.584953,105.096,0.266,6153.0,194.0,4.34814,0.271419,1.145820022,0.0509699,,,1.29,0.206016
290348383,1099.01,7.12,1,7.3661,0.006,328.718171,-77.338802,224.864,0.062,-186.625,0.057,2460140.221,0.0009902,6.441006,6e-06,1.812,0.505,0.992817,0.05082,914.0,46.8059,2.56374,0.19448,87.8902,853.0,34.0,23.606,0.0179,4867.0,179.0,4.438,,0.8,0.06,,,0.78,0.0915509
318608749,1100.01,15.49,0,10.5135,0.006,9.126138,-83.567067,-0.23,0.054,1.169,0.043,2459044.495,0.002861465,20.07315877,8.61e-05,3.844921462,0.5039405,1.252538,0.074214,1152.964546,68.35146,4.050690641,1.0627592,69.39931546,736.1368293,15.712561,205.43,1.1895,6033.0,129.5,4.37,0.08,1.148489952,0.0522613,,,1.12,0.141501
271581073,1101.01,64.42,0,10.5891,0.006,319.551469,-77.529113,16.363,0.037,-5.515,0.047,2459058.793,0.00073,2.66903,1e-05,1.548,0.285,3.381901,0.001687,3110.0,1.55398,9.36823,0.500837,429.86,1268.0,54.0,262.794,1.538,5803.5,120.9,4.07,0.08,1.56,0.08,-0.22,0.1,1.04,0.126318
311890977,1102.01,9.73,0,10.5652,0.006,263.003209,-76.858265,-33.273,0.035,-100.013,0.038,2458627.804,0.00276,6.63371,0.00059,2.122,0.26,1.690004,0.002216,1555.34,2.04117,2.75375,0.16093,22.9987,610.0,26.0,58.0624,0.07515,4138.1,94.2,4.54,0.12,0.63,0.03,,,0.63,0.0803445
451599528,1104.01,20.32,0,7.5622,0.006,279.721286,-85.709137,147.495,0.214,-42.057,0.258,2459367.034,0.003108455,341.2811281,0.004587062,6.303026049,0.27288976,1.056479,0.058723,972.5797241,54.08448,4.753189177,0.32911924,121.1597998,846.173434,116.25811,70.0154,0.6784,6058.6,110.5,4.2,0.08,1.392030001,0.060098,,,1.13,0.152876
394561119,1107.01,125.94,1,10.0068,0.006,155.607863,-82.218869,9.065,0.045,2.896,0.041,2459336.074,0.000176396,4.07823916,1.75e-06,4.847561617,0.0254922,6.585046,0.031989,6046.695969,29.462303,13.89817396,0.62601906,1619.008123,1617.82673,211.59937,281.314,2.017,6501.0,138.9,4.08,0.09,1.748360038,0.0780452,,,1.33,0.213002
50309953,1109.01,54.42,0,9.7906,0.006,30.198486,-77.610376,58.003,0.047,-33.25,0.036,2459083.352,0.00176,7.04083,3e-05,2.979,0.235,1.71682,0.498193,1580.0,458.747,8.46404,2.20234,852.336,1505.0,35.0,102.238,0.2185,5317.0,65.7,4.49,0.08,0.91,0.05,,,0.94,0.127218
446549905,1110.01,86.69,0,9.6789,0.006,286.791829,-58.697242,3.879,0.068,-6.843,0.063,2460146.99,0.0003796,2.4545635,1e-06,2.321,0.262,4.622032,0.058921,4248.0,54.2672,11.1276,0.467151,2162.73,1899.0,71.0,243.838,2.659,6610.0,128.4,4.15,0.08,1.64,0.07,,,1.38,0.210113
412014494,1111.01,129.16,0,9.3871,0.006,291.373783,-60.941042,15.517,0.051,-8.387,0.05,2460131.89,0.0067615,11.4756978,8.85e-05,0.808,0.521,9.094106,2.316989,8341.0,2131.75,14.1098,4.18181,11.4585,512.0,113.0,312.461,4.28,7262.0,134.8,4.0,0.08,2.13,0.08,,,1.64,0.269953
369864738,1112.01,21.58,0,9.5162,0.006,163.628917,-87.269735,-5.215,0.043,-8.358,0.042,2458626.542,0.00585,2.78186,0.0005,2.456,0.428,0.532141,0.00126,490.0,1.16068,4.92567,0.331864,1323.21,1680.0,15.0,292.085,1.9425,6819.0,137.6,3.92,0.09,2.21,0.09,,,1.47,0.251326
290348382,1113.01,19.46,0,9.66865,0.007,328.710839,-77.337433,247.896,0.187,-157.626,0.158,2460140.221,0.0009318,6.4410082,6.6e-06,1.798,0.304,7.70998,0.313636,7076.0,288.828,4.59203,0.175872,8.2114,471.0,35.0,23.8853,0.05215,3469.0,157.0,4.71,0.01,0.53,0.02,,,0.531332,0.0204257
90919952,1118.01,50.63,0,10.5084,0.006,277.432937,-44.625506,-0.54,1.063,-5.003,1.063,2458660.163,0.00121,4.13812,0.00036,3.911,0.49,6.053538,0.002787,5560.0,2.56649,,,613.964,1386.0,70.0,,,4898.4,88.7,,,,,,,,
143257766,1120.01,117.39,0,10.4063,0.006,293.389272,-45.892667,11.184,0.09,3.978,0.059,2458656.451,0.00067,1.66226,,3.321,0.084,6.566808,0.00097,6030.0,0.893586,13.3343,0.611171,7149.89,2561.0,96.0,386.323,9.084,7301.0,141.5,4.23,0.08,1.64,0.07,,,1.65,0.27248
24094603,1121.01,30.62,0,11.0605,0.006,269.648642,-46.065523,2.307,0.079,-2.24,0.069,2458658.611,0.00621,4.07611,0.002,2.062,0.503,1.580005,0.005828,1454.18,5.36746,,,,,12.0,338.644,7.02,,,,,,,,,,
304774444,1122.01,17.59,0,10.2934,0.007,281.369481,-52.262928,4.1,3.2,-24.9,3.0,2460115.853,0.0042192,3.6245513,1.18e-05,3.042,0.599,1.411288,0.076936,1299.0,70.8579,4.3503,,919.571,,16.0,249.826,,6317.0,,,,1.38,,,,,
405862830,1126.01,6.26,0,10.3579,0.006,279.062469,-43.620606,6.138,0.083,10.755,0.078,2460122.432,0.0021778,1.6268695,4.6e-06,3.231,0.308,1.632002,0.052844,1502.0,48.6699,2.36498,0.148538,1946.23,1850.0,20.0,97.8115,0.44215,5034.0,48.8,4.64,0.08,0.73,0.04,0.0964554,0.0665523,0.86,0.106524
425721385,1128.01,32.47,0,9.7298,0.006,289.761799,-43.074223,17.105,0.07,-55.58,0.06,2458663.152,0.0055,13.5499,0.00564,1.795,0.72,1.281925,0.020775,1180.0,19.1341,6.24633,0.838277,31.6652,660.0,10.0,222.529,3.137,6209.0,131.0,4.09,0.08,1.63,0.08,,,1.19,0.168039
254113311,1130.01,86.88,1,10.1429,0.006,286.376004,-41.43764,12.538,0.088,-27.18,0.071,2460144.137,0.0023929,8.34998,1e-05,1.836,0.061,18.262819,0.016433,16680.0,15.1352,11.1424,1.06327,19.9348,588.0,129.0,58.2609,0.16955,4236.0,122.3,4.52,0.1,0.74,0.07,,,0.66,0.0756072
254113311,1130.02,13.61,1,10.1429,0.006,286.376004,-41.43764,12.538,0.088,-27.18,0.071,2460126.924,0.000822147,4.068640493,0.000295813,1.83737294,0.077788785,2.881123,0.107934,2650.095001,99.40586,3.754833321,0.57051665,84.10876598,772.378302,20.636534,58.2609,0.16955,4236.0,122.3,4.52,0.1,0.741921008,0.0675678,,,0.66,0.0756072
267489265,1132.01,11.18,0,9.2293,0.006,298.781281,54.781445,-7.484,0.069,-20.775,0.064,2460351.8,0.0023859,1.5502952,4.6e-06,2.938,0.33,0.446329,0.019725,411.0,18.1669,3.34528,0.145518,10796.6,2839.0,29.0,286.668,2.913,7851.0,72.9,4.17,0.07,1.86,0.05,,,1.882,0.296266
69997672,1133.01,21.07,0,9.11458,0.006,294.824079,31.958037,-5.049,0.176,-28.421,0.189,2458684.235,0.01005,1.80709,0.00123,3.297,1.009,0.488691,0.002941,450.0,2.70834,4.86242,0.467902,7233.01,2569.0,9.0,233.369,5.819,6244.0,124.8,3.84,0.09,2.2,0.11,,,1.21,0.179038
154872375,1135.01,61.52,1,9.02855,0.006,193.39637,85.129495,16.883,0.05,5.076,0.042,2460466.309,0.0001904,8.0277331,1.6e-06,4.292,0.072,6.210769,0.022538,5704.0,20.7576,9.08479,0.407653,256.544,1114.0,138.0,114.048,0.307,5962.7,68.6,4.38,0.08,1.15,0.05,,,1.155,0.155701
142276270,1136.01,26.66,1,8.9361,0.006,192.184898,64.855276,0.937,0.039,-10.171,0.034,2459612.448,0.0014483,12.5187279,3.16e-05,5.38,0.2,2.521834,0.004848,2320.0,4.46525,5.58857,0.357814,626.362,1393.0,30.0,84.5362,0.158,5729.0,131.1,4.47,0.08,0.98,0.05,,,1.03,0.130052
142276270,1136.02,6.86,1,8.9361,0.006,192.184898,64.855276,0.937,0.039,-10.171,0.034,2460366.027,0.0017986,6.2586065,1.03e-05,3.201,0.508,0.883063,0.037284,813.0,34.3389,2.51593,0.147348,232.392,1087.0,25.0,84.5362,0.158,5729.0,131.1,4.47,0.08,0.98,0.05,,,1.03,0.130052
142276270,1136.03,7.81,1,8.9361,0.006,192.184898,64.855276,0.937,0.039,-10.171,0.034,2459594.183,0.0029089,26.3208756,0.0001272,4.414,0.562,0.868937,0.000473,800.0,0.435205,2.71349,0.151793,26.4328,631.0,18.0,84.5362,0.158,5729.0,131.1,4.47,0.08,0.98,0.05,,,1.03,0.130052
142276270,1136.04,5.32,1,8.9361,0.006,192.184898,64.855276,0.937,0.039,-10.171,0.034,2458697.756,0.002570031,18.79554697,0.00010371,4.342557576,0.43137428,0.511147,0.0603,470.6731965,55.53711,2.159766947,0.88291043,48.47707697,672.9826313,8.330816,84.5362,0.158,5729.0,131.1,4.47,0.08,0.977726996,0.0483517,,,1.03,0.130052
110428269,1138.01,32.12,0,8.90601,0.006,291.463084,25.189437,1.467,0.05,-4.587,0.058,2458684.205,0.00442,0.64971,0.00018,2.076,0.328,0.673365,0.001293,620.0,1.19044,6.23181,0.414634,83182.0,4731.0,13.0,395.12,6.803,9994.0,756.2,4.02,0.09,2.59,0.11,,,2.559,0.398926
320525204,1140.01,101.51,0,8.88797,0.006,264.961539,56.078974,-4.979,0.038,13.371,0.041,2460555.404,0.0001356,13.7431134,2e-06,2.291,0.066,6.257725,0.289838,5747.0,266.915,12.2235,,84.3134,844.0,307.0,121.182,0.27,5941.5,161.9,,,1.34,,,,1.122,
28230919,1144.01,24.39,1,8.5077,0.006,297.710176,48.081864,125.984,0.041,232.988,0.045,2460554.347,0.0001457,4.8878037,9e-07,2.184,0.082,4.655833,0.026608,4279.0,24.5064,5.29152,0.336684,71.6805,810.0,330.0,37.7647,0.03365,4757.3,130.6,4.56,0.09,0.76,0.05,0.299646,0.0526804,0.77,0.0877919
350995812,1145.01,68.76,0,8.5011,0.008,291.92142,36.529898,6.892,0.087,6.137,0.103,2458685.816,0.00149,2.97164,0.00034,1.534,0.15,8.009633,1.062081,7350.0,977.734,,,3089.18,2076.0,17.0,438.395,10.886,8562.5,998.1,,,,,,,,
21755546,1146.01,31.64,0,8.40386,0.006,292.286802,30.297329,2.072,0.068,-1.714,0.077,2459420.415,0.000860942,0.660178984,4.15e-05,1.634936921,0.12737042,0.513777,0.030215,473.0939303,27.828228,6.167248677,0.5571844,252487.7639,5717.153248,11.997514,411.307,6.9,8598.7,975.0,4.1,,2.62432003,,,,3.131,
237184773,1152.01,119.29,0,8.0348,0.006,283.489697,37.380825,-15.686,0.111,43.795,0.085,2459392.715,0.000368694,6.501191119,7.81e-05,5.546358731,0.027821798,4.898306,0.035842,4501.345406,33.010895,,,214.9638584,976.5873888,109.38585,105.334,0.5865,5485.0,756.1,,,,,,,,
161450762,1155.01,7.11,0,9.711,1.0,309.275852,32.471019,,,,,2458683.926,0.00336,1.32003,0.00037,3.175,0.286,0.6,0.000621,552.468,0.572376,,,,,24.0,,,,,,,,,,,,
117256577,1156.01,19.14,0,9.7032,0.6,300.419309,26.971662,-1.163,0.237,-2.205,0.268,2459443.85,0.0009604,1.6865822,4.8e-06,2.429,0.11,1.923456,0.533658,1770.0,491.396,,,,,56.0,6079.49,2185.29,,,,,,,,,,
48188920,1159.01,23.97,0,9.5937,0.008,282.42081,48.098942,4.164,0.048,-0.766,0.047,2458683.947,0.00363,0.73774,0.0002,0.636,0.331,0.57,0.099467,524.852,91.6082,5.28215,2.21635,,,10.0,292.83,2.091,6449.5,123.7,3.94,0.1,2.1,0.08,,,1.37,0.236979
89510024,1160.01,4.23,0,9.577,1.0,301.317709,30.67067,-3.195,0.177,-6.194,0.215,2459446.147,0.003373,2.3664127,7.48e-05,2.591,0.26,0.32577,0.000783,300.0,0.721264,,,,,13.0,2320.13,719.26,,,,,,,,,,
16102323,1164.01,80.82,0,9.329701,0.21,307.336613,37.508561,2.318,0.048,-4.536,0.069,2459822.313,0.0018258,3.2077145,1.6e-05,2.708,0.267,10.517272,0.170247,9640.0,156.791,,,,,95.0,827.868,23.69,,,,,,,,,,
138361973,1166.01,52.08,0,9.7604,0.006,293.764981,37.53859,-2.77,0.041,-79.214,0.042,2460556.103,0.0009773,1.8824539,4.3e-06,2.46,0.429,1.51131,1.559292,1391.0,1435.13,8.29008,1.38023,15173.2,3091.0,64.0,153.743,0.593,5900.4,71.9,4.39,0.08,1.13,0.05,,,1.14,0.154189
232967666,1167.01,22.02,0,10.3874,0.006,198.152378,71.618139,-61.39,2.0,2.78,2.0,2458689.116,0.00382,15.196,,1.792,0.678,2.14101,0.120893,1970.0,111.34,4.96345,,,,12.0,209.618,,5807.0,,,,1.14,,,,,
232967440,1173.01,64.15,1,10.2938,0.006,197.683097,70.768012,57.651,0.055,-92.555,0.042,2460341.784,0.0002984,7.0643978,1.9e-06,2.424,0.183,9.014183,0.156446,8268.0,144.082,9.39131,0.52994,104.311,890.0,131.0,132.353,0.4595,5429.6,292.5,4.44,0.08,0.96,0.05,,,0.917,0.117705
154089169,1174.01,6.16,1,10.2549,0.006,209.217175,68.618211,-81.077,0.052,45.498,0.042,2460355.403,0.0022684,8.9534775,2.18e-05,2.696,0.316,1.234097,0.050139,1136.0,46.1782,2.35888,0.165763,45.5604,723.0,22.0,94.6375,0.2501,5029.5,59.9,4.61,0.09,0.76,0.05,,,0.85,0.100358
30329585,1175.01,26.68,0,10.2026,0.006,289.238688,31.323574,-9.775,0.038,-45.409,0.051,2459437.549,0.0015185,7.5022708,3.68e-05,2.605,0.189,1.912579,0.001408,1760.0,1.29686,5.55812,0.293328,129.866,940.0,27.0,216.517,1.216,6229.0,129.8,4.31,0.08,1.27,0.06,,,1.203,0.166977
169177766,1177.01,87.57,0,10.1617,0.006,297.30004,41.326844,1.815,0.06,0.92,0.062,2460556.672,0.00136,1.692892,3.2e-06,2.886,0.525,1.540667,1.083992,1418.0,997.895,11.2371,,187927.0,5800.0,51.0,602.899,13.5555,9121.5,227.1,4.21,,2.1,,,,2.572,
359496368,1178.01,6.0,0,10.1358,0.007,279.101036,55.391781,184.868,0.04,-42.647,0.041,2459852.556,0.0018784,2.6652139,1.14e-05,3.422,0.352,0.771146,0.408241,710.0,375.933,2.32848,0.312146,2660.44,2000.0,68.0,36.7224,0.0276,4043.4,90.3,4.69,0.01,0.56,0.02,,,0.552175,0.0206375
158002130,1180.01,9.25,1,10.112,0.006,214.555774,82.193764,84.408,0.045,-64.898,0.043,2460473.411,0.0010904,9.6867516,1.03e-05,2.512,0.497,1.813608,0.042519,1669.0,39.161,3.00336,0.218103,41.6645,707.0,52.0,72.0238,0.13235,4738.1,139.3,4.59,0.1,0.73,0.05,,,0.75,0.0934299
258777137,1183.01,92.23,0,9.9478,0.007,286.74712,71.712377,-20.36,2.0,17.32,2.0,2460358.095,0.0006768,5.9294073,2.4e-06,3.315,0.049,11.225716,0.118735,10286.0,109.353,11.5196,,456.893,,389.0,112.868,,5095.6,1241.5,,,1.06,,,,,
233087860,1184.01,6.18,1,9.9469,0.006,272.20452,60.678785,64.887,0.042,138.082,0.045,2460558.35,0.0006963,5.7484439,3.9e-06,1.76,0.292,1.13084,0.03469,1041.0,31.9505,2.35215,0.194028,75.272,820.0,56.0,58.5946,0.0779,4534.0,127.6,4.61,0.1,0.69,0.06,,,0.71,0.084812
83210867,1185.01,76.17,0,9.94025,0.006,297.459433,34.829667,19.777,0.045,11.228,0.045,2460532.183,0.0016297,1.1967018,2.3e-06,1.879,0.611,0.895015,1.905107,824.0,1753.13,10.3239,3.12117,25917.9,3534.0,32.0,246.798,1.7075,5997.0,149.9,4.0,0.08,1.73,0.08,,,1.105,0.142795
15247229,1188.01,86.69,0,9.886581,0.006,306.730853,38.93227,6.103,0.055,2.194,0.06,2458687.193,0.00166,8.5112,0.00138,3.486,0.185,4.539995,1.766974,4172.76,1626.12,,,,,47.0,347.452,4.149,8156.0,169.3,4.35,0.08,,,,,2.031,0.316121
147950620,1194.01,57.81,1,10.4782,0.006,167.821481,69.964775,79.486,0.045,15.428,0.044,2460367.072,0.000337,2.3106428,9e-07,1.294,0.044,7.529571,0.119185,6911.0,109.767,8.76741,0.498445,203.685,1052.0,124.0,149.667,0.652,5339.9,155.2,4.41,0.09,0.99,0.06,,,0.918,0.118409
24364065,1195.01,119.41,0,10.4717,0.011,291.12047,33.273702,-7.067,0.04,-2.648,0.05,2458686.847,0.00588,4.05135,0.00238,2.4,0.421,1.23,0.004414,1132.23,4.06526,14.2359,0.960524,,,10.0,500.014,7.3165,4974.4,77.4,,,3.85,0.12,,,,
99869022,1199.01,80.06,1,10.4221,0.006,166.880658,61.352572,-4.019,0.038,-33.35,0.045,2460360.435,0.0036887,3.6714717,1.65e-05,2.149,0.22,4.72235,0.000837,4340.0,0.770616,10.678,0.55726,324.114,1182.0,96.0,248.427,1.7795,5618.0,122.1,4.06,0.08,1.54,0.08,,,0.99,0.127451
288185138,1200.01,34.67,0,10.402,0.006,222.841424,82.952258,-32.468,0.111,28.147,0.083,2460365.996,0.0006568,0.8352406,1.6e-06,1.043,0.149,2.244363,0.322882,2065.0,297.341,6.4875,0.517136,5021.63,2345.0,96.0,224.444,1.993,6105.0,142.2,4.31,0.08,1.24,0.06,,,1.149,0.153486
29960110,1201.01,5.57,1,10.9473,0.007,42.2477,-14.537283,164.059,0.059,46.626,0.063,2458411.671,0.000732953,2.491977085,7.12e-06,1.43381409,0.28704116,2.275871,0.145877,2093.95942,134.34839,2.218758507,0.9862666,39.64526637,639.9817426,17.341845,37.8871,0.0516,3948.0,159.0,4.68962,0.389814,0.48238799,0.0146884,,,0.480382,0.0205473
23434737,1203.01,9.11,1,7.9995,0.006,168.226736,-34.406937,292.931,0.048,-44.783,0.05,2458553.062,0.00300051,25.51953069,0.003968804,6.687745129,0.2689892,0.606418,0.03487,558.3758637,32.11596,2.964146098,0.27015966,45.63357015,662.8890748,17.002897,64.9943,0.18965,5742.22,30.4499,4.29,0.08,1.173210025,0.0504221,-0.39,0.05,1.03,0.124138
33878688,1210.01,5.37,0,11.1762,0.006,66.221959,-73.333516,-21.388,0.033,-39.668,0.038,2459187.361,0.0161545,79.3739596,0.0022619,5.392,1.794,1.333016,0.008645,1227.0,7.96249,2.17454,0.271867,3.05331,368.0,100.0,144.133,0.424,5168.33,64.7007,4.60584,0.146885,0.77,0.05,-0.168765,0.0628267,0.88,0.107894
399144800,1213.01,52.95,0,10.6392,0.006,163.198824,-67.387472,-100.262,0.049,79.575,0.041,2458576.189,0.001483948,27.21496217,4.26e-05,3.719048337,0.10582192,5.149249,0.286878,4731.404623,264.1891,8.347597313,0.6867732,25.48603805,573.0537137,49.73674,161.33,0.6765,6270.0,196.0,4.54537,0.423983,0.989666998,0.0531859,,,0.95,0.121383
349095149,1221.01,10.59,1,10.0564,0.006,107.921025,-65.508857,0.473,0.044,39.508,0.046,2458404.181,0.006359616,91.68278323,0.000644778,9.750485694,0.47976506,0.774643,0.037851,713.2183569,34.86146,3.239855017,0.1987719,5.994490286,399.0780255,17.73272,138.411,0.3865,5802.0,190.0,4.44521,0.305694,1.018139958,0.0490778,,,1.01,0.128814
382437043,1223.01,11.57,0,9.3109,0.006,117.214876,-63.720125,-19.934,0.092,27.4,0.08,2458337.747,0.001993118,14.64319002,3.87e-05,2.548342608,0.32133237,0.26364,0.020834,242.7923919,19.18831,3.412480023,1.1490116,391.2017546,1134.279147,10.89704,237.7,2.593,6516.0,199.0,3.99366,0.364731,2.041779995,0.0960201,,,1.3,0.205342
299798795,1224.01,5.08,1,11.556,0.008,37.197836,-80.899105,159.883,0.072,27.053,0.066,2458327.705,0.000562348,4.178265603,5.23e-06,1.675904016,0.14986727,2.758751,0.161169,2537.67816,148.4311,2.102385379,0.30378047,13.92952884,492.7241583,18.81182,37.3312,0.06,3442.0,64.0,4.893,0.382128,0.404403001,0.0120014,,,0.396442,0.020234
299798795,1224.02,11.41,1,11.556,0.008,37.197836,-80.899105,159.883,0.072,27.053,0.066,2458329.863,0.001943432,17.94536449,3.05e-05,3.074007196,0.11837162,5.966944,0.352072,5480.684864,324.2178,3.383912418,0.15954576,1.995238303,303.1226876,16.267979,37.3312,0.06,3442.0,64.0,4.893,0.382128,0.404403001,0.0120014,,,0.396442,0.020234
360156606,1227.01,34.17,1,13.802,0.008,186.767363,-72.45185,-40.266,0.097,-10.642,0.081,2458617.479,0.003266087,27.36137784,0.000102178,4.058641822,0.33346376,22.700268,1.642326,20690.66843,1511.4946,6.452244855,0.50119525,0.834555548,243.7718547,13.578523,100.641,0.5695,3050.0,,4.438,,0.441280007,0.013263,,,0.437175,0.0203843
300038935,1228.01,8.47,1,9.0963,0.006,107.843685,-68.83334,-0.918,0.054,35.033,0.055,2460178.462,0.0050911,29.0497517,0.0001337,7.117,0.963,0.345319,0.013672,318.0,12.5922,2.84674,0.120217,257.066,1115.0,25.0,272.217,2.19,8208.0,222.0,4.25979,0.378798,1.8,0.05,,,2.13,0.318429
287156968,1230.01,10.59,1,9.6245,0.006,118.129594,-83.825063,20.314,0.038,-77.04,0.049,2458620.317,0.006259529,25.05713123,0.000163945,7.542422483,0.4529238,0.57938,0.033364,533.486013,30.72904,3.239683835,0.20000492,53.1389289,688.6094029,17.519485,143.138,0.4455,5696.0,188.0,4.26563,0.273635,1.152809978,0.0536432,,,1.14,0.155961
447061717,1231.01,14.39,1,10.2565,0.007,156.74726,-52.467872,-89.046,0.141,361.603,0.186,2458563.89,0.000950936,24.24549669,0.000351642,3.372558296,0.083498284,6.818804,0.117806,6260.67036,108.49781,3.878568003,0.14384982,0.052730035,122.2177444,60.598125,27.6227,0.0609,3535.0,112.0,4.84874,0.46471,0.465270996,0.014057,,,0.462709,0.0204544
260647166,1233.01,7.4,1,8.6522,0.006,186.574063,-51.363052,-70.434,0.056,-49.865,0.043,2459308.481,0.002133832,14.17589473,3.7e-05,3.75438268,0.2981036,0.985354,0.051041,907.1324529,47.009396,2.623164132,0.70052356,53.87950953,690.9961983,15.42892,64.5978,0.19375,5723.87,49.567,4.438,,0.864172995,0.038593,,,1.02,0.125314
260647166,1233.02,9.31,1,8.6522,0.006,186.574063,-51.363052,-70.434,0.056,-49.865,0.043,2459311.403,0.002111286,19.59015781,4.38e-05,4.00286097,0.19348109,1.284825,0.057766,1182.667864,53.20346,3.00264281,0.43376216,35.00314175,620.3638839,19.270168,64.5978,0.19375,5723.87,49.567,4.438,,0.864172995,0.038593,,,1.02,0.125314
260647166,1233.03,4.89,1,8.6522,0.006,186.574063,-51.363052,-70.434,0.056,-49.865,0.043,2459310.633,0.002245718,6.203621886,1.97e-05,3.010980011,0.3032236,0.596129,0.03615,548.9044399,33.294434,2.056748024,0.8290422,162.1675094,910.1452592,18.416348,64.5978,0.19375,5723.87,49.567,4.438,,0.864172995,0.038593,,,1.02,0.125314
260647166,1233.04,3.03,1,8.6522,0.006,186.574063,-51.363052,-70.434,0.056,-49.865,0.043,2458572.108,0.001458129,3.795889971,2.11e-05,2.460285648,0.5248255,0.344806,0.038622,317.5272928,35.57154,1.553134989,1.950819,312.1807495,1072.065399,10.611289,64.5978,0.19375,5723.87,49.567,4.438,,0.864172995,0.038593,,,1.02,0.125314
90504905,1234.01,23.63,0,13.7991,0.008,290.57223,26.319493,-29.235,0.059,-14.449,0.063,2458685.613,0.005332771,2.264538611,0.001060399,3.81937014,0.4799231,16.431406,1.895756,15019.94209,1744.5321,5.193676358,0.5849404,34.18738971,616.7174475,7.442371,104.912,0.4445,3443.0,157.0,4.81617,0.00428335,0.411471,0.012407,,,0.404369,0.0203876
103633434,1235.01,4.68,1,9.91924,0.007,152.218255,69.27662,196.631,0.04,17.369,0.047,2460333.631,0.0017491,3.4447015,7.1e-06,1.912,0.479,0.86459,0.101353,796.0,93.3448,2.00495,0.12654,231.437,1086.0,24.0,39.6345,0.0478,3912.0,157.0,4.62642,0.0114063,0.63,0.02,,,0.611578,0.0202794
120757718,1236.01,108.82,1,11.0248,0.006,286.040876,36.632536,-32.207,0.046,-20.401,0.046,2459422.691,0.00024318,3.030071458,4.8e-07,2.546667138,0.010609142,23.924875,0.088368,21794.6137,81.38665,12.75298917,0.68132544,318.4581858,1077.414594,327.5781,159.658,0.733,5242.82,110.777,4.52404,0.0808874,0.857369006,0.045686,0.0414032,0.0370742,0.896,0.107192
120960812,1237.01,21.8,1,10.2768,0.006,286.638391,39.487904,-0.455,0.04,6.169,0.044,2459781.666,0.0037874,12.72038,0.0001319,2.401,0.372,1.16236,0.00282,1070.0,2.59688,4.96046,0.394461,41.1042,705.0,13.0,243.249,1.4055,6212.0,132.796,4.17664,0.0924886,1.48,0.09,-0.01,0.1,1.196,0.174207
120960812,1237.02,9.15,1,10.2768,0.006,286.638391,39.487904,-0.455,0.04,6.169,0.044,2458685.41,0.002724029,6.238755013,3.06e-05,3.617856725,0.482282,0.405672,0.039767,373.5681138,36.626076,2.972828344,1.2901354,587.1290759,1255.46077,9.259248,243.249,1.4055,6212.0,132.796,4.17664,0.0924886,1.477679968,0.0878593,-0.01,0.1,1.196,0.174207
154716798,1239.01,19.25,1,10.7192,0.006,158.011286,84.030377,-26.182,0.043,2.141,0.042,2459604.096,0.0012757,12.63969818,1.53e-05,3.383070161,0.086212866,3.580882,0.123812,3292.681286,114.02858,4.602516244,0.33088568,39.65639765,640.0266601,27.144175,126.903,0.4395,5217.0,128.364,4.59186,0.0842146,0.789425015,0.0435527,,,0.888,0.109824
158170594,1240.01,119.35,1,13.8046,0.006,286.110305,43.680961,-1.691,0.03,7.017,0.032,2459421.33,0.001790196,1.720855451,2.63e-06,1.834640915,0.08741208,10.927651,0.344193,10014.25874,316.96338,13.46463141,0.70833164,2259.389668,1758.399429,34.395763,1086.24,19.16,5832.83,96.06,4.20893,,1.334020019,,0.371,0.092,1.05,
219850915,1244.01,5.8,1,11.0157,0.006,256.279559,69.519093,-56.411,0.045,-66.5,0.047,2459913.811,0.003685006,6.400280748,1.04e-05,2.155987474,0.1579858,1.115191,0.038034,1026.601873,35.029545,2.273030104,0.84500456,56.4368797,699.0536347,28.111683,102.551,0.24,4599.0,123.0,4.58487,0.0932913,0.720551014,0.0534824,,,0.728,0.0836433
230127302,1246.01,17.74,1,11.1802,0.006,251.11587,70.429992,-48.024,0.047,81.928,0.051,2459733.644,0.0043228,18.65488288,0.000105501,5.443145099,0.23184176,1.624874,0.161369,1495.444947,148.61504,4.386987751,0.5200952,27.83207701,585.8091542,23.855204,169.422,0.671,5141.0,122.049,4.49143,0.0842768,0.876154006,0.051,,,0.868,0.105417
230127302,1246.02,10.83,1,11.1802,0.006,251.11587,70.429992,-48.024,0.047,81.928,0.051,2459737.587,0.0020169,4.307451325,4.98e-06,2.337919575,0.07733442,1.189361,0.032565,1094.84195,29.993288,3.281987928,0.2242451,196.4755358,954.8757629,35.282627,169.422,0.671,5141.0,122.049,4.49143,0.0842768,0.876154006,0.051,,,0.868,0.105417
230127302,1246.03,6.58,1,11.1802,0.006,251.11587,70.429992,-48.024,0.047,81.928,0.051,2459740.304,0.0026101,5.904127842,1.06e-05,2.767831276,0.24960689,0.840606,0.033949,773.9266468,31.268017,2.448945353,0.93253917,129.0410781,859.6105665,23.98417,169.422,0.671,5141.0,122.049,4.49143,0.0842768,0.876154006,0.051,,,0.868,0.105417
230127302,1246.04,10.61,1,11.1802,0.006,251.11587,70.429992,-48.024,0.047,81.928,0.051,2458700.697,0.002732246,37.92519834,0.000125249,3.534521948,0.39733,1.489336,0.085594,1370.788854,78.83223,3.241642959,1.1774186,10.80683462,462.4282696,16.44205,169.422,0.671,5141.0,122.049,4.49143,0.0842768,0.876154006,0.051,,,0.868,0.105417
232540264,1247.01,5.38,1,8.4724,0.006,227.867864,71.841296,-189.064,0.053,80.263,0.044,2460311.845,0.003136,15.9234883,5.29e-05,4.021,0.242,0.5354,0.017675,493.0,16.279,2.18203,0.10788,48.5414,735.0,32.0,73.8713,0.14365,5711.85,106.3,4.38315,0.0689493,1.08,0.05,-0.19,0.07,1.02,0.122847
232612416,1248.01,38.83,1,11.1153,0.006,259.023592,63.105607,-2.867,0.047,-81.029,0.042,2458687.122,0.000131216,4.360153631,1.08e-06,2.340890904,0.016842982,6.088794,0.030779,5592.290918,28.348007,6.956425764,0.38191366,202.0738994,961.6063113,213.11763,168.735,0.5995,5227.0,119.505,4.50479,0.0814786,0.874131024,0.0475929,,,0.891,0.112337
232976128,1249.01,10.67,1,10.2108,0.006,200.561576,66.308533,-14.785,0.052,-46.313,0.042,2460342.349,0.0034345,13.0791581,4.14e-05,2.97,0.665,1.241706,0.067959,1143.0,62.5902,3.25485,0.201784,48.6058,735.0,20.0,139.49,0.535,5453.0,117.875,4.41707,0.0794538,1.0,0.05,,,0.952,0.124441
233059608,1250.01,14.11,0,6.895,0.006,269.807391,64.142644,16.484,0.07,15.481,0.07,2458683.643,0.001753212,1.441504417,0.000167257,0.927452381,0.32538947,0.594405,0.070468,547.3172736,64.90167,3.834520889,3.9494371,5519.1845,2198.307682,7.2832127,66.3631,0.14805,6603.0,80.0,4.438,,1.58365,0.0635955,,,1.38,0.232049
233684822,1253.01,15.37,0,9.89947,0.006,260.902889,64.862363,-30.786,0.042,29.555,0.042,2460350.042,0.0017776,4.6756797,9.7e-06,1.95,0.411,0.86133,0.044661,793.0,41.1336,4.02964,0.235912,343.911,1199.0,26.0,185.23,0.7705,5779.0,188.0,4.88162,0.361611,1.45,0.07,,,1.0,0.125785
237222864,1255.01,7.86,1,9.1416,0.006,296.24462,74.062858,18.618,0.036,28.014,0.046,2460337.877,0.0009593,10.2888871,1.02e-05,1.425,0.345,0.938482,0.036616,864.0,33.7236,2.73221,0.174198,25.0029,622.0,44.0,65.9501,0.1013,5126.0,124.385,4.49772,0.0845762,0.87,0.05,,,0.86,0.104376
274762761,1256.01,15.73,0,13.5608,0.008,301.346363,38.228325,-213.45,2.0,-576.64,2.0,2458683.947,0.004218996,1.033244114,0.000323808,3.801783635,0.3347664,28.726915,2.129666,26111.5082,1959.5728,4.087988019,8.41243,16.77787914,516.1833775,8.785042,,,2972.0,157.0,5.15741,0.0425173,0.156193,0.00469252,,,0.12784,0.0200328
288735205,1259.01,105.95,1,11.1534,0.006,282.100166,79.256476,-5.658,0.04,100.203,0.047,2459764.874,6.74e-05,3.477977628,2.01e-07,2.510348875,0.004216333,29.742106,0.038241,27021.69324,35.22068,12.55419255,0.8909824,153.1388971,897.2038496,902.9762,118.106,0.3735,4699.0,129.561,4.54638,0.0920064,0.765000999,0.0542789,,,0.751,0.0862556
355867695,1260.01,7.19,1,10.8116,0.006,157.144071,65.854199,-177.236,0.037,-81.772,0.044,2459634.761,0.0039029,3.127463446,7.32e-06,1.981269464,0.19414476,1.446987,0.074488,1331.83693,68.603745,2.580289566,0.80342484,103.2675998,813.0378617,17.032537,73.5977,0.1604,4225.0,135.544,4.5756,0.1122,0.69343102,0.0690804,,,0.66,0.0825376
355867695,1260.02,8.13,1,10.8116,0.006,157.144071,65.854199,-177.236,0.037,-81.772,0.044,2458686.12,0.001035018,7.493161333,1.7e-05,1.933929507,0.25977242,1.793648,0.101993,1650.64705,93.93474,2.773367352,1.4571416,32.2107098,607.6028794,15.933478,73.5977,0.1604,4225.0,135.544,4.5756,0.1122,0.69343102,0.0690804,,,0.66,0.0825376
355867695,1260.03,14.09,1,10.8116,0.006,157.144071,65.854199,-177.236,0.037,-81.772,0.044,2458879.323,0.006608383,49.82516596,0.000576772,3.871497638,0.3720089,2.238278,0.220101,2059.406904,202.70015,3.831913492,0.4818024,2.5760566,323.1161011,10.817838,73.5977,0.1604,4225.0,135.544,4.5756,0.1122,0.69343102,0.0690804,,,0.66,0.0825376
467179528,1266.01,6.67,1,11.0402,0.007,197.996583,65.833697,-150.652,0.041,-25.368,0.039,2459649.751,0.0011874,10.8948421,1.22e-05,2.071939396,0.13021943,3.445492,0.090157,3168.385358,83.03396,2.469141399,0.28267094,5.513747093,390.8242112,37.82544,36.0118,0.0295,3618.0,157.0,4.79432,0.00537588,0.435665995,0.0129388,,,0.431082,0.0202618
467179528,1266.02,4.32,1,11.0402,0.007,197.996583,65.833697,-150.652,0.041,-25.368,0.039,2459630.046,0.0024653,18.80161111,5.32e-05,1.90935241,0.24637721,1.832953,0.121261,1686.788103,111.67929,1.911228227,0.31726363,2.663675655,325.8292621,15.856179,36.0118,0.0295,3618.0,157.0,4.79432,0.00537588,0.435665995,0.0129388,,,0.431082,0.0202618
158561566,1267.01,69.0,1,11.636,0.036,287.708814,47.33305,,,,,2459425.413,0.004636351,6.790098111,1.45e-05,6.078657628,0.1479155,2.345739,0.061485,2158.173357,56.62805,9.754848091,0.5910394,477.5289979,1192.256467,29.824783,,,6378.0,25.0,4.438,,2.00067997,0.103465,0.07,0.1,,
142394656,1268.01,64.06,1,10.1495,0.006,198.388583,62.30538,-66.989,0.077,-15.318,0.065,2460359.607,0.0002798,8.157721,2.3e-06,3.788,0.046,11.211455,0.069956,10273.0,64.4301,9.31888,0.554542,91.0972,860.0,238.0,109.557,0.5425,5091.2,83.2,4.47,0.08,0.9,0.05,,,0.87,0.105344
198241702,1269.01,6.13,1,10.9897,0.006,249.69664,64.559181,-40.011,0.038,107.858,0.056,2458686.609,0.00064256,4.252964141,5.85e-06,2.57338671,0.21459378,0.823936,0.028293,758.584999,26.058401,2.348338288,0.7878943,231.2034004,994.5309519,34.025505,172.138,0.693,5591.0,185.0,4.38111,,0.848905981,0.0452839,,,0.969,0.128979
286923464,1271.01,114.56,1,7.4556,0.006,203.509956,53.728188,-85.877,0.052,-78.913,0.038,2459657.449,0.0012213,6.1349783,1.65e-05,5.661,0.775,4.199051,0.001484,3860.0,1.36645,13.1383,0.760486,861.554,1509.0,66.0,92.2589,0.2358,5828.7,80.0,3.84,0.08,2.05,0.11,0.211367,0.0109545,1.05,0.136204
417948359,1272.01,19.15,1,11.0244,0.006,199.196204,49.861059,-63.3,0.033,4.659,0.03,2459661.401,0.001733,3.3159772,7.4e-06,1.494,0.364,3.011662,0.005287,2770.0,4.86911,4.5947,0.346084,120.595,923.0,35.0,137.572,0.402,4972.7,61.9,4.54,0.09,0.81,0.05,,,0.825,0.0987782
445859771,1273.01,63.77,1,10.418,0.006,214.120856,58.390253,37.07,0.081,-44.439,0.072,2459684.92,0.0015226,4.6313014,8.8e-06,1.435,0.232,5.289542,0.084423,4860.0,77.7533,9.34848,1.12279,225.013,1078.0,11.0,177.118,1.214,5736.0,164.8,4.39,0.07,1.07,0.05,,,1.015,0.12369
13499636,1275.01,17.09,0,10.5954,0.006,320.201905,28.055829,52.835,0.06,19.537,0.067,2458714.597,0.00718674,11.32468214,0.010262233,5.970413574,0.4890376,2.105745,0.271795,1937.582972,250.30127,4.291722557,0.4109325,59.17061018,707.3693882,7.1837444,138.591,0.823,5518.0,130.133,4.59176,0.0831556,0.824734,0.044294,,,0.969,0.129091
43064903,1276.01,2.38,0,12.5405,0.007,302.669134,40.668628,294.477,0.084,-86.018,0.09,2459770.682,0.004226021,6.26116895,1.64e-05,2.036918817,0.44735876,4.357129,0.451294,4005.022808,415.5704,1.346831896,0.45888957,6.981694504,414.5815396,11.06697,24.5209,0.03105,3145.0,157.0,5.04431,0.0229453,0.211256996,0.00620513,,,0.180245,0.0200314
153949511,1277.01,10.53,0,9.76775,0.006,172.747799,66.796529,-50.76,0.034,-14.091,0.042,2458729.542,0.00271759,,,4.6,0.43440467,1.527584,0.15908,1405.967507,146.50763,3.228772437,1.0754806,45.17132837,661.2039892,9.520958,100.772,0.2265,5544.0,120.311,4.5609,0.0776004,0.857648,0.0429648,,,0.976,0.122166
163539739,1278.01,56.78,1,11.7819,0.007,320.478444,35.648625,-89.556,0.035,-46.868,0.039,2459826.54,0.001675587,14.47510623,1.79e-05,1.618248389,0.09846702,10.493789,0.486191,9618.579853,447.69815,8.697617256,9.471797,6.54021745,407.866275,23.134491,75.5759,0.15495,3841.0,157.0,4.69364,0.00934387,0.55035001,0.0160576,,,0.545569,0.0200982
224297258,1279.01,10.52,1,9.99454,0.006,185.062873,56.201409,-130.485,0.038,60.603,0.034,2459659.674,0.0018282,9.614163568,4.86e-05,3.427188191,0.18711029,1.014175,0.062651,933.6532689,57.701954,3.226473514,0.21258712,74.73591046,749.8978043,18.387505,107.055,0.285,5477.0,120.112,4.5707,0.0797127,0.840608001,0.0419095,,,0.959,0.1255
266593143,1283.01,96.1,1,9.7525,0.006,324.535978,30.488188,-80.395,0.158,-126.972,0.148,2460539.055,0.0015556,10.338505,1.51e-05,4.242,0.72,19.900409,0.834395,18162.0,768.211,11.8729,0.618008,110.512,903.0,275.0,92.3831,0.48265,5336.96,105.031,4.55466,0.0770342,0.84,0.04,0.0512329,0.0280899,0.92,0.116568
267561446,1284.01,7.09,0,12.5313,0.007,311.513651,56.86715,50.569,0.045,188.287,0.033,2458711.816,0.00334577,1.283251,0.00030644,2.012261,0.3679059,2.131565,0.148548,1961.318203,136.80847,2.558112,0.8317096,172.0252913,923.6720985,11.733728,110.246,0.224,3855.0,157.0,4.68499,0.00984891,0.560391,0.0165845,,,0.554506,0.0202462
274662200,1285.01,4.15,0,10.9313,0.007,316.86724,46.865373,24.522,0.049,98.034,0.045,2458712.366,0.002608938,1.228438792,0.000257302,1.919011805,0.65036553,1.33573,0.140692,1229.496512,129.57385,1.866262995,1.8184054,118.2802346,841.1003116,11.960702,41.9934,0.04955,3526.0,157.0,4.71105,0.00888535,0.53023,0.015565,,,0.527126,0.0201622
365733349,1288.01,21.88,1,9.93119,0.006,313.167029,65.608783,43.253,0.057,-68.614,0.056,2460445.65,0.0006331,2.6998294,3.6e-06,2.208,0.245,3.042148,0.041863,2798.0,38.5565,4.94551,0.261301,1198.41,1639.0,99.0,114.865,0.3215,6180.0,362.01,4.57956,0.106778,0.92,0.05,,,1.181,0.199742
408203470,1289.01,5.49,0,12.9984,0.007,307.210941,33.413959,-76.25,2.0,-117.93,2.0,2458711.411,0.002166379,0.581321957,9.82e-05,1.326117703,0.5156573,3.487117,0.40266,3206.601002,370.79492,2.201488612,1.4735351,194.5178158,952.4881815,8.015348,89.21544,,3446.0,157.0,4.83941,0.00296261,0.38621,0.0118685,,,0.375832,0.0205222
417676622,1290.01,5.71,1,9.50898,0.006,291.03231,49.040213,-7.334,0.039,-10.43,0.048,2460551.374,0.0024571,5.3987355,1.66e-05,3.127,0.639,0.382246,0.020442,352.0,18.8276,2.25345,0.146074,335.249,1192.0,20.0,144.166,0.435,5875.23,137.941,4.26474,0.0802204,1.26,0.07,0.12598,0.00399349,1.064,0.134549
219015370,1294.01,65.29,1,10.9458,0.007,223.092641,70.476557,-19.069,0.047,-2.555,0.045,2459663.162,0.000592,3.9152737,4e-06,2.562,0.118,3.643322,0.00058,3350.0,0.534017,9.43435,0.490566,311.498,1170.0,91.0,332.648,2.286,5714.0,126.4,4.05,0.08,1.58,0.08,,,1.02,0.130472
237104103,1298.01,69.72,1,10.9585,0.006,241.322901,70.19004,-36.41,0.035,43.934,0.035,2459764.42,0.0004049,4.537136131,1.8e-06,4.042155048,0.028003458,4.569429,0.026092,4199.755875,24.031218,9.815351278,0.4877107,732.0077048,1326.626483,169.72237,319.036,1.9895,5731.0,124.6,4.1,0.08,1.486680031,0.0724271,,,1.02,0.12403
356867115,1301.01,7.22,1,10.5216,0.006,275.862543,71.581748,-43.319,0.04,85.838,0.045,2459710.294,0.0015701,6.096407441,5.68e-06,2.363296507,0.09108779,1.241151,0.034747,1142.489174,32.002934,2.585685307,0.29829618,69.86335055,737.3642914,32.207333,90.8693,0.18925,4820.4,31.6,4.6,0.09,0.73169899,0.0479774,,,0.77,0.0878583
186000935,1304.01,30.6,0,9.76577,0.006,303.072972,44.495878,-40.227,0.036,-75.628,0.041,2460552.791,0.0015949,8.8735214,1.53e-05,4.059,0.474,2.118165,0.434465,1949.0,400.077,6.0401,0.617764,1064.98,1591.0,44.0,156.338,0.539,5992.0,131.1,4.34,0.08,1.18,0.05,,,1.104,0.145704
287190564,1309.01,83.07,0,10.6229,0.011,292.50517,54.108503,-1.508,0.058,-1.715,0.053,2458684.763,0.00206,1.49861,0.00012,2.871,0.147,2.378857,0.061928,2188.61,57.0363,,,90202.8,4828.0,36.0,686.879,13.8835,8590.0,388.2,4.12,0.07,,,,,2.21,0.310945
294179389,1310.01,96.91,0,10.5742,0.006,300.83864,53.29562,9.671,0.173,-14.426,0.128,2458685.471,0.00043,2.6796,3e-05,2.771,0.056,8.272171,0.00038,7590.0,0.350176,11.8862,0.593028,823.434,1492.0,120.0,247.975,4.665,5938.0,140.8,4.23,0.08,1.32,0.07,,,1.084,0.145624
405904232,1312.01,109.15,0,10.1098,0.006,301.562631,52.164181,7.431,0.041,11.922,0.044,2460549.083,0.0005036,11.0765063,6.6e-06,4.692,0.14,4.78778,0.054362,4400.0,50.0679,12.8076,0.578892,189.348,1033.0,61.0,316.176,2.1845,6460.0,546.3,4.0,0.08,1.86,0.08,,,1.26,0.192838
11111899,1313.01,58.39,0,9.6996,0.006,303.824831,36.651807,5.7,1.3,0.9,1.3,2460557.801,0.0005362,0.6193401,5e-07,1.514,0.133,2.013735,0.175321,1853.0,161.464,8.84136,,55990.1,,55.0,303.313,,7812.5,329.0,,,1.79,,,,,
15565627,1316.01,55.39,0,10.3332,0.021,307.016647,39.87713,-5.507,0.044,-13.746,0.044,2458684.061,0.00539,3.80509,0.00058,3.347,0.645,1.390633,0.002418,1280.0,2.2275,8.57193,0.655497,1214.11,1644.0,16.0,434.962,5.073,6555.5,142.0,3.83,0.1,2.35,0.15,0.067,0.012,1.36,0.23
167098530,1319.01,8.82,0,9.3213,0.006,318.627107,40.017017,51.963,0.043,77.173,0.047,2459823.854,0.0013008,0.890967,1.7e-06,1.784,0.338,1.194967,0.002186,1100.0,2.01346,2.89678,0.213538,3225.32,2099.0,23.0,73.6326,0.1672,5159.2,91.4,4.5,0.08,0.87,0.05,,,0.88,0.105495
256886630,1323.01,33.93,0,8.26618,0.006,329.385067,41.449509,8.026,0.049,-0.029,0.053,2458713.201,0.00597,2.03905,0.00116,2.26,0.948,0.466967,0.011479,430.0,10.5726,6.42307,0.974662,26394.8,3550.0,11.0,301.421,3.148,9003.0,188.7,3.94,0.07,2.68,0.07,,,2.273,0.337582
266688542,1324.01,68.34,0,10.1894,0.008,321.02381,46.384673,-11.834,0.052,-15.942,0.05,2460389.23,0.003066,2.9424142,8.9e-06,4.073,0.826,1.521096,1.334092,1400.0,1227.99,9.70968,2.47994,23595.1,3452.0,30.0,339.736,3.9305,6854.0,347.9,4.1,0.1,1.79,0.07,,,1.484,0.295157
274942910,1325.01,10.96,0,9.9809,0.006,322.92657,41.797465,172.202,0.042,108.043,0.047,2460393.553,0.0010725,1.0793011,1.4e-06,2.196,0.311,1.697246,0.775581,1562.0,714.081,3.31116,0.648103,7736.05,2612.0,46.0,52.4946,0.0719,4349.3,114.1,4.62,0.1,0.67,0.06,,,0.68,0.0847477
330332501,1328.01,34.34,0,10.3599,0.03,315.110366,46.060449,-8.94,0.052,-23.17,0.044,2459819.79,0.0046357,4.0157492,2.09e-05,2.706,0.422,1.249315,0.103139,1150.0,94.9901,6.47219,0.464065,669.61,1417.0,15.0,397.905,4.9305,6585.0,233.8,3.94,0.09,2.07,0.09,,,1.37,0.236728
345996087,1329.01,44.95,0,10.2835,0.006,327.480039,44.08006,-8.622,0.045,-16.864,0.047,2458712.723,0.00808,2.01976,0.00179,3.394,0.614,4.312248,0.560708,3963.85,516.298,7.3626,0.517527,5926.69,2444.0,12.0,398.627,4.673,7274.6,109.7,4.18,0.08,1.72,0.05,,,1.743,0.288543
357457104,1330.01,8.38,0,9.521,0.136,315.540896,45.775741,,,,,2459852.149,0.0031516,1.748054,6.1e-06,2.122,0.38,0.727687,0.048648,670.0,44.8055,,,,,18.0,,,,,,,,,,,,
387664866,1331.01,93.37,0,9.08409,0.006,323.548627,50.481445,0.224,0.052,-12.908,0.046,2458712.518,0.00458,2.65646,0.00109,2.475,0.355,0.84,0.00275,773.369,2.53298,12.1711,0.791407,948.066,1545.0,11.0,402.661,4.927,6135.4,94.9,3.4,0.11,3.98,0.12,,,1.333,0.27907
92783821,1336.01,125.25,0,10.2115,0.017,303.017318,35.524628,-11.969,0.047,-8.381,0.049,2459442.068,0.002196,3.8615978,1.59e-05,1.678,0.371,1.108016,0.208784,1020.0,192.279,13.8394,3.77713,2320.32,1933.0,14.0,524.29,8.182,7396.0,174.0,3.89,0.08,2.45,0.09,,,1.69,0.278006
260128333,1338.01,47.69,1,11.4881,0.006,92.133096,-59.540985,-12.258,0.037,34.405,0.041,2459238.219,0.005102402,95.174,,11.63168641,0.4795903,2.826657,0.230598,2600.061605,212.36592,7.84988908,0.7399995,0.993831622,254.6525048,11.846099,399.017,3.1375,5723.2,57.0,3.6,0.08,1.518110037,0.0699799,-0.4,0.09,1.02,0.122643
269701147,1339.01,10.38,1,8.2929,0.006,302.025625,66.850301,150.256,0.044,-63.909,0.047,2460544.703,0.0005903,8.8803247,5.8e-06,2.751,0.137,1.328668,0.013606,1223.0,12.5314,3.19902,0.162205,80.8708,835.0,84.0,53.6089,0.0732,5555.7,313.7,4.49,0.08,0.92,0.05,,,0.95,0.119246
269701147,1339.02,7.1,1,8.2929,0.006,302.025625,66.850301,150.256,0.044,-63.909,0.047,2460555.19,0.0015084,28.5804571,4.06e-05,4.038,0.28,0.977603,0.024053,900.0,22.1538,2.55979,0.13622,12.8234,527.0,37.0,53.6089,0.0732,5555.7,313.7,4.49,0.08,0.92,0.05,,,0.95,0.119246
269701147,1339.03,7.37,1,8.2929,0.006,302.025625,66.850301,150.256,0.044,-63.909,0.047,2460507.728,0.0023609,38.3513495,0.0001014,5.317,1.191,0.926528,0.043604,853.0,40.1597,2.6167,0.153369,25.3934,625.0,38.0,53.6089,0.0732,5555.7,313.7,4.49,0.08,0.92,0.05,,,0.95,0.119246
233681149,1340.01,25.04,0,10.8037,0.006,260.36481,65.012281,-16.36,0.055,94.627,0.062,2458683.69,0.005049253,8.587466797,0.004981359,5.145890186,0.3955153,2.070097,0.369993,1904.813148,340.71796,5.374472103,0.9241127,152.0429498,895.5943008,10.186884,208.687,1.072,5929.0,124.812,4.48275,0.0787278,0.987583,0.0471407,,,1.081,0.143386
256621916,1342.01,25.03,0,10.4243,0.007,300.488392,60.246367,8.4,2.3,-16.6,2.2,2460352.578,0.0004751,1.4136455,9e-07,1.448,0.229,2.638285,5.73589,2427.0,5269.02,,,5133.26,2358.0,72.0,,,5869.0,253.3,,,,,,,,
358631536,1343.01,24.82,0,10.0062,0.006,317.575459,48.464282,3.666,0.28,-1.221,0.135,2460552.941,0.0033335,3.4040139,1.23e-05,4.837,0.875,1.015638,0.123577,935.0,113.812,5.34279,0.707446,81123.4,4701.0,34.0,400.034,10.639,9622.0,756.2,4.39,0.15,1.65,0.19,,,2.452,0.409721
229747848,1347.01,3.73,1,10.7157,0.007,280.326681,70.290054,-6.335,0.11,26.221,0.078,2459664.027,0.0007359,0.847421802,4.78e-06,0.875876445,0.115039274,0.460877,0.031627,424.3932848,29.129574,1.753654382,1.371646,1876.131549,1678.554981,24.57215,147.476,1.0425,5300.0,143.2,4.56,0.08,0.846387029,0.0434397,,,0.945,0.120799
229747848,1347.02,3.25,1,10.7157,0.007,280.326681,70.290054,-6.335,0.11,26.221,0.078,2459656.583,0.0076054,4.842043816,1.67e-05,2.410564848,0.29696023,0.34604,0.033708,318.6638392,31.045536,1.617740454,0.6245401,183.6641995,938.9141348,8.874897,147.476,1.0425,5300.0,143.2,4.56,0.08,0.846387029,0.0434397,,,0.945,0.120799
229770036,1348.01,4.42,0,10.6666,0.006,282.173361,70.840191,-63.053,0.074,114.601,0.093,2458684.502,0.00575,2.14056,0.00023,2.029,0.369,0.386408,0.037684,355.8315803,34.70787,1.83828,0.167472,316.156,1174.0,12.0,101.713,0.5015,4567.0,143.3,4.39,0.1,0.84,0.05,,,0.706,0.0838938
279177746,1353.01,70.99,0,10.1503,0.075,313.885156,46.502085,-0.511,0.062,3.17,0.055,2460551.554,0.0013726,4.4350025,8.1e-06,2.252,0.381,2.266123,0.333419,2085.0,307.043,9.91393,1.00166,6855.78,2535.0,31.0,464.209,8.1325,9706.0,667.9,4.29,0.12,1.87,0.14,,,2.48,0.387116
365683032,1354.01,60.13,0,8.78822,0.01,312.179957,51.910696,6.909,0.081,3.48,0.073,2460556.602,0.0016965,1.4287976,4.1e-06,2.93,0.564,1.921281,1.311406,1768.0,1207.12,9.00484,,165726.0,5621.0,40.0,245.776,2.9185,9224.0,163.0,4.37,,1.65,,,,2.338,
357972447,1357.01,9.13,0,10.2193,0.006,316.955806,50.500883,-16.389,0.064,-11.604,0.066,2460393.797,0.0017901,0.33759,5e-05,1.351,0.189,0.574506,0.030939,529.0,28.4954,2.96097,0.156624,9164.98,2725.0,18.0,254.401,2.292,7387.0,515.6,4.39,0.1,1.37,0.05,,,1.683,0.309446
275501623,1358.01,22.95,0,8.63701,0.006,320.116115,61.12025,5.307,0.103,3.776,0.087,2458739.599,0.00213,1.67346,2e-05,2.54,0.181,0.42352,0.000385,390.0,0.354149,5.10182,,19786.3,3304.0,25.0,356.681,5.825,10445.0,124.0,4.09,,2.45,,,,2.695,
416624606,1359.01,118.5,0,10.2732,0.024,310.038053,50.323742,3.547,0.057,-39.384,0.049,2459821.804,0.0013119,2.5152549,4.4e-06,2.386,0.193,2.032227,0.141642,1870.0,130.449,13.4294,2.72798,4740.94,2311.0,48.0,335.203,3.774,5915.0,191.0,3.82,0.09,2.11,0.1,,,1.08,0.15545
330468175,1360.01,23.56,0,10.0146,0.021,315.166199,47.785991,2.27,0.051,0.104,0.053,2458739.28,0.0077,0.70902,0.00036,2.49,0.287,0.619046,0.001297,570.0,1.19453,5.18865,0.325913,65312.0,4453.0,19.0,533.615,8.445,8999.0,297.4,4.05,0.07,2.36,0.07,,,2.27,0.32272
230017325,1363.01,113.56,0,10.3843,0.007,291.469121,61.776068,-6.849,0.06,-8.871,0.046,2460552.29,0.0011799,9.6926439,1.1e-05,2.709,0.364,1.518921,0.045327,1398.0,41.7465,13.0906,0.687767,87.6527,852.0,47.0,615.12,10.067,6012.0,128.6,3.39,0.08,3.51,0.17,,,1.11,0.154299
129539786,1367.01,25.38,0,9.24102,0.006,343.953614,39.645117,-55.543,0.038,-28.177,0.038,2459850.248,0.0019066,2.0881134,7e-06,2.307,0.54,0.792877,0.096709,730.0,89.0682,5.41738,0.375371,8383.12,2665.0,28.0,195.858,1.1855,6255.8,330.7,4.11,0.09,1.7,0.08,,,1.355,0.228951
136971594,1368.01,9.06,0,9.1384,0.006,317.966114,43.592849,-96.263,0.046,-2.55,0.051,2458711.814,0.00474,1.25562,0.00024,2.304,0.293,0.314909,0.000802,290.0,0.738273,2.95064,0.21712,2790.4,2024.0,10.0,158.181,0.7595,5717.0,132.4,3.97,0.07,1.72,0.08,,,1.02,0.122812
155005217,1369.01,31.51,0,10.4216,0.01,345.243825,42.549318,-1.704,0.095,0.007,0.099,2459867.207,0.0015706,7.6047417,0.0003056,5.23,0.542,1.303666,0.071122,1200.0,65.5037,6.14418,0.369492,2393.29,1948.0,24.0,516.299,21.2785,9139.0,167.7,4.29,0.08,1.8,0.09,,,2.31,0.340576
155114483,1370.01,88.19,0,9.25068,0.006,345.748458,44.564848,12.325,0.044,-9.1,0.045,2459877.368,0.0005164,5.2651271,4.6e-06,2.463,0.261,3.752266,0.180737,3450.0,166.451,11.2446,0.411863,2619.14,1993.0,93.0,275.493,2.3225,8728.0,161.6,4.32,0.07,1.7,0.05,,,2.189,0.329227
164150539,1372.01,51.4,0,10.3126,0.006,335.753569,30.572726,7.989,0.07,3.749,0.085,2459850.544,0.0015925,6.1600888,1.35e-05,1.67,0.585,1.216706,0.209536,1120.0,192.971,8.22262,0.523202,143.457,964.0,14.0,244.043,3.7655,5772.0,123.2,4.07,0.08,1.55,0.07,,,1.034,0.132868
190430205,1374.01,76.51,0,9.8261,0.011,324.922517,46.220215,-2.152,0.059,-1.765,0.051,2458712.069,0.0107,1.06884,0.00034,2.512,0.474,0.510416,0.001853,470.0,1.70665,10.3628,0.812198,32361.2,3736.0,11.0,1013.56,29.319,9222.0,179.0,3.42,0.07,4.94,0.19,,,2.34,0.307761
190442486,1375.01,28.37,0,10.4568,0.016,324.935562,41.950794,16.048,0.041,1.949,0.042,2459850.131,0.0031994,5.4561177,2.47e-05,3.1,0.633,1.477606,0.098115,1360.0,90.3633,5.78741,0.295284,796.96,1480.0,17.0,365.168,3.815,7465.0,170.4,4.31,0.08,1.51,0.05,,,1.71,0.276418
190743990,1376.01,17.99,0,10.2566,0.006,325.787112,45.646806,-7.587,0.049,-20.957,0.054,2460582.487,0.0015014,1.7380504,2.8e-06,1.496,0.311,1.03846,0.070544,956.0,64.9713,4.42263,0.270415,787.969,1476.0,11.0,240.012,1.8065,6026.0,128.9,4.16,0.08,1.45,0.06,,,1.117,0.146874
240613164,1377.01,129.24,0,10.1441,0.009,326.305217,45.812547,-4.045,0.057,-4.784,0.057,2458712.053,0.00122,1.99143,8e-05,4.136,0.071,18.335475,0.702229,16745.8,646.568,,,108701.0,5058.0,65.0,4984.88,921.355,9458.2,455.4,,,,,,,,
274170255,1380.01,54.63,0,9.32845,0.006,316.446344,46.845151,19.689,0.046,2.774,0.047,2458712.05,0.0055,1.41072,0.00028,2.623,0.4,0.543004,0.001148,500.0,1.05689,8.4993,,2001.09,1863.0,14.0,305.674,2.7495,5197.0,122.0,,,3.84,,,,,
276360911,1382.01,83.22,0,9.62426,0.006,329.05345,55.740977,12.362,0.053,3.363,0.056,2458738.896,0.00188,0.44482,5e-05,1.058,0.174,1.749444,0.00793,1610.0,7.30347,10.8884,0.742264,14152.2,3038.0,11.0,285.666,2.732,7184.0,558.2,4.1,0.12,1.88,0.08,,,1.607,0.374496
313506357,1383.01,83.01,0,9.5621,0.006,347.757547,45.93369,45.999,0.044,0.128,0.039,2459880.029,0.0032042,1.532703,1.46e-05,2.698,0.543,1.358019,2.298405,1250.0,2114.67,10.8699,2.32743,26916.4,3568.0,47.0,178.003,0.896,6023.1,122.1,4.24,0.09,1.39,0.06,,,1.215,0.184841
328167090,1384.01,21.34,0,10.0009,0.006,331.663464,55.686255,-2.097,0.061,-9.395,0.048,2459880.757,0.002129,0.7131492,3.7e-06,2.428,0.601,0.488691,0.060769,450.0,55.9689,4.89712,,18159.7,3234.0,26.0,235.218,1.7195,5128.9,90.1,3.88,,1.93,,,,1.034,
343019899,1386.01,17.25,1,10.0618,0.006,334.504103,54.319045,55.052,0.05,10.638,0.044,2460561.018,0.0016808,25.8386422,5.77e-05,5.209,0.392,1.962612,0.073079,1806.0,67.3058,4.31235,0.241657,32.9135,667.0,25.0,146.858,0.6835,5769.0,146.5,4.43,0.08,1.03,0.05,,,1.033,0.128555
343442463,1387.01,15.39,0,8.95861,0.006,341.518718,55.162935,14.058,0.074,-1.994,0.061,2458739.522,0.0029,0.78381,0.00015,1.443,0.189,0.46273,0.001257,426.099,1.1574,3.89595,0.236466,9401.36,2743.0,18.0,239.688,2.551,7842.0,120.2,4.22,0.08,1.72,0.05,,,1.921,0.297438
365389353,1390.01,109.92,0,10.3093,0.02,323.86462,51.323577,7.911,0.068,4.41,0.063,2460605.16,0.0016651,2.6380089,5.9e-06,3.55,0.433,1.828833,0.762986,1683.0,702.489,12.8098,2.14567,26423.9,3551.0,37.0,523.373,12.7995,7495.0,195.4,3.88,0.09,2.5,0.1,,,1.73,0.291997
389182138,1391.01,22.23,0,10.4602,0.006,343.635061,54.161814,-94.07,0.049,9.95,0.048,2460610.162,0.0027855,2.7260173,6.2e-06,2.703,0.933,1.26562,2.479491,1165.0,2281.09,4.98036,1.77314,4788.29,2317.0,16.0,115.746,0.4265,5256.0,125.8,4.59,0.08,0.79,0.04,,,0.899,0.113743
416987878,1392.01,54.56,0,10.399,0.029,322.892141,50.320713,1.791,0.047,-2.781,0.049,2458712.767,0.00452,2.86876,0.00042,2.422,0.362,1.118885,0.002364,1030.0,2.17774,8.48351,0.518841,2571.69,1983.0,12.0,594.193,10.8995,8342.0,285.2,3.9,0.08,2.65,0.09,,,2.06,0.32162
430528566,1393.01,52.57,0,10.1993,0.006,333.171245,52.900886,2.078,0.05,-17.708,0.049,2460405.443,0.0006882,0.5590256,1.7e-06,0.688,0.131,0.716822,0.114995,660.0,105.909,4.22851,,2015.68,1866.0,15.0,248.79,2.1445,,,,,1.35,,,,1.338,
431156009,1394.01,18.3,0,9.44275,0.006,340.395784,51.965285,47.604,0.075,15.882,0.071,2460403.663,0.0024308,2.958148,1.3e-05,3.769,0.881,1.064543,0.062659,980.0,57.7096,4.47387,0.273211,4739.26,2311.0,28.0,195.022,1.5465,6294.0,142.8,4.13,0.09,1.58,0.07,,,1.234,0.190372
468472950,1395.01,11.63,0,10.1277,0.006,321.283221,40.887821,-3.082,0.107,-6.903,0.09,2458712.358,0.00523,0.98736,0.00017,1.464,0.252,0.401797,0.001333,370.0,1.22746,3.41784,0.282621,2591.32,1987.0,10.0,279.953,6.32,6301.3,135.2,4.07,0.09,1.69,0.1,0.0,0.009,1.237,0.176353
468845640,1396.01,34.8,0,10.3217,0.006,337.8341,53.796052,84.014,0.227,18.619,0.32,2458741.729,0.00222,3.99307,0.00063,4.783,0.567,4.234813,0.003755,3892.81,3.4588,6.35126,0.329438,1282.52,1667.0,49.0,102.931,1.5595,4731.1,101.1,4.35,0.09,0.93,0.04,,,0.752,0.0919386
66783360,1399.01,29.45,0,10.2107,0.006,341.970903,49.918072,18.039,0.078,0.467,0.07,2459881.306,0.0015101,1.3812787,3.5e-06,2.4,0.746,1.709208,0.596572,1573.0,549.312,5.91488,1.10109,24595.6,3488.0,30.0,252.396,3.0125,6483.0,147.9,4.28,0.08,1.38,0.06,,,1.323,0.210341
258801269,1400.01,96.14,0,10.938,0.007,287.025089,66.290697,4.723,0.06,-12.459,0.073,2458689.026,0.00479,5.48923,0.00073,3.29,0.476,0.98847,0.653529,910.0,601.741,11.8401,4.4113,2592.62,1987.0,19.0,370.791,5.6625,6004.0,116.9,4.06,0.07,1.62,0.07,,,1.11,0.138547
259129875,1402.01,36.41,0,10.5896,0.007,291.880247,68.014695,2.859,0.051,7.618,0.046,2458684.097,0.00151,0.43889,1e-05,0.947,0.245,0.705958,0.002246,650.0,2.06904,6.69456,0.458256,14357.3,3049.0,27.0,576.745,8.5765,7111.0,125.5,3.91,0.09,2.32,0.1,,,1.58,0.269773
387834907,1405.01,79.53,0,8.4239,0.006,315.669109,70.0803,3.4,1.5,-1.7,1.5,2458739.88,0.00199,12.64001,0.00298,6.893,0.425,10.31818,0.605243,9458.38,557.294,,,703.834,1434.0,75.0,,,5195.1,502.3,,,,,,,,
231736113,1406.01,65.38,1,11.4266,0.006,82.127963,-48.409067,0.889,0.057,-21.885,0.066,2459218.231,0.001159,10.5739824,2.24e-05,4.04,0.16,5.944363,0.001046,5460.0,0.963427,9.43898,0.456139,171.146,1007.0,51.0,414.23,5.0325,6519.0,135.5,4.36,0.08,1.27,0.06,,,1.34,0.215594
69747919,1407.01,4.87,1,7.7275,0.006,336.576123,-18.011665,73.606,0.105,-114.505,0.093,2459085.391,0.01294,9.978331927,6.1e-05,4.228171059,0.43826023,0.194608,0.019485,179.2248456,17.946602,2.051533242,0.9935112,300.9646623,1062.303534,8.511921,80.8994,0.4704,6073.5,6064.9,4.1,0.3,1.471310019,0.0695252,,,1.16,0.157273
364186197,1408.01,49.55,1,8.82374,0.006,313.511047,72.580646,11.808,0.045,28.759,0.045,2460475.346,0.0001903,4.424712,1e-06,1.215,0.178,2.64155,0.123057,2430.0,113.333,8.05593,0.649397,271.896,1131.0,126.0,139.484,0.4175,6594.0,709.2,4.23,0.16,1.49,0.11,,,1.375,0.406981
364186197,1408.02,2.52,1,8.82374,0.006,313.511047,72.580646,11.808,0.045,28.759,0.045,2460479.047,0.0052675,2.2222094,1.28e-05,2.461,0.554,0.094463,0.009866,87.0,9.08663,1.39527,0.138361,2005.35,1864.0,9.0,139.484,0.4175,6594.0,709.2,4.23,0.16,1.49,0.11,,,1.375,0.406981
199444169,1410.01,11.65,1,10.1917,0.006,334.882849,42.560314,-67.417,0.04,10.385,0.043,2459850.737,0.0010871,1.2168732,5.25e-05,0.86,0.116,1.347148,0.150522,1240.0,138.626,3.43106,0.30991,153.719,980.0,23.0,72.7512,0.1604,4634.6,106.7,4.51,0.1,0.78,0.06,,,0.71,0.085434
116483514,1411.01,2.55,1,9.1043,0.006,232.946047,47.055551,154.795,0.037,-298.481,0.048,2460447.085,0.0012317,1.4520486,2.2e-06,1.339,0.314,0.426778,0.021581,393.0,19.8769,1.404,0.136111,266.85,1125.0,20.0,32.4778,0.0225,4184.0,124.368,4.57376,0.107379,0.69,0.06,,,0.65,0.0805444
158025009,1416.01,3.21,1,9.0739,0.006,216.923489,41.952986,-92.338,0.032,-101.247,0.037,2460423.263,0.0023948,1.0697621,2e-06,1.356,0.421,0.408314,0.03312,376.0,30.5043,1.60037,0.129531,1061.92,1590.0,15.0,55.0135,0.07735,4946.0,128.622,4.53834,0.0914034,0.8,0.05,,,0.81,0.10277
224600500,1418.01,3.54,0,6.76754,0.007,254.958579,58.462633,-10.013,0.08,11.018,0.077,2458684.278,0.001344387,0.67632351,3.31e-05,4.916458969,0.10486649,0.032748,0.002112,30.16179769,1.9449273,1.70003496,0.2746406,42572.15874,3663.541941,14.117514,161.067,0.8595,8475.0,142.024,3.82228,0.0711894,2.948649883,0.0857588,,,2.106,0.311364
311035838,1419.01,72.76,1,10.7164,0.006,206.094014,48.028565,-19.746,0.034,-24.008,0.038,2459661.568,0.0001852,2.8997405,9e-07,1.849,0.027,15.043468,0.000918,13760.0,0.845474,10.0433,0.564205,176.587,1015.0,191.0,134.554,0.4785,5224.0,118.05,4.55801,0.0804107,0.82,0.05,0.41,0.08,0.89,0.106514
321857016,1420.01,99.39,1,11.2287,0.006,322.941809,66.349005,45.326,0.045,32.042,0.044,2459830.458,0.000481155,6.956113367,1.53e-05,3.362800332,0.034057118,17.500372,0.13878,15989.2311,127.81271,12.09082297,0.69774693,136.9557694,872.4987884,124.317764,201.918,0.9145,5387.0,136.579,4.46259,0.0853171,0.940037,0.0535176,,,0.935,0.117864
333473672,1422.01,14.19,1,10.1308,0.006,354.240829,39.639279,-67.547,0.041,-31.087,0.031,2459864.064,0.0046431,13.00178901,4.49e-05,4.484732173,0.22194713,1.45541,0.078094,1339.583766,71.92465,3.84804999,0.3972419,90.51509301,786.6834253,16.339954,155.141,0.66,5914.0,125.3,4.46,0.08,1.008260012,0.0466332,,,1.076,0.141953
346418409,1423.01,33.84,0,10.9243,0.006,344.609651,39.658712,-79.05,0.044,-38.029,0.045,2458740.962,0.003490125,2.755653181,0.000840444,3.396728188,0.23230256,3.103621,0.166421,2854.458929,153.26804,6.414551936,7.742217,207.2386368,967.6926252,15.16427,112.383,0.459,4993.0,127.12,4.66918,0.0887258,0.696945,0.04299,,,0.827,0.103223
128501004,1426.01,4.14,0,9.76952,0.006,339.03342,37.841042,-65.606,0.084,57.654,0.139,2458739.001,0.00029,0.78999,2e-05,1.153,0.029,6.261001,0.302963,5750.0,279.0,1.99,0.37,5497.38,2398.0,54.0,129.284,1.5525,5558.0,103.5,4.43,0.08,1.1,0.04,,,1.04,0.137463
2041563029,1427.01,83.89,0,10.0526,0.006,346.517442,43.898633,-2.799,2.2,-37.636,2.02,2458747.01,0.0003,12.80758,0.00023,3.596,0.083,29.843665,0.007576,27112.7,6.97744,11.4222,0.505247,28.4034,643.0,123.0,72.6157,7.92175,5094.4,106.1,,,0.63,0.03,,,,
377304435,1428.01,111.37,0,10.8475,0.008,287.050161,55.303691,-4.773,0.046,4.565,0.046,2458691.561,0.00632,11.35626,0.00118,6.047,0.638,2.38037,0.063589,2190.0,58.5655,12.9372,1.89571,1493.65,1731.0,21.0,504.976,6.2375,6314.0,134.8,3.87,0.09,2.14,0.1,,,1.24,0.190396
138968089,1429.01,20.97,0,11.6459,0.006,295.101088,40.986723,-2.194,0.041,6.889,0.04,2458711.558,0.002353542,0.641255763,0.000109217,1.116108157,0.6985211,1.118379,0.170167,1029.534833,156.71747,4.841201962,7.962996,10373.51921,2573.956947,7.2701707,435.255,4.5665,5854.65,147.439,4.1262,0.0861579,1.47292,0.0925879,0.102,0.014,1.058,0.135285
293954617,1430.01,4.61,1,8.3879,0.006,300.615453,53.377442,164.816,0.05,145.473,0.047,2460549.311,0.0009773,7.4341456,9.5e-06,2.424,0.071,0.761368,0.019706,701.0,18.1495,1.97737,0.121581,48.0098,733.0,45.0,41.1706,0.0414,5064.0,119.118,4.57887,0.0847109,0.78,0.05,,,0.85,0.103082
198356533,1437.01,5.14,1,8.69378,0.006,256.138751,56.842549,10.709,0.032,-20.199,0.038,2459906.552,0.0024492,18.84101,8.65e-05,5.82,0.815,0.304049,0.012256,280.0,11.2879,2.11414,0.106412,104.735,891.0,21.0,103.297,0.183,6093.0,124.709,4.32207,0.0785303,1.22,0.05,,,1.144,0.152159
232982558,1439.01,15.13,1,9.98671,0.006,241.763937,67.87764,-0.587,0.062,-20.618,0.079,2458703.477,0.002210137,27.64390595,8.43e-05,5.553151941,0.2784565,0.629437,0.025069,579.5650928,23.088959,3.994946804,0.69874024,84.29862805,772.8138136,24.763065,230.306,2.3345,5873.0,123.835,4.043,0.0782199,1.62480998,0.0780528,,,1.063,0.135876
235683377,1442.01,1.77,1,12.4934,0.007,287.292101,74.174276,82.064,0.065,462.813,0.066,2459768.708,0.0007204,0.409068058,3.72e-06,0.61657259,0.09830363,1.391969,0.067133,1281.229466,61.829594,1.183377884,0.2699512,207.0242436,967.4422529,30.293798,41.1659,0.06165,3328.0,157.0,4.91612,0.00465389,0.308798999,0.00922995,,,0.286682,0.0201815
237232044,1443.01,5.19,1,9.9377,0.006,297.398678,76.139178,-88.066,0.047,21.781,0.056,2460482.339,0.0019973,23.5406962,5.07e-05,4.065,0.313,1.03846,0.037301,956.0,34.355,2.13419,0.134748,16.1306,558.0,32.0,85.8034,0.2054,5236.0,125.328,4.63898,0.0858843,0.75,0.04,,,0.89,0.112315
258514800,1444.01,3.16,1,10.1522,0.006,305.474925,70.943705,46.402,0.035,-20.689,0.034,2458711.365,0.000733922,0.470280075,5.92e-06,1.41086467,0.14614886,0.232581,0.015845,214.192245,14.593391,1.589051264,0.20889829,5028.509646,2147.729446,17.420979,125.463,0.336,5466.0,121.494,4.48625,0.0772158,0.924989998,0.0470452,,,0.956,0.11332
298073824,1447.01,12.72,0,8.1033,0.006,201.336817,75.982713,-7.486,0.046,-1.625,0.043,2458684.363,0.00170345,1.227307906,1.15e-05,4.811475328,0.18922697,0.072111,0.006444,66.41477785,5.9354177,3.607564674,0.54465497,10396.96413,2575.410049,10.11756,309.2709,,6906.0,,4.438,,4.120409966,,,,,
343628284,1448.01,7.46,1,13.1717,0.007,316.324003,57.771095,-15.721,0.074,-64.779,0.065,2459857.186,0.005491013,8.097081856,0.002682326,3.127852,0.65918344,5.140159,0.653181,4723.072438,601.42126,2.635404277,0.835383,5.363227538,388.1291894,7.6244526,73.3345,0.17285,3391.0,157.0,4.84373,0.0021442,0.381585985,0.0113779,,,0.370553,0.0202547
356158613,1449.01,12.03,0,10.745,0.033,300.708664,39.668371,146.31,0.044,51.616,0.044,2458713.009,0.005506578,,,3.417725038,0.34943599,2.355692,0.516141,2167.320737,475.2706,3.492428973,0.6816561,1.312468488,272.9870031,9.648746,56.3228,0.0867,5780.0,,4.64751,0.0177883,0.604385018,0.0249697,,,0.591652,0.0246673
377293776,1450.01,1.33,1,10.0306,0.007,286.854063,59.086625,69.923,0.055,160.881,0.055,2459662.336,0.001976,2.043926781,4.06e-06,1.00893699,0.1464526,0.505194,0.025402,465.1929875,23.395939,1.092480758,0.37498668,44.94925236,660.3898166,23.923962,22.4467,0.01315,3407.0,157.0,4.7606,0.00697081,0.47360301,0.0139457,,,0.471371,0.0201897
417931607,1451.01,6.89,1,8.9989,0.006,186.524282,61.258929,-5.716,0.038,-26.87,0.035,2460348.108,0.0034283,16.5379864,5.19e-05,2.796,0.877,0.660328,0.044821,608.0,41.2811,2.51948,0.164763,53.0216,751.0,17.0,91.9362,0.21725,5781.0,130.458,4.43068,0.0794308,1.03,0.05,,,1.04,0.131855
420112589,1452.01,3.25,1,12.295,0.007,290.173974,73.195108,7.83,0.077,-73.913,0.086,2459731.359,0.0034263,11.06199374,1.53e-05,1.758777671,0.17191255,3.533427,0.167159,3249.116433,153.94768,1.618494376,0.22460696,2.022502518,304.152939,19.909908,30.5212,0.0391,3248.0,157.0,4.95407,0.00680159,0.275364012,0.00934128,,,0.24878,0.0207334
198390247,1453.01,5.25,1,10.1426,0.006,258.22327,57.197778,-71.005,0.036,-0.024,0.039,2460554.99,0.0007823,6.5886848,4.8e-06,1.663,0.118,0.931962,0.029607,858.0,27.2691,2.14386,0.149758,26.1706,630.0,36.0,78.7415,0.11935,4920.0,127.0,4.64,0.09,0.71,0.05,,,0.81,0.0962979
198390247,1453.02,1.5,1,10.1426,0.006,258.22327,57.197778,-71.005,0.036,-0.024,0.039,2460333.25,0.0031496,4.3135259,1.34e-05,1.921,0.228,0.286672,0.018272,264.0,16.8294,1.12982,0.0887197,87.5472,852.0,14.0,78.7415,0.11935,4920.0,127.0,4.64,0.09,0.71,0.05,,,0.81,0.0962979
199376584,1456.01,76.98,1,8.0417,0.006,306.741134,33.744388,-36.869,0.042,-14.651,0.04,2460544.753,0.0084534,18.712253,0.000315,6.475,0.418,6.606133,0.152411,6066.0,140.366,10.3984,0.477121,171.765,1008.0,204.0,80.6665,0.19125,6125.0,122.2,4.29,0.08,1.27,0.06,,,1.16,0.161728
191284318,1458.01,131.18,1,10.374,0.006,9.573034,42.463096,-21.564,0.081,-4.588,0.149,2459855.001,0.000285257,2.775922521,4.9e-05,3.002784437,0.022340756,13.913988,0.091508,12733.49118,84.27889,14.23510101,0.7287306,1186.354187,1496.832973,135.20555,226.637,4.388,6140.0,125.7,4.32,0.08,1.241819978,0.0629548,0.12,0.08,1.164,0.160159
16920150,1459.01,6.79,0,10.1583,0.006,19.361773,26.745951,55.636,0.072,-51.974,0.07,2458765.546,0.004576259,9.155934024,0.003159365,3.141202172,0.8620384,0.986558,0.135285,908.2412562,124.59452,2.494909228,2.5167987,66.15040057,727.3657867,7.5956173,101.358,0.417,5219.0,133.609,4.55718,0.0853711,0.82204,0.047289,,,0.889,0.115541
188768068,1462.01,2.21,1,5.8961,0.006,261.349585,52.790472,-91.047,0.055,-49.639,0.059,2460338.523,0.0013773,2.1779407,4e-06,2.098,0.114,0.119438,0.00402,110.0,3.70298,1.28228,0.0665152,759.183,1462.0,33.0,27.0498,0.0215,5801.89,124.625,4.25132,0.0751595,1.26,0.06,,,1.04,0.131541
190998418,1463.01,99.4,1,12.0401,0.008,7.053937,42.061345,0.919,0.064,-6.509,0.1,2459856.144,0.000707261,2.879102286,0.000125018,2.749768336,0.058875646,12.477717,0.20457,11426.61701,188.39821,12.09205065,0.7181252,693.2320081,1308.697887,43.08094,367.658,7.922,5583.0,127.666,4.33946,0.0771526,1.114599943,0.0614975,,,0.99,0.12069
236887394,1465.01,105.07,1,11.8478,0.006,303.38187,65.162331,12.636,0.048,58.17,0.041,2459717.423,0.0001255,1.4200248,3e-07,1.431,0.124,26.07514,0.002288,23730.0,2.10693,12.5242,0.748036,382.328,1231.0,424.0,185.615,0.801,4910.0,108.354,4.57248,0.0828462,0.77,0.05,0.2,0.1,0.804,0.0974869
240968774,1467.01,4.17,1,10.5977,0.007,19.114644,49.233138,108.394,0.069,-149.059,0.055,2458766.989,0.001121119,5.971135667,1.37e-05,1.547867071,0.384534,1.561443,0.118342,1437.108603,108.99147,1.872114505,1.216491,18.08824552,525.9795517,12.412292,37.4418,0.05465,3834.0,157.0,4.74552,0.00770691,0.490736991,0.0145151,,,0.488826,0.0202394
243185500,1468.01,4.72,1,10.8858,0.008,16.653872,19.224919,-41.465,0.227,-222.697,0.103,2459450.356,0.001479524,15.53243849,3.26e-05,1.764071747,0.26032037,3.194039,0.162414,2937.495321,149.57779,2.013575985,0.55100846,2.139918765,308.4743596,19.714228,24.7399,0.0468,3382.0,157.0,4.85532,0.00108728,0.369305998,0.010922,,,0.356472,0.020177
243185500,1468.02,2.72,1,10.8858,0.008,16.653872,19.224919,-41.465,0.227,-222.697,0.103,2459448.308,0.001520329,1.880531017,6.8e-06,1.191168429,0.15375616,1.318892,0.108248,1214.006659,99.69469,1.454862923,0.17426977,35.72806334,623.5511988,15.640335,24.7399,0.0468,3382.0,157.0,4.85532,0.00108728,0.369305998,0.010922,,,0.356472,0.020177
283722336,1469.01,2.4,1,4.6278,0.007,348.337203,57.169626,2074.52,0.137,294.936,0.123,2459854.668,0.000723703,3.092967388,0.00014894,0.931570388,0.1117986,0.268766,0.012864,247.5119826,11.848184,1.353617264,0.34232193,192.9278761,950.5358374,17.47232,6.53127,0.003845,4884.29,142.835,4.59034,0.0990508,0.750598013,0.0575351,0.095686,0.0208131,0.8,0.096888
283722336,1469.02,2.18,1,4.6278,0.007,348.337203,57.169626,2074.52,0.137,294.936,0.123,2459868.872,0.0010461,6.7650278,1.42e-05,1.444,0.275,0.238888,0.014603,220.0,13.4494,1.27931,0.104404,32.4433,664.0,24.0,6.53127,0.003845,4884.29,142.835,4.59034,0.0990508,0.75,0.06,0.095686,0.0208131,0.8,0.096888
284441182,1470.01,5.49,1,11.4752,0.007,10.089143,61.213387,48.576,0.044,-55.602,0.043,2459883.444,0.002269791,2.527282242,0.000385898,1.26586097,0.41272178,2.007739,0.212469,1847.487224,195.67229,2.20071815,1.1227379,45.36082137,661.896336,7.901595,51.9503,0.0745,3624.0,157.0,4.74607,0.00772316,0.490119994,0.0145314,,,0.488207,0.0202643
306263608,1471.01,14.52,1,8.5725,0.006,30.905006,21.281327,158.824,0.069,107.675,0.06,2460221.503,0.0109289,20.7724316,0.0002213,5.508,0.943,1.537405,0.149416,1415.0,137.608,3.91576,0.267684,209.722,1060.0,35.0,67.5478,0.15625,5625.56,114.232,4.46798,0.0745542,0.97,0.04,,,1.0,0.128083
306263608,1471.02,10.77,1,8.5725,0.006,30.905006,21.281327,158.824,0.069,107.675,0.06,2459462.517,0.0023529,52.56370562,0.000422825,6.5,0.867,1.296057,0.04981,1193.0,45.8759,3.28372,0.170049,14.3711,542.0,24.0,67.5478,0.15625,5625.56,114.232,4.46798,0.0745542,0.97,0.04,,,1.0,0.128083
306955329,1472.01,18.37,1,10.5508,0.006,14.114261,48.637517,103.372,0.093,-13.429,0.092,2459885.569,0.002879173,6.363410552,8.35e-06,2.692302045,0.11023128,2.574829,0.105945,2368.695203,97.57373,4.478469846,0.37447014,110.0200699,826.0146095,20.85026,121.84,1.317,5103.0,131.442,4.50257,0.0887877,0.859483004,0.0540654,,,0.857,0.107804
352413427,1473.01,5.34,1,8.297,0.006,15.598144,37.185439,-9.876,0.068,-10.13,0.064,2459873.225,0.0016465,5.254492,1.9e-05,2.958,0.43,0.456105,0.027882,420.0,25.6797,2.16083,0.118904,317.956,1176.0,18.0,67.6203,0.20465,5958.0,121.256,4.48217,0.0757701,0.99,0.04,,,1.09,0.142073
427654774,1474.01,13.41,0,14.1431,0.008,349.289072,70.190576,136.449,0.073,129.094,0.061,2458765.042,0.003387887,5.222621,0.001435537,4.693629048,0.6133603,17.366607,2.182041,15867.99202,2007.716,3.721601549,0.3812006,2.790858377,329.6508495,8.069622,83.8106,0.3077,3453.0,157.0,4.95337,0.00864275,0.275946,0.00848293,,,0.249431,0.0202596
432549364,1476.01,100.05,1,10.2242,0.006,0.362099,39.383795,-9.771,0.055,-7.679,0.042,2458765.534,0.000298978,1.217508865,2.75e-05,2.731298923,0.028347816,7.175923,0.081136,6587.475934,74.7258,12.13838977,0.62173665,5879.564447,2233.34614,84.048904,268.43,3.023,6596.04,156.59,4.2467,0.0916891,1.46216,0.0728015,0.131,0.009,1.376,0.226968
409794137,1478.01,102.44,1,10.2042,0.006,126.433743,-13.559548,-8.277,0.058,67.943,0.046,2459982.236,0.0011443,10.1802014,1.52e-05,4.613,0.834,12.558316,3.242698,11500.0,2982.18,12.3422,1.6935,261.013,1119.0,118.0,152.892,0.91,5623.0,125.6,4.4,0.08,1.04,0.05,,,0.996,0.124568
335483600,1480.01,56.98,0,8.7514,0.025,332.613639,63.55055,-0.181,0.423,-2.683,0.44,2459855.711,0.000337568,3.354052972,3.42e-05,1.898415123,0.019461263,6.95921,0.087961,6389.17128,81.01188,,,11694.66279,2652.263542,65.08279,893.093,285.67,8181.0,188.8,,,,,,,,
452803785,1483.01,37.21,0,10.4935,0.006,338.435039,52.636337,20.218,0.046,0.439,0.055,2459844.553,0.0037272,5.0037857,2.87e-05,4.154,0.571,2.119253,0.446752,1950.0,411.389,6.77338,0.539051,2812.53,2028.0,23.0,209.69,1.336,6109.0,156.1,4.42,0.09,1.09,0.05,,,1.15,0.168641
67309890,1484.01,51.34,0,10.2108,0.006,343.156204,48.55001,-26.298,0.08,-17.376,0.065,2460422.616,0.0016107,1.1623941,2e-06,1.266,0.16,1.19388,0.076387,1099.0,70.3527,8.21669,0.456468,1464.16,1723.0,25.0,368.134,5.24,5843.7,198.1,3.82,0.08,2.23,0.1,,,1.186,0.169052
377191482,1485.01,26.87,0,8.8052,0.006,285.937105,59.164074,2.004,0.06,4.538,0.052,2459673.207,0.0808216,2.9551881,0.0003434,1.361,1.717,0.249748,0.02076,230.0,19.1207,5.60201,,158.866,989.0,9.0,386.266,4.2045,5054.0,122.0,,,6.17,,,,,
233541860,1486.01,2.27,0,9.9592,0.006,281.197877,62.685644,-33.816,0.056,56.652,0.051,2459635.537,0.0020124,0.2666485,5e-07,1.075,0.05,0.249748,0.000701,230.0,0.645655,1.30468,0.145092,3064.12,2072.0,35.0,44.3531,0.0525,4154.0,173.4,4.53,0.12,0.71,0.07,,,0.63,0.0827222
198457103,1488.01,2.54,0,8.07023,0.006,261.921033,57.510557,-12.787,0.046,13.763,0.048,2458683.443,0.000781949,0.472105419,7.59e-06,1.699551464,0.071996115,0.049096,0.004048,45.21851316,3.728347,1.398886601,0.26139084,47943.42142,3774.000953,14.797877,160.832,0.574,7269.0,124.5,4.08,0.08,1.937520027,0.0721105,,,1.638,0.277712
219751469,1489.01,122.07,0,8.2285,0.007,261.199848,61.423521,-8.914,0.048,22.411,0.048,2458690.049,0.02254,6.98301,0.00234,3.472,0.903,0.293188,0.002219,270.0,2.04376,13.6402,,148.818,973.0,8.0,411.532,4.479,5118.0,122.0,,,8.4,,,,,
354594208,1492.01,11.93,0,9.76119,0.006,1.887805,32.43753,-4.488,0.051,-56.056,0.025,2458765.228,0.00379,0.86673,0.00021,1.089,0.223,0.72,0.003182,662.925,2.93055,3.54647,0.369081,1519.96,1739.0,9.0,163.083,1.187,5904.0,249.1,4.31,0.07,1.25,0.1,-0.196,0.011,1.119,0.143321
411608801,1494.01,112.14,1,10.3002,0.009,18.995312,21.616906,21.672,0.078,-9.221,0.068,2459856.417,0.000579454,5.026799551,6.87e-06,2.754043987,0.03586621,6.925156,0.080676,6358.00607,74.30245,12.98147408,0.5946677,853.1354811,1378.396782,80.41539,278.514,3.347,6434.0,129.5,4.21,0.09,1.478279948,0.0664975,,,1.3,0.207602
431148743,1495.01,6.42,0,8.706101,0.008,334.981312,53.662497,-6.492,0.126,-2.622,0.121,2459879.808,0.0016243,2.6277641,1.39e-05,2.997,0.947,0.532141,1.211826,490.0,1115.51,,,1344.6,1687.0,27.0,1610.79,205.365,3294.0,11.9,,,,,,,,
384045439,1496.01,91.91,0,10.0478,0.006,327.275942,53.293768,174.708,0.053,10.008,0.045,2458743.871,0.00189,10.82661,0.00064,6.877,0.274,6.413894,1.281099,5890.0,1179.24,11.5303,2.66157,760.667,1463.0,39.0,78.3164,0.1766,5113.0,122.4,4.71,0.09,0.68,0.04,,,0.86,0.104235
371673488,1497.01,15.91,0,9.95717,0.006,343.233217,59.850951,4.326,0.044,-2.168,0.043,2460422.206,0.0033751,0.8165295,2.5e-06,2.294,0.666,0.508243,0.065057,468.0,59.9182,4.12435,0.335822,136662.0,5356.0,23.0,405.174,4.5835,8911.0,721.2,4.26,0.09,1.85,0.07,,,2.245,0.383082
316402246,1498.01,96.32,0,9.6788,0.006,321.97348,54.519818,12.323,0.071,16.871,0.071,2459836.924,0.0033566,1.4014167,9e-06,3.661,0.17,2.968113,0.389151,2730.0,358.357,11.8932,0.575633,81940.9,4713.0,113.0,265.402,2.8785,8014.0,142.1,4.32,0.07,1.6,0.05,,,1.94,0.299502
377420580,1500.01,9.15,0,10.1871,0.006,341.964758,60.173635,82.14,2.0,29.76,2.0,2460422.257,0.0030446,1.4147363,3.7e-06,2.429,0.556,1.075411,0.060248,990.0,55.4886,,,1283.11,1667.0,26.0,89.156,,4980.0,108.9,,,,,,,,
329145325,1501.01,74.31,0,10.4089,0.006,332.712572,59.650554,-14.044,0.054,-9.229,0.047,2459882.025,0.0012906,1.077774,3e-06,2.682,0.305,2.913679,0.895897,2680.0,824.811,10.1773,1.29281,61535.5,4387.0,49.0,351.079,3.241,7274.0,508.9,4.25,0.11,1.58,0.06,,,1.64,0.369883
410528770,1502.01,86.63,0,10.4824,0.006,328.215897,60.569156,18.067,0.053,11.915,0.045,2459847.781,0.0031112,2.7536237,2.6e-05,2.39,0.391,1.586333,0.300289,1460.0,276.538,11.1685,1.04857,529.9,2565.0,37.0,387.982,4.5045,5647.0,144.2,3.68,0.08,2.41,0.13,,,1.002,0.128522
428065977,1503.01,30.75,0,10.2347,0.012,339.120372,52.115714,11.473,0.098,-10.365,0.067,2459881.653,0.0052089,1.6534102,1.16e-05,3.102,0.858,0.651637,0.958862,600.0,882.755,6.07704,1.88336,58331.7,4329.0,16.0,289.116,4.3655,6928.0,149.8,4.29,0.09,1.46,0.06,,,1.51,0.264733
326114850,1504.01,13.87,0,9.98645,0.006,331.569908,52.701917,39.91,0.084,-4.587,0.061,2460406.048,0.0018835,1.2456423,2.2e-06,1.354,0.231,0.750503,0.041505,691.0,38.2269,3.80598,0.226527,1370.47,1695.0,22.0,231.273,2.5675,6194.0,130.4,4.16,0.08,1.5,0.07,,,1.187,0.165927
331034236,1505.01,46.66,0,9.27116,0.006,326.091506,58.551567,-34.822,0.058,-26.776,0.05,2459826.908,0.007109554,3.427254894,0.000762844,5.908392717,0.4892343,0.618468,0.073406,569.4677099,67.60695,7.7503736,6.953522,2690.614003,1836.88767,12.627819,236.734,1.4865,6338.0,144.5,3.9,0.09,2.070709944,0.0909045,,,1.254,0.192238
430677414,1507.01,48.74,0,8.41718,0.006,333.669705,53.239557,-9.914,0.057,-13.263,0.053,2458738.93,0.00115,0.46741,2e-05,1.25,0.02,1.73,0.484771,1592.12,446.391,7.77804,4.12785,137211.0,5361.0,53.0,195.542,1.4165,7960.5,143.8,4.23,0.08,1.77,0.06,,,2.014,0.311572
415741431,1508.01,95.88,0,10.471,0.02,339.14435,58.276061,-5.469,0.06,-2.752,0.049,2459878.867,0.0051106,2.1575124,1.22e-05,2.236,0.449,0.597319,0.086379,550.0,79.5547,11.8527,0.765591,4213.12,2244.0,11.0,852.233,25.219,8326.0,230.8,3.58,0.08,3.87,0.15,,,2.05,0.313483
272828463,1509.01,68.82,0,9.42218,0.006,356.588834,60.487025,8.864,0.041,-2.664,0.035,2460423.101,0.0017674,1.577609,4.6e-06,1.646,0.22,1.146056,0.061723,1055.0,56.8475,9.73924,0.549393,2982.64,2058.0,33.0,431.14,4.9715,7856.0,606.1,3.78,0.1,2.91,0.14,,,1.872,0.398265
377739433,1510.01,40.31,0,10.1975,0.022,348.574188,65.957972,34.183,0.049,6.027,0.048,2458764.825,0.00555,1.23852,0.00023,3.138,0.383,0.477829,0.001032,440.0,0.95017,7.11712,0.485025,9304.06,2736.0,14.0,500.543,7.8005,6524.0,188.4,3.5,0.09,3.4,0.15,,,1.34,0.238065
434718964,1512.01,36.91,0,10.262,1.0,345.488066,64.067337,,,,,2459854.931,0.004935281,1.59722602,0.00023338,5.372172185,0.33115005,4.17085,0.182971,3834.126062,168.50876,,,1397.014319,1559.26512,15.772523,,,,,,,,,,,,
269509393,1513.01,74.3,0,10.2866,0.006,350.373796,60.175637,49.053,0.042,11.522,0.039,2458764.844,0.00698,1.76589,0.00087,3.807,0.82,0.792877,0.002468,730.0,2.27349,4.06597,0.31643,6579.97,2509.0,14.0,275.906,2.0795,6221.0,156.4,4.13,0.09,1.55,0.07,,,1.2,0.179987
270238522,1514.01,95.12,0,7.5586,0.006,351.648417,64.304699,-4.361,0.052,-5.185,0.055,2458765.476,0.00629,1.36991,0.00028,4.156,0.285,1.271055,0.00131,1170.0,1.20653,11.8886,0.65532,18625.3,3254.0,20.0,242.006,1.9745,7339.8,150.7,3.56,0.08,3.64,0.15,,,1.736,0.298772
470709084,1515.01,41.06,0,10.4433,0.006,357.368097,61.682819,-0.929,0.045,13.53,0.048,2458768.569,0.00303,3.66505,0.00011,2.346,0.422,0.98847,0.002234,910.0,2.05749,7.19016,,555.083,1352.0,16.0,337.288,3.4055,6370.0,122.0,3.81,,2.32,,,,1.27,
455962313,1517.01,15.57,0,9.599,0.043,340.036593,65.439728,-0.9,2.2,-8.2,2.3,2460418.994,0.002976,2.25505,6.3e-06,3.034,0.821,0.71465,1.101582,658.0,1014.08,,,,,30.0,184.762,,,,,,,,,,,
272049972,1519.01,61.11,0,10.1914,0.006,355.416664,62.921485,1.9,2.7,-7.2,2.7,2458981.242,0.0034432,1.0960111,3.13e-05,3.167,0.235,2.336846,0.103058,2150.0,94.9153,9.05714,,14474.6,,50.0,294.851,,6083.0,116.7,,,1.58,,,,,
367102581,1522.01,21.54,0,9.39575,0.006,314.269036,78.674917,15.377,0.193,22.668,0.21,2459739.799,0.0030837,2.9798592,9.1e-06,2.737,0.762,0.62991,0.002105,580.0,1.93891,4.92227,0.332283,8878.81,2704.0,31.0,303.976,9.687,9024.0,335.2,4.24,0.07,1.89,0.06,,,2.279,0.330123
387413037,1523.01,23.59,0,10.3197,0.006,311.236535,69.151807,-8.477,0.039,-15.788,0.039,2458738.95,0.00535,6.72694,0.00104,2.649,0.433,1.16236,0.002928,1070.0,2.69667,5.19273,0.351604,264.81,1123.0,13.0,305.758,1.911,6745.0,164.6,4.23,0.09,1.53,0.06,,,1.44,0.247168
276380902,1525.01,41.83,0,10.3202,0.015,308.065776,58.328901,1.248,0.096,-2.493,0.077,2460421.694,0.0024216,0.6171788,3.4e-06,1.433,0.619,0.563643,0.068297,519.0,62.902,7.26341,0.594516,18771.3,3260.0,19.0,799.447,25.305,9603.0,251.9,3.83,0.07,3.14,0.13,,,2.45,0.330519
313761775,1526.01,30.39,0,9.693811,0.006,318.347586,56.943732,-29.564,0.058,-19.113,0.05,2460421.873,0.0013,1.5309799,2.2e-06,1.37,0.326,0.710304,0.048534,654.0,44.7008,6.01061,0.369914,1124.09,1613.0,21.0,320.06,2.6215,6298.0,299.8,3.77,0.11,2.38,0.11,,,1.235,0.245621
312469860,1530.01,32.65,0,9.9475,0.006,12.881425,55.710926,16.0,3.8,-23.9,3.4,2458764.794,0.0013,0.50261,2e-05,1.127,0.237,1.216706,0.003221,1120.0,2.96692,6.28067,,15525.5,,31.0,257.461,,6941.0,,,,1.67,,,,,
354600221,1534.01,14.75,0,9.867621,0.006,6.074676,57.881718,3.131,0.04,-11.769,0.037,2458764.817,0.00675,1.41853,0.00029,2.728,0.707,0.608183,0.002118,560.0,1.95042,3.93221,0.315846,6293.46,2481.0,13.0,241.204,1.829,6329.0,158.7,4.08,0.09,1.68,0.08,,,1.25,0.200894
445137888,1536.01,60.48,0,10.3654,0.033,11.3024,56.070058,-0.129,0.082,-1.659,0.086,2459882.951,0.003889884,2.013653034,0.000487593,2.12149074,0.19407736,0.893817,0.08343,822.8974252,76.83918,9.026907379,1.0058509,38859.71273,3580.920225,10.465393,795.905,74.344,10310.0,617.1,4.01,0.1,2.677129984,0.257347,,,2.65,0.38616
252636888,1539.01,66.56,0,10.4116,0.014,346.518266,52.787014,-18.88,0.047,-17.713,0.055,2459880.281,0.0065773,2.590266,2.02e-05,4.378,1.496,0.760281,0.171072,700.0,157.551,9.54526,1.14071,13184.6,2985.0,18.0,530.347,8.8575,5855.0,146.4,3.45,0.08,3.22,0.16,,,1.06,0.12964
318746829,1540.01,28.74,0,10.4234,0.023,349.718625,56.008598,-1.562,0.106,-3.328,0.094,2460421.233,0.0021111,5.2273176,9.8e-06,3.572,0.648,3.105299,0.128294,2856.0,118.156,,,19.367,584.0,31.0,2537.64,506.585,3593.0,178.4,,,,,,,,
319068154,1541.01,123.41,0,9.7436,0.006,350.108816,55.52411,-6.7,1.5,-3.1,1.5,2460423.402,0.001005,3.7983639,4e-06,1.594,0.341,3.473391,0.20021,3194.0,184.383,13.7263,,2113.11,,40.0,581.487,,9500.0,,,,2.36,,,,,
367607434,1542.01,36.52,0,8.40348,0.006,348.874923,46.576022,-13.724,0.048,7.838,0.041,2458744.444,0.01089,8.2916,0.00371,3.361,0.976,0.510416,0.002535,470.0,2.3346,6.71582,,109.067,900.0,9.0,161.65,0.792,5119.0,122.0,,,3.1,,,,,
431585347,1543.01,39.68,0,10.06,0.008,357.674034,50.354962,-8.031,0.058,-5.705,0.044,2458766.208,0.00682,5.13664,0.00317,4.45,1.002,1.010204,0.003493,930.0,3.21692,7.04152,0.518367,5106.92,2355.0,11.0,605.832,14.031,9238.0,145.1,4.08,0.07,2.32,0.08,,,2.34,0.335234
127425841,1545.01,46.6,0,9.83204,0.006,6.030617,40.165571,-11.617,0.062,-11.108,0.043,2459880.319,0.0008324,1.5166573,7e-06,1.607,0.255,1.727694,0.094521,1590.0,87.0534,7.73846,0.425139,2422.33,1954.0,40.0,355.69,5.5275,6905.3,169.9,4.03,0.09,2.0,0.08,0.113,0.009,1.572,0.269776
409520860,1547.01,11.29,0,10.3973,0.006,355.451893,37.186566,-0.11,0.054,-16.194,0.039,2458765.114,0.00614,0.71933,0.00023,1.474,0.341,0.52,0.00285,478.823,2.62489,3.45648,0.319342,3964.33,2210.0,10.0,241.296,2.4755,5758.0,162.6,4.21,0.08,1.44,0.08,,,1.148,0.152774
440100539,1548.01,11.16,0,8.7282,0.006,4.358519,42.282204,81.016,0.059,-27.725,0.032,2458769.324,0.00996,12.6017,0.00585,4.835,0.791,0.868937,0.002284,800.0,2.10335,3.34292,0.265927,135.068,949.0,10.0,96.5232,0.4433,5861.6,141.6,4.3,0.09,1.21,0.07,-0.296,0.024,1.06,0.134674
326919774,1552.01,74.72,0,8.19,0.007,22.972973,46.399826,-5.702,0.129,-4.439,0.099,2458771.772,0.00876,7.57193,0.00278,2.656,0.597,0.456105,0.002143,420.0,1.97351,10.2119,0.852754,795.635,1479.0,11.0,519.941,18.4675,9146.0,140.2,3.45,0.07,4.72,0.2,,,2.32,0.31402
299158887,1554.01,33.46,1,11.0579,0.006,289.226288,49.548281,14.337,0.048,23.364,0.04,2459444.897,0.0012034,9.434158908,1.06e-05,2.850534817,0.079547934,4.353752,0.10622,4001.924935,97.82721,6.373406406,0.41521633,96.53331032,799.4458445,32.31501,194.033,0.954,5450.4,272.0,4.48,0.09,0.938167989,0.0554422,0.09,0.1,0.964,0.126452
441732151,1555.01,73.4,0,10.1688,0.006,257.876742,72.135555,1.411,0.07,11.342,0.089,2458712.089,0.00037,2.09989,7e-05,0.908,0.066,30.093341,1.306296,27336.4,1202.42,10.1564,1.58125,422.491,1263.0,77.0,169.788,1.4485,6025.3,331.7,4.46,0.08,1.04,0.11,,,1.134,0.149833
405794804,1556.01,62.48,0,9.79455,0.006,324.714399,65.039172,8.796,0.05,3.611,0.048,2458740.219,0.00074,1.44127,2e-05,2.605,0.299,2.989888,0.000557,2750.0,0.512875,9.20279,0.314565,22433.7,3409.0,90.0,315.386,2.524,8009.0,436.9,4.29,0.08,1.65,0.05,,,1.934,0.333972
320506985,1557.01,21.99,0,10.4925,0.006,8.163572,54.654594,18.638,0.042,-1.434,0.042,2458765.319,0.00557,1.08697,0.00021,1.967,0.367,0.934135,0.003361,860.0,3.09574,4.98445,0.414572,2889.01,2042.0,11.0,285.876,2.987,5751.0,167.7,4.0,0.08,1.69,0.09,,,1.028,0.129024
117322779,1558.01,10.87,0,10.485,0.033,48.352264,49.783757,,,,,2458791.073,0.00363,0.68601,0.0002,1.614,0.276,0.98847,0.001623,910.0,1.49444,,,,,21.0,,,,,,,,,,,,
245462406,1561.01,116.18,0,10.2948,0.015,38.821696,55.703217,7.133,0.066,-7.668,0.071,2458791.817,0.00647,2.27456,0.00108,3.32,0.688,1.108016,0.080862,1020.0,74.4735,13.266,3.23854,21521.5,3374.0,16.0,551.666,10.336,6777.0,159.7,3.55,0.09,3.35,0.16,,,1.45,0.252064
249862365,1562.01,14.81,0,9.10226,0.006,38.123017,52.704091,41.218,0.08,-46.098,0.068,2458791.53,0.00594,0.98999,0.00047,2.05,0.553,0.456105,0.002428,420.0,2.23588,3.95137,0.349131,7729.29,2612.0,13.0,184.69,1.2895,6208.0,172.9,3.99,0.08,1.84,0.08,,,1.194,0.175866
256414077,1566.01,49.42,0,10.5907,0.008,15.606503,60.715521,-1.996,0.156,-2.246,0.159,2458793.382,0.00423,3.01106,0.0008,3.073,0.226,1.757296,0.002538,1617.22,2.33785,7.20703,1.30585,1281.74,1666.0,18.0,377.17,18.481,6516.0,559.8,,,1.63,0.29,,,1.441,
284050395,1568.01,77.22,0,9.74734,0.006,8.989872,65.026035,114.792,0.047,-33.288,0.05,2458765.476,0.00137,1.35932,6e-05,2.831,0.053,3.087878,0.569333,2840.0,524.238,10.3751,2.44543,15609.5,3113.0,72.0,104.358,0.339,5421.0,130.6,4.46,0.08,0.94,0.05,,,0.944,0.114837
285666479,1569.01,107.25,0,10.424,0.012,43.61065,52.07103,-3.594,0.072,-4.127,0.069,2458791.984,0.00513,1.71614,0.00072,2.038,0.285,0.740126,0.002297,681.449,2.11556,14.1349,0.928386,958.34,1550.0,13.0,755.795,20.5135,5511.5,96.2,3.28,0.09,4.92,0.17,,,1.35,0.226137
285674856,1570.01,27.13,0,9.4883,0.012,53.196298,51.884502,1.126,0.083,-14.844,0.068,2458790.81,0.01327,1.74626,0.00163,3.88,0.608,1.205837,0.004741,1110.0,4.3667,5.62786,0.44852,17804.9,3218.0,12.0,294.123,3.143,8348.0,154.7,4.24,0.07,1.8,0.06,,,2.06,0.311562
285677945,1571.01,27.73,0,10.2353,0.029,53.098973,50.49904,-0.061,0.088,2.251,0.077,2458791.561,0.00558,1.2427,0.00049,1.563,0.315,0.720891,0.002921,663.745,2.69023,6.05271,0.461873,1263.34,1660.0,11.0,317.968,4.8455,5624.8,119.0,3.92,0.1,2.14,0.09,,,1.24,0.215485
302773669,1573.01,114.67,1,7.6353,0.006,42.436612,71.753088,90.982,0.064,-33.197,0.062,2460463.953,0.0008474,21.216464,3.24e-05,3.045,0.254,7.079229,0.167385,6499.0,154.155,13.1431,0.688533,18.9464,581.0,277.0,78.0863,0.239,5925.0,89.5,4.1,0.08,1.55,0.08,0.2,0.1,1.1,0.142761
307111282,1574.01,89.0,0,10.2978,0.006,14.640115,50.936428,84.427,0.079,51.422,0.065,2458804.601,0.0,,,9.597,0.401,8.108077,0.002404,7440.0,2.21459,11.3282,0.565644,,,47.0,186.665,1.237,5791.0,150.2,4.29,0.08,1.21,0.06,,,1.039,0.13435
316254876,1575.01,102.54,0,10.3775,0.006,51.988839,54.865617,22.779,0.072,-16.16,0.074,2459935.126,0.0021817,2.4611008,6.3e-06,3.13,0.923,1.950648,3.189775,1795.0,2933.58,12.3334,3.87047,8632.97,2685.0,28.0,248.563,2.359,5429.5,28.3,4.01,0.1,1.63,0.09,,,0.978,0.170015
327011842,1576.01,68.11,0,9.7828,0.007,23.466893,45.010329,18.596,0.094,1.104,0.09,2459883.106,0.002800577,0.783879044,0.000149832,1.487096573,0.34133878,0.298092,0.041709,274.5156373,38.414635,9.681325286,7.4107375,6087.06825,2252.795616,7.2438393,493.702,14.842,4975.0,122.0,,,5.387469769,,,,,
332154944,1577.01,24.41,0,9.60027,0.006,19.278636,57.514232,63.025,0.038,-25.533,0.045,2458791.369,0.00096,0.99837,7e-05,1.632,0.084,2.968113,0.000807,2730.0,0.743409,5.29489,0.268196,2465.96,1963.0,82.0,143.575,0.636,6082.0,141.4,4.39,0.08,1.13,0.05,,,1.139,0.157936
403256331,1583.01,72.41,0,9.5425,0.013,4.249336,58.679253,0.654,0.038,-2.856,0.036,2458765.821,0.00642,3.77188,0.00076,2.923,0.459,0.488691,0.001113,450.0,1.02536,10.0329,0.616291,5181.65,2363.0,11.0,867.296,21.8335,10097.0,249.5,3.52,0.07,4.62,0.16,,,2.59,0.340593
458914949,1587.01,57.12,0,10.2543,0.022,48.423422,61.907831,14.079,0.048,-12.14,0.06,2459924.681,0.0043759,12.5343031,7.81e-05,4.572,1.127,1.648312,0.104952,1517.0,96.6598,8.71775,0.52282,463.57,1292.0,20.0,563.997,11.627,7275.0,123.0,3.91,0.08,2.51,0.09,,,1.87,0.292356
71854745,1590.01,100.57,0,10.2146,0.01,26.299423,54.56844,0.568,0.142,-3.837,0.118,2458793.51,0.00691,3.10315,0.00208,3.535,0.674,1.912655,0.230948,1760.07,212.688,,,50910.7,4184.0,11.0,749.127,37.15,9050.3,228.4,3.96,0.08,,,,,2.34,0.320893
82010657,1591.01,77.42,0,9.64805,0.006,48.753158,60.238195,26.702,0.049,-8.408,0.065,2458807.937,0.0,,,8.06,1.26,3.272994,0.007421,3010.0,6.83528,10.4319,0.612529,,,37.0,282.1,4.316,7519.0,236.8,4.22,0.08,1.7,0.06,,,1.736,0.285244
186599508,1592.01,99.1,0,9.76636,0.006,45.08847,39.068266,93.001,0.101,-71.02,0.078,2458794.896,0.00229529,5.631807366,0.001207362,3.45530923,0.38354772,1.288608,0.088259,1186.148187,81.28653,4.821769238,1.5592829,474.4919122,1190.356241,11.390572,170.592,1.987,5669.9,133.9,4.16,0.08,1.38826,0.0715829,,,1.02,0.129636
192372961,1593.01,96.85,0,9.1222,0.007,45.598372,43.183802,10.679,0.074,-11.741,0.067,2458792.296,0.00617,2.06313,0.00099,2.157,0.485,0.651637,0.002786,600.0,2.56623,11.9118,0.988067,1866.39,1831.0,9.0,550.183,12.998,6716.5,99.8,3.24,0.09,4.77,0.21,0.453,0.023,1.43,0.241989
201154493,1594.01,86.17,0,9.7479,0.013,56.143332,41.064351,2.194,0.104,-4.724,0.066,2458792.199,0.00408,1.51233,0.00057,2.59,0.367,0.695094,0.001449,640.0,1.33455,11.1245,0.819877,18303.0,3240.0,12.0,831.907,38.8525,9447.0,218.6,3.54,0.08,4.35,0.24,,,2.4,0.330983
385105624,1595.01,50.58,0,10.4511,0.006,50.808098,46.682113,15.52,0.071,-16.13,0.063,2460662.17,0.0009121,1.7498117,1.1e-06,1.641,0.087,2.771075,0.100358,2549.0,92.4288,8.13315,0.79861,886.867,1520.0,40.0,295.452,3.238,6222.3,147.0,4.15,0.11,1.53,0.15,-0.003,0.013,1.2,0.167627
68152139,1597.01,19.71,0,10.1342,0.01,44.401798,40.016703,-35.041,0.088,-13.655,0.082,2458792.465,0.00272,0.73772,0.00018,1.057,0.158,1.064543,0.002387,980.0,2.19839,4.68288,0.332822,1958.84,1853.0,17.0,226.234,3.595,6001.0,133.4,4.14,0.08,1.49,0.07,,,1.11,0.141495
187029841,1600.01,73.16,0,9.66027,0.006,34.555963,38.478824,7.486,0.165,-15.684,0.215,2459909.805,0.0007098,0.361112,5e-07,0.756,0.228,0.771146,1.802428,710.0,1658.72,6.69136,0.509829,2677.39,2003.0,31.0,252.419,10.38,6056.9,236.7,3.99,0.1,1.95,0.15,-0.217,0.014,1.227,0.197847
129991079,1602.01,14.5,0,10.4375,0.006,37.13241,40.891254,18.147,0.083,-24.997,0.076,2458792.504,0.01002,6.15952,0.00486,3.834,0.887,1.336278,0.005888,1230.0,5.42282,3.90515,0.327005,487.519,1309.0,9.0,208.771,3.0245,6175.9,111.3,4.44,0.08,1.09,0.05,0.095,0.013,1.179,0.164639
229951289,1609.01,7.74,0,10.2572,0.006,288.675423,60.670948,-2.93,0.053,-19.382,0.061,2458692.735,0.01036,13.3118,0.00203,4.492,0.616,0.814608,0.00251,750.0,2.31143,2.67981,0.201427,109.875,901.0,9.0,165.808,0.7695,6011.0,123.1,4.5,0.08,0.98,0.04,,,1.111,0.15299
264678534,1611.01,6.18,1,7.5825,0.006,325.201645,84.333761,345.178,0.067,63.044,0.07,2460449.068,0.0009621,16.2017137,1.68e-05,2.696,0.316,0.978689,0.023192,901.0,21.3604,2.3594,0.165133,14.4646,543.0,58.0,28.2938,0.0312,5071.0,141.3,4.58,0.09,0.78,0.05,-0.07,0.1,0.85,0.105302
272625214,1613.01,25.69,0,10.4641,0.006,356.318574,62.142699,15.96,0.054,0.67,0.045,2458979.491,0.007091,5.2469991,0.0002597,3.45,0.46,1.281925,0.11442,1180.0,105.379,5.46087,0.343567,604.151,1381.0,16.0,304.76,3.193,6651.0,139.9,4.27,0.09,1.44,0.06,,,1.4,0.232588
317397615,1614.01,69.2,0,10.2351,0.006,349.796329,75.017864,-5.462,0.045,-18.639,0.044,2460479.138,0.0015525,0.7438074,1.1e-06,1.377,0.058,0.687489,0.027593,633.0,25.414,9.77911,,1705.03,1790.0,31.0,423.272,4.72,5182.0,122.0,,,4.04,,,,,
322202434,1617.01,13.43,0,10.2505,0.006,325.32505,68.807202,51.799,0.044,29.15,0.044,2460420.948,0.0009256,1.4013505,1.3e-06,1.562,0.348,1.664623,0.10524,1532.0,96.9248,3.7143,0.233363,1975.13,1857.0,47.0,133.496,0.4335,5521.0,182.2,4.48,0.08,0.94,0.05,,,0.97,0.121539
376838000,1618.01,24.64,0,9.9272,0.033,340.909648,69.091928,11.937,0.055,2.525,0.049,2458765.06,0.0045,2.1679,0.00031,1.39,0.551,0.608183,0.005979,560.0,5.50695,5.32848,0.574709,10508.5,2820.0,11.0,451.796,6.61,10596.0,671.7,4.27,0.09,2.0,0.1,,,2.74,0.417143
377144784,1619.01,68.55,0,10.0552,0.006,342.443925,68.251071,68.76,0.048,3.244,0.044,2460447.127,0.0022912,2.3866952,3.3e-06,2.654,0.261,0.636428,0.022355,586.0,20.5893,9.72386,,2334.78,1936.0,34.0,396.201,4.0995,5017.0,122.0,,,4.73,,,,,
388076005,1622.01,4.75,0,9.39435,0.006,318.049804,68.05247,54.237,0.038,29.051,0.044,2459880.69,0.0023969,1.7126115,7.6e-06,3.128,0.491,0.369213,0.023239,340.0,21.404,2.01928,0.114591,4528.0,2285.0,27.0,113.845,0.291,5932.2,71.4,4.48,0.08,1.0,0.05,,,1.107,0.143434
407394748,1623.01,36.81,0,9.5287,0.006,5.420651,77.880071,17.7,1.7,10.0,1.8,2460311.883,0.0004207,0.7522775,4e-07,1.073,0.142,1.413462,0.069268,1301.0,63.7966,6.75509,,13651.7,,79.0,280.381,,7325.2,111.9,,,1.77,,,,,
461387302,1624.01,13.79,0,10.2763,0.006,3.021798,66.650523,19.05,0.046,-8.532,0.045,2460630.612,0.0034908,5.8089284,1.74e-05,5.137,1.311,1.206923,0.059904,1111.0,55.1725,3.79308,0.217623,1275.72,1664.0,29.0,234.455,1.54,6406.0,179.8,4.34,0.09,1.27,0.06,,,1.287,0.22142
470852531,1625.01,16.51,0,10.2918,0.006,359.741171,61.554089,37.502,0.052,-13.408,0.071,2458765.534,0.00394,1.49446,0.00023,2.114,0.367,0.966735,0.001739,890.0,1.6014,4.21366,0.272462,3024.1,2065.0,19.0,269.476,2.3625,6587.0,163.9,4.27,0.09,1.43,0.06,,,1.372,0.230037
424435940,1627.01,120.6,1,11.2311,0.007,274.701253,45.172219,32.58,0.04,47.14,0.043,2459393.375,0.00044334,5.017214602,1.88e-06,3.736330075,0.018188106,15.568672,0.069285,14236.9594,63.811466,13.54780189,0.61860496,404.711186,1143.94739,215.28627,290.404,1.819,5930.0,435.4,4.4,0.08,1.100129962,0.0500402,,,1.12,0.147767
317597583,1630.01,6.41,1,8.9943,0.006,352.016676,75.552607,-5.247,0.048,-34.379,0.039,2460461.676,0.0019071,12.0557352,2.49e-05,2.007,0.361,0.877629,0.057292,808.0,52.7661,2.4063,0.152534,19.919,588.0,24.0,66.0929,0.12895,5504.0,129.9,4.58,0.08,0.83,0.04,,,0.95,0.125199
51024887,1632.01,49.75,0,14.9885,0.011,42.155188,62.18926,112.945,0.128,-104.348,0.161,2458797.345,0.004051263,8.249187145,0.003199519,4.980784657,0.34420857,135.988871,12.120702,117724.0283,11101.498,8.047698365,35.753082,1.155260289,264.4172054,16.019594,41.5305,0.15765,2990.0,158.0,5.13581,0.0381304,0.165066,0.0050239,,,0.135848,0.0200515
165551882,1633.01,4.34,0,12.5441,0.007,266.767331,57.226662,135.163,0.06,441.578,0.062,2458798.104,0.004239327,12.15828038,0.005804952,2.140683669,0.7304905,3.731322,0.559792,3430.776264,515.45435,1.916027745,1.0555835,2.674152413,326.1491782,7.3275914,48.049,0.06325,3429.0,157.0,4.90092,0.00321302,0.3232,0.00954308,,,0.303245,0.0201268
201186294,1634.01,4.01,1,11.0136,0.007,56.39061,37.11228,81.643,0.081,13.486,0.058,2458791.515,0.001337087,0.989330011,0.000105542,1.035761451,0.3979622,1.651215,0.144301,1519.669587,132.89734,1.830385411,1.7299397,122.2150262,848.0098579,10.747845,35.2736,0.05265,3455.0,157.0,4.76798,0.00654032,0.465258,0.0136292,,,0.462696,0.0201353
348673213,1639.01,11.7,0,12.974,0.007,35.807322,56.570014,20.893,0.046,-34.883,0.056,2458791.468,0.00278303,0.901465043,0.000191554,2.556215463,0.38258508,3.432618,0.262084,3156.565826,241.35936,3.434812726,0.9978432,325.5470241,1083.360962,8.927408,153.986,0.6375,3896.0,157.0,4.64192,0.0112232,0.611023,0.0183221,,,0.59699,0.0203778
396562848,1640.01,2.52,1,11.0548,0.007,44.338874,76.551405,691.036,0.051,-399.685,0.052,2459767.373,0.0012409,1.949540338,3.25e-06,0.806061815,0.04871664,2.270741,0.094104,2089.244412,86.66906,1.392921734,0.070706606,23.3722044,560.7827791,24.536419,18.2276,0.011,3414.0,157.0,4.97292,0.0116277,0.260187,0.00784341,,,0.231967,0.0201494
22843856,1644.01,87.41,0,9.8203,0.006,39.006522,25.588461,4.7,2.1,-17.0,2.1,2459521.619,0.0010878,1.8497201,8.8e-06,1.757,0.21,6.261001,0.008366,5750.0,7.70571,11.2477,,2139.72,,107.0,163.49,,6019.0,,4.438,,1.24,,,,,
387527558,1646.01,38.63,0,13.0367,0.007,312.32708,70.796604,33.323,0.049,58.22,0.056,2458794.103,0.001881791,3.623909012,0.002747625,2.656801156,0.1899665,29.695383,2.179582,26979.82105,2005.456,6.934713651,0.46860772,4.616839332,373.8573643,13.211304,82.1294,0.20165,3514.0,157.0,4.81377,0.00423785,0.414101,0.0123306,,,0.407305,0.0202724
122485078,1650.01,86.56,0,10.0106,0.006,76.851285,36.275085,3.558,0.076,-0.776,0.047,2458822.099,0.00422,9.1505,0.0034,2.986,0.385,1.488478,0.003093,1370.0,2.84901,11.1497,0.696148,272.763,1132.0,13.0,463.156,9.894,7719.0,139.9,3.74,0.08,3.02,0.11,,,1.817,0.287543
154867950,1652.01,10.49,0,8.68013,0.006,188.3547,84.678957,-124.769,0.039,-43.92,0.036,2458870.508,0.000464038,0.6664948,1.6e-06,1.38,0.143,0.282328,0.000306,260.0,0.281876,3.217,0.21665,2681.48,2004.0,34.0,130.942,0.357,5329.0,131.1,3.8,0.08,1.99,0.11,,,0.919,0.113387
27677846,1657.01,39.7,0,9.5668,0.006,66.370139,46.365902,-59.115,0.092,9.559,0.042,2459936.36,0.0022534,5.6309047,1.78e-05,3.877,1.142,1.828833,3.447076,1683.0,3169.84,7.00844,1.77046,2320.13,1933.0,24.0,78.7137,0.33005,5304.0,123.0,4.6,0.08,0.79,0.04,,,0.91,0.111594
286561122,1658.01,51.24,0,10.2674,0.006,65.876229,35.495109,-2.883,0.124,-12.716,0.08,2459910.558,0.002965142,0.680343278,0.000126013,2.067416403,0.18646808,0.614239,0.047725,565.5754223,43.955204,8.188804089,0.6728079,71174.02445,4165.816448,10.149446,506.864,12.112,7325.5,136.6,3.71,0.09,2.978770018,0.17593,0.275,0.02,1.66,0.275158
288631580,1659.01,5.41,1,9.56906,0.006,277.925194,82.305949,6.721,0.039,47.712,0.04,2459757.356,0.0029369,5.87755478,1.28e-05,2.902764078,0.16188574,0.447728,0.033168,412.2881337,30.548046,2.182290427,0.3097249,267.1706249,1031.138318,12.683007,122.494,0.307,5977.0,130.6,4.47,0.08,1.005679965,0.0478392,,,1.098,0.139672
311121985,1660.01,15.99,0,9.00007,0.006,85.581285,49.513452,26.89,0.1,-70.465,0.082,2460309.855,0.0023925,1.3561596,4.3e-06,2.504,0.863,0.523451,0.06888,482.0,63.439,4.12493,0.368895,11881.9,2908.0,19.0,187.823,2.1665,6375.0,159.4,4.0,0.09,1.86,0.08,,,1.272,0.192704
312122956,1661.01,12.48,0,10.1283,0.072,88.475966,30.446042,1.027,0.203,-4.059,0.16,2459547.065,0.0021039,2.0492064,1.58e-05,3.417,0.144,1.118885,0.061156,1030.0,56.325,,,,,38.0,4488.38,1671.21,,,,,,,,,,
339538183,1662.01,90.02,0,9.7053,0.006,93.318904,63.685008,-4.99,0.961,0.594,1.224,2459935.391,0.0016876,2.6093167,2.5e-05,1.175,0.35,2.15624,1.629262,1984.0,1499.48,11.4272,,526.719,,49.0,294.292,,7235.0,,,,1.78,,,,,
353367071,1663.01,121.39,0,9.84095,0.006,89.934847,33.506969,-3.075,0.12,-6.438,0.093,2458819.399,0.00213,2.37532,0.00039,2.957,0.245,2.108374,0.16298,1940.0,150.099,13.5855,3.05985,24634.5,3490.0,24.0,402.261,8.8495,7895.7,147.4,4.06,0.1,2.11,0.17,-0.104,0.019,1.888,0.290804
354006740,1665.01,105.97,0,6.4018,0.006,88.369051,37.339411,-45.908,0.083,83.682,0.067,2458819.004,0.0022,1.76406,0.00029,3.086,0.077,0.945002,0.223557,870.0,205.882,12.3762,3.48063,40901.7,3961.0,34.0,66.5241,0.23325,6481.7,362.6,,,2.03,0.22,,,,
368536386,1666.01,23.66,0,10.3693,0.006,89.420179,36.765805,-2.947,0.075,-1.976,0.061,2458818.74,0.00948,1.69433,0.00183,2.169,0.563,0.705958,0.004021,650.0,3.70354,5.20733,0.47039,3651.29,2165.0,10.0,428.948,6.985,7185.0,269.0,4.04,0.09,2.0,0.08,,,1.607,0.288327
417705690,1668.01,7.93,0,10.0233,0.006,348.607533,76.93432,4.034,0.08,10.082,0.064,2460311.617,0.0031179,2.363311,7.5e-06,3.294,0.548,1.217793,0.041604,1121.0,38.3181,2.74038,0.16585,1379.02,1697.0,34.0,130.543,0.5625,5420.0,119.5,4.38,0.08,1.04,0.05,,,0.944,0.119611
428679607,1669.01,6.19,1,9.52906,0.006,45.956474,83.587427,91.732,0.046,-34.432,0.046,2460478.582,0.0016937,2.6800572,4.3e-06,1.789,0.455,0.508243,0.028447,468.0,26.2007,2.36311,0.137578,415.617,1257.0,23.0,111.276,0.3695,5550.0,134.2,4.37,0.08,1.07,0.05,,,0.977,0.123553
441739020,1670.01,73.74,1,9.4682,0.006,259.017252,72.161181,-6.094,0.05,5.154,0.049,2460503.137,0.0002927,40.7501028,1.37e-05,4.873,0.064,6.562439,0.050189,6026.0,46.2246,10.1271,0.441178,14.5514,544.0,178.0,168.067,0.687,6453.0,195.0,5.20004,0.374851,1.31,0.06,,,1.258,0.187763
441739020,1670.02,6.18,1,9.4682,0.006,259.017252,72.161181,-6.094,0.05,5.154,0.049,2460468.361,0.0035706,10.9836724,4.17e-05,2.636,0.92,0.342061,0.035782,315.0,32.9562,2.35616,0.177899,196.694,1043.0,16.0,168.067,0.687,6453.0,195.0,5.20004,0.374851,1.31,0.06,,,1.258,0.187763
459903429,1671.01,94.69,0,8.71289,0.006,130.969393,86.228398,20.373,0.045,2.504,0.045,2458821.049,0.00413,8.13664,0.00331,2.084,0.348,0.912402,0.003138,840.0,2.89007,11.75,,29.5076,649.0,9.0,221.791,1.2735,4913.0,122.0,,,3.96,,,,,
468828873,1672.01,23.35,0,10.045,0.009,91.872047,66.857699,-19.652,0.06,-36.157,0.073,2459957.441,0.0023666,3.8954139,1.44e-05,2.832,0.416,0.989556,0.044039,911.0,40.5608,5.15915,0.301122,566.299,1359.0,21.0,281.902,4.53,6064.0,132.1,3.94,0.08,1.89,0.09,,,1.13,0.143753
470315428,1673.01,20.36,0,10.2851,0.006,64.648489,52.865034,19.482,1.018,20.031,1.084,2458818.197,0.00313,1.08625,0.00036,2.534,0.268,1.205837,0.00168,1110.0,1.54697,4.65122,0.714178,4081.88,2226.0,17.0,222.358,50.771,5562.6,419.2,,,1.4,0.21,,,,
9837861,1679.01,22.17,0,9.9021,0.006,70.54858,54.292058,2.972,0.067,-2.506,0.055,2460312.311,0.0028781,0.6565741,2e-06,1.908,0.23,0.459364,0.026615,423.0,24.5127,5.01154,,4719.59,2309.0,16.0,299.399,4.3855,5235.5,16.3,,,2.68,,0.104,0.0146903,,
259168516,1680.01,2.61,1,13.3081,0.007,292.313979,65.973802,56.574,0.104,-131.332,0.094,2459657.394,0.0027612,4.802656081,5.32e-06,1.165864766,0.16402517,4.742105,0.195948,4358.115768,180.45848,1.42024592,0.3005025,4.451096925,370.455897,26.47739,37.2209,0.06155,3231.0,157.0,5.04064,0.0219142,0.213459,0.00640239,,,0.182476,0.0200755
58542531,1683.01,6.76,1,9.794,0.006,65.97965,27.82237,-16.02,0.115,-40.952,0.078,2458816.412,0.00050749,3.057523964,3.79e-06,1.379050314,0.17225009,1.214493,0.05143,1117.963817,47.367954,2.48784863,0.730607,122.3379291,848.2229732,26.179253,51.1884,0.1389,4402.0,126.1,4.59,0.11,0.695095003,0.0594975,,,0.69,0.0862442
28900646,1685.01,4.35,1,11.1117,0.007,68.593953,43.03704,37.818,0.096,-86.912,0.059,2459910.938,0.001779528,0.669144914,9.73e-06,0.992163136,0.098100126,1.362771,0.099528,1254.371193,91.66477,1.920040698,0.14984521,204.6910522,964.704855,13.492256,37.6153,0.07265,3457.0,157.0,4.7705,0.00663534,0.462408006,0.013731,,,0.459708,0.0202729
198384408,1689.01,4.85,0,6.3196,0.006,257.78508,56.658901,-14.298,0.611,-60.333,0.761,2458823.256,0.003739113,9.12381012,0.005304297,5.118839112,0.34257415,0.307659,0.035808,283.324087,32.979588,2.047184369,0.49013633,148.7455904,890.69861,8.011808,26.9148,0.1874,5470.16,101.004,4.30008,0.0737781,1.1485,0.0496106,,,0.96,0.124713
267574918,1690.01,1.16,1,16.338,0.006,284.415675,53.509024,240.759,0.148,-52.514,0.143,2459419.987,0.03462824,1.407936933,3.39e-06,0.306353057,0.024809992,719.731119,23.214061,484643.7441,21153.988,,,1652.894335,1626.226457,25.483854,24.7359,0.0434,5780.0,,4.438,,,,,,,
268334473,1691.01,8.73,1,9.52636,0.006,272.404118,86.860343,-25.645,0.048,161.959,0.05,2460458.306,0.0021106,16.7368995,4e-05,4.561,0.813,1.074324,0.032342,989.0,29.7876,2.88015,0.155867,80.3869,834.0,39.0,111.445,0.3685,5759.0,186.802,4.44767,0.0798184,1.0,0.05,,,1.031,0.143191
353475866,1693.01,3.05,1,10.6714,0.007,90.308345,34.77309,-22.762,0.084,-17.765,0.069,2458817.685,0.000871787,1.766692009,5.38e-06,1.419668216,0.15623294,0.902088,0.063467,830.5082973,58.453926,1.55747344,0.14315152,57.02080837,700.8548645,16.687923,30.7947,0.0391,3474.0,157.0,4.77152,0.00661752,0.461259991,0.0137244,,,0.4585,0.020293
396740648,1694.01,25.89,1,10.7424,0.006,97.74871,66.360596,46.512,0.037,-20.362,0.046,2458843.658,0.000987434,3.770129609,0.000269575,2.851205635,0.10558969,4.745447,0.118273,4361.180108,108.92766,5.480026583,0.46199888,195.2881696,953.4195932,26.865028,124.68,0.587,5058.0,122.082,4.53907,0.0868076,0.81833,0.0476885,,,0.845,0.108916
422756130,1695.01,3.9,1,11.0294,0.007,21.921735,72.296615,71.707,0.055,40.475,0.062,2458791.519,0.000638338,3.134294562,5.87e-06,1.215879592,0.33217213,1.285845,0.083004,1183.606071,76.446625,1.799296606,1.3256298,34.55370325,618.3628631,19.041552,45.1309,0.06805,3575.0,157.0,4.72334,0.0086441,0.516104996,0.0153254,,,0.513745,0.0202836
470381900,1696.01,10.21,1,13.9664,0.007,65.280648,48.819831,12.93,0.127,-19.178,0.078,2459911.832,0.002119704,2.500529098,0.000370647,0.880986495,0.3441977,13.744487,1.720999,12579.35048,1583.843,3.171385325,1.1981618,13.80807309,491.6465759,7.788581,64.9172,0.35625,3181.0,157.0,4.94798,0.00806131,0.280474991,0.00857285,,,0.254505,0.0202442
23650642,1700.01,12.14,0,10.8219,0.007,126.088625,42.104735,26.602,0.084,-59.738,0.052,2458843.38,0.00428,1.12355,0.00039,1.611,0.479,1.108016,0.005274,1020.0,4.85789,3.49799,0.294974,2963.42,2055.0,12.0,189.762,1.891,5524.0,107.6,4.41,0.07,1.01,0.05,0.00660561,0.0200052,0.97,0.124259
371210825,1702.01,8.99,0,10.9894,0.006,111.559352,32.383825,-42.674,0.179,-74.653,0.16,2458842.75,0.00292,0.40312,0.0001,0.853,0.323,1.086279,0.015864,1000.0,14.6108,2.95177,0.440428,1215.98,1645.0,11.0,103.107,1.187,4252.9,105.3,4.37,0.09,0.89,0.07,-0.214058,0.037983,0.665,0.0751074
95129101,1704.01,34.66,0,10.8508,0.007,114.932863,28.120146,3.12,0.089,-4.992,0.075,2459575.196,0.0011667,3.929983,1.51e-05,2.153,0.167,2.467423,0.001659,2270.0,1.5283,6.51515,0.363202,398.651,1244.0,29.0,343.469,5.973,6621.9,137.7,4.33,0.09,1.34,0.06,-0.011,0.01,1.39,0.227293
137500798,1705.01,13.56,0,10.3042,0.007,132.635012,82.92712,-4.83,0.039,-17.892,0.042,2460328.288,0.0049085,13.2054538,7.68e-05,4.875,0.47,0.699439,0.031682,644.0,29.1797,3.74642,0.205098,193.559,1039.0,19.0,335.518,2.892,6653.0,124.9,4.14,0.09,1.67,0.07,,,1.4,0.243274
240148934,1707.01,34.77,0,10.3135,0.006,101.382168,31.465533,18.699,0.081,-28.382,0.068,2458843.267,0.00401,2.02365,0.00075,2.585,0.448,1.858198,0.00261,1710.0,2.40429,5.96472,0.381378,2411.54,1952.0,15.0,291.007,5.6945,6582.0,123.8,4.24,0.09,1.48,0.07,,,1.37,0.225354
445805961,1710.01,23.64,1,8.9134,0.006,94.283837,76.21102,59.837,0.037,55.61,0.044,2460439.667,0.0007764,24.2833782,1.82e-05,5.132,0.121,3.092233,0.041189,2844.0,37.9357,5.21152,0.25711,30.5138,654.0,71.0,81.2271,0.17695,5675.0,125.8,4.46,0.08,0.98,0.05,,,1.01,0.128534
461662295,1711.01,46.6,0,9.92871,0.006,124.446664,51.01037,-39.008,0.057,-48.908,0.044,2458844.855,0.00472,10.2558,0.0046,5.088,0.309,6.250081,0.001002,5740.0,0.923177,7.44683,0.405057,126.859,934.0,66.0,112.978,0.4275,5326.0,120.0,4.43,0.08,0.97,0.05,,,0.918,0.120378
142090065,1715.01,20.75,0,9.01249,0.006,79.073505,79.737727,-6.382,0.051,13.103,0.066,2459738.517,0.0011386,2.826935637,2.61e-06,1.169236649,0.09165718,1.032977,0.03171,950.9544382,29.205482,4.811220914,0.80754805,2458.627707,1795.944628,34.44793,182.907,1.2905,7072.0,131.2,4.28,0.09,1.505810022,0.0587262,,,1.566,0.274503
14336130,1716.01,8.08,1,8.82897,0.006,105.083329,56.824194,50.84,0.088,-55.918,0.062,2459959.217,0.0030913,8.0823313,4.03e-05,3.26,0.57,0.602751,0.03309,555.0,30.4763,2.77252,0.182718,160.826,992.0,18.0,104.158,0.81,5878.6,140.7,4.28,0.08,1.24,0.07,0.09,0.131,1.065,0.138125
356473034,1720.01,115.1,1,10.4467,0.006,117.026769,50.225147,-29.731,0.083,-154.272,0.05,2459957.574,0.0002035,2.6158597,9e-07,2.517,0.06,14.606505,0.147582,13363.0,135.919,13.1204,0.946292,428.036,1267.0,172.0,154.273,1.446,5267.0,152.7,4.32,0.1,1.08,0.08,0.38,0.1,0.902,0.114612
71431780,1723.01,9.04,1,9.09942,0.006,116.797198,68.476685,5.04,0.03,12.326,0.046,2460307.769,0.0025236,13.7270395,4.97e-05,4.007,0.392,0.978689,0.040132,901.0,36.9618,2.95921,0.167618,68.9542,802.0,24.0,100.727,0.2915,5777.0,124.977,4.38035,0.0725402,1.09,0.05,,,1.035,0.126798
81212286,1724.01,4.59,0,12.507,0.008,127.032597,56.427529,-88.814,0.053,-7.645,0.052,2458843.028,0.002022978,0.685080805,9.91e-05,1.056588684,0.5722773,2.909017,0.368086,2675.717666,338.96216,1.980635825,2.0170252,170.8295335,922.0627729,7.6018205,58.3171,0.1227,3541.0,157.0,4.8452,0.00212178,0.380019,0.0113954,,,0.368761,0.0203001
130181866,1726.01,5.86,1,6.2683,0.006,117.47937,27.363134,-10.027,0.085,-11.314,0.049,2458845.373,0.000640376,7.107934044,8.52e-06,3.440833045,0.06830552,0.544748,0.018392,501.6058242,16.939434,2.288171102,0.15279806,145.5706555,885.9071544,28.820536,22.4035,0.0225,5694.11,153.429,4.53108,0.085452,0.902931988,0.0547111,0.0169559,0.0168932,1.01,0.128574
130181866,1726.02,7.16,1,6.2683,0.006,117.47937,27.363134,-10.027,0.085,-11.314,0.049,2459583.637,0.000997505,20.54381533,2.36e-05,4.053791932,0.11268908,0.868265,0.027355,799.3817133,25.194975,2.573428308,0.30035052,35.35820585,621.931143,25.08834,22.4035,0.0225,5694.11,153.429,4.53108,0.085452,0.902931988,0.0547111,0.0169559,0.0168932,1.01,0.128574
285048486,1728.01,21.88,1,10.7921,0.007,120.611679,64.797153,104.078,0.044,52.92,0.046,2459604.399,0.0005321,3.4913952,4.3e-06,1.763,0.259,5.878863,0.001382,5400.0,1.27243,4.9395,0.165713,44.3221,718.0,68.0,60.798,0.13635,3907.0,157.0,4.62346,0.011365,0.63,0.02,,,0.614339,0.0202201
298666530,1729.01,0.3,0,18.3324,0.016,278.399911,58.205529,11.763,0.347,135.724,0.43,2458842.506,0.001357903,0.573208669,5.9e-05,0.458237603,0.14889674,614.222321,118.717542,432048.7344,103577.016,,,,,8.575673,151.383,4.632,5780.0,,4.438,,,,,,,
53427308,1733.01,33.6,0,10.379,0.006,118.881765,54.596601,-20.703,0.061,-8.957,0.054,2458844.765,0.004,5.80322,0.00192,1.569,0.23,1.858198,0.005059,1710.0,4.65989,6.3744,0.474266,61.8583,781.0,13.0,251.27,2.552,5846.0,128.1,4.11,0.07,1.5,0.07,,,1.055,0.129194
408618999,1736.01,7.93,1,8.3302,0.006,43.434461,69.101345,-46.293,0.039,-14.413,0.055,2460476.195,0.0033761,7.0731184,2.19e-05,3.826,0.866,0.484346,0.018333,446.0,16.8849,2.73682,0.155219,265.406,1124.0,28.0,88.9482,0.32085,5656.0,122.561,4.1408,0.0786724,1.41,0.07,,,1.0,0.130334
159418353,1739.01,4.08,1,9.812,0.006,240.172481,83.258659,-132.915,0.038,107.827,0.038,2459631.821,0.0030342,8.303297837,1.76e-05,1.891172704,0.1691388,0.608584,0.038739,560.3698799,35.678978,1.847269294,0.9920949,53.68675331,690.3773504,13.010287,70.9819,0.10305,4814.0,124.993,4.54519,0.0935899,0.780707002,0.0535628,,,0.78,0.094964
219857012,1742.01,4.25,1,8.2865,0.006,257.328868,71.876672,24.2,0.042,63.269,0.054,2460533.22,0.0030765,21.269127,6.87e-05,5.848,0.6,0.388763,0.011448,358.0,10.5438,1.89435,0.102446,60.764,777.0,40.0,72.8871,0.1194,5707.0,124.634,4.31886,0.0771701,1.16,0.06,,,1.02,0.126497
229455001,1744.01,8.15,1,9.01932,0.006,294.291071,60.881302,-1.548,0.058,-18.707,0.049,2460533.953,0.0019518,22.3417026,5.33e-05,2.708,0.578,0.527796,0.042547,486.0,39.1865,2.77807,0.167175,61.1181,778.0,25.0,114.39,0.415,6179.0,124.697,4.3969,0.0828215,1.14,0.05,,,1.181,0.164577
233602827,1749.01,4.66,1,12.2574,0.007,282.737228,64.419466,-54.402,0.023,61.827,0.026,2459763.323,0.0027939,4.489136685,8.23e-06,1.883337665,0.2825689,1.381051,0.063517,1271.186702,58.49921,1.998029832,1.0064696,36.15389878,625.4009463,21.233028,99.5561,0.1172,3959.0,157.0,4.68416,0.00982267,0.561356008,0.0165649,,,0.555356,0.0202155
233602827,1749.02,5.7,1,12.2574,0.007,282.737228,64.419466,-54.402,0.023,61.827,0.026,2459647.515,0.0033828,9.044703855,1.67e-05,1.765314792,0.3585741,1.750533,0.094715,1611.001019,87.23222,2.249374609,1.3561225,14.20735092,495.1628187,17.26894,99.5561,0.1172,3959.0,157.0,4.68416,0.00982267,0.561356008,0.0165649,,,0.555356,0.0202155
233602827,1749.03,2.36,1,12.2574,0.007,282.737228,64.419466,-54.402,0.023,61.827,0.026,2458684.355,0.001054487,2.388905101,9.96e-06,1.032409021,0.29452005,0.618884,0.071978,569.8511771,66.292,1.339940084,2.0260444,83.83789767,771.7556976,8.726385,99.5561,0.1172,3959.0,157.0,4.68416,0.00982267,0.561356008,0.0165649,,,0.555356,0.0202155
287080092,1751.01,6.06,1,8.80616,0.006,243.488853,63.53353,8.353,0.041,-172.81,0.047,2460532.129,0.0033614,37.4686602,0.0001362,7.16,0.915,0.436554,0.012476,402.0,11.4907,2.3352,0.112642,40.5679,703.0,31.0,113.335,0.292,6114.0,122.03,4.293,0.0838503,1.27,0.06,,,1.152,0.1689
289580577,1753.01,7.37,1,11.2078,0.006,252.469835,61.173577,-1.585,0.075,12.548,0.074,2459653.734,0.0034438,5.384623897,1.18e-05,3.261729617,0.1596112,0.684979,0.02734,630.6901313,25.18058,2.617063339,0.25181937,237.9959598,1001.756446,23.091486,226.671,2.699,5700.0,130.299,4.48088,0.0795665,0.959021986,0.0498041,,,1.015,0.131911
367858035,1758.01,11.36,1,10.0907,0.006,354.741581,75.685232,-82.642,0.059,25.158,0.051,2460421.697,0.0020056,20.7051499,3.88e-05,3.348,0.24,1.980016,0.05796,1822.0,53.3816,3.39245,0.204885,13.1989,531.0,31.0,96.6215,0.34215,5169.0,121.543,4.57,0.0825764,0.81,0.05,,,0.88,0.105339
408636441,1759.01,9.7,1,9.92838,0.007,326.851662,62.753816,-173.47,0.056,-10.46,0.048,2460404.266,0.0011972,18.8500438,2.47e-05,3.407,0.365,2.837476,0.072856,2610.0,67.1008,3.09094,0.104833,5.95531,435.0,43.0,40.0654,0.0423,3960.0,157.0,4.62853,0.0112399,0.63,0.02,,,0.609617,0.0202124
420112587,1760.01,7.5,0,12.4989,0.008,290.173976,73.195993,6.983,0.086,-81.876,0.095,2458691.531,0.003781858,11.06266598,0.000489709,2.084215646,0.30094072,5.396336,0.765231,4957.878094,704.5552,2.643702142,4.0930066,1.762885654,293.8838939,10.327715,30.5373,0.04315,3212.0,157.0,4.98029,0.0125638,0.254522,0.00770836,,,0.225771,0.020157
137906197,1768.01,10.75,1,9.91008,0.006,152.102783,55.53996,-21.636,0.051,-26.851,0.048,2460331.445,0.0046817,7.3377236,4.02e-05,4.243,1.139,0.863504,0.080902,795.0,74.5104,3.2807,0.221167,998.435,1566.0,11.0,157.597,0.8285,5994.0,121.0,4.4,0.08,1.1,0.05,,,1.104,0.147925
457138169,1770.01,35.46,0,9.22437,0.006,141.367951,50.908874,-28.379,0.047,8.392,0.044,2459605.893,0.0031418,1.092453576,3.93e-06,1.224578493,0.0698552,0.949979,0.068246,874.580104,62.854668,6.593502637,3.981952,5898.981823,2235.187778,22.716997,163.438,0.81,6273.0,117.4,4.2,0.08,1.448779941,0.0595603,,,1.224,0.175965
252479260,1771.01,113.28,1,9.007,0.006,155.681459,50.128711,-26.182,0.057,83.727,0.066,2460362.105,8.82e-05,3.2122302,3e-07,2.653,0.013,15.78021,0.094387,14429.0,86.9302,13.0356,0.657419,325.569,1183.0,340.0,81.7647,0.2497,5357.7,112.4,4.37,0.08,1.04,0.05,0.282809,0.0423999,0.93,0.116828
85293053,1772.01,8.44,1,9.3523,0.006,156.837704,34.39095,-39.423,0.073,-19.086,0.077,2459628.85,0.0048806,8.054220726,3.3e-05,3.028716119,0.25937888,0.767688,0.057532,706.8165307,52.987804,2.833770574,0.4985287,140.2332705,877.6725493,12.536335,97.7562,0.5952,5583.1,110.4,4.44,0.08,0.99525398,0.04551,0.128242,0.0123812,0.99,0.126087
332064670,1773.01,4.76,1,5.2058,0.006,133.146837,28.329815,-485.872,0.134,-233.651,0.109,2458870.693,0.000115615,0.73654625,8.52e-07,1.573220835,0.029374663,0.417734,0.00455,384.6733121,4.190644,2.02311213,0.18257262,2657.832241,1831.26688,112.25481,12.5855,0.01235,5250.0,147.6,4.42,0.09,0.963514984,0.0654472,0.35,0.1,0.9,0.115017
4897275,1774.01,7.97,1,7.6474,0.006,148.161931,35.111008,264.673,0.087,-150.27,0.073,2458872.341,0.002249323,16.71004217,0.003280333,5.400465168,0.3893613,0.668245,0.050101,615.2873631,46.144043,2.739661567,0.7620626,73.76094748,747.4400609,11.938421,53.974,0.20425,5853.7,106.531,4.38636,0.0701936,1.09271,0.0444724,,,1.06,0.13005
9348006,1775.01,56.69,1,10.9184,0.007,150.115101,39.457751,-5.839,0.052,-15.296,0.051,2459635.364,0.0007263,10.2405483,1.4e-05,3.538,0.111,10.85718,0.001496,9950.0,1.37762,8.69623,0.527794,55.4426,760.0,68.0,149.234,0.9475,5251.0,129.898,4.54337,0.0872397,0.84,0.05,,,0.898,0.112957
21535395,1776.01,2.55,1,7.6586,0.006,164.777291,40.983718,214.702,0.084,25.647,0.106,2458871.489,0.003067769,2.800991471,0.000589501,1.498539875,0.36903906,0.222442,0.030028,204.8553325,27.656855,1.403391549,1.9496018,560.3349224,1240.885393,7.390294,44.647,0.15285,5723.87,104.62,4.49543,0.0705593,0.945408,0.0387764,,,1.02,0.126763
29191624,1777.01,4.0,1,8.737001,0.006,151.807032,46.114881,-0.714,0.058,-22.108,0.056,2459635.117,0.006528,14.6503935,0.0002236,2.08,0.465,0.358352,0.002342,330.0,2.15699,1.81908,0.174393,18.7938,580.0,7.0,79.7665,0.33105,5859.45,101.754,4.4776,0.0720788,0.98,0.04,,,1.06,0.133432
39699648,1778.01,7.87,1,8.4594,0.006,136.777644,46.672425,-68.542,0.051,-40.838,0.05,2458876.025,0.002951758,6.515950667,0.00155331,2.533430927,0.6371884,0.471947,0.045143,434.5843468,41.577324,2.829971277,2.8941534,414.0679194,1150.502709,10.820062,99.451,0.36195,6023.0,126.762,4.23995,0.081398,1.32944,0.0616834,,,1.12,0.143852
67646988,1779.01,82.57,1,12.4368,0.007,147.768528,35.968556,-100.975,0.142,-171.822,0.126,2459633.12,0.0003654,1.8817191,9e-07,1.236,0.0,113.513431,0.000804,99270.0,0.740199,10.9698,0.330624,22.5072,606.0,111.0,33.928,0.15965,3138.0,157.0,4.91873,0.00487072,0.31,0.01,,,0.283907,0.0202027
99834717,1780.01,74.84,1,12.212,0.007,165.167198,64.963845,-22.389,0.044,-32.425,0.046,2459632.745,0.0003659,1.7063264,1.1e-06,1.359,0.056,11.987315,0.001964,10980.0,1.80935,10.1999,0.689338,235.772,1091.0,57.0,262.706,2.595,4974.0,130.639,4.44059,0.0931488,0.9,0.06,,,0.82,0.100709
160045097,1782.01,6.68,1,11.3069,0.006,213.078772,74.411791,-79.455,0.042,39.548,0.033,2459635.737,0.0021984,4.987705624,1.02e-05,2.276910742,0.15424217,1.295339,0.069288,1192.33982,63.814247,2.47030768,0.39980054,56.04522782,697.8376698,16.066872,95.2649,0.1813,4336.0,121.303,4.62012,0.0989097,0.668693006,0.0560352,,,0.68,0.0774836
160045097,1782.02,5.18,1,11.3069,0.006,213.078772,74.411791,-79.455,0.042,39.548,0.033,2459632.817,0.0023354,1.829029399,6.31e-06,1.667909772,0.12955068,0.76555,0.056877,704.8493933,52.384716,2.126837511,0.24079674,213.5233995,974.9472494,15.420817,95.2649,0.1813,4336.0,121.303,4.62012,0.0989097,0.668693006,0.0560352,,,0.68,0.0774836
450327768,1788.01,77.23,0,10.1883,0.007,160.229227,35.913354,-48.379,0.082,-72.308,0.073,2458875.047,0.00069,5.34326,0.00028,1.426,0.096,7.605011,0.003726,6980.0,3.43158,10.4171,0.594114,52.9343,751.0,70.0,191.532,2.375,5776.0,131.0,4.25,0.08,1.26,0.06,,,1.035,0.127192
172518755,1789.01,103.38,1,9.1824,0.006,142.743406,26.539995,-7.999,0.073,-39.545,0.064,2460279.071,0.0035805,3.2087149,1.5e-05,1.639,0.112,2.130131,0.098224,1960.0,90.4639,12.3921,0.5772,455.479,1287.0,53.0,229.067,2.364,5971.4,110.4,3.77,0.07,2.26,0.1,0.316,0.035,1.1,0.144717
310981412,1790.01,4.78,0,10.2728,0.006,161.42778,69.20078,-23.372,0.037,-1.811,0.048,2458684.16,0.00806,9.62517,0.00067,3.725,0.786,0.586456,0.00266,540.0,2.44971,2.03371,0.184439,170.739,1007.0,9.0,164.178,0.641,6149.0,129.6,4.57,0.08,0.93,0.04,,,1.167,0.163886
233684293,1791.01,6.19,0,9.05769,0.006,260.762886,63.110741,-20.567,0.05,-6.634,0.051,2459755.574,0.0800492,48.4808217,0.0043323,8.081,2.662,0.119438,0.00119,110.0,1.0962,2.36501,0.303926,36.5063,684.0,9.0,247.435,1.5055,6153.0,132.1,3.72,0.08,2.47,0.11,,,1.169,0.159547
304142124,1793.01,17.51,1,7.8436,0.006,164.856336,-56.623556,-416.88,0.083,-119.71,0.075,2460017.429,0.0008872,55.087,0.02,5.709,0.735,2.727535,0.0994,2509.0,91.5469,4.36639,0.243913,16.5899,562.0,82.0,36.9941,0.0688,5175.0,51.9,4.51,0.04,0.87,0.04,0.207904,0.0396491,0.87,0.0999353
286916251,1794.01,9.12,1,9.69924,0.006,203.397486,49.060843,-33.034,0.033,-68.024,0.034,2459661.994,0.0064631,8.765603,7.36e-05,3.552,0.435,0.575593,0.000881,530.0,0.81171,2.96768,0.190302,134.543,948.0,10.0,155.791,0.6215,5707.0,115.695,4.21803,0.0721788,1.3,0.06,,,1.017,0.119612
135083444,1795.01,30.2,0,10.0721,0.006,184.3669,19.839989,-35.126,0.085,-3.673,0.047,2458899.61,0.003493756,2.791791103,0.000613457,1.466425351,0.25793466,1.106904,0.190116,1018.977143,175.08829,6.000206581,14.255544,1003.835844,1435.606527,9.643813,183.175,1.6665,6071.0,120.4,4.36,0.08,1.16271,0.0536282,,,1.134,0.147676
138819293,1796.01,13.97,1,8.40346,0.007,175.550536,26.703067,895.047,0.128,-814.031,0.123,2459639.963,0.000189529,2.643885611,3.16e-05,0.968928896,0.01487942,6.976184,0.069974,6404.705147,64.446434,3.812114028,0.11891983,29.43220679,594.0533593,99.782776,9.75321,0.00897,3456.0,157.0,4.8,,0.425431997,0.0125187,,,0.419868,0.0201679
368435330,1797.01,9.25,1,8.6259,0.006,162.776697,25.641065,-92.839,0.09,-23.217,0.109,2459631.901,0.0013533,3.6451549,1.4e-05,2.055,0.163,0.847205,0.000683,780.0,0.628693,2.99324,0.165456,283.719,1143.0,25.0,82.3432,0.3914,5922.0,120.4,4.43,0.08,1.05,0.05,,,1.08,0.141807
368435330,1797.02,2.98,1,8.6259,0.006,162.776697,25.641065,-92.839,0.09,-23.217,0.109,2459635.926,0.0030015,1.0376109,8.2e-06,1.588,0.273,0.228029,0.000767,210.0,0.706273,1.53671,0.120057,2287.71,1926.0,11.0,82.3432,0.3914,5922.0,120.4,4.43,0.08,1.05,0.05,,,1.08,0.141807
198153540,1798.01,5.79,1,10.5191,0.006,211.093937,46.519283,-27.345,0.034,-27.119,0.037,2459688.134,0.004113,8.0215043,5.87e-05,2.979,0.6,0.945002,0.002078,870.0,1.9142,2.25689,0.164425,86.0527,848.0,15.0,113.181,0.3085,5165.2,103.5,4.59,0.08,0.78,0.04,0.137577,0.0125165,0.874,0.107671
198153540,1798.02,2.86,1,10.5191,0.006,211.093937,46.519283,-27.345,0.034,-27.119,0.037,2459691.314,0.0024038,0.437806915,9.12e-06,1.301355912,0.20473142,0.283842,0.029565,261.3935915,27.229898,1.499704002,0.28203925,3369.475105,1943.167833,12.684562,113.181,0.3085,5165.2,103.5,4.59,0.08,0.78461802,0.0392965,0.137577,0.0125165,0.874,0.107671
8967242,1799.01,3.29,1,8.3662,0.006,167.232915,34.303015,-9.033,0.07,-40.835,0.069,2458904.816,0.003936667,7.093853047,0.002086093,2.510762591,0.81207216,0.308651,0.04998,284.2381135,46.032337,1.627714714,3.3778024,163.4661355,911.9619079,7.147946,62.1274,0.1956,5690.0,122.747,4.48062,0.0772114,0.956941,0.0464397,,,1.01,0.130027
17993892,1800.01,103.53,1,11.1065,0.007,171.274935,41.028021,-1.088,0.047,13.243,0.061,2459632.338,0.0005015,4.1244833,4.4e-06,3.567,0.074,10.462458,0.001354,9590.0,1.24726,12.4249,0.670575,459.542,1289.0,131.0,277.278,3.1795,5634.0,125.032,4.24009,0.0810481,1.26,0.07,0.04,0.08,1.0,0.123995
119584412,1801.01,4.56,1,9.85623,0.007,175.575599,23.027033,-205.015,0.169,41.426,0.395,2459648.62,0.0029315,10.6439385,6.87e-05,2.713,0.385,1.347148,0.0024,1240.0,2.21031,1.98891,0.107449,10.7276,504.0,12.0,30.6796,0.1677,3815.0,157.0,4.69775,0.00975382,0.55,0.02,,,0.541272,0.0204295
166648874,1806.01,8.47,1,12.6196,0.008,166.118147,30.458576,-163.272,0.105,-40.435,0.131,2458909.543,0.002263355,15.15120509,0.000135776,2.343816563,0.45733482,5.393528,0.594448,4955.304292,547.35736,2.841179901,0.83051205,2.146212897,308.7009384,8.752779,55.5211,0.1999,3272.0,157.0,4.82521,0.0034367,0.401574999,0.0119287,,,0.393258,0.0202403
180695581,1807.01,3.0,1,9.0363,0.006,201.282626,38.922367,-124.713,0.027,-27.377,0.039,2459664.071,0.0015863,0.54937,1.5e-06,0.883,0.242,0.401797,0.001766,370.0,1.62646,1.53904,0.139876,1407.22,1706.0,17.0,42.5775,0.0621,4612.99,99.6652,4.56172,0.0838448,0.74,0.05,-0.0713156,0.0324292,0.73,0.085975
307734817,1808.01,94.96,0,11.6735,0.007,171.59704,28.056535,-17.679,0.099,-3.216,0.102,2458900.911,0.001503657,2.107500125,0.000203238,1.909348321,0.094434164,4.630945,0.20269,4256.174301,186.66696,11.77061277,0.88204616,3058.10883,1896.631607,19.646215,556.917,23.653,6351.66,143.862,4.13453,0.103412,1.59204,0.108061,-0.484283,0.0106545,1.26,0.198172
347329162,1809.01,105.3,1,11.5384,0.007,183.36604,23.055687,-36.695,0.077,2.792,0.051,2459659.915,0.0006755,4.6170519,5.3e-06,3.555,0.226,13.338437,0.003108,12210.0,2.86261,12.4681,0.680313,447.82,1281.0,109.0,321.084,5.314,5797.0,121.229,4.36164,0.081426,1.11,0.06,0.43,0.04,1.04,0.13252
376524552,1811.01,94.7,1,11.1237,0.006,188.922358,27.214377,-45.874,0.058,-10.766,0.035,2459661.05,0.0002362,3.7130701,1.8e-06,1.654,0.046,21.502818,0.003586,19610.0,3.30322,11.7215,0.817683,55.9743,762.0,170.0,128.23,0.7075,4719.0,120.376,4.49738,0.0908426,0.81,0.06,,,0.756,0.0884888
377290815,1813.01,9.03,0,9.91892,0.006,286.592985,56.629312,-13.704,0.045,-41.7,0.046,2458684.127,0.00267,0.798,2e-05,0.679,0.27,0.206309,0.00544,190.0,5.01007,2.95586,0.469302,898.537,1525.0,10.0,285.002,1.661,6194.2,220.2,4.0,0.08,1.84,0.08,,,1.239,0.188028
237108272,1816.01,6.49,0,9.303001,0.006,257.139454,78.587055,10.3,1.3,14.6,1.3,2458688.289,0.0299,22.7873,0.00345,5.334,1.018,0.445243,0.001599,410.0,1.47243,2.42982,,57.1127,,9.0,117.652,,5845.0,,,,1.16,,,,,
341815767,1819.01,3.62,0,8.98018,0.006,267.520221,54.636127,24.675,0.046,-11.924,0.038,2458685.556,0.00685,3.09374,0.00014,2.451,0.347,0.162873,0.000549,150.0,0.505291,1.72207,0.136516,936.396,1541.0,9.0,160.295,0.51,6610.0,128.1,4.24,0.09,1.47,0.06,,,1.382,0.230537
393831507,1820.01,90.33,1,10.5268,0.006,187.686721,27.452002,50.543,0.081,-33.934,0.082,2459661.328,0.0006569,4.860673,6.4e-06,2.632,0.36,6.68697,0.00342,6140.0,3.15035,11.4272,0.5893,292.245,1151.0,77.0,248.504,3.597,5778.2,106.3,4.16,0.07,1.4,0.06,0.0180147,0.0247545,1.036,0.124896
82308728,1821.01,6.52,1,6.9859,0.006,168.637658,25.710596,-107.534,0.091,48.662,0.09,2459664.085,0.0010928,9.4893231,3.57e-05,2.757,0.194,1.021072,0.00065,940.0,0.598519,2.4304,0.147205,41.924,708.0,26.0,21.5618,0.02535,5120.0,112.4,4.6,0.08,0.77,0.04,-0.24,0.1,0.86,0.105481
142381532,1823.01,51.69,1,9.7722,0.006,196.21972,63.753261,-65.327,0.045,-123.081,0.033,2460345.349,0.0007358,38.8135498,3.51e-05,5.944,0.61,10.465747,0.333813,9593.0,307.406,8.20695,0.564151,9.29717,486.0,137.0,71.6456,0.11495,4760.0,117.2,4.49,0.09,0.82,0.05,,,0.77,0.0892913
142387023,1824.01,6.67,1,8.9754,0.006,197.731229,61.744849,4.548,0.049,16.362,0.044,2460362.104,0.0027101,22.8085719,6.06e-05,3.847,0.26,1.061283,0.032824,977.0,30.2312,2.45459,0.154326,14.6287,544.0,30.0,59.4314,0.1297,5182.0,127.3,4.55,0.08,0.82,0.05,,,0.88,0.111687
229400092,1826.01,112.14,1,11.2086,0.006,292.458821,62.529189,20.957,0.046,-6.056,0.043,2459761.726,0.0001856,4.14198051,8.58e-07,2.380965438,0.011215462,11.055627,0.04289,10130.94118,39.502014,12.98126322,0.6613404,462.8529919,1182.988488,278.4561,265.471,1.367,5418.3,109.0,4.31,0.08,1.15613997,0.058794,,,0.988,0.129799
390651552,1827.01,2.31,1,8.8223,0.007,191.981531,9.749418,-1008.6,0.138,-459.8,0.079,2459691.149,0.0012488,1.467119035,2.45e-06,1.006931308,0.10849214,1.684884,0.050243,1550.632368,46.27417,1.324139397,0.33019075,39.49221404,639.3631768,34.38628,8.07426,0.004095,3297.0,157.0,4.89,,0.331472009,0.00983149,,,0.312792,0.0201625
232982938,1828.01,50.41,1,11.1315,0.007,241.562248,69.621802,-13.263,0.033,23.836,0.033,2459918.438,0.002723824,9.0941239,1.37e-05,4.389,0.15,2.793934,0.000205,2570.0,0.188625,8.09838,0.410657,180.272,1020.0,71.0,369.986,2.467,5759.8,165.5,4.07,0.08,1.56,0.08,,,1.04,0.127661
207468071,1836.01,33.18,1,9.29416,0.006,245.907924,54.690077,-38.232,0.045,73.206,0.049,2460461.725,0.0041897,20.3807063,0.0001997,6.217,1.019,1.500438,0.134412,1381.0,123.79,6.34261,0.407691,233.577,1089.0,37.0,191.649,0.9245,6351.0,118.9,4.12,0.08,1.62,0.07,,,1.261,0.183655
207468071,1836.02,7.94,1,9.29416,0.006,245.907924,54.690077,-38.232,0.045,73.206,0.049,2460477.136,0.0021565,1.7727505,4.1e-06,1.519,0.532,0.263866,0.027804,243.0,25.6082,2.73549,0.187474,2981.98,2058.0,15.0,191.649,0.9245,6351.0,118.9,4.12,0.08,1.62,0.07,,,1.261,0.183655
162689341,1838.01,131.13,1,12.423,0.007,246.69204,51.041133,-5.666,0.038,11.996,0.045,2459717.232,0.0006491,2.174706239,1.83e-06,2.846111046,0.027406367,12.199421,0.147063,11173.19296,135.44063,14.23187097,0.76472163,1622.252825,1618.636705,96.36039,575.889,6.456,6046.76,142.639,4.28918,0.0861511,1.256189942,0.0667387,0.062,0.028,1.12,0.1554
404505029,1842.01,105.1,1,9.26733,0.006,201.962655,9.030644,-23.976,0.092,-7.518,0.054,2459680.103,0.0009588,9.5739531,2e-05,4.172,0.479,3.447251,0.000545,3170.0,0.502035,12.4956,0.586497,354.639,1208.0,58.0,223.465,2.238,6115.0,119.063,3.87646,0.0796686,2.05,0.09,,,1.153,0.152433
258871793,1843.01,108.05,0,12.6445,0.007,287.894787,66.328065,0.744,0.032,-14.996,0.029,2458931.121,0.001767002,9.146912159,0.000295449,4.618497036,0.12056861,9.564011,0.223696,8770.096118,206.0101,12.7002634,0.65836734,235.6892132,999.320223,33.211414,627.627,6.267,5954.0,124.6,4.26,0.08,1.2752,0.0605402,,,1.09,0.139309
198108326,1844.01,86.65,1,11.7551,0.006,209.388645,43.49331,-134.791,0.03,-44.294,0.035,2459685.398,0.000189,3.2130578,1e-06,2.169,0.035,24.741407,0.000877,22530.0,0.808113,11.0975,0.77922,118.075,918.0,211.0,142.751,0.4515,4652.87,115.904,4.61265,0.0882872,0.7,0.05,-0.0631697,0.0150349,0.74,0.083107
54002556,1847.01,59.85,1,11.6235,0.006,23.52145,-14.419149,11.168,0.099,14.047,0.049,2459099.822,0.0026562,35.4557945,0.0001427,3.867,0.659,10.791383,0.022185,9890.0,20.4331,8.9807,0.695996,9.24196,485.0,19.0,190.422,1.7605,5076.0,127.7,4.53,0.09,0.83,0.05,,,0.85,0.0989404
219824469,1848.01,56.48,0,10.5038,0.007,204.440006,48.250123,-41.754,0.044,6.45,0.037,2459661.074,0.0022504,5.4809161,1.97e-05,5.031,0.648,3.011662,0.001874,2770.0,1.72638,8.64837,0.48336,856.944,1507.0,21.0,296.945,2.4375,5923.0,127.2,4.05,0.08,1.62,0.08,,,1.08,0.132907
73540072,1853.01,14.47,1,11.3719,0.006,211.459347,16.99237,-45.626,0.065,-12.311,0.06,2459690.743,0.0017567,1.2436239,4.6e-06,1.211,0.206,1.945209,0.004141,1790.0,3.81382,3.89334,0.284458,435.33,1272.0,18.0,165.105,1.0,4968.8,107.5,4.5,0.08,0.84,0.05,0.205368,0.0230127,0.82,0.0991917
224313733,1856.01,99.95,0,10.9374,0.007,234.099145,57.890738,-15.762,0.036,15.996,0.048,2459517.339,0.0009772,197.0336254,0.0003266,7.338,0.219,12.997752,0.000508,11900.0,0.467556,12.0713,0.58185,1.65744,316.0,12.0,210.486,0.9345,5616.4,135.1,4.44,0.08,1.0,0.05,0.00160549,0.0123411,1.02,0.12655
229742722,1859.01,86.76,1,9.93689,0.006,279.831764,69.522873,12.12,0.044,-12.156,0.041,2460503.687,0.0018896,63.4839358,0.0002256,5.457,0.638,5.831924,0.151844,5357.0,139.844,11.1495,0.511611,23.786,615.0,118.0,224.385,1.167,6415.0,131.3,4.26,0.09,1.4,0.06,,,1.291,0.197742
202426247,1860.01,1.31,1,7.7885,0.006,226.456731,64.047682,-122.326,0.064,110.588,0.058,2460367.148,0.001745,1.0662082,1.8e-06,1.142,0.138,0.163959,0.009742,151.0,8.97283,1.0883,0.0625888,876.703,1515.0,19.0,45.864,0.06465,5668.0,104.7,4.51,0.07,0.93,0.04,0.03,0.03,1.01,0.128338
321668398,1862.01,90.55,1,11.5429,0.009,264.26302,53.021275,-4.289,0.041,7.0,0.04,2459768.447,0.0007575,5.644211242,4.74e-06,2.980996023,0.04843492,4.500136,0.060307,4136.201006,55.54282,11.44628951,0.5574402,854.7074229,1379.031284,64.643135,527.995,5.7555,6310.0,141.7,4.1,0.09,1.635910034,0.0772688,,,1.24,0.193855
356919658,1863.01,62.53,0,11.2542,0.007,273.580728,57.992976,-4.935,0.036,20.049,0.048,2458683.899,0.00117,1.42611,1e-05,1.788,0.112,2.053983,0.212536,1890.0,195.734,9.21032,2.0725,11388.0,2877.0,33.0,383.432,3.0235,6404.0,125.9,4.31,0.08,1.32,0.06,,,1.29,0.191859
233503636,1871.01,55.54,0,11.5906,0.012,251.235703,77.344038,2.762,0.046,-0.365,0.053,2458685.822,0.00402,3.40612,0.0003,1.714,0.617,1.890826,0.082431,1740.0,75.9188,8.60495,1.64429,985.653,1560.0,13.0,526.243,6.3915,5955.3,102.7,4.06,0.08,1.67,0.08,,,1.17,0.165367
59859387,1881.01,30.04,0,10.2761,0.006,110.369675,-45.567737,-9.997,0.042,11.584,0.048,2459987.207,0.0010274,1.1203828,1.2e-06,1.665,0.304,2.065949,0.115094,1901.0,106.0,5.96207,0.339687,4388.96,2267.0,47.0,294.281,2.179,6564.4,178.0,4.26,0.09,1.47,0.06,,,1.45,0.246946
348755728,1883.01,26.47,1,13.3462,0.008,134.089246,-12.930644,30.75,0.106,3.168,0.192,2459256.847,0.000986916,4.506383808,1.03e-05,2.039200683,0.1765048,13.682485,0.65395,12522.96137,602.1286,5.552173428,0.5160709,17.94356103,524.924579,17.854677,115.369,0.8545,3477.0,157.0,4.74303,0.008219,0.49357599,0.0149633,,,0.491671,0.0205038
258510872,1885.01,129.58,1,11.9742,0.007,304.665223,66.155954,0.54,0.039,-3.806,0.04,2459737.0,0.0009524,6.5440665,8e-06,3.777,0.096,6.599578,0.00055,6060.0,0.506475,14.1513,0.65761,318.224,1176.0,69.0,560.901,6.507,6232.0,123.2,4.03,0.08,1.76,0.08,,,1.2,0.168177
459997997,1888.01,90.81,0,10.4748,0.006,156.250032,-60.575142,-21.982,0.048,9.122,0.043,2459328.033,0.0022364,5.547485,2.54e-05,5.412,0.242,3.643322,0.00156,3350.0,1.43696,11.48,0.43171,3368.08,2122.0,23.0,521.829,6.945,7397.0,237.3,4.1,0.62,2.04,0.06,,,2.12,0.311293
420645189,1897.02,48.11,0,10.1374,0.006,48.370422,75.268379,48.29,0.042,14.617,0.056,2458837.477,0.0016185,48.53386258,0.0021795,6.137,0.59,5.147716,0.003397,4730.0,3.1286,7.9008,0.415699,2.2453,341.0,33.0,158.493,0.8355,5937.0,142.24,4.44855,0.0775541,1.03,0.05,,,1.084,0.136359
91987762,1898.01,68.41,1,7.4098,0.006,144.5553,23.546746,-64.433,0.106,-41.485,0.093,2459531.564,0.0004563,45.52214556,4.76e-05,4.383939207,0.04156538,3.293191,0.029261,3028.545328,26.94963,9.705575708,0.48554257,51.00737049,681.5974916,95.79935,79.6682,0.44,6303.91,141.811,4.11765,0.0924486,1.610339999,0.079598,,,1.24,0.189831
172370679,1899.01,100.68,1,12.5826,0.007,299.426847,40.143346,35.427,0.025,18.828,0.029,2459439.215,0.012871722,29.09022715,7.39e-05,4.676982563,0.10876425,41.568471,0.713033,37562.33327,656.51215,12.18265167,0.41291898,2.600600965,323.8830195,62.05948,128.438,0.25,3854.0,157.0,4.63619,0.0110121,0.617862999,0.0181815,,,0.602425,0.0201818
178879588,1900.01,105.43,1,13.2554,0.008,67.418582,-28.197215,5.777,0.022,16.81,0.029,2459145.468,0.001330035,3.056627711,0.000122001,2.392637538,0.08565802,13.676503,0.364697,12517.52035,335.84195,12.51826934,0.31135896,606.6634527,1265.775565,30.356386,623.232,6.0345,5735.0,122.0,4.41,,1.038650036,,,,1.02,
77156657,1903.01,102.84,1,11.8831,0.006,68.136479,-38.968297,-0.767,0.034,5.443,0.042,2459196.572,0.0011825,3.8404319,9.7e-06,5.242,0.229,3.89391,0.000563,3580.0,0.518387,12.3434,0.592897,1599.92,1761.0,29.0,715.383,10.6205,5909.0,61.2,4.42,2.0,2.04,0.09,,,1.1,0.145795
429302040,1905.01,107.46,1,10.418,0.006,188.386428,-10.146214,-96.647,0.11,-9.483,0.058,2458574.142,0.0002,5.72226,0.00011,2.648,0.03,28.099986,0.001419,25549.0,1.30739,12.8433,0.928107,37.0251,687.0,288.0,64.7414,0.26065,4233.2,164.2,4.64,,0.73,0.05,,,0.66,0.0799695
308098254,1906.01,103.22,1,11.5688,0.006,168.292908,-17.657779,6.008,0.077,-7.754,0.047,2459299.077,0.0010038,9.6246665,1.75e-05,4.297,0.316,11.164285,0.002954,10230.0,2.72051,12.3182,0.681292,121.918,925.0,66.0,310.841,4.0695,5473.0,123.4,4.26,0.08,1.2,0.06,,,0.958,0.12502
37718056,1908.01,110.02,1,11.7083,0.007,4.146347,-10.976423,1.827,0.083,-1.504,0.042,2458384.094,0.00142,3.65688,0.00053,3.542,0.138,7.670615,0.002537,7040.0,2.33649,12.8031,0.709584,903.013,1527.0,9.0,524.993,12.2925,6239.0,126.7,4.15,0.09,1.53,0.08,,,1.21,0.173333
232038798,1909.01,108.61,1,11.3187,0.006,96.744643,-46.821364,0.077,0.042,20.496,0.038,2459252.138,0.0002814,4.1536624,2.7e-06,1.702,0.151,13.448358,0.005587,12310.0,5.14588,12.7595,0.652224,278.886,1138.0,140.0,303.941,1.8995,5818.8,409.4,4.24,0.39,1.09,0.05,,,1.15,0.161447
437261733,1910.01,117.14,1,13.2958,0.007,170.324325,-22.388177,-24.166,0.048,0.929,0.034,2459296.223,0.0015289,5.4161129,1.65e-05,3.385,0.092,15.649124,0.004986,14310.0,4.59249,13.3752,,232.397,1087.0,26.0,642.884,13.6555,5652.0,122.0,4.36,,1.1,,,,1.0,
44745133,1911.01,71.06,1,12.5757,0.007,61.657801,-25.349667,3.997,0.022,9.892,0.032,2459166.298,0.0051682,7.8181434,6.37e-05,4.98,0.429,3.970187,0.003319,3650.0,3.05663,9.95177,0.589713,266.851,1125.0,15.0,679.761,8.625,5549.0,123.1,4.0,0.08,1.64,0.08,,,0.98,0.124723
50712784,1912.01,119.32,1,10.5579,0.006,126.337825,-11.500989,-5.388,0.049,-0.587,0.04,2459249.036,0.000594,5.4053583,9.2e-06,4.859,0.118,7.375428,0.000529,6770.0,0.487159,13.4237,0.628467,857.119,1507.0,74.0,343.08,4.094,6410.0,128.8,4.14,0.09,1.59,0.07,,,1.289,0.199609
53458803,1913.01,112.59,1,11.8656,0.007,102.847425,-29.058655,-16.382,0.034,-7.264,0.04,2459252.258,0.0004812,3.348903818,7.05e-05,3.354629822,0.05028669,11.995191,0.147027,10987.17477,135.40771,13.01103804,0.67610633,740.224566,1330.333793,54.78575,389.57,3.9105,5711.0,124.0,4.27,0.07,1.229590058,0.0607839,,,1.02,0.118962
53750200,1914.01,91.85,1,12.2309,0.009,103.517356,-27.050416,-0.139,0.037,-4.758,0.042,2459232.244,0.00163704,4.193342209,0.000175147,1.822099596,0.17474404,5.228617,0.213598,4804.157266,196.71211,11.54257023,1.4339011,1300.312519,1531.551784,22.313007,737.668,13.944,6405.0,128.2,4.13,0.09,1.627760053,0.0730402,,,1.29,0.212058
98283926,1915.01,116.12,1,13.1472,0.006,108.452399,-33.437346,0.759,0.026,-2.879,0.032,2459253.248,0.0009503,2.292034833,8.13e-05,3.181250653,0.08811164,11.554093,0.225748,10585.2906,207.89972,13.24971416,0.34636796,1637.205806,1622.353794,32.916973,800.377,10.401,6208.0,122.0,4.31,,1.265259981,,,,1.19,
308425348,1918.01,39.68,0,12.2876,0.006,167.582816,-58.982985,-10.042,0.053,4.282,0.044,2458571.791,0.00869,3.39829,0.00088,2.634,0.407,4.72235,0.017052,4340.0,15.7058,7.06633,0.581413,662.808,1413.0,9.0,477.322,7.041,6271.0,133.8,4.45,0.08,1.09,0.05,,,1.22,0.176592
363851359,1920.01,78.77,1,13.2755,0.006,200.634864,-44.688839,-3.451,0.054,-7.915,0.093,2459331.954,0.0025113,2.5441537,1.13e-05,2.128,0.217,7.38636,0.008335,6780.0,7.67643,10.5577,,476.965,1301.0,1000.0,748.585,22.0285,5652.0,122.0,4.2,,1.31,,,,1.0,
114299824,1923.01,98.96,1,12.9264,0.006,114.283382,-32.755419,-6.283,0.026,0.531,0.031,2459250.356,0.0043851,4.2041585,3.17e-05,2.124,0.334,13.195556,0.03056,12080.0,28.1462,12.1025,0.809459,355.909,1210.0,11.0,609.838,6.0405,6781.0,133.6,4.54,0.09,1.07,0.05,,,1.45,0.252809
118956453,1925.01,119.65,1,11.9397,0.006,135.416303,-20.720369,-9.984,0.067,1.128,0.055,2459279.602,0.0004058,2.3447752,1.7e-06,1.814,0.044,16.78426,0.002713,15340.0,2.49835,13.4487,0.743905,320.327,1178.0,97.0,305.603,3.6665,5515.0,133.4,4.39,0.08,1.04,0.06,,,0.969,0.126001
143143769,1926.01,9.44,1,12.3686,0.006,89.598895,-30.811799,-16.881,0.035,-7.371,0.036,2459175.373,0.00252949,1.337234923,0.000116206,1.702609765,0.62734777,1.332664,0.136543,1226.676056,125.75308,3.026578642,3.7305796,886.9841113,1391.870113,9.910095,280.555,1.8105,5111.9,121.9,4.5,0.08,0.860256016,0.050804,-0.188957,0.0741647,0.859,0.102545
160578764,1930.01,110.21,1,12.1014,0.006,223.658719,-38.744547,0.723,0.072,-1.53,0.063,2459355.488,0.0008683,2.8786641,4.8e-06,2.207,0.078,9.498187,0.004386,8710.0,4.03981,12.863,0.793497,471.142,1297.0,45.0,508.885,16.1435,6017.0,133.0,4.22,0.08,1.35,0.08,,,1.11,0.147177
162922904,1931.01,89.31,1,12.0233,0.006,171.845053,-44.088703,-8.427,0.045,-2.262,0.037,2459331.432,0.0017149,3.8186276,1.7e-05,4.282,0.295,3.523496,0.001719,3240.0,1.58294,11.3749,0.650895,1200.24,1639.0,26.0,757.84,19.2795,6090.0,126.9,3.88,0.08,2.03,0.1,,,1.14,0.157535
176685457,1935.01,87.67,1,12.2682,0.007,141.920643,-19.347648,-6.078,0.057,1.723,0.063,2459272.948,0.0014894,4.4352884,1.28e-05,1.89,0.21,6.98197,0.005678,6410.0,5.22977,11.21102312,1.5134789,196.663,1365.123239,23.0,609.128,15.5615,6245.0,124.1,4.24,0.09,1.38,0.07,,,1.21,0.173616
178289267,1936.01,110.01,1,11.7076,0.007,60.948278,-19.056818,-12.664,0.046,-14.115,0.04,2459167.711,0.0002561,2.3506186,1e-06,2.369,0.032,17.446053,0.000347,15940.0,0.319376,12.801,0.662199,570.233,1361.0,160.0,279.485,3.084,5593.0,124.5,4.46,0.08,0.97,0.05,,,0.99,0.130149
325172035,1939.01,30.66,0,8.2376,0.6,177.494824,-63.949071,-9.897,0.067,1.268,0.057,2459308.613,0.00125646,2.897020196,0.000267647,4.150233606,0.081738316,3.350234,0.097519,3080.923931,89.813965,,,631.5687933,1278.571193,39.63694,3847.17,621.77,8862.0,240.0,4.1,1.44,,,,,,
167009792,1941.01,5.36,0,8.5122,0.006,95.102051,-66.400466,34.203,0.047,53.698,0.047,2458326.511,0.00407,1.13305,1e-05,1.073,0.884,0.108579,0.003642,100.0,3.35467,2.16887,0.435629,925.999,1536.0,9.0,153.896,0.6075,5883.8,133.8,3.77,0.3,2.1,0.1,,,1.08,0.141361
308919449,1942.01,2.59,0,9.8146,0.006,122.61813,-65.852379,-8.549,0.045,-7.848,0.046,2460012.028,0.0037067,1.6563738,6.4e-06,1.741,0.23,0.267124,0.015498,246.0,14.2743,1.42047,0.0911265,1000.88,1566.0,19.0,130.335,0.3975,5614.1,76.6,4.34,0.29,1.02,0.05,,,1.06,0.13382
357536526,1945.01,45.09,0,10.6707,0.006,137.66287,-64.471528,-14.832,0.047,-21.967,0.041,2458545.661,0.00496,1.57363,0.00018,2.558,0.151,0.771146,0.198404,710.0,182.72,7.59717,2.4985,18801.9,3262.0,22.0,279.155,1.8855,5342.5,239.4,4.01,0.34,1.66,0.09,,,0.98,0.122252
460140752,1947.01,29.29,0,8.9301,0.006,156.738469,-60.665225,2.8,3.6,8.5,3.4,2460066.822,0.000949,12.0077462,1.22e-05,2.818,0.303,3.176076,1.049247,2921.0,965.925,,,115.384,913.0,53.0,,,4990.7,253.6,,,,,,,,
31268146,1948.01,4.31,0,10.1302,0.006,88.071315,-70.920308,-11.765,0.103,-40.92,0.1,2460013.457,0.0090229,3.647338315,1.5e-05,4.457284668,0.64785343,0.176733,0.013785,162.7642577,12.695944,1.90837771,2.081486,1104.889375,1470.447248,16.040323,219.482,3.382,5928.0,161.5,4.24,0.12,1.475790024,0.073995,0.109784,0.0474794,1.11,0.141205
327663613,1950.01,30.73,0,8.4215,0.006,189.810101,-69.542013,-13.675,0.059,-2.364,0.066,2458599.57,0.00531,1.41144,0.00052,2.509,0.51,0.45,0.001419,414.379,1.30711,,,20094.8,3316.0,17.0,362.573,5.743,9208.0,149.4,3.85,0.49,,,,,2.61,0.340599
394509844,1952.01,88.71,0,10.5,0.006,154.996219,-79.802603,-29.071,0.044,-12.333,0.035,2458599.314,0.00105,6.89132,0.00069,5.369,0.587,6.468504,0.002111,5940.0,1.94454,11.3151,0.581361,673.704,1419.0,82.0,241.981,1.3165,5488.0,84.4,4.14,0.36,1.41,0.07,,,1.06,0.139153
242536549,1953.01,80.06,0,9.5187,0.006,215.145569,-41.983318,-6.986,0.092,-3.886,0.074,2459359.132,0.0005716,0.6923563,1.3e-06,0.803,0.101,0.879803,0.330544,810.0,304.396,10.6207,3.58922,14950.4,3080.0,25.0,253.478,3.3285,6422.1,205.8,3.86,0.57,1.85,0.08,,,1.4,0.231268
166184426,1955.01,5.65,0,11.1825,0.007,206.105083,-40.336403,150.065,0.12,71.874,0.143,2458600.451,0.00249,16.3152,0.00125,1.992,0.345,2.717739,0.348664,2500.0,321.08,2.23088,0.616582,26.312,630.0,13.0,22.4731,0.04095,3625.0,65.0,4.81,0.36,0.31,0.01,-0.494175,0.0860478,0.289172,0.0202044
334911765,1956.01,14.24,0,10.4877,0.006,213.978422,-62.906643,-59.783,0.035,-3.942,0.058,2458600.597,0.0048,0.88958,0.00029,1.844,0.276,1.347148,0.003524,1240.0,3.24587,3.8492,0.281552,4433.23,2273.0,13.0,191.877,1.394,5586.2,77.6,4.21,0.33,1.11,0.05,,,1.13,0.148445
302659412,1957.01,12.74,0,9.4845,0.006,134.966386,-67.955597,-19.821,0.043,-15.188,0.037,2460083.975,0.0063171,14.5187891,8.88e-05,2.897,0.748,0.465881,0.043812,429.0,40.3516,3.60283,0.277583,43.2598,714.0,10.0,206.826,1.003,5844.8,50.4,4.13,0.36,1.79,0.09,,,1.1,0.14365
400323948,1959.01,55.42,0,11.0897,0.006,166.085979,-67.991833,7.241,0.04,14.358,0.039,2459336.01,0.006813165,3.224280825,0.001620936,4.310007684,0.49956045,0.943504,0.091655,868.6214414,84.414024,8.575211206,1.4759883,527.6121099,1222.358054,9.158857,407.801,3.7995,4866.2,129.7,,,2.624150038,,,,,
295354126,1965.01,10.57,0,8.177301,0.007,223.151952,-61.568677,-6.158,0.052,-7.883,0.082,2459357.403,0.0011556,2.2778177,6.5e-06,3.212,0.098,0.955869,0.326449,880.0,300.625,,,95451.3,4896.0,43.0,401.097,7.8685,9096.5,385.4,,,,,,,,
293708935,1969.01,10.73,0,8.5941,0.006,222.333572,-60.080256,-153.952,0.035,-86.496,0.067,2458597.351,0.003255637,2.685591481,0.000554551,2.049118734,0.3399045,0.530229,0.051918,488.2401788,47.81683,3.572971222,1.3209385,1856.700481,1674.191806,9.359,106.955,0.394,5796.0,107.5,4.14,0.28,1.51715,0.176909,,,1.12,0.147828
253132689,1971.01,28.88,0,10.3345,0.006,194.769773,-57.253713,-6.326,0.072,-20.071,0.064,2460062.383,0.0019982,3.217824,7.4e-06,1.735,0.259,1.39933,0.067774,1288.0,62.4203,5.84702,0.35263,227.191,1081.0,23.0,247.145,4.5195,5418.0,169.6,4.17,0.56,1.67,0.09,,,1.01,0.12931
467281353,1975.01,16.36,0,10.2081,0.006,168.076087,-60.93258,-65.356,0.047,13.636,0.045,2459332.171,0.0044341,2.8319354,2.14e-05,3.21,0.391,0.847205,0.001159,780.0,1.06792,4.18335,0.276048,914.113,1531.0,18.0,205.367,1.249,5408.7,62.5,,,1.48,0.08,,,0.97,0.126883
458857720,1979.01,33.08,0,9.8678,0.007,161.046711,-59.92517,-18.128,0.073,4.679,0.071,2458571.797,0.00246,1.30924,0.0001,2.535,0.434,3.66511,0.011238,3370.0,10.3509,,,52079.9,4208.0,34.0,395.582,6.484,8832.5,149.0,4.26,0.63,,,,,,
89535068,1983.01,29.12,0,10.3349,0.006,127.281049,-57.194209,-16.422,0.052,-22.274,0.047,2459288.092,0.00398442,6.111094507,0.003965635,4.256631788,0.61395943,1.192959,0.169365,1098.152672,155.97885,5.873207978,11.9655285,249.203041,1013.346762,18.0,162.148,0.816,5725.0,235.6,4.54,0.31,1.072350025,0.0504698,-0.0475684,0.0654673,1.01,0.124883
162246865,1984.01,9.4,0,10.361,0.006,168.871533,-44.428987,-12.725,0.05,-24.449,0.044,2459331.916,0.0014833,0.5646193,2.1e-06,1.295,0.236,0.553867,0.000872,510.0,0.803011,3.01498,0.181048,8493.1,2674.0,23.0,252.81,2.018,6237.0,102.5,4.24,0.41,1.3,0.06,,,1.32,0.208669
161156159,1988.01,42.13,0,10.1854,0.006,190.132487,-48.740903,4.353,0.055,0.291,0.053,2460064.293,0.0016912,2.2818488,3.8e-06,3.973,0.427,1.611342,0.032816,1483.0,30.2245,7.2854,0.417761,2351.9,1940.0,33.0,299.378,7.0665,5368.0,124.8,,,2.15,0.12,,,1.0,0.123097
324395151,1989.01,47.76,0,10.2581,0.017,176.866343,-64.882975,-6.47,0.036,0.078,0.036,2459309.576,0.000905487,3.455147904,0.000239691,5.744470404,0.070289016,5.651528,0.096455,5191.726001,88.83485,,,499.3447666,1205.646182,30.213356,1541.16,53.27,8046.5,252.7,4.12,1.5,,,,,,
457939414,1990.01,95.18,0,10.1574,0.006,158.670633,-59.748482,-15.942,0.046,7.618,0.045,2459281.711,0.004074766,3.789952396,0.001089937,5.526840114,0.20403641,4.728279,0.342822,4345.437343,315.7013,11.78712672,6.0611277,602.1590809,1263.419453,12.181036,171.127,0.725,5579.5,213.4,4.22,2.01,1.104560018,0.0517186,,,1.14,0.155013
147340931,1992.01,103.62,0,10.5287,0.006,162.91688,-44.984741,0.555,0.046,-7.807,0.049,2458546.846,0.00085,4.31224,0.00013,2.704,0.27,5.431386,0.002005,4990.0,1.84687,12.3576,0.582863,664.873,1414.0,67.0,375.933,4.541,,,,,1.72,0.07,,,1.44,0.251426
445903569,1994.01,91.68,1,10.2396,0.006,147.174575,-51.756564,-13.547,0.058,-1.741,0.064,2460032.219,0.0007366,4.0337201,3.3e-06,3.48,0.138,3.118365,0.047723,2868.0,43.9533,11.5159,0.399353,1910.26,1841.0,41.0,515.603,9.044,7369.0,219.0,4.27,0.65,2.22,0.07,,,1.88,0.295482
429295277,1998.01,19.1,0,10.186,0.006,184.259218,-51.075153,18.224,0.057,-25.907,0.041,2458572.208,0.00399,1.10833,0.00032,2.288,0.339,1.151491,0.001902,1060.0,1.75155,4.58274,0.286178,4415.23,2270.0,22.0,218.438,2.131,5972.0,208.3,4.08,0.17,1.4,0.06,-0.276956,0.0561165,1.11,0.139188
371188886,2000.01,53.17,1,10.3579,0.006,146.397063,-66.686631,-73.323,0.045,12.578,0.049,2460031.897,0.0009989,9.1270425,8.4e-06,3.62,1.107,5.003727,0.217829,4598.0,200.608,8.36201,0.469162,167.221,1001.0,77.0,175.713,0.757,5400.0,283.3,4.43,0.31,1.18,0.06,,,0.98,0.131459
371188886,2000.02,6.69,1,10.3579,0.006,146.397063,-66.686631,-73.323,0.045,12.578,0.049,2460038.82,0.005565,3.098367,1.53e-05,1.963,0.556,0.538659,0.044495,496.0,40.9804,2.47118,0.187677,328.067,1185.0,12.0,175.713,0.757,5400.0,283.3,4.43,0.31,1.18,0.06,,,0.98,0.131459
439610306,2004.01,11.09,0,9.0607,0.006,143.46695,-55.175763,-12.167,0.048,3.727,0.049,2458545.266,0.01211,1.79988,0.00056,3.518,0.564,0.19545,0.000491,180.0,0.452551,3.32197,0.225957,6540.68,2505.0,11.0,258.885,1.9515,6136.9,97.0,3.85,0.42,2.46,0.1,,,1.49,0.246319
41173048,2006.01,73.79,0,9.2225,0.006,91.22465,-69.360322,8.246,0.05,22.049,0.052,2459194.004,0.0207447,6.40938,0.0001988,2.356,0.586,0.304049,0.001254,280.0,1.15453,10.1474,,50.0267,740.0,13.0,485.257,6.2485,4650.0,84.7,2.54,0.14,8.3,,-0.32,0.09,,
70887357,2008.01,114.43,0,8.64807,0.006,63.857632,-16.902144,47.551,0.054,-30.747,0.053,2458454.333,0.001777476,723.8345008,0.002578872,7.382946016,0.121020645,3.392028,0.069598,3119.298369,64.100075,13.13616971,0.7173174,1.357262075,275.2869842,67.21428,139.212,0.7375,5463.0,186.0,3.77778,0.281727,1.947710037,0.102432,,,0.992,0.123554
26547036,2010.01,94.78,1,9.26693,0.006,292.166942,53.487369,40.519,0.067,11.106,0.066,2459846.977,0.006372369,1134.672396,5.09e-05,8.684462279,0.041797563,12.755179,0.08945,11679.21595,82.38331,11.75821955,0.5836612,8.634710235,437.2015486,129.00015,109.19,0.321,5842.0,129.228,4.39929,0.0793101,1.073519945,0.0529397,,,1.054,0.13542
136916387,2011.01,3.0,1,5.0494,0.006,230.440115,-48.318817,-1624.05,0.169,-276.024,0.133,2458631.768,0.001185092,11.57783621,1.84e-05,3.877249901,0.29744247,0.236064,0.01261,217.3994918,11.614346,1.542212857,0.71613497,99.90134152,806.3295569,15.475518,14.682,0.01985,5739.0,25.0,4.51,0.028,1.026069999,0.0451056,-0.26,0.1,1.03,0.127035
136916387,2011.02,7.8,1,5.0494,0.006,230.440115,-48.318817,-1624.05,0.169,-276.024,0.133,2458650.898,0.000891697,27.59207175,2.66e-05,3.274301583,0.09029347,0.603115,0.016068,555.3352929,14.799067,2.705027839,0.1508972,31.38307111,603.6616824,36.951767,14.682,0.01985,5739.0,25.0,4.51,0.028,1.026069999,0.0451056,-0.26,0.1,1.03,0.127035
136916387,2011.03,3.26,1,5.0494,0.006,230.440115,-48.318817,-1624.05,0.169,-276.024,0.133,2460081.126,0.001931846,,,3.534135354,0.10831175,0.211953,0.016965,195.1972939,15.624812,1.62083261,0.1211116,335.6075222,1091.635552,19.23275,14.682,0.01985,5739.0,25.0,4.51,0.028,1.026069999,0.0451056,-0.26,0.1,1.03,0.127035
188589164,2013.01,1.35,1,10.2705,0.007,239.577568,35.408114,-143.277,0.066,318.219,0.082,2458956.396,0.001353811,2.616276872,0.000113333,1.134893023,0.39219263,1.21736,0.097742,1120.601418,90.019485,1.097286737,1.1053865,19.1060128,533.2271643,14.412579,15.8095,0.00955,3352.0,157.0,4.8984,0.00276832,0.325635,0.00971841,,,0.306053,0.0201949
368287008,2015.01,25.62,1,12.8387,0.007,232.132653,27.361073,-56.166,0.066,63.966,0.067,2459712.929,0.0029226,3.3491408,1.6e-05,1.207,0.25,7.856515,4.406476,7210.0,4050.29,5.37673,2.27494,31.0153,657.0,10.0,47.3444,0.11295,3223.0,157.0,4.89993,0.00294439,0.32,0.01,,,0.304345,0.0201868
357501308,2018.01,5.81,1,8.962,0.006,229.837442,29.207877,-141.096,0.031,395.502,0.036,2458958.258,0.00072833,7.435570896,1.57e-05,2.345032102,0.2092936,1.423986,0.071153,1310.680316,65.53177,2.276156361,0.64088714,26.07576069,576.3403106,18.09982,27.9956,0.02135,4218.9,162.8,4.67,0.13,0.622511983,0.0766281,-0.812,0.163,0.66,0.0867542
159781361,2019.01,15.1,1,9.6087,0.006,234.431765,48.955206,12.352,0.033,-46.466,0.048,2460431.584,0.0072574,15.3468182,0.000101,6.425,0.609,0.722255,0.033724,665.0,31.0605,3.99579,0.250903,126.052,933.0,14.0,198.007,0.82,5588.0,124.973,3.92293,0.0807668,1.8,0.09,,,0.987,0.126306
39903405,2020.01,116.71,1,8.27468,0.006,245.151432,41.04796,-10.312,0.041,-29.198,0.052,2460477.276,0.0001407,5.633477,1e-06,4.132,0.081,6.152897,0.024142,5651.0,22.2349,13.2583,0.519371,588.518,1372.0,231.0,127.774,0.424,6412.8,106.4,4.09,0.08,1.7,0.07,0.0535135,0.0406867,1.29,0.191555
236312126,2021.01,124.76,1,10.5484,0.006,240.549275,28.169625,-17.422,0.034,14.82,0.043,2459713.292,0.0003093,3.9415041,1.9e-06,2.866,0.057,23.409311,0.000774,21330.0,0.712596,13.8352,0.594068,321.85,1179.0,193.0,163.553,0.6195,5729.0,103.1,4.52,0.07,0.92,0.04,-0.08,0.1,1.023,0.125268
11996814,2022.01,28.55,0,11.6484,0.007,31.17055,65.289331,-26.036,0.04,24.771,0.049,2458790.849,0.000670302,0.448734914,2.76e-06,2.875789655,0.09678356,3.885229,0.116084,3572.032803,106.911674,5.805449843,1.7503514,928.877466,1408.021727,20.763273,89.3047,0.23835,3975.0,157.0,4.62844,0.0110764,0.627144,0.0183442,,,0.609693,0.0201206
255930614,2024.01,52.81,1,7.6262,0.006,247.622983,38.347535,-77.899,0.048,52.564,0.056,2460476.023,0.0010622,2.8758831,1.08e-05,3.14,0.074,3.427645,0.108027,3152.0,99.4912,8.33267,0.442252,1095.91,1602.0,227.0,75.8643,0.17365,6084.0,139.9,4.17,0.09,1.46,0.07,0.33,0.1,1.14,0.154399
394050135,2025.01,97.91,1,10.9461,0.006,282.795256,82.245414,2.791,0.036,-4.521,0.045,2459754.94,0.0005663,8.872054152,1.15e-05,3.659339561,0.03968991,6.691664,0.063199,6144.296801,58.206493,11.98498126,0.5755136,343.7177625,1098.17169,102.18961,335.985,2.417,6042.0,136.0,4.15,0.08,1.479959965,0.06901,,,1.123,0.159804
335996558,2027.01,12.4,0,10.5027,0.006,333.331904,62.857385,4.812,0.093,1.212,0.081,2458739.508,0.00259,1.46329,2e-05,2.431,0.355,0.814608,0.001125,750.0,1.03585,3.54656,0.217751,3541.21,2149.0,24.0,238.061,2.459,6168.0,232.5,4.29,0.1,1.28,0.06,,,1.176,0.192148
336456596,2028.01,31.56,0,10.9141,0.041,334.434433,62.465008,4.431,0.042,0.9,0.039,2458739.63,0.00288,0.77871,1e-05,1.458,0.192,0.727687,0.001039,670.0,0.957405,6.16036,0.315609,10057.7,2789.0,16.0,609.996,8.9055,7751.0,349.7,4.0,0.09,2.25,0.07,,,1.83,0.325305
445254275,2029.01,81.41,0,10.9415,0.016,12.216148,59.386718,2.849,0.046,-1.879,0.043,2458767.197,0.0042,2.57134,8e-05,3.824,0.911,0.999337,0.002896,920.0,2.66768,10.7406,0.826123,5344.87,2382.0,17.0,910.693,28.9095,7125.0,162.4,3.54,0.08,3.56,0.17,,,1.59,0.257996
427279997,2034.01,32.02,0,10.5682,0.013,351.380744,54.601182,-1.535,0.075,-1.911,0.075,2458768.728,0.00722,2.89453,0.00019,3.327,0.746,0.597319,0.002523,550.0,2.32422,6.20845,0.56928,9411.16,2743.0,9.0,909.511,44.8145,9714.0,228.9,3.98,0.08,2.68,0.15,,,2.48,0.340801
54364414,2041.01,9.38,0,10.4608,0.006,19.234846,62.35169,78.916,0.037,-13.737,0.048,2458792.095,0.00283,1.37477,3e-05,1.601,0.129,1.042807,0.000997,960.0,0.918522,3.0101,0.184631,1122.82,1612.0,21.0,177.331,0.9395,5825.0,155.6,4.44,0.08,1.02,0.05,,,1.049,0.139565
269424395,2042.01,41.62,0,10.9518,0.006,350.369407,60.801171,-8.563,0.043,-13.166,0.039,2458768.149,0.00666,2.41872,9e-05,2.685,0.308,1.260185,0.002212,1160.0,2.03758,7.23529,0.483918,1660.52,1778.0,13.0,511.22,6.974,6535.0,459.3,3.9,0.12,2.16,0.1,,,1.348,0.303488
270333769,2044.01,43.79,0,10.4887,0.064,351.880281,61.392515,-5.884,0.059,-5.005,0.057,2460418.368,0.0029592,4.1207509,1.52e-05,2.158,0.565,1.056936,0.087941,973.0,80.9931,7.46471,0.54253,2466.19,1963.0,17.0,664.006,16.6285,9953.0,965.5,4.09,0.1,2.38,0.13,,,2.55,0.425871
159873822,2048.01,7.34,1,10.7545,0.006,237.924107,52.306308,-10.393,0.038,-1.384,0.043,2459704.448,0.0044815,13.7905315,9.1e-05,3.301,0.481,1.238445,0.002055,1140.0,1.89262,2.60168,0.17953,29.035,646.0,15.0,116.567,0.291,5021.6,104.2,4.6,0.08,0.76,0.04,0.101813,0.0174915,0.835,0.0990377
1100766816,2052.01,19.42,0,10.0943,0.008,238.501017,19.596887,-66.932,0.113,-89.67,0.094,2458957.042,0.00253,1.62263,0.0003,1.555,0.422,1.771194,0.007104,1630.0,6.54313,4.33692,1.05517,713.443,1439.0,18.0,115.724,1.0315,5016.1,577.2,,,1.01,0.24,,,,
378355116,2054.01,29.24,0,10.7633,0.006,358.248392,60.481667,-0.9,4.8,0.7,5.0,2459875.429,0.005032,3.5684459,2.74e-05,2.934,0.6,1.019985,0.089621,939.0,82.5405,5.87762,4.13876,2297.53,1928.0,14.0,,,8124.0,221.0,,,2.08,1.46,,,,
326732851,2058.01,130.33,0,10.5365,0.013,359.678289,62.625907,2.128,0.049,-7.349,0.044,2458766.423,0.00545,1.51567,5e-05,2.281,0.392,0.814608,0.001719,750.0,1.58325,14.18,,1102.82,1605.0,18.0,550.191,8.1875,4963.0,122.0,,,4.96,,,,,
403308915,2059.01,19.82,0,10.1731,0.006,5.198855,55.542814,-8.586,0.047,-7.721,0.043,2459878.779,0.0037262,3.7543552,1.71e-05,1.878,0.273,0.510416,0.064097,470.0,59.0334,4.6716,0.282353,931.407,1539.0,11.0,385.274,6.367,8398.0,145.4,4.27,0.07,1.75,0.06,,,2.079,0.305957
285542903,2060.01,49.31,0,9.8722,0.023,13.27005,60.618112,2.884,0.053,-1.087,0.055,2460448.014,0.0061663,2.2657506,1.2e-05,3.419,0.568,0.421347,0.033208,388.0,30.5848,8.00485,0.521967,18671.1,3256.0,13.0,914.062,34.852,10125.0,419.5,3.62,0.07,4.14,0.18,,,2.6,0.362384
327577308,2061.01,4.04,0,10.636,0.006,4.747716,56.367066,181.062,0.041,8.715,0.037,2458766.425,0.00426,1.45655,4e-05,1.51,0.375,0.62991,0.002548,580.0,2.34658,1.83776,0.18558,436.167,1273.0,9.0,78.9495,0.20345,4475.0,122.2,4.59,0.1,0.7,0.05,,,0.7,0.0831866
373785851,2062.01,114.46,0,10.155,0.006,27.778642,63.081422,12.315,0.07,-4.252,0.075,2458796.0,0.00234,4.04163,6e-05,1.719,0.219,3.37101,0.003123,3100.0,2.87669,13.1608,0.733872,304.098,1163.0,21.0,419.142,10.3525,6895.0,380.1,3.87,0.1,2.36,0.11,,,1.5,0.302938
115524421,2064.01,59.39,1,11.5906,0.007,254.130502,44.302536,-13.477,0.047,-27.061,0.046,2459735.853,0.0008743,8.8036803,1.36e-05,2.997,0.287,9.114908,0.002816,8360.0,2.59361,8.9006,0.49633,72.699,813.0,51.0,246.353,1.565,5701.0,188.0,4.47,0.56,0.94,0.05,,,0.95,0.119232
417931300,2068.01,3.84,1,11.1806,0.007,186.27356,60.418346,-197.88,0.039,-6.197,0.033,2459623.464,0.0048826,7.768982,5.77e-05,2.181,0.327,1.140622,0.002975,1050.0,2.74014,1.77405,0.111992,11.3921,511.0,11.0,52.9328,0.0586,3700.0,157.0,4.70036,0.00945482,0.54,0.02,,,0.538526,0.0202958
27491137,2076.01,6.41,1,8.3745,0.006,217.392016,39.790399,-118.228,0.036,-6.973,0.048,2459675.695,0.0017822,10.35635955,2.08e-05,3.481493313,0.15268509,1.003621,0.0719,923.942127,66.21998,2.410320564,0.35092917,48.11910139,671.7367777,12.489726,41.9091,0.0527,5149.6,81.7,4.6,0.09,0.772148013,0.0454673,,,0.87,0.108032
27491137,2076.02,10.26,1,8.3745,0.006,217.392016,39.790399,-118.228,0.036,-6.973,0.048,2459675.933,0.0014855,35.1257472,9.92e-05,2.839,0.372,2.245451,0.001238,2066.0,1.14053,3.17021,0.207547,3.78846,388.0,32.0,41.9091,0.0527,5149.6,81.7,4.6,0.09,0.77,0.05,,,0.87,0.108032
27491137,2076.03,13.85,1,8.3745,0.006,217.392016,39.790399,-118.228,0.036,-6.973,0.048,2459673.364,0.0013713,21.0153047,5.72e-05,4.315,0.518,2.251979,0.001341,2072.0,1.23514,3.78219,0.24189,28.033,641.0,47.0,41.9091,0.0527,5149.6,81.7,4.6,0.09,0.77,0.05,,,0.87,0.108032
159244568,2078.01,7.0,0,11.0372,0.006,227.179973,82.446925,35.892,0.04,-66.784,0.041,2458820.25,0.00308096,6.277247777,0.000426468,1.532501358,0.6161359,0.989037,0.133206,910.5215536,122.67958,2.538544064,2.4801824,105.278027,816.9663784,7.383831,151.103,0.556,5244.0,118.782,4.58339,0.0801772,0.800741,0.0434623,,,0.896,0.111443
321669174,2081.01,4.46,1,11.642,0.007,264.302263,53.025567,-111.988,0.042,-31.78,0.042,2459757.445,0.0034541,10.50543617,2.15e-05,2.48504009,0.22968265,1.434773,0.072613,1320.601625,66.876884,1.947929019,0.3443212,8.256700145,432.3359777,18.799452,62.3446,0.08335,3742.0,157.0,4.72382,0.00862431,0.515546978,0.0153071,,,0.513208,0.0202823
441738827,2084.01,4.91,1,13.3257,0.007,259.254539,72.747023,47.717,0.041,36.775,0.05,2459652.834,0.0076751,6.0784031,6.58e-05,2.117,0.376,1.966963,0.009676,1810.0,8.91158,2.07448,0.16522,15.739,554.0,6.0,114.549,0.3405,3630.0,157.0,4.76664,0.00684404,0.47,0.01,,,0.464271,0.0202882
441738827,2084.02,7.18,0,13.3257,0.007,259.254539,72.747023,47.717,0.041,36.775,0.05,2458745.411,0.003461021,8.149028464,0.000184712,2.321055311,0.3841846,3.099506,0.267755,2850.679511,246.58076,2.578146532,0.6007387,8.990203994,441.633629,10.60958,114.549,0.3405,3630.0,157.0,4.76664,0.00684404,0.466766,0.0138789,,,0.464271,0.0202882
441765914,2088.01,12.16,1,10.8812,0.006,261.374894,75.88228,-18.935,0.044,-1.971,0.055,2459517.996,0.0051861,124.72987,0.000567453,7.296769165,0.28772092,1.936416,0.073354,1781.916002,67.559074,3.5130935,0.4456943,1.733771918,292.6629465,26.024107,126.46,0.359,4902.0,123.229,4.5026,0.089012,0.831422985,0.0533367,,,0.802,0.0978188
235678745,2095.01,2.24,1,11.0788,0.007,285.636524,75.418514,203.44,0.048,-21.318,0.047,2458692.8,0.001918801,17.664866,4.8e-05,2.764495109,0.3830053,0.799823,0.055152,736.3925122,50.7959,1.298485869,0.4881291,3.598245741,351.2711274,13.924033,41.9176,0.05,3746.0,157.0,4.76979,0.00647892,0.46320501,0.0135918,,,0.460544,0.0201518
235678745,2095.02,2.69,1,11.0788,0.007,285.636524,75.418514,203.44,0.048,-21.318,0.047,2458704.29,0.002405142,28.17225007,8.85e-05,3.39834485,0.40800947,1.032554,0.062069,950.5653623,57.165684,1.447524614,0.5186841,1.93111989,300.6575117,15.934014,41.9176,0.05,3746.0,157.0,4.76979,0.00647892,0.46320501,0.0135918,,,0.460544,0.0201518
142748283,2096.01,3.27,1,13.4764,0.007,151.618699,74.827211,-26.044,0.076,-75.114,0.094,2459601.846,0.0031127,3.119071562,1.29e-05,1.158597447,0.16846347,3.223536,0.546342,2964.582891,503.0731,1.62297957,0.20758255,10.08458706,454.5004101,8.965935,48.4809,0.098,3285.0,157.0,4.98992,0.014318,0.247330993,0.00734744,,,0.217977,0.0200839
142748283,2096.02,4.83,1,13.4764,0.007,151.618699,74.827211,-26.044,0.076,-75.114,0.094,2458687.538,0.001195639,6.387820157,1.4e-05,1.455185073,0.16032846,6.377871,0.462591,5857.01647,425.97147,2.041471044,0.18525308,3.877528491,357.8973634,15.516945,48.4809,0.098,3285.0,157.0,4.98992,0.014318,0.247330993,0.00734744,,,0.217977,0.0200839
279982557,2097.01,3.45,0,11.6685,0.006,297.393769,66.293958,-29.674,0.043,13.444,0.042,2458712.393,0.002286604,1.789021725,3.63e-05,1.919056381,0.43343708,0.425285,0.045306,391.6251669,41.727295,1.674180322,1.1330742,554.8261181,1237.824213,9.167981,198.345,0.7935,5264.0,133.906,4.59586,0.0840356,0.791524,0.0447689,,,0.901,0.11385
230386397,2099.01,14.75,0,11.2011,0.006,285.786011,64.230256,13.957,0.037,64.235,0.04,2459626.67,0.0040686,19.5078657,0.0001229,4.603,0.754,1.923456,0.018941,1770.0,17.4455,3.92839,0.454226,61.4917,780.0,16.0,95.3985,0.1655,4316.0,115.142,4.56,0.0980273,0.71,0.06,,,0.67,0.0782599
393911494,2106.01,24.48,0,9.85649,0.006,207.178453,44.911752,-28.575,0.042,-63.889,0.06,2458899.862,0.000576005,0.633259258,1.31e-05,0.862201141,0.056651466,1.294382,0.082184,1191.45972,75.69162,5.302790433,3.7474084,4030.751247,2032.199073,22.733013,121.167,0.4895,5590.0,122.048,4.45374,0.0788276,0.976212,0.0483266,,,0.988,0.125293
446549906,2107.01,130.66,1,11.3819,0.006,286.796541,-58.696835,3.888,0.053,-8.107,0.049,2458654.615,0.00051,2.45457,,2.39,0.054,21.104208,0.004227,19250.0,3.89327,14.183,0.745426,508.468,1322.0,64.0,236.705,1.919,5565.0,124.9,4.45,0.08,0.97,0.05,,,0.98,0.123017
394029948,2110.01,10.43,0,9.69902,0.006,282.229631,78.568946,27.204,0.046,20.522,0.041,2458687.555,0.00851,32.76639,0.00245,6.089,0.782,0.543004,0.002089,500.0,1.92442,3.20531,0.260256,38.3962,693.0,9.0,182.323,0.7245,6073.0,134.0,4.21,0.08,1.39,0.07,,,1.135,0.157386
356235833,2111.01,5.72,0,9.1597,0.006,260.096376,20.281856,-51.299,0.028,-174.989,0.034,2460479.421,0.0014063,1.2680452,1.9e-06,1.027,0.212,0.584283,0.04871,538.0,44.8627,2.24707,0.158627,504.879,1320.0,17.0,83.1749,0.1674,5477.0,121.4,4.46,0.08,0.95,0.05,,,0.96,0.121748
1400212743,2113.01,15.67,0,10.5163,0.006,267.354593,40.457105,-2.666,0.048,-63.694,0.061,2458984.224,0.00888,5.24612,0.004,4.194,0.62,1.118885,0.003871,1030.0,3.56524,5.61881,1.29107,368.522,1220.0,9.0,250.755,1.8115,5286.9,691.4,,,1.76,0.39,,,,
54464870,2115.01,9.63,0,8.29254,0.006,19.595393,63.545086,-5.424,0.063,10.006,0.069,2460447.795,0.0062575,3.6944323,1.83e-05,4.915,0.456,0.338803,0.014439,312.0,13.2984,3.05838,0.152623,5824.87,2433.0,21.0,213.097,2.6725,8153.0,224.6,4.09,0.08,2.11,0.07,,,1.99,0.302123
422838133,2116.01,10.87,0,9.68129,0.006,23.829473,72.936844,-5.951,0.04,1.354,0.045,2459741.535,0.0075243,5.309031,5.68e-05,5.851,0.516,0.434381,0.000494,400.0,0.454895,3.29096,0.189683,2058.62,1876.0,10.0,239.945,1.52,6927.0,319.6,4.18,0.1,1.65,0.07,,,1.512,0.278628
279212407,2117.01,105.36,0,9.98272,0.006,25.690461,65.895769,26.394,0.042,-12.294,0.044,2458971.419,0.0018495,28.6620782,0.0005842,4.351,0.338,2.82659,0.118814,2600.0,109.426,12.4971,2.06455,119.851,921.0,19.0,255.917,2.0205,6280.0,503.0,4.05,0.13,1.72,0.08,,,1.227,0.2905
17416749,2118.01,16.88,0,8.63532,0.006,242.201,35.691135,-8.05,0.093,-26.801,0.132,2458956.569,0.00399,2.34483,0.00033,1.417,0.353,0.401797,0.001383,370.0,1.27335,4.2647,0.322806,580.577,1367.0,11.0,186.825,2.2255,6398.0,126.4,3.89,0.09,2.13,0.09,,,1.283,0.189783
236387002,2119.01,98.43,1,10.3978,0.007,244.429882,26.304211,-29.295,0.062,6.824,0.073,2460442.055,0.0002167,7.2008611,1.9e-06,2.03,0.121,55.762991,6.003851,50063.0,5514.49,12.0629,0.774635,9.67439,491.0,159.0,31.4006,0.0429,3606.0,157.0,4.74,0.01,0.5,0.01,,,0.496373,0.020288
389900760,2120.01,7.46,1,12.8233,0.007,23.507315,65.513988,306.282,0.065,-215.531,0.078,2458795.823,0.000997145,5.799818888,1.4e-05,1.014374011,0.101210885,9.341945,1.431186,8567.339022,1317.3026,2.634612429,0.39226365,3.736709528,354.6027378,13.711875,32.1755,0.05285,3179.0,157.0,4.99978,0.0153626,0.240233004,0.00728193,,,0.210366,0.0201367
21744120,2127.01,81.13,1,11.733,0.006,256.346376,33.012325,-14.073,0.034,-36.689,0.042,2458983.745,0.000384744,5.508068217,7.17e-05,2.63999947,0.034436543,23.691975,0.210452,21584.75732,193.81427,10.7299795,0.7361982,82.24066162,768.0533689,112.98463,161.4,0.6075,4790.0,117.624,4.58765,0.0884501,0.740113,0.0496683,0.14,0.08,0.773,0.0905949
21832928,2128.01,7.43,1,6.6813,0.006,256.9818,32.105303,-162.014,0.038,-42.123,0.041,2458987.266,0.003390645,16.3413889,0.00012792,5.37644805,0.26606703,0.404074,0.025919,372.0970618,23.872057,2.629079023,0.14746214,86.23146505,777.2060824,15.422834,36.578,0.03435,5991.11,101.692,4.37711,0.0725906,1.125059962,0.042211,-0.11,0.03,1.1,0.134605
320798691,2130.01,121.86,1,11.0269,0.006,271.537672,26.426606,-7.437,0.03,-13.402,0.037,2459010.828,0.000605142,5.005260503,7.09e-06,4.905764623,0.049439706,8.32841,0.089487,7641.404098,82.416824,13.63145276,0.5997112,746.902456,1333.324076,99.076416,344.05,2.889,6115.0,128.697,4.16703,0.0816443,1.467010021,0.0633166,,,1.153,0.162159
75878355,2134.01,10.47,1,7.7945,0.006,271.935501,39.072927,54.371,0.052,-283.05,0.051,2460496.591,0.0004409,9.2292078,5.6e-06,2.817,0.313,1.745094,0.022146,1606.0,20.3972,3.21883,0.268606,37.6631,690.0,111.0,22.6202,0.01595,4406.0,123.336,4.50428,0.0980128,0.77,0.06,,,0.69,0.0790972
75878355,2134.02,29.82,1,7.7945,0.006,271.935501,39.072927,54.371,0.052,-283.05,0.051,2460485.794,0.0003359,95.8531625,3.29e-05,5.024,0.159,6.506732,0.078143,5975.0,71.9695,5.95763,0.497263,2.69104,356.0,54.0,22.6202,0.01595,4406.0,123.336,4.50428,0.0980128,0.77,0.06,,,0.69,0.0790972
76419763,2135.01,126.64,1,11.3998,0.006,274.405533,36.621462,11.866,0.033,6.031,0.039,2459414.395,0.0002515,2.788472266,1.01e-06,2.9462464,0.01782826,15.822828,0.078573,14467.6854,72.36582,13.94326447,0.77938974,850.6754194,1377.402036,214.61458,303.336,1.8015,5833.0,144.943,4.35385,0.0853583,1.129559994,0.0628719,0.11,0.1,1.051,0.135164
336128819,2136.01,5.36,1,11.7371,0.007,281.176343,36.563132,-33.8,0.103,177.358,0.112,2459394.594,0.002155869,7.851908204,3.67e-05,1.631872596,0.27211654,4.214266,0.289701,3873.959149,266.78912,2.170580262,0.5446732,4.890468796,379.2777558,14.27448,33.3631,0.06425,3384.0,157.0,4.87998,0.000834811,0.343879998,0.0103308,,,0.327134,0.0202642
308172249,2139.01,127.49,1,12.4197,0.007,267.284885,29.879043,-18.197,0.022,-12.092,0.026,2459768.654,0.0003239,1.401378401,8.9e-07,1.704271475,0.02165711,21.64148,0.245646,19735.20013,226.22255,13.99774776,0.9058741,917.4100949,1403.655812,107.293,298.214,1.4135,4984.0,124.134,4.41028,0.0852564,0.934976995,0.0597739,,,0.82,0.0960542
399860444,2140.01,123.98,1,10.854,0.006,286.808526,49.316421,5.219,0.043,1.619,0.043,2459012.511,9.38e-05,2.470611418,5.84e-07,1.794486021,0.008252223,15.649912,0.078499,14310.71598,72.29766,13.77034053,0.5475148,817.5658193,1363.799199,260.52148,215.32,1.0445,5854.0,101.6,4.45,0.07,1.016129971,0.0402412,-0.03,0.1,1.057,0.133502
287256467,2141.01,8.59,1,8.8975,0.006,258.762346,18.340345,52.121,0.056,-98.334,0.073,2460453.432,0.0025581,18.2616878,5.45e-05,3.434,0.968,1.054762,0.060733,971.0,55.936,2.85973,0.178756,57.4643,767.0,23.0,77.682,0.22505,5674.0,123.907,4.49483,0.0781668,0.94,0.05,,,1.01,0.129756
88992642,2145.01,101.72,1,8.55942,0.006,263.758075,40.695043,-6.512,0.035,-3.281,0.04,2460470.362,0.0013012,10.2611329,1.4e-05,7.369,0.174,2.064861,0.000142,1900.0,0.130946,12.2521,0.562841,515.939,1327.0,65.0,224.731,1.097,6202.0,129.8,3.63,0.08,2.78,0.13,,,1.191,0.175148
233569098,2148.01,127.84,0,10.6746,0.007,281.814167,64.806519,1.784,0.137,26.175,0.129,2458693.423,0.00111,23.48522,0.00014,3.546,0.183,6.555885,0.021008,6020.0,19.3491,14.0152,1.01956,62.0856,782.0,53.0,299.668,5.442,5930.0,123.1,4.11,0.08,1.51,0.08,,,1.08,0.140484
230267547,2150.01,34.67,0,10.4288,0.006,264.591131,18.473875,7.895,0.041,10.06,0.055,2459768.269,0.0018932,2.2263798,1.23e-05,2.863,0.23,1.379761,0.000983,1270.0,0.905012,6.51393,0.326362,2064.9,1877.0,25.0,370.536,3.975,6446.3,103.4,4.03,0.08,1.84,0.07,-0.015,0.013,1.306,0.202741
406855039,2153.01,16.75,0,9.54581,0.006,274.87052,71.248626,-2.157,0.047,18.334,0.071,2459391.952,0.001715388,2.718083508,2.27e-05,6.184292172,0.16978851,0.357454,0.024184,329.1728205,22.274033,4.242394637,0.38344386,3009.107559,1888.987906,12.856501,238.675,1.6105,5668.0,127.1,3.76,0.08,2.180599928,0.110729,,,1.007,0.125115
342642208,2158.01,81.68,1,10.1669,0.006,276.810053,20.526887,-43.997,0.044,7.891,0.074,2459758.586,0.0008904,8.6007557,1.68e-05,3.304,0.159,5.54051,0.00157,5090.0,1.44629,10.7988,0.607636,81.4989,837.0,62.0,198.473,1.393,5389.0,122.6,4.06,0.08,1.5,0.08,,,0.935,0.114776
366563452,2161.01,1.32,0,9.5998,0.006,304.444709,77.166678,6.846,0.034,116.832,0.042,2459767.161,0.0039488,1.5873866,1.2e-05,1.51,0.224,0.119438,0.001097,110.0,1.0107,1.09083,0.11201,466.553,1294.0,11.0,73.1018,0.10265,5028.0,122.7,4.55,0.09,0.81,0.05,,,0.84,0.102035
284564230,2162.01,19.72,0,10.2182,0.008,291.524023,58.510182,15.653,0.042,22.844,0.04,2459800.321,0.0028054,12.9774853,6.9e-05,3.259,0.412,0.836339,0.000724,770.0,0.666712,4.66514,0.246928,103.437,888.0,21.0,315.323,2.138,6610.0,126.1,4.14,0.09,1.66,0.07,,,1.38,0.229351
49967354,2164.01,101.59,0,10.879,0.009,277.907741,13.897884,-2.183,0.059,-17.898,0.063,2459010.861,0.00467,1.09333,0.00037,1.975,0.423,1.358019,0.004023,1250.0,3.70573,12.2642,,2102.07,1886.0,12.0,529.49,10.5455,5274.0,122.0,,,3.39,,,,,
160162987,2167.01,61.25,0,10.7791,0.006,242.364094,84.491119,0.046,0.035,49.478,0.037,2459441.746,0.001291,23.0531698,7.28e-05,1.228,0.355,3.196766,0.209013,2940.0,192.49,9.12613,1.86455,7.85406,466.0,21.0,232.304,1.076,5752.0,126.2,4.3,0.08,1.19,0.06,,,1.029,0.127892
364075352,2168.01,120.52,0,10.9591,0.006,306.223028,74.837343,-4.544,0.032,5.466,0.046,2458772.934,0.00176,37.83633,0.0004,5.713,0.273,8.98353,0.017887,8240.0,16.4745,13.5094,0.802617,80.1971,833.0,68.0,310.885,1.81,6641.0,158.8,4.38,0.09,1.26,0.05,,,1.396,0.242746
75656058,2171.01,126.44,0,10.8181,0.006,270.898715,38.073512,2.27,1.038,-6.791,1.281,2459011.833,0.00185,1.78166,0.00025,2.765,0.129,8.895952,0.003694,8160.0,3.40197,13.9111,,2772.81,,22.0,420.268,,6528.0,,,,1.49,,,,,
293567206,2173.01,11.21,0,10.4929,0.006,145.799111,87.86853,-24.463,0.036,-70.699,0.038,2460311.597,0.0015075,0.6856225,1.8e-06,0.751,0.221,0.785271,0.087058,723.0,80.18,3.35129,0.226641,2492.49,1968.0,23.0,185.849,0.6985,5829.0,132.5,4.41,0.08,1.06,0.05,,,1.05,0.135379
123495874,2176.01,111.4,1,12.9934,0.007,282.629633,46.323281,-3.546,0.023,-11.776,0.023,2459776.681,0.002950847,7.891427124,3.31e-05,4.265315587,0.111837864,10.716818,0.232289,9822.000249,213.92288,12.92999416,0.7944591,278.9767986,1042.345681,35.838375,722.795,6.5885,5883.0,146.4,4.25,0.08,1.279919982,0.0708593,0.19,0.1,1.07,0.139548
164892194,2178.01,99.38,1,13.4633,0.007,285.240829,46.668241,-3.003,0.025,0.193,0.026,2459392.687,0.000868177,3.024110951,1.22e-05,2.720965665,0.13215688,8.237863,0.261968,7558.641109,241.25273,12.08990794,0.6376047,1227.384425,1509.610478,27.73197,1005.84,14.19,6041.0,143.0,4.22,,1.363880038,,0.33,0.11,1.12,
237913194,2179.01,95.29,1,11.4864,0.006,22.445812,-60.73991,18.053,0.036,10.523,0.034,2459062.423,0.001099467,15.1689723,0.000587981,2.063331548,0.06847624,8.52224,0.425931,7818.547558,392.22015,11.79529659,0.7515523,83.38558966,770.7126737,30.090694,306.063,2.038,5713.0,131.3,4.34,0.08,1.128980041,0.055691,,,1.02,0.124474
298663873,2180.01,88.84,1,8.56854,0.006,277.94363,56.650679,-10.536,0.043,-40.204,0.037,2459611.446,0.003270616,260.1740061,0.000475504,24.05270946,0.09086212,5.167308,0.034364,4747.959592,31.649464,11.31924234,0.57834905,3.976916359,360.169028,86.9722,116.685,0.2665,5739.0,129.5,4.03,0.07,1.627619982,0.0825628,,,1.025,0.124682
176956893,2184.01,64.42,1,11.4057,0.006,100.833125,-66.947656,2.327,0.042,4.494,0.044,2460072.63,0.007223752,6.9067783,2.79e-05,6.211,0.774,0.977603,0.000278,900.0,0.256386,9.36468,0.532394,821.834,1491.0,39.0,788.317,13.197,5731.8,64.7,3.65,0.2,3.15,0.17,0.124314,0.1,1.02,0.120309
401604346,2193.01,112.14,1,11.3996,0.006,313.691232,-72.80464,-2.376,0.029,-0.809,0.037,2459037.565,0.000758425,2.122367251,0.000135474,1.585536483,0.055126417,8.782479,0.435391,8056.334025,400.92908,12.98143672,1.458274,1534.906,1596.394399,30.193857,337.064,2.368,6079.0,128.674,4.33912,0.0788385,1.19653,0.055015,,,1.14,0.150926
271478281,2194.01,3.55,1,7.4259,0.006,299.156339,-31.335181,409.398,0.132,31.715,0.059,2460141.982,0.0018054,15.3419095,4.54e-05,2.736,0.665,0.741811,0.044707,683.0,41.1762,1.7005,0.139896,14.2526,541.0,19.0,19.5711,0.03765,4669.0,121.9,4.63,0.09,0.69,0.05,,,0.74,0.0854481
372172128,2196.01,12.1,1,11.3643,0.006,312.340074,-70.485072,16.357,0.035,-19.981,0.039,2459036.509,0.00270343,1.195396837,0.000267318,1.575229305,0.746582,1.22457,0.169468,1127.234456,156.07317,3.503024475,4.726927,2072.520318,1720.855677,7.2414308,259.947,2.0205,5728.0,129.238,4.4217,0.0769563,1.02917,0.0498618,,,1.02,0.129385
389352124,2197.01,113.65,1,9.0532,0.006,311.042756,-39.225486,30.468,0.069,-57.355,0.046,2460148.6,0.0002434,4.954648,1.8e-06,3.639,0.027,8.017289,0.057577,7357.0,53.0286,13.0889,0.584736,612.686,1386.0,179.0,162.303,1.286,6562.0,117.8,4.24,0.09,1.47,0.07,0.147692,0.049923,1.36,0.220964
369455629,2199.01,55.81,1,11.4513,0.006,311.673345,-41.820983,30.957,0.061,-21.65,0.044,2459038.511,0.001144314,3.377111372,0.000325716,2.450802934,0.15682563,4.913368,0.178218,4515.155077,164.13101,8.611010649,1.0350502,756.2609502,1337.481146,22.106583,327.602,4.536,5614.86,109.556,4.21917,0.0767334,1.28017,0.0636181,0.32079,0.059579,0.99,0.126344
358107516,2202.01,89.59,1,12.173,0.006,51.228421,-73.957546,-10.809,0.04,6.495,0.037,2459041.912,0.00039233,11.91249419,9.21e-06,3.752086899,0.047016714,21.164298,0.215945,19304.2778,198.8726,11.37540568,0.7072209,42.72542613,652.0656914,90.05328,235.933,1.046,5064.0,125.418,4.53576,0.0851766,0.823882997,0.049985,,,0.85,0.105174
467971286,2204.01,73.11,1,13.191,0.006,289.297427,-60.89176,8.699,0.027,-17.887,0.023,2459037.141,0.001176831,2.225051381,0.000200553,2.367887053,0.11637804,14.366184,0.434915,13144.59005,400.49127,10.09261891,0.5832302,470.7466523,1188.000325,22.531944,414.537,3.516,5103.0,122.0,4.48023,,0.883426,,,,0.86,
260298958,2205.01,131.46,0,15.0804,0.009,94.315682,-56.509859,-2.397,0.07,27.724,0.077,2460068.829,0.00106754,0.889139233,1.54e-06,1.209413453,0.023659116,45.930897,0.843238,41421.59413,776.3495,14.25310815,0.49608633,280.5749642,1043.835298,56.565903,409.034,5.74,3653.0,157.0,4.60969,0.0131045,0.649887025,0.0207052,,,0.627042,0.0210398
381856447,2206.01,78.26,1,10.7218,0.006,322.253764,-58.836147,107.107,0.043,11.185,0.042,2459037.774,0.000322886,1.769012105,4.56e-05,1.017295332,0.02873108,11.032892,0.25304,10110.21398,233.03137,10.50455992,3.8474433,313.4011658,1073.11163,63.949917,91.299,0.2409,4683.0,128.9,4.62,0.09,0.701795,0.0530779,,,0.75,0.0887353
90850770,2207.01,85.63,1,10.9651,0.006,307.596693,-44.887618,15.994,0.073,-25.723,0.047,2459043.769,0.001431507,8.001665596,0.001121218,4.560775678,0.13869776,5.324294,0.169056,4891.851349,155.6941,11.07570821,0.7041047,455.0553754,1177.97429,25.34822,373.345,6.38,6146.0,131.4,4.12,0.08,1.55738,0.0751005,,,1.17,0.164101
212253390,2211.01,3.42,1,9.2551,0.006,308.539086,-29.672613,81.508,0.06,-116.589,0.047,2459038.109,0.003786024,3.09117213,0.000929292,1.971479914,0.48554665,0.379199,0.04643,349.193899,42.76278,1.666703009,1.3173378,295.0992437,1057.089536,7.432609,70.2932,0.19415,5253.0,123.391,4.54958,0.0842028,0.834386,0.0474272,,,0.9,0.108867
425561347,2215.01,8.62,1,9.977,0.006,286.073121,-32.354279,-8.233,0.078,-6.052,0.069,2459040.866,0.001157618,5.777212238,1.28e-05,2.563410025,0.28120512,1.597622,0.108738,1470.382126,100.14597,2.869343378,0.8500409,75.36051181,751.4597253,11.416555,70.9015,0.2788,4882.7,114.8,4.6,0.09,0.729817986,0.0520703,,,0.77,0.0878433
441420236,2221.01,15.33,1,6.755,0.032,311.291137,-31.34245,281.424,0.075,-359.895,0.054,2459041.282,0.000956722,,,3.573800574,0.069821164,3.123035,0.235679,2872.288753,217.04503,4.026925833,0.21189068,76.63791317,754.6240935,22.71253,9.7221,0.004625,3588.0,87.0,4.60198,0.0633204,0.698009,0.0210957,,,0.662074,0.0204762
61733521,2228.01,7.75,0,10.8911,0.006,289.018075,-46.480756,50.01,0.08,-29.553,0.074,2458655.878,0.00586,3.36296,7e-05,2.594,0.432,0.814608,0.003405,750.0,3.13635,2.69668,0.229997,414.8,1257.0,9.0,167.24,1.453,5420.0,131.4,4.5,0.08,0.9,0.05,,,0.94,0.12344
394722182,2236.01,131.35,1,10.8673,0.006,20.166011,-86.979965,-3.719,0.04,-7.732,0.034,2459389.337,0.0004118,3.5315897,3.1e-06,2.689,0.081,7.878388,0.000425,7230.0,0.391653,14.2116,0.644345,551.242,1349.0,156.0,355.59,2.444,6209.0,127.2,4.09,0.08,1.62,0.07,,,1.19,0.168387
389238529,2237.01,26.62,0,10.9987,0.006,302.999475,-37.561663,-15.798,0.087,-13.701,0.053,2459036.5,0.00305,0.49642,0.00011,0.572,0.15,1.086279,0.018521,1000.0,17.0583,5.57222,0.734314,2758.3,2018.0,13.0,416.129,8.4485,7000.0,205.8,4.33,0.11,1.41,0.09,0.25,0.19,1.54,0.269981
98494121,2240.01,25.19,0,10.9931,0.006,290.986777,-36.910419,68.354,0.056,-7.2,0.056,2458659.347,0.00151,3.06555,2e-05,2.483,0.217,3.174987,0.146198,2920.0,134.644,5.41363,0.951451,1605.05,1763.0,34.0,123.796,0.5295,5285.0,130.2,4.7,0.08,0.71,0.04,,,0.91,0.111521
349786918,2246.01,4.79,0,9.9676,0.006,113.043495,-65.811395,16.2,0.051,50.797,0.056,2460012.789,0.0071012,2.9663437,1.84e-05,4.44,0.557,0.223685,0.011177,206.0,10.2948,2.02837,0.121919,2291.32,1927.0,18.0,226.06,1.255,5807.0,126.2,4.14,0.35,1.59,0.07,,,1.12,0.14755
376168473,2247.01,21.44,0,10.787,0.019,310.483618,-38.878003,11.1,2.3,-10.0,2.3,2459040.094,0.00123,5.41402,0.0007,4.418,0.142,8.480058,0.001753,7780.0,1.61482,15.9563,,694.699,,82.0,325.492,,6394.3,,,,1.75,,-0.06,0.12,,
152714791,2249.01,122.69,0,10.3486,0.008,304.628882,-30.648846,9.783,0.066,-13.688,0.044,2459036.883,0.00394,1.27349,0.00032,1.655,0.286,0.999337,0.001844,920.0,1.69855,13.6856,,891.053,1522.0,17.0,502.103,10.9335,4982.0,122.0,,,4.35,,,,,
264303333,2250.01,1.81,0,10.1583,0.006,296.355007,67.310971,-26.099,0.041,-23.123,0.046,2460367.057,0.0022811,0.8153098,2.2e-06,1.373,0.344,0.205224,0.013686,189.0,12.6055,1.19041,0.0856287,2785.3,2023.0,15.0,142.086,0.433,5729.0,149.042,4.47487,0.0771837,0.97,0.05,,,1.023,0.13045
367855829,2253.01,17.97,0,9.9558,0.007,276.868143,73.264575,9.712,0.086,17.41,0.099,2458714.62,0.003186992,85.42447963,0.001722193,3.665846468,0.47042352,1.232166,0.16135,1134.223303,148.5979,4.420805396,1.6479416,10.91766818,463.6093885,7.7823987,172.284,1.5885,5697.0,128.002,4.21712,0.0776249,1.29609,0.0642663,,,1.01,0.124741
198485881,2257.01,5.59,1,12.9672,0.007,194.739614,77.661716,-35.993,0.063,31.425,0.046,2459606.203,0.007824,35.18964444,0.000223991,3.325402876,0.40169063,4.924035,0.380738,4524.935392,350.61157,2.225369592,0.38694382,0.670313151,230.7752258,12.875071,57.7911,0.1051,3446.0,157.0,4.89707,0.00280431,0.326932013,0.00965778,,,0.30755,0.0201328
232568235,2260.01,3.75,1,9.75874,0.006,247.667,49.046789,-25.3,0.047,61.392,0.064,2460423.376,0.0018497,0.3524597,5e-07,0.578,0.122,0.3312,0.052653,305.0,48.494,1.76224,0.164694,1844.98,1825.0,18.0,101.251,0.2835,5432.0,126.1,4.51,0.08,0.9,0.05,,,0.947,0.122263
8348911,2266.01,4.57,1,13.5042,0.008,245.28004,31.577041,47.468,0.069,37.877,0.097,2458957.925,0.001650511,2.326342966,1.45e-05,1.219505088,0.22301836,4.519121,0.728373,4153.614444,670.6309,1.976318732,0.2668421,15.12039389,502.933455,7.8007135,51.6004,0.1294,3244.0,157.0,4.97167,0.0114808,0.261162013,0.00786259,,,0.233038,0.0201461
441798995,2269.01,1.85,0,11.9521,0.007,264.147896,77.126216,5.414,0.035,21.959,0.038,2458683.351,0.001768824,1.420603611,2.37e-05,1.648324256,0.5032854,0.48653,0.05024,448.0101837,46.271366,1.197424706,1.3618252,148.490368,890.3162916,9.335167,82.1896,0.12405,3872.0,157.0,4.69525,0.00946245,0.548484,0.0161609,,,0.543889,0.0202007
289164482,2274.01,4.02,1,10.3543,0.007,277.459311,40.541412,-14.919,0.044,88.063,0.043,2458685.367,0.000629588,2.679616364,7.17e-06,0.902894786,0.23743375,0.898865,0.089805,827.5423687,82.70964,1.833476886,1.874735,83.70782488,771.4561825,13.241739,48.876,0.05795,3943.0,157.0,4.62547,0.0112025,0.630720019,0.0185106,,,0.612463,0.0201543
198211976,2283.01,0.12,0,11.2076,0.007,248.333273,63.524496,-56.427,0.041,109.157,0.052,2458683.724,0.001986634,0.401858633,1.4e-05,1.577975285,0.65017956,0.12092,0.025842,111.3648011,23.801058,0.55250719,2.1341093,568.7058283,1245.494085,7.217795,49.7627,0.06025,3621.0,157.0,4.7197,0.00855698,0.520283,0.0152485,,,0.517739,0.0201453
115446313,2284.01,6.29,0,9.88372,0.006,252.471891,47.316983,-4.311,0.04,43.332,0.047,2460471.356,0.0047811,4.9707023,2.63e-05,2.586,0.584,0.528882,0.033276,487.0,30.6483,2.38733,0.155559,328.783,1186.0,13.0,174.932,0.657,6109.0,128.225,4.33438,0.0796843,1.21,0.05,,,1.15,0.15678
329148988,2285.01,3.12,1,11.3078,0.007,332.563264,58.706093,21.263,0.054,-20.874,0.044,2458747.185,0.004705676,27.26720158,0.000204296,2.416483881,1.4647499,1.254019,0.247385,1154.327888,227.82411,1.578113586,2.7466471,1.605139802,287.0767134,7.194226,42.409,0.047,3546.0,157.0,4.77262,0.00660534,0.460013986,0.0137236,,,0.457187,0.0203197
362220495,2299.01,19.85,0,9.863,0.043,286.227961,79.755949,-14.003,0.096,194.934,0.092,2458798.448,0.006532368,165.0031583,0.011244855,5.054590298,0.49056298,3.236566,0.451083,2976.549044,415.37665,4.517045331,0.4236195,1.85609757,297.6939099,8.110816,,0.288849,5780.0,,4.56973,0.0176199,0.699972987,0.0265559,,,0.66347,0.0234386
197959526,2303.01,102.21,0,11.8199,0.006,348.296702,-53.832813,18.654,0.042,-1.63,0.046,2459061.885,0.001704829,0.71962907,0.000102449,1.474746035,0.26616126,5.410813,0.478436,4971.145659,440.55856,12.29174186,2.532109,14474.6699,2797.511733,8.877765,643.988,15.055,6454.0,6516.7,4.3,2.0,1.69458,0.083216,,,1.26,0.191068
274599700,2317.01,92.98,0,11.8831,0.007,255.328342,51.529396,-27.478,0.037,19.344,0.037,2459002.081,0.0094175,,,8.449454054,0.38778463,6.542636,0.37408,6007.870302,344.4813,11.62586504,0.91485745,49.504685,676.5210666,14.481249,448.143,3.98,5635.75,143.237,4.12397,0.0865629,1.43565,0.0839045,0.164,0.09,1.0,0.121716
349488688,2319.01,16.36,1,8.40302,0.006,253.784885,20.491524,14.755,0.032,44.689,0.037,2459002.765,0.003018069,,,6.112005814,0.38087797,0.929336,0.068216,855.5836036,62.826878,4.184408256,0.8714301,0.969447873,253.0759438,20.599634,107.898,0.317,6329.0,134.955,4.24509,0.0925756,1.396190047,0.0640704,,,1.25,0.195795
349488688,2319.02,10.42,1,8.40302,0.006,253.784885,20.491524,14.755,0.032,44.689,0.037,2458994.287,0.002811712,11.6207544,7.01e-05,5.629058366,0.38661385,0.527806,0.041442,486.0090375,38.16921,3.207554009,0.6054279,239.281495,1003.106462,11.243392,107.898,0.317,6329.0,134.955,4.24509,0.0925756,1.396190047,0.0640704,,,1.25,0.195795
293527670,2323.01,13.86,0,10.3338,0.006,352.192845,-76.636896,37.027,0.053,-37.079,0.037,2459086.61,0.00172,0.98656,,0.724,0.212,0.42352,0.005725,390.0,5.27306,3.78687,0.461362,574.294,1363.0,12.0,238.68,1.328,5522.0,132.7,3.99,0.08,1.64,0.09,,,0.97,0.121862
394287035,2328.01,73.64,1,11.584,0.006,31.690742,-81.247376,31.804,0.036,-1.677,0.035,2459356.608,0.0008086,17.1019622,2.34e-05,3.357,0.097,12.481433,0.002086,11430.0,1.92099,10.1067,0.554732,20.0982,589.0,75.0,231.782,1.1035,5302.3,5297.2,4.4,0.4,0.93,0.05,,,0.94,0.12071
180991313,2330.01,94.0,1,11.8699,0.006,172.858645,-41.689518,-13.442,0.05,2.269,0.04,2459329.308,0.0004237,2.2088214,2.2e-06,2.544,0.089,8.469116,0.000839,7770.0,0.772966,11.6656,0.536794,1052.08,1586.0,99.0,416.784,5.6845,5960.4,104.5,4.27,0.08,1.26,0.06,0.0136379,0.0655032,1.09,0.132846
88902249,2336.01,84.52,1,10.1757,0.006,230.230416,-33.69246,6.387,0.088,-19.009,0.078,2459359.048,0.0008188,7.7119328,1.84e-05,3.994,0.102,3.730477,0.000618,3430.0,0.56961,10.9933,0.549325,305.979,1165.0,55.0,297.716,5.75,6458.0,131.6,4.03,0.09,1.83,0.09,,,1.31,0.209553
230001847,2337.01,92.16,1,11.2347,0.007,290.619895,60.853904,-10.335,0.039,9.837,0.042,2459769.981,0.005638282,2.994263037,1.46e-05,6.917230898,0.13520494,1.217412,0.025757,1120.649236,23.722471,11.56559794,0.41685495,619.5809037,1272.460341,31.459772,536.046,5.9135,4784.0,122.0,,,3.228590012,,,,,
24358417,2338.01,101.54,1,11.7024,0.006,81.344582,-34.668249,38.0,0.032,18.022,0.036,2459183.681,0.0010874,22.6539607,3.98e-05,3.468,0.209,12.591267,0.001554,11530.0,1.43086,12.2765,0.676669,13.8485,537.0,55.0,313.996,1.968,5523.0,131.7,4.33,0.08,1.12,0.06,,,0.97,0.128089
29959761,2340.01,30.6,0,11.8012,0.006,42.261441,-16.557655,59.809,0.087,84.904,0.134,2459169.75,0.0005879,1.6471574,2.2e-06,1.033,0.432,4.22085,0.182418,3880.0,167.999,6.06894,1.10307,362.237,1215.0,40.0,178.999,1.6895,5027.0,122.4,4.64,0.09,0.73,0.05,,,0.836,0.102026
100267480,2341.01,55.17,0,12.722,0.008,306.843521,-53.220653,45.658,0.051,-10.599,0.041,2458681.751,0.00097,0.87741,6e-05,0.472,0.055,13.162586,0.035312,12050.0,32.5226,8.59148,0.463846,26.3008,630.0,23.0,121.433,0.57,3495.0,157.0,4.64,0.01,0.62,0.02,,,0.601869,0.0202894
100589632,2342.01,14.37,0,11.1581,0.006,86.458859,-32.947641,-29.22,0.032,31.796,0.042,2459221.102,0.0016852,3.9471567,1.14e-05,1.699,0.203,2.043105,0.002836,1880.0,2.61218,3.86968,0.298503,71.367,809.0,27.0,139.546,0.4215,4794.0,124.5,4.47,0.09,0.84,0.06,,,0.77,0.095959
219766989,2354.01,66.22,0,11.9951,0.008,192.32172,-21.333033,-0.794,0.057,-10.736,0.052,2459332.153,0.0007175,0.5109902,8e-07,0.709,0.251,2.957226,0.023506,2720.0,21.6493,9.54792,0.908174,4048.85,2222.0,33.0,569.651,11.0955,6095.0,126.0,4.13,0.08,1.53,0.07,,,1.14,0.150011
124095888,2358.01,114.85,0,11.5137,0.007,196.285834,-31.985378,-6.391,0.09,-14.182,0.118,2459331.196,0.0011999,1.1258127,2.8e-06,0.374,0.176,1.564587,1.737242,1440.0,1598.78,13.1558,5.49473,570.852,1361.0,13.0,395.046,8.438,6423.0,126.1,4.36,0.09,1.24,0.06,,,1.29,0.204119
39414571,2364.01,66.52,1,11.5521,0.006,89.130026,-5.01203,12.306,0.068,-15.424,0.063,2459227.044,0.0006444,4.0197555,4.1e-06,2.688,0.154,10.637872,0.001898,9750.0,1.74846,9.57594,0.594464,211.813,1062.0,92.0,219.614,1.702,5216.0,131.3,4.44,0.09,0.94,0.06,,,0.888,0.107869
344085117,2365.01,30.92,0,11.9732,0.006,108.017449,-50.247778,8.126,0.043,-20.872,0.041,2459962.922,0.002271512,0.659752,1.5e-06,0.367,0.116,1.424334,0.023196,1311.0,21.3642,6.07841,0.701649,376.585,1227.0,9.0,415.137,3.9495,5832.0,127.0,4.26,0.08,1.25,0.06,,,1.05,0.132818
401125028,2368.01,82.12,1,11.6955,0.006,134.957623,-48.488493,-5.178,0.046,-19.817,0.041,2459297.196,0.0004329,5.1750108,4e-06,1.715,0.191,14.537179,0.003363,13300.0,3.0974,10.7741,0.662931,71.7931,810.0,91.0,210.915,1.1745,5177.0,130.7,4.48,0.09,0.89,0.05,,,0.88,0.108561
332558858,2373.01,88.35,1,12.5882,0.007,61.68622,-16.755755,11.289,0.038,-39.175,0.034,2459168.507,0.0021856,13.3368173,5.79e-05,4.384,0.505,8.950687,0.006389,8210.0,5.88429,11.2448,0.670513,69.8726,805.0,30.0,508.686,7.327,5517.0,120.9,4.26,0.08,1.2,0.06,,,0.97,0.117688
439366538,2374.01,49.31,1,11.2057,0.006,319.498241,-22.049823,-11.514,0.068,-31.331,0.055,2458326.555,0.0,4.31362,1e-05,1.709,0.189,10.352839,0.00835,9490.0,7.69056,8.01917,0.587255,54.2011,755.0,21.0,134.655,0.8695,4929.5,5084.0,0.1,,0.8,0.05,,,0.773,0.08616
201177276,2379.01,92.33,1,13.6521,0.007,358.092047,-53.043156,16.528,0.029,1.74,0.036,2459062.464,0.000354763,5.469388754,3.56e-06,1.807678087,0.05726647,35.773654,0.626309,32411.85599,576.6857,11.57792161,0.44194493,27.53645055,584.247334,53.481907,211.247,1.0895,3770.0,157.0,4.61871,0.0116763,0.638902009,0.0190863,,,0.61874,0.0203364
382602147,2384.01,92.98,1,13.3147,0.007,36.156146,-65.000196,8.584,0.113,-52.648,0.095,2459062.342,0.000147891,2.135702573,8.67e-07,1.911645658,0.023382165,32.2568,0.271845,29272.61849,250.34743,11.62641524,0.36952898,96.58178433,799.5461856,140.2617,191.51,2.0475,3678.2,140.5,,,0.666652024,0.0202807,,,0.639465,0.0205317
32487566,2386.01,124.5,1,10.5853,0.008,4.603042,-15.267404,27.393,0.154,-24.407,0.07,2459090.383,0.00048461,2.756739487,0.000104429,2.380856474,0.03320816,10.088127,0.125536,9248.475992,115.61662,13.80446613,0.7482012,1225.526373,1509.03883,85.956696,252.759,4.676,6034.0,132.477,4.26998,0.0823565,1.28427,0.0685126,0.16,0.02,1.12,0.14845
260849386,2400.01,24.99,0,10.7961,0.006,118.937216,-54.266268,-10.949,0.05,21.896,0.047,2458568.222,0.0048,1.0339,0.00012,1.404,0.265,0.56473,0.001932,520.0,1.77988,5.37338,0.410717,2619.59,1993.0,12.0,465.461,5.667,6444.0,131.4,3.84,0.09,2.28,0.1,,,1.3,0.208236
212957629,2406.01,7.88,1,14.3109,0.007,8.806054,-3.372083,225.752,0.203,-336.273,0.115,2459115.976,0.000647326,3.076683468,5.67e-06,1.249175143,0.1639777,20.659887,1.054017,18848.56074,970.3149,2.722617954,0.2974233,6.697616563,410.2983965,18.487597,55.419,0.2524,3163.0,157.0,5.0701,0.0262291,0.196600005,0.00604985,,,0.165654,0.0201034
321068176,2409.01,31.68,0,11.2711,0.006,44.338399,-41.191773,-20.002,0.033,-18.125,0.045,2459121.066,0.001443351,12.96969272,0.002005543,1.112907211,0.47658247,4.445062,0.436347,4085.684538,401.81012,6.170988152,5.7270722,52.05029443,685.0551684,13.134512,187.553,0.896,5017.0,127.41,4.38114,0.0853726,0.972753,0.0598945,,,0.83,0.0999482
10837041,2411.01,3.71,1,10.4238,0.006,20.922457,-8.701794,-117.859,0.129,-95.29,0.116,2459116.013,0.002146561,0.782764954,0.000116974,1.262148112,0.34622216,0.563851,0.057315,519.1912192,52.78806,1.747271333,1.6286867,651.9082071,1288.743126,8.229046,59.5362,0.2865,4099.0,122.6,4.52,0.11,0.727642,0.0690302,,,0.64,0.07922
684936227,2412.01,2.37,0,11.9755,0.006,62.379568,-62.850656,124.306,1.442,166.091,1.509,2459134.754,0.00837,15.29859,0.00274,3.214,0.604,1.289534,0.005841,1187.0,5.38013,,,10.3396,499.0,1000.0,57.6851,3.6551,4131.3,119.7,,,,,,,,
206498307,2413.01,104.12,0,11.3882,0.008,332.188392,-18.992719,55.708,0.072,-12.629,0.069,2459066.938,0.002826358,13.41903923,0.003899989,5.922188184,0.25540128,5.080668,0.190353,4668.53687,175.30649,12.42596749,0.8554618,165.23271,914.4158726,9.303594,340.766,4.9185,5184.9,113.003,3.9254,0.0820625,1.69269,0.0957437,-0.87,0.11,0.88,0.104476
237320326,2414.01,111.07,1,12.003,0.006,344.873588,-60.447819,20.181,0.043,-2.193,0.045,2459062.739,0.000474816,1.777110879,7.06e-05,1.566952837,0.034640662,15.388653,0.274174,14073.50212,252.49207,12.90846349,0.71792996,1043.212176,1449.482283,34.547817,327.506,3.965,5627.0,133.891,4.45645,0.0841219,0.97906,0.0524221,,,1.0,0.131861
237922465,2416.01,91.8,1,12.4333,0.006,57.338941,-60.787186,8.644,0.035,-10.165,0.041,2459352.544,0.0010184,8.2754608,1.49e-05,3.755,0.107,7.09125,0.000763,6510.0,0.703,11.5451,0.6243,130.93,942.0,33.0,557.733,5.9985,5515.2,99.1,4.24,0.12,1.39,0.07,0.33,0.1,1.0,0.121442
49617263,2417.01,21.44,0,10.2589,0.006,37.885227,-40.016204,33.492,0.043,11.933,0.062,2459139.297,0.00345,4.83266,5e-05,2.308,0.404,0.901535,0.002028,830.0,1.86781,4.9031,0.375862,161.807,993.0,9.0,257.337,2.2535,5485.4,120.4,3.9,0.08,1.83,0.1,-0.24,0.09,0.96,0.120004
65347776,2418.01,43.47,0,10.9166,0.006,39.725259,-27.324227,38.618,0.063,-14.991,0.069,2459133.371,0.00459,25.86696,0.00025,4.923,0.694,2.434777,1.338039,2240.0,1231.62,7.41184,3.1277,100.989,883.0,11.0,135.101,0.6055,5095.0,120.3,4.56,0.08,0.8,0.05,,,0.855,0.0978947
268532343,2420.01,95.47,1,10.8285,0.007,14.826814,-19.771164,44.886,0.064,18.641,0.047,2459136.267,0.0016,5.84259,2e-05,3.747,0.283,2.902793,0.000903,2670.0,0.831747,11.8252,0.670345,307.599,1166.0,21.0,435.174,7.207,5707.0,127.5,3.76,0.08,2.2,0.12,,,1.02,0.125923
70524163,2421.01,81.5,1,10.6918,0.006,33.154021,-35.390918,28.914,0.025,-3.644,0.038,2459139.619,0.00094,4.3474,1e-05,4.684,0.232,3.828534,0.000608,3520.0,0.560123,10.753,0.594871,786.037,1475.0,52.0,327.927,3.2165,5618.0,132.5,3.93,0.08,1.79,0.1,,,0.99,0.124627
142937186,2427.01,4.65,1,9.0138,0.006,52.291732,-31.362867,150.453,0.042,41.387,0.064,2459169.62,0.00142,1.30613,0.00014,0.634,0.258,0.608183,0.025804,560.0,23.7661,1.99844,0.411218,62.7136,783.0,15.0,28.5147,0.0278,4072.0,120.9,4.58,0.11,0.68,0.06,,,0.64,0.0791406
686072378,2438.01,38.67,0,16.2463,0.008,68.226889,-32.88712,33.351,0.107,46.733,0.162,2459175.406,0.000384171,1.942600323,5.32e-05,1.020674322,0.04448895,761.432366,14.391456,504062.3799,13167.56,,,1076.080474,1460.76696,56.03001,299.842,6.133,5780.0,,4.438,,,,,,,
168871868,2442.01,74.98,0,11.402,0.008,65.100654,-31.081604,0.392,0.037,-8.095,0.044,2459183.305,0.0010158,17.1217196,3.28e-05,6.507,0.311,152.450559,0.000762,131000.0,0.701384,10.2267,0.516223,204.585,1053.0,294.0,262.475,1.662,5762.0,130.882,4.44944,0.077825,1.0,0.05,,,1.03,0.127642
318753380,2443.01,7.71,1,8.2969,0.006,40.179861,1.199676,284.011,0.08,231.78,0.079,2459148.099,0.001468868,15.66923221,0.002140462,4.562852982,0.20758453,1.5139,0.048908,1393.38148,45.044777,2.686889273,0.5470478,13.29311757,486.9971964,26.667023,23.9258,0.02325,4214.44,131.326,4.52845,0.109238,0.732115,0.0713468,-0.01,0.05,0.66,0.0789265
439867639,2445.01,2.56,1,13.1292,0.008,43.316155,0.052337,57.212,0.108,-24.05,0.132,2458411.217,0.00062822,0.371133443,1.58e-05,0.491818661,0.26556128,2.524688,0.355198,2322.621815,327.0959,1.406214663,0.8266142,204.4873602,964.4647664,9.401387,48.582,0.24745,3333.0,157.0,4.95786,0.0096125,0.272233009,0.00820015,,,0.245288,0.020165
1167538,2447.01,74.51,1,10.0127,0.006,70.997586,-31.906637,-0.423,0.041,-31.564,0.059,2459168.989,0.0006729,,,8.291,0.23,9.52557,0.000598,8735.0,0.550854,10.2185,0.521054,44.5933,719.0,37.0,148.987,0.6125,5825.0,130.9,4.43,0.08,1.04,0.05,,,1.049,0.137918
231721005,2448.01,12.37,0,10.0039,0.006,80.740227,-53.76459,0.846,0.064,12.289,0.05,2460121.423,0.0055048,9.0182016,4.18e-05,3.08,0.371,0.534314,0.026897,492.0,24.7725,3.54998,0.168081,762.028,1463.0,19.0,490.818,6.5195,9671.0,188.6,4.33,0.06,1.78,0.05,,,2.47,0.326949
4294779,2451.01,55.26,0,15.8552,0.008,81.312676,-0.770748,0.953,0.189,-0.742,0.157,2459174.475,0.001608305,0.343889186,4.46e-05,0.969606906,0.2804137,27.321877,3.28799,24850.39538,3023.77,8.561117894,1.8986349,449.3159514,1174.242267,7.7705545,361.474,16.5445,3199.0,157.0,4.70217,0.0173915,0.540483,0.0238973,,,0.536614,0.0259742
219208037,2452.01,11.37,0,11.1925,0.006,93.098193,-50.930948,-28.664,0.096,11.981,0.089,2459229.063,0.001847117,0.977680524,0.00013062,0.765739728,0.20487942,1.048586,0.116852,965.3175192,107.619026,3.378425156,5.26633,1378.72548,1554.136642,8.106384,148.462,0.9405,4456.2,205.6,,,1.09813,0.0921256,,,0.69,0.0829382
449197831,2458.01,6.27,1,8.71008,0.006,79.621529,1.253439,-3.091,0.068,-99.263,0.055,2459177.403,0.003379292,3.736968939,0.000949572,1.991742185,0.894666,0.337171,0.052033,310.4978088,47.92311,2.379732345,5.718552,897.6872949,1396.050149,8.751414,112.958,0.5375,6092.0,124.5,4.25,0.08,1.32975,0.0603015,,,1.143,0.151181
192790476,2459.01,8.97,1,9.3951,0.006,82.143332,-39.373046,88.576,0.042,16.749,0.045,2458452.335,0.001143327,19.10470192,4.17e-05,3.251672833,0.17819591,2.071453,0.114078,1906.059625,105.064514,2.936533669,0.54608005,8.51872971,435.7259839,17.074867,36.6113,0.03455,4195.0,124.8,4.59888,0.106536,0.675092995,0.0630151,,,0.66,0.0763494
411839167,2461.01,122.97,1,10.8243,0.006,78.91982,16.278699,2.717,0.112,-12.983,0.094,2459175.327,0.000511411,6.180261387,6.6e-06,4.183020557,0.052800167,5.861229,0.071092,5383.845837,65.4758,13.70374653,0.88235235,923.6302124,1406.029013,87.07604,372.632,18.55,6513.0,132.8,4.08,0.1,1.739310026,0.110633,,,1.338,0.226837
32949762,2464.01,106.79,1,12.3352,0.006,87.679561,-27.623322,26.975,0.03,-34.83,0.037,2459222.681,0.000457,3.7684981,6.6e-06,2.727,0.075,21.713255,0.002625,19800.0,2.41749,12.5471,0.766713,210.575,1061.0,105.0,288.326,2.022,5160.0,127.22,4.49546,0.0865341,0.87,0.05,,,0.873,0.109236
31114545,2468.01,87.25,0,10.3598,0.008,80.896099,-24.121296,17.912,0.038,-0.043,0.055,2459196.873,0.0031788,24.4232697,0.0001365,3.788,1.856,2.086617,0.009916,1920.0,9.13313,11.2009,0.952464,62.1143,782.0,22.0,421.726,5.181,6102.0,134.2,3.75,0.08,2.37,0.11,,,1.15,0.155383
373453507,2475.01,20.78,0,10.7302,0.011,76.524234,10.594174,5.61,0.088,-14.324,0.054,2459197.399,0.0035249,15.7925628,0.0001402,2.823,0.472,1.292795,0.003674,1190.0,3.38409,4.82429,0.377854,24.617,620.0,10.0,235.608,2.5695,5600.0,138.8,4.16,0.08,1.37,0.07,,,0.99,0.122359
1449756,2480.01,64.98,0,10.8256,0.006,75.174905,-34.815988,6.288,0.035,-21.633,0.045,2459199.593,0.0026669,11.3543085,0.0023415,3.414,0.441,2.38037,0.002608,2190.0,2.40171,9.40688,0.540584,115.756,913.0,21.0,470.356,5.0525,6421.0,134.0,3.98,0.09,1.92,0.09,,,1.29,0.202744
219151731,2483.01,21.1,0,10.1217,0.006,89.835166,-49.469569,-11.884,0.046,42.585,0.044,2459249.974,0.0011882,1.4853364,5.2e-06,1.302,0.158,0.705958,0.001025,650.0,0.944001,4.86539,0.267199,1309.65,1675.0,27.0,259.299,1.4305,6137.7,114.5,4.19,0.35,1.51,0.07,,,1.27,0.190769
328934463,2485.01,100.89,1,10.9687,0.008,205.204322,22.983969,0.999,0.085,-7.186,0.09,2459658.812,0.0029411,11.2347982,5.37e-05,6.217,0.288,5.202262,0.001217,4780.0,1.12053,12.196,0.657848,262.58,1121.0,24.0,397.953,8.0605,6016.4,119.0,4.01,0.08,1.72,0.09,0.097,0.059,1.11,0.149475
97568467,2497.01,94.85,1,9.14112,0.006,90.062588,11.884058,12.502,0.076,-27.31,0.064,2459205.098,0.000860402,10.65569403,1.46e-05,7.823632169,0.116245225,2.286423,0.044782,2103.657876,41.244534,11.7630857,0.6012716,997.808531,1433.446712,45.151714,285.289,3.5215,6715.0,167.725,3.79727,0.0931728,2.498970032,0.110292,,,1.428,0.252356
263179590,2498.01,20.48,1,10.844,0.006,95.41622,11.251648,-0.313,0.09,-20.1,0.076,2459204.418,0.001482583,3.738238106,1.48e-05,2.975207976,0.48068726,1.430272,0.097404,1316.462276,89.708,4.774123025,1.8493468,790.4759269,1352.358739,13.466908,275.265,4.143,5938.0,127.484,4.25146,0.0796586,1.290680051,0.0619598,,,1.084,0.142188
52689469,2502.01,113.47,1,13.6373,0.006,101.394805,-33.881692,-3.369,0.026,2.549,0.029,2459202.043,0.003224336,3.141382453,0.000367964,4.4361226,0.27500784,5.914925,0.286423,5433.034873,263.77017,13.07086402,0.92837846,2278.98417,1762.199512,14.388655,1477.98,35.75,6534.0,122.0,4.09026,,1.734089971,,,,1.35,
124778445,2503.01,115.93,1,13.9819,0.006,94.444759,-35.706364,-8.838,0.033,8.771,0.032,2459203.396,0.001230559,1.675156757,0.000145789,2.271819399,0.10265229,19.47923,0.579619,17781.052,533.70654,13.2366563,0.48482808,1000.567857,1434.436694,24.296297,743.972,10.74,5457.0,122.0,4.44807,,0.963518,,,,0.95,
170103435,2510.01,7.78,0,10.0879,0.006,101.397361,-46.565471,-38.957,0.046,49.002,0.045,2459984.553,0.0027852,1.9785151,5.8e-06,1.282,0.217,0.543004,0.046068,500.0,42.4296,2.69714,0.183281,514.024,1326.0,14.0,204.166,0.984,6317.0,127.5,4.35,0.08,1.23,0.05,,,1.24,0.179776
124702477,2511.01,68.18,0,10.9539,0.006,104.752514,-7.897455,-3.714,0.083,-6.321,0.076,2459226.722,0.0007891,0.7951534,1.6e-06,0.912,0.128,2.086617,0.003619,1920.0,3.33354,9.70612,0.65796,2195.21,1906.0,26.0,523.867,18.6435,6811.0,152.1,4.02,0.1,1.96,0.11,,,1.467,0.260444
48178229,2517.01,22.7,0,10.0386,0.007,99.172585,-23.309761,0.707,0.028,7.569,0.048,2459225.684,0.0065888,2.6788253,2.83e-05,2.49,0.375,0.380074,0.000856,350.0,0.7882,5.07891,0.303041,1476.0,1726.0,12.0,403.768,4.815,6863.0,123.1,3.93,0.09,2.19,0.09,,,1.49,0.255686
169249234,2524.01,114.36,1,12.1772,0.007,160.886843,-1.912698,9.97,0.073,4.849,0.071,2459527.432,0.000583283,7.18580292,1.22e-05,4.254261318,0.07542505,12.22062,0.163433,11192.49952,150.5162,13.1612,0.731181,210.609,1061.0,76.88544,438.842,8.0285,5758.3,135.6,4.3,0.08,1.19,0.06,0.13,0.019,1.03,0.121133
149601126,2525.01,68.66,1,13.4006,0.006,86.850974,-60.521308,21.759,0.026,23.299,0.029,2459174.013,0.0069103,23.34185357,0.000883681,6.412937259,0.46666077,7.051473,0.522683,6473.602151,481.2927,9.726712887,7.509336,16.36425046,512.9721403,20.780209,395.398,2.241,4944.0,122.0,4.51,,0.824284017,,,,0.81,
149601126,2525.02,76.52,1,13.4006,0.006,86.850974,-60.521308,21.759,0.026,23.299,0.029,2459074.031,0.002270904,49.24455988,0.000180855,6.580714544,0.20122325,17.078114,0.466645,15606.46149,429.70343,10.3670919,0.3454167,6.04782048,399.9626824,33.65235,395.398,2.241,4944.0,122.0,4.51,,0.824284017,,,,0.81,
269333648,2529.01,84.11,1,10.6693,0.006,118.994535,-52.354833,14.909,0.101,17.856,0.209,2458538.517,0.0,,,8.943,1.149,4.613309,0.006597,4240.0,6.07582,10.9718,0.727769,70.9731,808.0,41.0,296.271,4.2295,5822.0,134.6,3.97,0.08,1.75,0.09,,,1.05,0.131893
270604417,2543.01,82.16,1,10.8165,0.006,136.596917,3.56767,-7.573,0.316,-5.71,0.253,2459233.347,0.001433519,7.542750886,2.06e-05,6.448191389,0.15075016,3.369166,0.066504,3098.306666,61.250607,10.80997594,1.0319434,741.7962608,1331.039395,45.81989,426.798,33.976,6349.8,40.8,4.11,0.02,1.866189957,0.170126,-0.446295,0.00748358,1.219,0.173548
149845414,2545.01,7.09,1,8.90594,0.006,135.545803,-3.420819,-14.639,0.069,-11.597,0.061,2458522.514,0.002659881,7.994036718,5.26e-05,4.271047027,0.76901084,0.439399,0.042613,404.6194381,39.247066,2.557602114,2.075654,258.8217348,1022.986578,11.495177,107.118,0.472,5846.29,115.111,4.26525,0.0717198,1.253239989,0.0554799,-0.272928,0.0668965,1.055,0.127121
444013020,2547.01,115.2,1,11.302,0.006,133.324298,8.523017,2.76,0.061,3.252,0.04,2459228.794,8.98e-05,2.311420336,6.18e-07,2.747975285,0.014171101,16.382086,0.054148,14975.19867,49.8707,13.18791073,0.5822473,957.0053443,1418.56206,340.48663,273.703,2.7065,5785.79,104.216,4.39543,0.0718388,1.070080042,0.0469548,0.336,0.034,1.038,0.128489
350293646,2548.01,98.5,1,10.0471,0.006,131.106996,1.859893,-23.48,0.073,-31.653,0.056,2459985.304,0.0001779,8.5234958,3e-06,2.444,0.031,20.763291,0.216343,18942.0,199.239,12.0756,0.595988,34.6952,676.0,190.0,100.588,0.4865,5238.0,104.524,4.54438,0.0758968,0.84,0.04,0.1,0.1,0.894,0.1098
350293646,2548.02,21.9,1,10.0471,0.006,131.106996,1.859893,-23.48,0.073,-31.653,0.056,2459985.332,0.0023397,1.4468993,5.8e-06,0.779,0.301,0.596233,2.014203,549.0,1853.43,4.98711,1.59253,1452.18,1719.0,9.0,100.588,0.4865,5238.0,104.524,4.54438,0.0758968,0.84,0.04,0.1,0.1,0.894,0.1098
294500964,2550.01,28.01,0,10.7757,0.006,122.228117,12.207623,-14.725,0.1,-15.12,0.054,2459966.572,0.003909988,9.070253089,2.44e-05,1.906364654,0.25308144,4.140409,0.170482,3806.195338,157.00706,5.739538295,1.2825527,110.6280815,827.1534677,24.927946,182.937,2.193,5509.1,115.8,4.52,0.01,0.916742027,0.041809,0.274,0.02,1.025,0.12219
258920431,2567.01,80.77,1,11.7489,0.008,288.465668,66.347938,-17.074,0.042,9.036,0.042,2459390.753,0.000744405,5.9839451,8.2e-06,5.388651304,0.069882356,4.162471,0.046912,3826.43755,43.206295,10.70165915,0.6056152,632.2914999,1278.936805,66.49358,504.775,5.167,5609.0,130.3,3.96,0.08,1.717610002,0.0898895,,,0.99,0.124385
239816546,2570.01,128.6,1,11.9775,0.006,87.18804,32.084043,-6.393,0.073,-15.861,0.06,2459500.741,0.000195983,2.988765442,1.53e-06,2.984724663,0.028690066,16.954026,0.107736,15493.94904,99.22328,14.06998283,0.7781713,690.1555373,1307.243508,165.2702,361.857,6.2435,5639.0,144.5,4.34,0.08,1.121410012,0.061206,,,1.0,0.124689
239638934,2571.01,56.89,0,10.5284,0.006,333.592905,32.490119,-3.042,2.057,-14.941,1.294,2458760.818,0.0011288,6.0027375,0.0002206,4.164,0.644,6.643273,0.004752,6100.0,4.3767,8.72806,,475.015,,80.0,184.514,,5633.0,,,,1.08,,,,,
7548817,2583.01,124.1,1,12.0453,0.007,272.267029,45.3369,7.682,0.035,5.014,0.039,2459735.896,0.0011507,4.52074,8.8e-06,4.175,0.137,9.290105,0.001292,8520.0,1.18985,13.7321,0.68157,713.859,1440.0,62.0,566.189,6.399,6050.0,127.6,4.14,0.08,1.49,0.07,,,1.13,0.149506
62530991,2585.01,4.31,0,9.8961,0.006,132.541715,-2.979643,-70.165,0.07,-85.301,0.048,2459986.942,0.0036384,4.0266483,1.76e-05,2.312,0.487,0.818954,0.046334,754.0,42.6743,1.90189,0.122182,213.735,1065.0,13.0,89.409,0.3272,5276.5,105.2,4.6,0.07,0.78,0.04,-0.0826829,0.0281113,0.9,0.104478
68007716,2587.01,83.7,1,10.9657,0.006,115.93171,-1.073333,22.011,0.076,-25.335,0.047,2459244.752,0.0012012,5.4566563,1.66e-05,3.783,0.263,4.526083,0.001354,4160.0,1.24686,10.9408,0.652522,381.078,1230.0,44.0,373.675,5.8625,5674.8,171.9,4.04,0.01,1.72,0.1,0.116,0.016,1.04,0.131582
157698565,2589.01,94.44,1,10.7211,0.006,107.48815,-37.230948,-18.983,0.035,8.322,0.038,2459973.64,0.003219543,61.6277,0.0001314,6.401,0.277,9.682209,0.001756,8878.0,1.61719,11.7392,0.566858,21.7464,601.0,22.0,200.273,0.829,5581.0,229.7,4.16,0.37,1.07,0.05,,,1.08,0.146865
149539158,2607.01,9.91,0,9.1251,0.006,86.018583,-59.946092,0.173,0.06,-7.121,0.062,2459256.971,0.003448057,2.233878567,0.000578129,3.040000125,0.43127185,0.346319,0.040506,318.9211436,37.306538,3.11590007,1.2964443,3165.18533,1913.020111,7.5957136,176.841,1.0795,6422.3,134.058,4.10848,0.0918725,1.659919977,0.0812035,-0.46,0.12,1.29,0.212532
234282389,2611.01,23.45,0,13.5294,0.006,335.268299,-64.71227,23.974,0.025,-17.412,0.026,2458352.485,0.0068562,0.7320175,0.0002961,2.577,0.357,4.918652,0.009715,4520.0,8.94736,5.16324,,8999.57,2713.0,16.0,541.431,5.729,5458.0,5459.0,4.4,2.0,0.81,,,,0.99,
403288821,2623.01,83.59,0,12.4978,0.006,332.926877,-63.167437,18.729,0.034,-1.18,0.044,2459085.612,0.0022004,0.5474737,2.4e-06,1.789,0.189,1.553714,0.002307,1430.0,2.12441,10.9219,,5430.93,2391.0,15.0,995.741,30.672,5073.0,5126.8,3.5,0.2,2.84,,-0.41523,0.0945877,,
231703293,2632.01,47.07,0,12.4537,0.006,335.467524,-57.758448,25.052,0.045,0.477,0.052,2459085.547,0.0029795,0.907105,5.9e-06,1.711,0.124,1.553714,0.667678,1430.0,614.765,7.82059,3.09134,28442.1,3617.0,17.0,540.632,9.611,6164.0,126.6,4.4,0.08,1.13,0.05,,,1.17,0.167749
162802770,2641.01,68.76,1,11.1897,0.006,171.130372,-42.732139,-32.534,0.038,-9.823,0.032,2459283.404,0.000834335,4.880963962,9.86e-06,1.612036204,0.100244656,3.682054,0.278171,3385.552686,256.1717,9.735489661,3.3246431,626.1274546,1275.808339,26.88035,344.045,3.3105,6309.0,130.575,4.32298,0.0841433,1.271319985,0.0568342,,,1.24,0.18442
448589187,2642.01,118.41,1,12.3077,0.006,166.3188,-34.122745,-24.306,0.057,6.033,0.057,2459304.823,0.0007127,3.0652926,4.4e-06,2.606,0.065,12.272778,0.002239,11240.0,2.06253,13.3524,0.703704,649.429,1406.0,61.0,539.36,11.693,6229.0,130.095,4.34122,0.0881535,1.22,0.06,,,1.2,0.166964
152852327,2643.01,60.46,1,11.0295,0.007,182.166267,-8.747217,-28.318,0.105,-8.731,0.081,2459562.25,0.0202231,9.1720535,0.0009147,7.169,1.432,0.62991,0.00324,580.0,2.98453,9.02881,,293.374,1152.0,8.0,609.818,17.452,4933.0,122.0,4.438,,3.79,,,,,
348684813,2667.01,93.71,0,9.6732,0.007,133.993484,-14.35529,-1.585,0.317,-2.482,0.309,2459976.897,0.003987,7.7517472,3.92e-05,3.761,0.495,0.935222,0.049226,861.0,45.338,11.6856,,123.828,929.0,16.0,454.873,38.5215,5133.0,122.0,,,4.75,,,,,
348835438,2669.01,71.2,1,9.9917,0.007,134.722645,-13.312579,18.681,0.062,-11.117,0.06,2459985.604,0.0055852,6.203496,3.9e-05,5.715,1.142,0.879803,0.043907,810.0,40.4389,9.93735,,375.554,1226.0,18.0,393.443,6.3565,4859.0,122.0,,,3.98,,,,,
190081497,2671.01,37.53,0,10.3364,0.006,132.269994,-36.578257,-6.684,0.04,-10.243,0.041,2459991.73,0.011556181,3.1630387,3.65e-05,4.661,0.438,1.227576,0.169547,1130.0,156.146,6.82612,1.86481,17348.8,3197.0,15.0,233.793,1.5895,6187.0,128.6,4.26,0.08,1.34,0.06,,,1.18,0.162622
179033846,2675.01,115.77,0,11.7919,0.008,64.262587,-29.524909,3.127,0.042,-2.498,0.047,2459197.209,0.0010196,1.476869,2.9e-06,1.451,0.135,2.902793,1.034315,2670.0,952.186,13.2219,4.68994,7685.32,2608.0,43.0,523.999,7.575,6712.0,184.6,4.28,2.01,1.37,0.06,,,1.35,0.219139
219366908,2680.01,18.15,0,12.653,0.006,75.439417,-49.284463,93.2,0.024,51.274,0.028,2459199.017,0.0008111,0.6293198,1.2e-06,1.129,0.232,4.057368,0.00858,3730.0,7.90253,4.46635,0.342805,2516.29,1973.0,51.0,344.16,1.728,5508.0,134.6,4.63,0.08,0.79,0.04,,,0.97,0.123833
332660287,2713.01,27.63,0,12.483,0.007,63.150132,-12.317659,-15.112,0.026,-14.999,0.021,2459197.326,0.0008372,1.2434016,2e-06,0.939,0.263,4.427963,0.02195,4070.0,20.2163,5.66309,0.52193,412.506,1255.0,28.0,246.568,1.258,4967.0,126.6,4.6,0.09,0.75,0.05,,,0.82,0.0994234
332534326,2714.01,111.79,1,12.7979,0.007,61.401248,-14.926746,11.318,0.026,4.976,0.024,2459168.949,0.0010114,2.4993895,4.5e-06,2.99,0.101,11.581209,0.002073,10610.0,1.90971,12.9239,0.690267,945.55,1544.0,44.0,597.873,7.786,5737.0,124.0,4.28,0.08,1.21,0.06,,,1.02,0.129444
269077474,2717.01,87.53,0,12.8212,0.007,75.410841,1.840649,1.574,0.036,-11.541,0.026,2459197.193,0.0017978,1.3164901,5.1e-06,1.389,0.241,3.89391,0.009229,3580.0,8.49999,11.2218,0.792626,1368.05,1694.0,15.0,1017.77,23.3595,6341.0,125.5,4.04,0.09,1.78,0.09,,,1.26,0.192694
34466256,2732.01,44.32,0,12.0195,0.009,82.46986,-9.158548,0.444,0.077,-4.807,0.071,2459198.602,0.001378,0.7029205,1.9e-06,1.325,0.204,2.69597,0.003726,2480.0,3.4319,7.51559,0.496465,5873.32,2438.0,38.0,675.112,21.404,6699.0,129.5,4.18,0.09,1.6,0.08,,,1.42,0.244784
91869778,2736.01,86.26,0,10.9521,0.006,88.841655,15.37845,3.529,0.115,-14.546,0.099,2460235.295,0.00273464,3.4771921,9.6e-06,2.002,0.159,3.534389,0.002929,3250.0,2.6979,11.1486,0.72465,422.8,1263.0,23.0,493.21,18.3525,6539.0,176.3,3.99,0.09,1.94,0.11,,,1.35,0.214026
279989567,2744.01,15.2,0,11.4746,0.006,100.564751,-4.949889,,,,,2459226.189,0.0031001,0.787177,3.6e-06,1.515,0.215,1.466734,0.002738,1350.0,2.52172,,,1632.52,1770.0,18.0,,,4899.5,116.1,,,,,,,,
148233571,2754.01,13.5,0,12.2082,0.006,101.346587,-41.249216,8.682,0.05,-7.711,0.046,2459226.376,0.0032567,0.9422588,6e-06,1.46,0.271,1.151491,0.003861,1060.0,3.55573,3.75015,0.313293,1840.19,1824.0,13.0,361.811,3.6835,5544.7,132.7,4.37,0.09,1.07,0.06,0.0216201,0.0816255,0.98,0.120703
130611752,2760.01,36.99,0,12.8004,0.006,105.752117,-43.493068,0.082,0.024,3.152,0.026,2459963.185,0.002476504,0.4405893,1.6e-06,1.075,0.159,2.010472,0.004548,1850.0,4.1889,6.74949,0.490517,4788.57,2317.0,18.0,684.386,6.139,5643.0,135.5,4.1,0.08,1.48,0.08,,,1.0,0.130469
443556801,2768.01,9.3,1,11.3676,0.006,99.364134,-15.481203,-82.719,0.053,85.136,0.058,2459225.647,0.0017493,1.5080197,4.9e-06,1.032,0.167,1.945209,0.005056,1790.0,4.65675,3.01287,0.351265,89.0458,855.0,15.0,78.4525,0.1883,4008.0,130.4,4.6,0.12,0.66,0.07,,,0.63,0.0794348
437893926,2771.01,123.17,0,12.4432,0.022,94.017995,15.270666,0.159,0.067,-4.647,0.06,2459548.185,0.0018374,3.8454384,1.54e-05,4.736,0.183,4.995001,0.001568,4590.0,1.44375,13.6848,1.0387,2030.9,1870.0,27.0,985.074,35.651,6733.4,128.0,3.98,0.1,2.02,0.15,-0.037,0.013,1.44,0.236933
319735319,2779.01,119.09,0,12.4889,0.006,99.678448,2.43106,0.085,0.058,1.093,0.052,2459224.226,0.0025459,2.9038027,1.38e-05,3.511,0.635,6.381129,0.132405,5860.0,121.942,13.4427,1.96279,5592.86,2409.0,26.0,736.602,19.6135,6570.0,317.3,4.21,0.11,1.51,0.08,,,1.364,0.260168
302766000,2784.01,20.62,0,12.428,0.006,82.878464,15.771332,-3.812,0.07,-6.652,0.049,2459550.344,0.0011469,0.2573207,5e-07,0.629,0.123,1.44499,0.008927,1330.0,8.2221,4.81101,0.444507,5062.7,2349.0,16.0,392.4,5.2225,5784.0,638.4,4.38,0.15,1.09,0.06,,,1.037,0.269226
251209368,2789.01,49.92,0,13.0632,0.019,95.47532,-4.321544,-7.737,0.038,-3.86,0.037,2459209.022,0.005905,3.0071496,3.9e-05,4.461,0.544,3.599748,0.008594,3310.0,7.91566,8.05598,,1939.81,1848.0,9.0,766.071,14.8115,5906.0,122.0,4.14,,1.45,,,,1.07,
78775584,2811.01,116.14,0,10.7217,0.007,143.466543,-42.714874,-13.459,0.044,7.858,0.043,2459302.16,0.0040355,5.5553784,3.48e-05,2.256,0.334,1.140622,0.002667,1050.0,2.45627,13.2411,0.842573,564.535,1357.0,12.0,940.002,26.4515,8058.0,137.3,3.57,0.08,3.79,0.15,,,1.95,0.297085
105801221,2812.01,12.83,0,9.6913,0.006,156.685218,-38.042191,-20.457,0.035,14.052,0.046,2459302.066,0.0060561,3.0750728,3.3e-05,2.219,0.42,0.553867,0.002055,510.0,1.893,3.62818,0.274993,948.001,1545.0,9.0,241.582,1.9025,6888.0,131.8,4.25,0.09,1.52,0.06,,,1.5,0.256664
131581522,2816.01,120.07,0,13.2864,0.006,118.347733,-36.800418,18.914,0.028,1.001,0.029,2459964.261,0.009067751,3.059168,3.02e-05,4.992,0.448,8.294052,1.422747,7610.0,1309.54,13.504,,6509.45,2502.0,18.0,494.985,3.948,5657.0,122.0,4.37,,1.08,,,,1.0,
151483286,2818.01,131.29,1,11.3944,0.006,119.059818,-35.11671,-6.104,0.038,-9.017,0.043,2459245.632,0.0004453,4.0397189,3.1e-06,3.655,0.061,16.53068,0.000973,15110.0,0.895903,14.2282,0.634353,876.846,1515.0,79.0,312.674,2.249,5758.5,127.9,4.27,2.01,1.14,0.05,,,1.36,0.228653
268042363,2828.01,81.94,0,12.9858,0.006,115.628942,-53.037166,-0.706,0.075,6.575,0.077,2459990.606,0.002832085,4.6141256,1.78e-05,1.566,0.14,5.355006,0.010704,4920.0,9.85912,10.7957,0.702862,167.033,1001.0,12.0,844.26,25.901,6888.0,135.2,4.37,0.09,1.33,0.07,,,1.5,0.262854
114103134,2829.01,94.45,0,11.6079,0.013,113.981399,-30.748672,-10.464,0.038,7.461,0.047,2459963.683,0.001454044,1.146870785,0.000117937,1.396547735,0.102608725,3.003636,0.170676,2762.627598,157.18568,11.73430181,0.7581705,12604.13792,2702.390069,14.13361,721.776,14.023,6755.0,146.3,4.0,0.09,1.991449952,0.0893543,,,1.44,0.24289
182470056,2839.01,96.74,0,12.9604,0.006,123.753462,-36.248077,-7.352,0.024,-4.06,0.029,2459252.299,0.002305,0.879268,3.4e-06,1.529,0.272,4.951373,0.010658,4550.0,9.8167,11.9007,0.795968,3494.7,2142.0,13.0,888.752,12.1415,6259.0,131.2,4.06,0.08,1.7,0.08,,,1.22,0.175527
178162579,2842.01,95.93,1,12.0327,0.006,108.044207,-10.63934,3.139,0.063,4.123,0.062,2459225.45,0.0011029,3.5514016,8.7e-06,2.207,0.242,9.246303,0.007727,8480.0,7.11662,11.8731,0.700469,342.119,1198.0,34.0,460.995,7.596,6019.0,143.3,4.29,0.08,1.26,0.06,,,1.114,0.148946
387342052,2844.01,55.03,1,11.5829,0.007,110.203228,13.01869,-3.042,0.075,-5.045,0.064,2459574.316,0.0013921,3.5524144,1.01e-05,2.784,0.174,2.238923,0.000812,2060.0,0.747837,8.52936,0.641771,1015.53,1572.0,29.0,705.803,23.6795,6843.0,152.0,,,1.82,0.13,0.025,0.198,1.54,0.25783
437156845,2855.01,58.05,0,12.7325,0.007,123.43693,-18.877652,-5.041,0.029,-4.908,0.022,2459246.6,0.0026444,3.4906402,1.51e-05,1.586,0.222,4.984094,0.008678,4580.0,7.9927,8.78597,0.55583,202.549,1050.0,1000.0,626.536,8.7385,6066.0,126.5,4.34,0.08,1.18,0.06,,,1.13,0.141998
172630205,2856.01,92.54,0,12.6989,0.007,101.010233,-26.030612,10.586,0.02,10.388,0.027,2459226.231,0.0038518,0.599092,4e-06,1.232,0.242,1.401504,0.007145,1290.0,6.58065,11.5931,,2400.89,1950.0,10.0,1238.08,26.065,5220.0,122.0,,,3.19,,,,,
412257781,2863.01,65.7,0,12.7797,0.009,110.446018,-22.597941,-8.575,0.027,7.511,0.034,2459253.364,0.0036508,1.1894812,7.2e-06,3.047,0.413,4.493376,0.006971,4130.0,6.42059,9.44872,0.617205,9015.13,2714.0,12.0,890.314,16.385,6550.0,131.3,4.21,0.09,1.5,0.07,,,1.35,0.225947
155807906,2871.01,37.49,0,13.0777,0.009,123.825652,-29.23165,-4.579,0.025,-5.108,0.028,2459253.169,0.0040327,0.4057204,2.3e-06,1.201,0.181,2.848362,0.007004,2620.0,6.45081,6.83767,,11661.9,2895.0,10.0,879.564,13.246,6541.0,122.0,4.33,,1.32,,,,1.35,
123106490,2874.01,55.0,0,11.3002,0.006,113.755213,-43.876527,-4.295,0.045,6.098,0.042,2459963.592,0.002915404,3.3004862,1.65e-05,2.959104975,0.17594647,2.612785,0.214399,2403.570604,197.4491,8.536598403,2.9922256,1351.196291,1546.319956,20.22215,398.13,3.989,6408.0,95.4,4.26,2.01,1.30783999,0.055402,,,1.47,0.246486
4999813,2878.01,19.52,0,12.6063,0.006,107.358337,-1.732243,-6.437,0.133,-19.429,0.11,2459226.726,0.0044208,2.0849517,2.25e-05,3.099,0.745,2.587132,0.011466,2380.0,10.5605,4.65169,0.431209,2731.54,2014.0,13.0,474.693,16.6275,6163.0,123.1,4.56,0.09,0.94,0.05,,,1.174,0.164787
146836153,2879.01,99.88,0,13.3181,0.006,124.319317,-30.632887,14.597,2.085,-12.005,2.085,2459964.826,0.001356832,2.325287791,0.000238955,2.277571049,0.101888046,32.366792,1.511727,29370.95462,1391.3828,12.8754,1.32894,846.6821648,1375.782727,27.171238,602.935,,5744.0,273.3,,,1.1,0.11,,,,
290302097,2902.01,24.37,0,12.7858,0.006,136.335932,-62.966781,-12.172,0.027,22.836,0.026,2460042.8,0.004882616,2.9918201,1.3e-05,2.231,0.278,3.708687,0.004399,3410.0,4.05169,5.2899,0.357764,317.354,1175.0,21.0,363.632,1.88,5301.0,126.4,4.5,0.08,0.89,0.05,,,0.91,0.120139
29336129,2933.01,80.42,0,12.5246,0.006,132.871698,-47.739206,0.088,0.041,1.337,0.041,2459989.636,0.006923556,1.636382194,0.000411965,5.279604626,0.46635485,2.591343,0.337418,2383.869039,310.72556,10.67454889,4.354529,4767.186873,2119.265136,12.793624,762.471,13.8775,6361.0,137.0,4.09,0.08,1.67869997,0.0733066,,,1.27,0.192348
22020459,2936.01,42.61,0,12.5961,0.008,147.853628,-25.593913,-2.838,0.056,2.228,0.058,2459988.48,0.00526416,1.3328042,1e-05,2.75,0.284,2.130131,0.002843,1960.0,2.6188,7.33432,0.496805,5718.54,2422.0,14.0,923.797,26.82,6561.0,135.8,4.12,0.09,1.67,0.09,,,1.36,0.22029
374847873,2947.01,55.58,0,12.5964,0.006,151.064827,-63.377022,-15.039,3.081,-3.992,3.081,2459332.081,0.0013192,2.0391741,4.9e-06,0.849,0.24,6.250081,0.033818,5740.0,31.1471,,,131.518,943.0,20.0,440.02,,5371.5,196.5,,,,,,,,
463203560,2958.01,29.55,0,10.6758,0.006,153.250338,-58.763396,-27.328,0.048,15.688,0.047,2460014.553,0.0019762,1.9905105,5.1e-06,2.62,0.285,2.467423,0.022325,2270.0,20.5618,5.94241,0.591461,8376.54,2665.0,49.0,206.3,1.174,6211.0,130.4,4.46,0.08,1.07,0.05,,,1.2,0.169806
462162963,2959.01,35.9,0,12.3935,0.009,150.368272,-59.851711,-7.369,0.046,3.932,0.043,2458593.753,0.0042958,1.3550447,0.0002258,1.945,0.376,4.035572,0.010673,3710.0,9.83036,,,67280.3,4486.0,14.0,1001.96,25.1445,14466.0,139.0,,,,,,,,
441334829,2963.01,100.86,0,12.5449,0.007,145.150907,-55.815548,-4.066,0.039,5.484,0.041,2459991.661,0.003802702,4.4433921,2.37e-05,3.414,0.457,7.058465,0.119238,6480.0,109.816,12.1784,1.48421,4015.1,2217.0,24.0,654.773,9.9795,7664.0,143.6,4.51,0.08,1.23,0.04,,,1.79,0.304931
103245940,2967.01,121.93,0,13.0742,0.006,156.596157,-44.177389,-1.629,0.027,2.988,0.027,2459301.7,0.0015657,3.2517862,8e-06,4.373,0.19,20.064082,0.008939,18310.0,8.23287,13.6873,,2483.34,1966.0,48.0,512.984,4.5475,5824.0,122.0,4.53,,0.92,,,,1.05,
361343239,2977.01,111.59,1,11.9383,0.007,143.926518,-60.357476,,,,,2459331.528,0.0004774,2.3505698,2.7e-06,2.768,0.132,12.239836,0.001883,11210.0,1.73464,12.9823,1.39342,703.632,1434.0,84.0,,,5356.0,293.1,,,1.22,0.13,,,,
287145649,2981.01,104.43,1,12.7533,0.01,163.487394,-25.524599,-7.232,0.044,17.862,0.034,2459302.719,0.0008958,3.6015056,6.2e-06,3.024,0.077,14.900363,0.003422,13630.0,3.15153,12.3972,0.59888,556.616,1353.0,50.0,527.789,7.0945,6055.0,134.4,4.46,0.08,1.03,0.05,,,1.13,0.14973
141631253,2987.01,25.03,0,10.8521,0.006,129.802678,-44.370051,-4.506,0.055,5.554,0.044,2459963.202,0.002971719,1.670901084,0.000172201,2.282039233,0.1548183,1.315142,0.154152,1210.557475,141.96889,5.373045155,0.4731371,3484.153938,1959.494656,12.929584,327.463,3.259,7051.0,133.5,4.42,0.09,1.268399954,0.0507437,,,1.56,0.276718
386297468,3005.01,45.45,0,12.3487,0.006,139.190353,-59.528015,-9.527,0.044,5.574,0.049,2459329.677,0.0032994,2.0958074,1.6e-05,2.992,0.761,2.554483,0.009541,2350.0,8.78714,7.63843,0.621552,4081.38,2226.0,19.0,768.845,15.0295,6793.0,133.3,4.2,0.09,1.6,0.07,,,1.46,0.246599
383666033,3008.01,8.37,0,11.2123,0.006,135.035068,-56.069246,3.789,0.044,-12.998,0.04,2459328.098,0.0051639,3.9678136,4.34e-05,4.238,0.607,0.825473,0.001746,760.0,1.60833,2.81756,0.194007,1275.1,1664.0,11.0,263.513,1.5845,6138.0,132.3,4.48,0.08,1.03,0.05,,,1.16,0.152744
45684223,3018.01,40.53,0,12.7818,0.006,131.14418,-59.19729,-8.075,0.03,11.78,0.029,2459323.34,0.0021584,6.5832019,3e-05,3.135,0.262,5.747875,0.004379,5280.0,4.03314,7.13313,0.411681,168.677,1003.0,25.0,461.758,3.2305,5809.0,135.3,4.48,0.08,0.97,0.05,,,1.04,0.13442
390157607,3036.01,46.76,0,13.4748,0.006,183.561597,-56.773252,-17.389,0.03,1.051,0.026,2458623.662,0.0031622,0.3859142,3.66e-05,1.189,0.17,6.086292,0.016098,5590.0,14.8265,7.76491,,13435.8,2999.0,16.0,786.783,14.495,6721.0,122.0,4.55,,1.05,,,,1.43,
357538688,3044.01,97.68,0,11.5088,0.006,137.549077,-63.406609,-4.986,0.047,6.223,0.048,2459315.913,0.0027138,13.2681095,7.65e-05,3.554,0.46,2.325965,0.002925,2140.0,2.69413,11.9718,0.71923,91.8511,862.0,22.0,737.306,13.071,6364.0,135.5,3.75,0.09,2.48,0.12,,,1.27,0.198641
303867090,3049.01,49.35,0,12.4092,0.006,140.219914,-69.791681,14.567,3.09,-0.971,3.09,2459359.447,0.0006272,1.3168344,1.8e-06,0.733,0.124,3.95929,0.005141,3640.0,4.73463,,,184.682,1027.0,27.0,459.056,,5211.7,201.7,,,,,,,,
464067218,3059.01,25.93,0,11.2012,0.01,155.307542,-58.537011,,,,,2460015.013,0.003325809,1.393456549,0.000151198,2.809,0.901,2.750393,0.025009,2530.0,23.0335,,,544.526,1345.0,28.0,,,3301.0,51.7,,,,,,,,
463681005,3060.01,66.4,0,13.5552,0.006,154.513775,-56.787877,-7.63,0.038,3.457,0.034,2460014.804,0.002358808,0.546539105,5.17e-05,1.611497872,0.5729396,3.395143,0.334227,3122.158429,307.78687,9.536549837,4.5918403,18187.33144,2961.842734,9.332116,1298.66,36.655,6091.0,122.0,4.05,,1.660570025,,,,1.14,
452006073,3071.01,40.44,1,11.8706,0.006,173.279052,-56.503387,-3.356,0.053,5.027,0.041,2459331.967,0.0016947,1.2669382,4.4e-06,1.93,0.206,2.804819,0.002381,2580.0,2.19328,7.13535,0.405796,2579.61,1985.0,19.0,485.219,8.8845,6296.0,128.8,4.26,0.09,1.36,0.06,,,1.23,0.188734
428699140,3082.01,11.79,1,11.7662,0.006,195.908072,-19.218984,-123.898,0.073,-28.308,0.051,2459332.242,0.0018608,1.9268037,7.1e-06,1.4,0.214,2.456541,0.003904,2260.0,3.59571,3.42735,0.338589,131.648,943.0,19.0,113.048,0.4545,4249.0,123.4,4.59,0.1,0.68,0.06,,,0.664,0.079773
61117473,3122.01,117.86,0,12.123,0.008,226.954057,-28.156608,-13.363,0.068,-0.539,0.058,2459356.523,0.0011442,6.1836286,1.55e-05,2.573,0.153,10.901047,0.006002,9990.0,5.52842,13.3233,0.744972,195.93,1042.0,42.0,520.156,12.2555,6504.0,127.9,4.34,0.09,1.29,0.06,,,1.33,0.217204
466318137,3153.01,34.98,0,11.2789,0.01,165.732079,-60.196871,,,,,2460014.805,0.00143416,1.121602115,7.8e-05,1.643488921,0.12770045,3.914729,0.221553,3599.106629,204.03659,,,2238.227706,1754.267495,15.500046,,,3294.0,38.9,,,,,,,,
372596796,3181.01,117.05,0,12.298,0.006,151.49954,-66.897501,-29.996,0.036,15.555,0.032,2458617.032,0.0010842,3.5366743,0.0001518,2.697,0.143,14.405143,0.005175,13180.0,4.76601,13.338,0.7167,446.023,1280.0,62.0,455.304,4.1195,5971.0,140.0,4.37,0.08,1.14,0.06,,,1.1,0.14277
322862882,3205.01,68.14,0,13.364,0.042,218.476437,-24.652822,-139.71,2.0,-14.68,2.0,2459359.465,0.0006659,1.2361087,1.6e-06,1.139,0.183,21.668949,0.057514,19760.0,52.9706,8.82245,1.3312,272.064,1131.0,51.0,,,4313.2,312.3,,,0.59,0.08,,,,
306547699,3216.01,107.69,0,13.1235,0.017,179.457833,-62.327546,-6.864,0.092,0.657,0.083,2459356.241,0.0028017,2.6985136,1.96e-05,4.856,0.217,14.768282,0.009791,13510.0,9.01793,,,457.995,1288.0,24.0,7186.76,2210.35,3922.8,331.1,,,,,,,,
309436531,3217.01,85.94,0,12.3297,0.006,138.805858,-79.774383,7.514,0.031,-2.005,0.034,2459383.967,0.0006479,3.2136333,4.2e-06,1.875,0.175,8.512886,0.004306,7810.0,3.96589,11.1273,0.583107,362.609,1215.0,65.0,522.663,4.9445,6189.4,119.1,4.32,0.08,1.25,0.06,-0.347252,0.0744037,1.19,0.166012
305739565,3218.01,122.57,1,12.885,0.006,206.026527,-32.522975,-20.441,0.059,1.595,0.072,2459329.334,0.003743,3.3704313,2.3e-05,4.608,0.457,6.108129,0.00584,5610.0,5.37847,13.6938,0.923101,1466.04,1723.0,21.0,942.122,28.733,5765.0,132.2,3.92,0.08,1.85,0.11,,,1.03,0.12433
303883880,3221.01,97.84,0,13.3733,0.028,177.688743,-62.75265,-5.306,0.03,0.549,0.027,2459359.599,0.0013838,0.8970184,2.7e-06,2.434,0.27,13.184566,0.010533,12070.0,9.70076,,,,,31.0,2275.78,102.235,,,,,,,,,,
243641947,3235.01,85.68,1,13.2486,0.008,207.473849,-46.066514,-170.376,0.142,-64.023,0.127,2459355.554,0.0002062,2.5926199,1.2e-06,1.269,0.034,88.420019,0.019327,78210.0,17.8007,11.0137,0.376723,13.8883,537.0,143.0,72.811,0.5308,3375.0,157.0,4.85,,0.37,0.01,,,0.359832,0.0204014
242460075,3236.01,117.18,0,12.9841,0.006,214.31811,-44.33969,-21.078,0.054,-1.64,0.046,2459356.489,0.0015898,2.9098435,1.01e-05,1.928,0.204,10.341878,0.007864,9480.0,7.2433,13.2842,0.815267,378.481,1228.0,20.0,717.079,17.113,5955.0,134.1,4.24,0.08,1.31,0.07,,,1.09,0.13647
112037203,3253.01,85.49,0,13.2041,0.006,209.183512,-35.292443,-47.7,0.055,-46.082,0.051,2458619.606,0.0022976,4.3622356,0.0008529,2.645,0.229,20.462311,0.019354,18670.0,17.8254,11.0608,,89.5299,856.0,20.0,277.718,2.53,4486.0,122.0,4.5,,0.78,,,,0.7,
358070912,3261.01,17.75,1,12.4923,0.006,47.728524,-73.531972,50.289,0.022,34.587,0.022,2460014.963,0.000749211,0.8831279,2.4e-06,1.651686012,0.12840898,2.247701,0.084604,2068.067488,77.92001,4.374909427,0.4186682,1586.210008,1609.570193,23.442032,300.141,1.078,5151.4,124.0,4.51,0.08,0.86,0.05,0.265233,0.0715413,0.87,0.107478
31697707,3290.01,80.21,0,11.3612,0.006,289.140291,-34.781754,12.969,0.072,-40.915,0.065,2459059.767,0.001753,3.910946,2.9e-05,3.28,0.323,5.671473,0.003009,5210.0,2.77136,10.6878,0.617883,497.733,1315.0,28.0,369.444,5.37,5642.0,132.0,4.07,0.08,1.54,0.08,,,1.0,0.127284
369861731,3306.01,55.64,0,12.3483,0.006,161.042028,-86.319954,-22.42,0.036,15.394,0.033,2459387.096,0.001433,3.8780401,1.08e-05,2.757,0.352,5.475034,0.001981,5030.0,1.82467,8.5758,0.491188,602.229,1380.0,38.0,403.582,3.1755,5617.0,135.6,4.31,0.08,1.15,0.06,,,0.99,0.122869
327210623,3313.01,90.98,0,12.6827,0.006,270.656968,-37.440201,-4.301,0.142,-6.36,0.122,2459384.957,0.0049641,2.128423,2.03e-05,2.872,0.357,12.0971,3.581578,11080.0,3293.32,,,674.806,1419.0,12.0,8341.8,3405.22,3689.6,317.0,,,,,,,,
310267134,3319.01,34.26,0,13.5252,0.006,251.382358,-76.937828,-14.691,0.027,-30.878,0.037,2458681.713,0.0027233,0.5438807,4.38e-05,0.78,0.232,3.686899,0.036466,3390.0,33.5861,6.46581,,1246.75,1655.0,13.0,557.804,5.954,5259.0,122.0,4.41,,0.98,,,,0.9,
305512837,3323.01,90.8,0,12.7316,0.006,262.640686,-64.723142,-11.469,0.021,-27.176,0.024,2459386.358,0.0011916,3.0223957,7e-06,3.272,0.186,16.188992,0.245702,14800.0,226.274,11.507,1.4904,791.733,1477.0,57.0,234.721,1.1845,4653.0,124.1,4.56,0.09,0.75,0.05,,,0.74,0.0880921
194795551,3331.01,99.82,1,11.3208,0.006,271.324167,-34.107171,0.421,0.118,-16.943,0.09,2459383.76,0.0008179,2.0180196,3.4e-06,1.967,0.069,16.618875,0.007781,15190.0,7.1664,12.168,0.698399,520.136,1330.0,40.0,217.193,2.7145,5544.0,131.1,4.47,0.08,0.96,0.05,,,0.98,0.128706
131581531,3347.01,39.35,0,12.0536,0.006,118.348267,-36.803031,18.437,0.039,0.972,0.039,2459251.479,0.0049958,3.0591641,2.76e-05,4.25,0.601,2.293324,0.003856,2110.0,3.55194,7.01214,0.460945,2296.74,1928.0,16.0,491.072,5.583,4999.4,290.5,,,1.59,0.07,,,1.21,0.184284
391903064,3353.01,5.4,1,8.7843,0.006,106.529815,-75.819559,-5.96,0.036,38.599,0.037,2460174.15,0.0007765,4.6658007,3.3e-06,2.609,0.033,0.613614,0.008004,565.0,7.37223,2.17821,0.11227,216.429,1068.0,47.0,78.7577,0.1213,6365.0,197.0,4.54516,0.284258,1.02,0.05,,,1.0,0.127562
412259468,3357.01,36.3,0,11.0285,0.012,110.390835,-21.93839,-4.179,0.045,2.297,0.058,2459229.684,0.001988834,2.653577693,0.000382597,2.101491443,0.36249954,1.57141,0.114828,1446.27536,105.75453,6.685956001,2.0409603,4941.352343,2138.361887,11.642596,607.29,13.915,8037.0,156.255,4.26402,0.0793857,1.70185,0.0645226,,,1.94,0.310962
146244533,3358.01,81.62,0,10.5387,0.006,133.542032,-48.072792,-13.597,0.048,5.808,0.049,2459296.556,0.0022374,8.8088443,3.58e-05,4.411,0.582,3.861221,0.007802,3550.0,7.18568,10.7596,0.583036,2579.38,1985.0,32.0,454.844,6.149,8072.0,235.3,4.37,0.53,1.58,0.05,,,2.06,0.301294
464300749,3362.01,98.64,1,10.3823,0.006,155.984143,-56.843117,-24.125,0.05,7.716,0.046,2460031.241,0.0023043,18.0953159,4.48e-05,2.627,0.709,3.453786,0.3053,3176.0,281.152,12.0619,0.700945,37.2117,688.0,15.0,366.987,4.2115,6509.8,102.5,3.99,0.63,1.8,0.08,,,1.38,0.244044
280655495,3364.01,103.65,1,10.8137,0.006,144.537771,-49.335223,-26.538,0.056,14.007,0.055,2459990.16,0.000931421,5.876943784,0.000185091,4.593380275,0.08233189,7.811442,0.122742,7168.784926,113.04359,12.39250082,0.67776626,511.3176191,1212.809078,59.47619,277.899,2.483,5805.0,133.1,4.13,0.08,1.448400021,0.0721859,,,1.04,0.12862
190981760,3369.01,124.53,0,12.7345,0.006,134.39908,-36.850749,-6.195,3.046,1.569,3.046,2459278.825,0.0032251,3.5463582,1.97e-05,4.168,0.621,6.555885,0.009152,6020.0,8.42887,,,922.838,1535.0,19.0,815.313,,5453.0,291.1,,,,,,,,
185482513,3375.01,43.16,0,12.6206,0.006,130.052164,-31.994286,8.421,0.022,-11.26,0.031,2459279.832,0.0045956,1.2368321,1.05e-05,2.144,0.486,2.097496,0.007459,1930.0,6.87011,7.3968,0.583536,3451.44,2135.0,10.0,735.596,9.045,6117.0,136.0,4.1,0.08,1.59,0.08,,,1.15,0.153425
130191319,3379.01,35.89,0,12.1038,0.006,119.75408,-25.648554,7.547,0.047,-8.12,0.052,2459250.615,0.0023799,1.6117444,5.8e-06,1.524,0.177,3.392792,0.004463,3120.0,4.11024,6.63491,0.421165,847.062,1502.0,15.0,446.453,7.7885,6056.0,134.5,4.38,0.08,1.14,0.06,,,1.128,0.150768
175079720,3385.01,21.13,0,12.4698,0.006,115.874489,-38.90883,-11.066,0.031,0.834,0.036,2459274.969,0.0027424,2.2623261,1.14e-05,3.048,0.606,3.196766,0.006476,2940.0,5.96474,4.86815,0.341372,1819.52,1819.0,20.0,343.21,2.1965,5786.0,131.1,4.56,0.07,0.89,0.04,,,1.04,0.129381
173860688,3388.01,58.97,0,10.9017,0.006,113.103262,-38.574805,10.092,0.039,-8.556,0.043,2458541.414,0.0100479,0.845657,0.0002605,1.824,0.384,0.42352,0.002129,390.0,1.96129,8.90314,,2301.5,1929.0,10.0,601.211,8.7915,4969.9,49.4,,,4.52,,-0.410221,0.0668965,,
419419534,3389.01,69.36,0,10.9144,0.006,121.093981,-34.262222,-2.405,0.044,-4.972,0.047,2459278.794,0.0021108,1.680148,5.9e-06,1.217,0.158,1.542841,0.00308,1420.0,2.83645,9.76407,0.62366,575.779,1364.0,18.0,527.277,7.173,5750.5,327.0,3.81,0.67,2.35,0.11,,,1.2,0.17055
80174172,3392.01,75.49,0,13.494,0.276,121.429562,-42.702359,,,,,2459278.729,0.0032416,1.1104301,6e-06,1.604,0.324,5.300452,0.015762,4870.0,14.5173,,,,,16.0,,,,,,,,,,,,
152685831,3402.01,34.83,0,12.6532,0.038,120.185666,-33.729847,-2.584,0.047,3.925,0.061,2459250.856,0.0050446,3.4714171,2.78e-05,3.006,0.902,3.89391,0.018382,3580.0,16.9301,,,,,16.0,5066.53,840.31,,,,,,,,,,
293978434,3420.01,49.11,0,12.6746,0.009,122.430787,-22.868692,-0.864,0.038,5.231,0.036,2458540.862,0.0083122,1.5971426,0.0004152,3.316,0.452,2.336846,0.004865,2150.0,4.4812,7.98964,0.593331,4957.19,2337.0,13.0,950.218,24.6015,6263.0,133.6,4.03,0.09,1.77,0.09,,,1.22,0.180295
286099128,3422.01,127.12,1,12.239,0.008,140.84562,2.932484,-7.181,0.082,-13.548,0.072,2459964.344,0.000405101,3.778877864,8.2e-06,3.129022757,0.04831504,19.338878,0.204377,17654.07313,188.22061,13.97395708,0.83777565,466.0843733,1185.047846,87.38976,397.313,6.956,5817.7,145.7,4.43,0.09,1.02895999,0.060309,0.119,0.022,1.05,0.140534
144970275,3423.01,52.71,0,12.6067,0.016,122.010942,-31.189361,-2.771,0.045,3.512,0.053,2459248.479,0.0021161,2.5313424,1.04e-05,2.246,0.228,6.348366,0.00814,5830.0,7.49754,,,4500.49,2281.0,20.0,4030.62,526.145,9598.5,85.9,,,,,,,,
283702603,3424.01,71.58,0,12.5772,0.006,128.800451,-27.407594,-5.206,0.037,2.36,0.038,2459279.471,0.0015184,0.6691882,2e-06,1.347,0.278,3.098766,0.008431,2850.0,7.76507,9.96751,0.734671,7244.35,2570.0,19.0,994.33,27.6765,6623.0,123.1,4.09,0.09,1.76,0.09,,,1.39,0.2319
132320310,3436.01,77.63,0,10.9602,0.007,119.365428,-38.970243,1.462,0.054,-9.774,0.056,2459277.091,0.0029202,1.3955317,7.7e-06,2.62,0.393,1.042807,0.001935,960.0,1.78237,10.461,0.718734,3163.13,2089.0,23.0,566.014,11.7905,4957.2,104.3,3.34,0.75,3.29,0.17,,,1.04,0.1272
208030798,3440.01,108.43,0,12.052,0.163,244.330203,-54.13911,-5.538,0.158,-4.609,0.12,2458650.326,0.005484,1.7167587,0.0013282,2.044,0.356,14.889355,0.05957,13620.0,54.8642,,,215.049,1066.0,10.0,7170.63,2645.94,3917.3,185.3,,,,,,,,
284254253,3466.01,126.78,0,12.8482,0.006,233.280288,-57.63528,-9.669,0.033,-5.794,0.036,2458651.974,0.0136817,1.862908,0.0020072,4.562,0.394,3.719582,1.481857,3420.0,1363.91,13.9775,5.68226,20675.8,3340.0,11.0,527.819,6.746,5626.0,129.6,4.15,0.08,1.39,0.07,,,1.0,0.122714
453289469,3467.01,61.5,0,12.8492,0.006,148.193703,-76.165857,-24.132,0.028,5.231,0.026,2458652.437,0.0029969,0.7799194,5.3e-05,1.543,0.196,2.086617,0.003852,1920.0,3.54741,9.09676,0.647777,2609.72,1991.0,15.0,715.534,7.67,5473.0,128.0,3.8,0.08,2.04,0.11,,,0.96,0.128204
282091493,3468.01,54.9,0,13.5709,0.006,135.291964,-75.088195,-29.443,0.037,30.294,0.047,2458647.686,0.0030665,3.3789946,0.0002786,3.332,0.3,12.173955,0.011879,11150.0,10.9407,8.56973,,333.667,1190.0,18.0,388.495,3.066,4809.0,122.0,4.51,,0.82,,,,0.78,
275562670,3472.01,126.24,0,13.5159,0.007,240.53688,-52.034811,-10.025,0.063,-10.515,0.045,2458651.449,0.0028281,1.5810556,0.0003538,2.437,0.197,36.81563,0.041324,33340.0,38.0604,13.941,,1668.68,1780.0,21.0,409.504,4.608,5985.0,122.0,4.72,,0.76,,,,1.1,
254629854,3482.01,57.95,0,10.7989,0.006,236.542661,-43.368223,-14.595,0.093,-18.508,0.065,2459359.547,0.0013316,0.9714298,2.9e-06,1.251,0.224,1.792944,0.003675,1650.0,3.3845,8.81333,0.626163,2557.87,1981.0,27.0,492.34,10.4695,6495.0,133.9,3.89,0.09,2.18,0.11,,,1.33,0.213055
86451883,3507.01,54.02,0,13.3911,0.006,298.561279,32.425717,-1.004,0.029,-23.111,0.032,2458708.664,0.0080666,1.7561019,0.001041,2.858,0.536,12.020249,0.052415,11010.0,48.2745,8.43478,,1012.39,1571.0,9.0,378.906,2.7575,4896.0,122.0,4.52,,0.81,,,,0.801,
278968371,3508.01,122.53,0,12.4162,0.032,290.079022,21.371475,-5.342,0.033,-1.476,0.041,2458707.692,0.0041384,1.2997811,0.0003363,2.35,0.272,7.779964,0.012731,7140.0,11.7254,13.6803,0.895715,3036.53,2068.0,17.0,535.034,8.240501,6053.0,247.7,4.08,0.09,1.61,0.08,,,1.13,0.189611
106224626,3524.01,119.59,0,13.4979,0.006,301.078777,34.398008,-5.199,0.028,-5.857,0.032,2458731.299,0.0034507,3.3418892,0.0004222,2.084,0.209,27.332571,0.045329,24860.0,41.749,13.4003,,123.578,928.0,15.0,380.532,2.779,4874.0,122.0,4.53,,0.8,,,,0.795,
27916356,3534.01,117.11,1,12.6877,0.007,296.837248,48.239969,0.961,0.025,8.429,0.026,2459421.607,0.000533017,3.234694397,6.01e-06,3.571089298,0.06467442,11.083728,0.144007,10156.56139,132.62682,13.31600225,0.66257846,843.7111506,1374.574227,59.57358,587.039,5.0285,5613.0,107.7,4.2,0.08,1.314739943,0.059593,0.27,0.1,0.99,0.131661
17865622,3540.01,100.58,1,10.9541,0.007,328.911371,28.1795,8.41,0.861,2.65,0.859,2459826.736,0.000609535,3.11984039,0.000128187,1.76467229,0.03779436,8.739208,0.307411,8016.800953,283.0963,12.17579997,1.3005697,728.1777183,1324.887785,52.71582,,,6011.2,41.8,,,1.134760022,0.105497,0.201,0.04,,
16187321,3542.01,129.18,0,11.7211,0.022,307.376941,36.970694,-11.357,0.036,-23.555,0.038,2459813.404,0.0007292,4.2021893,4.4e-06,2.742,0.076,10.155552,0.21087,9310.0,194.2,14.1363,2.25235,523.564,1332.0,69.0,503.905,6.1525,6702.0,194.0,4.29,0.09,1.42,0.06,,,1.42,0.232747
193708920,3562.01,39.45,0,11.9635,0.006,306.256232,46.923098,14.763,0.048,42.064,0.042,2458732.454,0.0064229,1.3298469,0.0003009,3.007,0.139,2.38037,0.867118,2190.0,798.326,6.98364,2.55227,32313.0,3735.0,18.0,289.309,2.213,5791.1,52.5,4.69,0.09,0.81,0.04,,,1.177,0.171211
1965256662,3565.01,111.34,0,11.9683,0.008,308.561885,35.395204,-7.377,0.038,-13.809,0.041,2458727.428,0.0015976,4.3170598,0.0002595,2.879,0.148,11.175254,0.005188,10240.0,4.77829,12.9424,0.684476,361.994,1215.0,17.0,440.708,5.2035,6017.0,147.1,4.29,0.08,1.25,0.06,,,1.113,0.145373
160390955,3568.01,33.72,1,12.0729,0.006,322.602368,34.739581,26.349,0.034,-7.721,0.049,2459799.383,0.001493657,4.417804239,0.000197064,2.588143396,0.13879806,7.397475,0.254778,6790.168206,234.63203,6.4020317,0.7326464,130.1481354,861.4483375,24.302551,197.906,1.2975,4864.0,135.9,4.55,0.09,0.785799026,0.0516809,,,0.792,0.0942297
396133015,3577.01,57.28,1,11.3209,0.006,327.095917,48.334399,5.058,0.056,-33.341,0.053,2459847.673,0.0027794,5.2667367,2.14e-05,2.788,0.375,3.164098,0.227575,2910.0,209.582,8.71675,0.563045,248.814,1106.0,16.0,420.999,6.2935,5938.0,145.3,4.06,0.08,1.6,0.08,,,1.084,0.139892
358186451,3578.01,16.34,0,10.9683,0.006,317.124796,49.112843,-1.389,0.048,-17.23,0.048,2459851.521,0.0057143,1.3176767,8.9e-06,1.692,0.452,0.575593,0.086812,530.0,79.9536,4.16809,0.392416,3463.78,2137.0,9.0,460.849,6.102,7176.0,503.1,4.16,0.1,1.73,0.07,,,1.604,0.316671
316606244,3579.01,7.52,0,10.9511,0.037,322.029218,56.823139,-2.689,0.122,-4.252,0.117,2458762.172,0.0137756,3.310636,0.0014244,3.9,0.807,0.640773,0.002864,590.0,2.63784,,,126.954,935.0,10.0,4982.73,1564.38,3245.0,122.0,,,,,,,,
305478010,3580.01,61.78,0,13.2966,0.007,330.271302,38.530284,132.913,0.026,85.071,0.038,2458762.231,0.0016564,3.121339,0.0001901,4.331,0.173,28.937075,0.007128,26300.0,6.56512,9.21314,0.317389,235.634,1091.0,38.0,153.214,0.5745,3858.0,157.0,4.69,0.01,0.56,0.02,,,0.5503,0.0203789
295413003,3581.01,56.22,0,12.9875,0.006,303.369006,53.276849,-7.091,2.171,-8.315,2.171,2458757.571,0.0046438,3.0373017,0.0003588,4.664,0.631,6.850849,0.624084,6290.0,574.637,,,3202.79,2095.0,21.0,,,4903.0,88.6,,,,,,,,
440113053,3595.01,98.34,1,12.8416,0.007,4.859275,44.027596,0.985,0.031,-8.866,0.017,2459854.762,0.000493323,1.805375984,5.44e-05,2.07902487,0.045972418,23.798083,0.366017,21680.3725,337.05713,12.01577663,0.80621356,535.3422852,1226.81093,50.42036,329.036,2.867,5090.0,127.7,4.54,0.09,0.820537984,0.0519572,,,0.85,0.104342
267650535,3597.01,91.87,1,11.9475,0.006,9.516583,34.711402,-26.775,0.056,-32.478,0.058,2459853.969,0.000415936,4.008824504,9.65e-05,2.737095939,0.036535446,23.57989,0.20411,21483.74622,187.97467,11.5444262,0.72864586,165.190061,914.3568608,110.65019,202.078,1.461,5007.0,114.7,4.56,0.08,0.79569602,0.0489648,0.32,0.07,0.831,0.0975788
267867517,3608.01,116.03,0,13.1802,0.016,312.456261,56.896568,-5.066,0.032,-4.88,0.03,2458787.359,0.0114087,2.6816329,0.000715,2.695,0.604,3.37101,0.018669,3100.0,17.1943,13.2689,,1859.62,1829.0,9.0,1162.86,24.665,7047.0,122.0,3.89,,2.34,,,,1.56,
267484653,3610.01,111.48,0,12.3512,0.008,298.705925,58.301643,-15.839,0.068,1.501,0.079,2459853.829,0.002738409,1.738480919,1.26e-05,2.677748466,0.08385708,4.224008,0.163647,3882.897422,150.71355,12.9358521,0.81356364,3182.434108,1915.621068,28.276943,640.122,15.2775,5540.0,126.8,3.95,0.08,1.72092998,0.0970854,,,0.97,0.117673
233948455,3612.01,128.67,1,12.883,0.006,305.221945,59.448903,9.112,0.033,30.79,0.027,2459854.418,0.00039701,1.4822451,1.1e-06,1.595,0.053,24.064054,0.002995,21920.0,2.75825,14.0641,0.891826,442.993,1278.0,115.0,360.313,1.911,5115.0,101.7,4.45,0.08,0.91,0.06,0.23,0.1,0.86,0.0996368
233831759,3614.01,91.31,0,11.171,0.225,303.777678,59.676573,,,,,2458785.27,0.0011755,2.9708603,5.45e-05,3.122,0.138,4.373456,0.001015,4020.0,0.93478,,,,,40.0,,,,,,,,,,,,
398912927,3626.01,120.81,0,10.8154,0.007,18.55398,19.470441,-1.346,0.141,10.098,0.106,2458766.79,0.0025072,19.8875338,0.003569,1.34,0.372,3.283885,1.005337,3020.0,925.521,13.605,5.27748,17.0243,565.0,10.0,318.244,6.5065,5856.2,112.3,4.07,0.08,1.57,0.07,-0.094,0.033,1.06,0.127955
1979500576,3627.01,25.06,0,12.2546,0.009,314.040517,57.708367,2.459,0.079,4.13,0.08,2458784.457,0.0056474,2.6342729,0.0004907,3.998,0.52,3.469035,0.620962,3190.0,571.764,,,,,19.0,272.628,3.1125,,,,,,,,,,
455784423,3629.01,50.98,1,12.7882,0.007,359.793385,39.314256,185.747,0.044,1.023,0.03,2459878.619,0.0009721,3.9365629,6.1e-06,2.19,0.384,16.917689,0.89256,15461.0,821.74,8.09927,0.333912,41.2897,706.0,32.0,130.091,0.5465,3689.0,157.0,4.64,0.01,0.61,0.02,,,0.600047,0.0202578
189380158,3630.01,110.39,1,13.0942,0.007,21.871101,38.968114,-0.176,0.053,-3.236,0.059,2458785.619,0.0015216,1.9618085,0.0002537,2.749,0.222,15.021451,0.011261,13740.0,10.3718,12.8959,,1611.53,1765.0,45.0,666.802,14.9475,6026.0,122.0,4.41,,1.1,,,,1.12,
429414530,3631.01,17.3,0,11.963,0.019,314.040512,57.708379,,,,,2458784.456,0.0065379,2.6340964,0.0006795,3.477,0.901,2.445659,0.013609,2250.0,12.5341,4.1106,1.20258,1091.48,1601.0,16.0,,,5163.2,714.1,,,0.83,0.23,,,,
80478272,3634.01,126.61,0,11.224,0.032,12.569587,27.568806,,,,,2459878.349,0.0008868,5.0859432,7.2e-06,2.57,0.659,7.726382,1.324929,7091.0,1219.56,13.8966,,756.586,,40.0,364.172,,6360.4,,,,1.48,,-0.0950051,0.00899234,,
61205803,3636.01,122.88,1,12.7628,0.008,21.065125,32.8107,-9.175,0.054,-16.632,0.077,2459855.363,0.000975592,4.218662503,0.000254612,3.258099776,0.08111124,20.30483,0.369693,18527.65252,340.44202,13.69767777,0.8217431,311.7091966,1071.660327,42.139324,440.089,8.045,5425.9,114.6,4.41,0.08,1.006890059,0.0550478,0.290173,0.0409939,0.95,0.118815
453230066,3643.01,37.45,0,10.9469,0.008,23.992574,54.716441,4.255,0.095,-2.194,0.085,2458813.486,0.0059801,1.5492212,0.000672,2.287,0.448,1.542841,0.004584,1420.0,4.2224,6.80431,0.506666,8634.8,2685.0,11.0,635.734,20.442,8364.0,129.8,4.25,0.08,1.78,0.08,,,2.07,0.317261
71854732,3658.01,102.74,0,12.6532,0.006,26.29741,54.559653,-19.248,2.01,14.892,2.01,2459909.663,0.0027931,3.1004285,2.38e-05,3.513,1.313,13.969536,24.420889,12784.0,22241.4,,,17168.8,3188.0,19.0,,,8951.0,338.1,,,,,,,,
354151219,3663.01,73.41,0,11.5917,0.012,21.177329,51.671855,-5.113,0.066,-0.221,0.062,2459907.513,0.0030326,3.5639862,1.44e-05,2.135,0.599,2.310732,0.1806,2126.0,166.325,10.1033,0.83134,737.328,1451.0,16.0,774.636,23.2995,6940.9,137.1,3.85,0.1,2.41,0.14,0.14,0.015,1.52,0.257152
346626688,3666.01,105.16,1,11.4453,0.006,44.470988,30.625597,17.645,0.097,-11.995,0.075,2459886.332,0.000747794,4.408519388,0.000246068,3.301679316,0.065376036,9.790704,0.14448,8977.03543,133.06244,12.49869821,0.6465426,648.882601,1287.245202,45.334003,319.031,5.418,5961.2,106.9,4.25,0.07,1.298329949,0.0614598,0.0796136,0.0150581,1.092,0.140362
50943163,3672.01,85.72,0,11.2351,0.013,41.904242,61.306342,5.534,0.042,-3.927,0.058,2458810.75,0.0053429,2.4254068,0.0013362,3.323,0.523,2.075739,0.00554,1910.0,5.1026,11.0715,0.788839,7043.91,2552.0,13.0,812.606,23.9735,8290.0,167.7,3.95,0.08,2.51,0.11,,,2.04,0.312025
458876004,3677.01,130.18,0,11.9814,0.006,35.837872,60.889963,7.889,0.031,-2.851,0.05,2458814.425,0.0007812,3.6923071,0.000229,1.139,0.191,15.450872,0.016989,14130.0,15.647,14.2002,1.08284,375.352,1226.0,36.0,369.583,4.4955,8469.0,780.2,4.68,0.12,1.1,0.08,,,2.104,0.418174
285272237,3681.01,74.94,1,11.7524,0.006,35.383494,32.246044,47.771,0.061,-21.428,0.063,2459886.285,0.000857692,4.640126922,0.000279342,3.032014409,0.07134514,10.862564,0.194394,9954.909884,179.02782,10.24074428,0.6686679,243.0337156,1007.016024,38.885468,255.206,2.45,5191.0,131.0,4.37,0.08,1.009359956,0.0602211,,,0.881,0.107369
245509452,3688.01,116.87,1,11.8433,0.013,39.282337,54.851215,18.844,0.067,-11.37,0.069,2459883.864,0.000867545,3.246208009,0.000187911,3.420151294,0.07177359,10.260757,0.200591,9405.991045,184.73451,13.2996429,0.72298074,1107.847221,1471.430377,32.70218,396.378,5.9425,6088.0,151.3,4.24,0.08,1.345479965,0.0669749,,,1.14,0.149953
240823272,3693.01,110.71,1,11.419,0.006,15.654394,51.303892,-6.931,0.064,-21.334,0.071,2459888.212,0.000495998,9.0881638,0.0003139,3.402,0.092,27.109911,0.003698,24660.0,3.40598,12.8974,0.762001,57.0645,765.0,78.0,176.436,1.216,5211.0,134.1,4.58,0.08,0.8,0.05,,,0.887,0.113155
259506033,3705.01,89.57,1,12.3824,0.006,75.480167,50.131178,-11.021,0.067,-21.44,0.063,2460286.171,0.000913348,1.902503183,0.000115954,1.665298634,0.05865258,11.699615,0.354153,10717.89318,326.13382,11.37324393,0.7500005,959.0316129,1419.312345,27.14494,338.84,4.1,5464.2,124.5,4.4,0.09,1.025920033,0.0609447,0.38,0.061,0.955,0.120544
155867025,3714.01,92.76,1,13.1751,0.007,69.552342,39.458003,19.7,0.087,-70.764,0.049,2459911.47,0.000421812,2.154747222,6.12e-05,1.658223809,0.028715586,55.179305,0.620486,49552.18234,571.32574,11.61024861,0.36717308,53.53219985,689.8799484,96.48067,112.71,0.5825,3538.0,157.0,4.73,0.01,0.508430004,0.0150691,,,0.506325,0.0202631
339250695,3725.01,103.79,0,13.135,0.011,84.789937,60.424358,5.46,0.041,-13.931,0.041,2460287.858,0.004484841,4.726220845,0.001311339,3.234404408,0.22060676,10.377959,0.757284,9512.916562,697.2413,12.40342041,0.6293656,454.4461913,1177.579852,11.16766,587.219,10.8755,5947.0,122.0,4.36,,1.142869949,,,,1.09,
284747017,3746.01,10.44,0,11.7603,0.006,78.040149,34.750032,19.705,0.077,-86.141,0.054,2458839.923,0.005575,1.8012697,0.000928,3.182,0.426,1.956086,0.00395,1800.0,3.63809,3.19942,0.294622,1024.77,1576.0,12.0,145.759,0.864,4570.0,126.3,4.54,0.1,0.75,0.06,,,0.721,0.0901328
281196902,3755.01,76.12,1,12.079,0.006,69.747261,66.671209,-11.435,0.029,11.512,0.054,2460291.216,0.001830395,5.545579773,0.00099827,3.117099601,0.15016639,8.76491,0.396216,8040.283267,364.86206,10.33538135,0.75834155,238.4089829,1002.190781,20.1026,322.356,2.953,5354.0,315.4,4.34,0.11,1.076069951,0.06451,,,0.926,0.156061
445751830,3757.01,104.29,1,13.1858,0.007,91.003642,55.019979,-9.036,0.057,-43.154,0.052,2459911.667,0.000671211,3.439195425,0.000157172,1.668109648,0.04471736,36.337718,0.78512,32914.40874,722.86084,12.43773089,0.4391133,58.43221566,705.1521561,42.049465,181.139,1.1865,3902.0,157.0,4.62,0.01,0.637223005,0.0189888,,,0.617459,0.0203105
27244707,3759.01,40.02,0,12.816,0.019,65.615413,46.536013,-17.959,2.183,-9.363,2.182,2458838.18,0.0055464,1.6882863,0.0008722,2.636,0.329,5.649644,0.014345,5190.0,13.212,,,,,10.0,420.132,,,,,,,,,,,
470974162,3781.01,32.93,0,12.3794,0.006,110.878729,50.349524,-11.496,0.035,-22.191,0.025,2459603.239,0.0018286,3.2583798,1.24e-05,2.196,0.267,5.224082,0.005373,4800.0,4.94853,6.27906,0.489746,197.102,1043.0,30.0,270.518,1.725,4992.1,131.4,4.44,0.09,0.9,0.06,0.155,0.135,0.827,0.10103
458419328,3785.01,20.04,1,12.4963,0.007,130.900226,63.078077,-42.903,0.04,-17.033,0.049,2459604.773,0.0011793,4.6747218,1.12e-05,1.61,0.15,8.93974,0.008169,8200.0,7.52428,4.73219,0.206202,11.5347,513.0,20.0,79.7634,0.22365,3502.0,157.0,4.74,0.01,0.5,0.01,,,0.496104,0.0203333
29117085,3790.01,94.74,0,11.2119,0.006,118.426692,46.47193,-15.033,0.072,-17.056,0.064,2458846.993,0.0008768,13.247777,0.000244,3.301,0.217,14.669232,0.025898,13420.0,23.8528,11.7716,0.754998,74.203,817.0,48.0,188.294,1.873,5373.8,107.5,4.51,0.08,0.89,0.04,-0.0224923,0.0124495,0.931,0.116936
416539317,3794.01,15.07,0,12.4091,0.009,126.849751,64.765253,0.908,0.033,-37.02,0.045,2459604.715,0.0131178,2.2019606,4.68e-05,4.326,0.856,1.042807,0.005789,960.0,5.33176,3.97533,0.397716,4911.26,2332.0,8.0,645.718,12.776,6269.0,130.6,4.26,0.09,1.35,0.07,,,1.22,0.178969
253030300,3795.01,34.25,0,12.2361,0.008,98.732441,49.676574,-1.05,0.062,-1.028,0.059,2458865.943,0.0044721,2.8300213,0.0009204,1.646,0.556,4.122758,0.030253,3790.0,27.864,6.47417,0.65248,462.811,1292.0,12.0,439.841,8.537,6205.0,109.5,4.51,0.08,1.01,0.04,-0.059,0.042,1.19,0.169474
393251073,3796.01,65.34,0,11.6387,0.006,115.508868,61.574659,-9.876,0.037,-34.38,0.035,2458849.115,0.0015202,14.9857436,0.0009352,5.8,0.529,10.89008,0.008801,9980.0,8.10638,9.39924,0.614637,155.741,984.0,49.0,216.16,1.317,5279.0,129.2,4.52,0.09,0.86,0.05,,,0.906,0.114988
289661991,3807.01,73.04,1,11.5817,0.008,139.112565,69.074128,-0.55,0.032,-1.354,0.037,2459937.079,0.002303238,2.8989758,5e-06,1.307,0.371,4.002879,0.019996,3680.0,18.4165,10.0928,0.857036,401.9,1247.0,39.0,421.745,4.611,5908.0,133.4,4.13,0.08,1.47,0.07,,,1.07,0.137427
239136269,3810.01,80.26,0,13.286,0.008,112.325562,33.591361,-0.852,0.063,-2.591,0.058,2459501.093,0.000555079,1.059099364,1.23e-05,0.9853402,0.16574793,5.611771,0.255285,5155.297311,235.09889,10.66165646,1.6141707,18843.61905,2988.20803,19.535135,1696.26,114.425,9332.0,126.0,4.5,,1.428480029,,,,2.37,
95660472,3819.01,111.35,1,11.9824,0.009,121.863257,29.388645,-6.039,0.069,-22.792,0.051,2459502.745,0.000431196,3.244298976,4.41e-06,2.688749813,0.051892232,6.197671,0.09094,5692.004831,83.75496,12.92730565,0.68552405,1427.798956,1567.785035,59.23447,558.141,12.759,5999.0,132.1,4.1,0.08,1.558590055,0.0800503,,,1.11,0.141519
71134735,3824.01,58.38,0,13.041,0.019,126.818693,50.757821,-13.911,2.185,-8.999,2.185,2459580.851,0.002006813,2.337894472,2.33e-05,2.524735165,0.19807182,5.410858,0.351847,4971.187139,324.01068,8.31293,1.41815,1340.500483,1543.250738,13.84058,896.974,,6666.8,541.3,,,1.33,0.21,-0.058,0.028,,
39077574,3825.01,79.11,0,13.2971,0.007,151.255619,40.341064,-10.015,0.03,-7.317,0.034,2459629.957,0.0045395,7.1404043,5.51e-05,1.719,0.404,9.049217,0.040766,8300.0,37.5463,10.5731,,53.052,751.0,10.0,715.593,12.76,5886.6,137.9,4.38,,1.11,,-0.267,0.129,1.07,
8677530,3827.01,84.51,0,12.033,0.018,137.42133,31.292481,,,,,2458897.512,0.0012903,2.91463,0.0003169,2.977,0.199,10.868146,0.005431,9960.0,5.00221,9.96391,,588.827,,48.0,335.744,,5484.8,,,,0.99,,0.35684,0.0184713,,
308073360,3837.01,85.52,1,11.366,0.007,152.666283,24.273121,50.376,0.077,-37.026,0.078,2459613.38,0.0009589,11.8886495,2.73e-05,4.803,0.504,8.501943,0.003156,7800.0,2.90688,11.0233,0.6475,138.065,954.0,66.0,311.705,4.3435,5773.9,138.7,4.28,0.08,1.21,0.07,-0.241,0.086,1.03,0.125834
841226527,3843.01,72.49,0,11.4794,0.006,150.891937,67.990378,-11.332,0.053,-35.591,0.05,2458883.545,0.0039125,19.5112506,0.0006207,3.896,0.81,4.438865,0.123019,4080.0,113.298,,,,,20.0,345.366,3.565,,,,,,,,,,
149918151,3846.01,117.71,1,12.9178,0.006,160.748095,60.964119,-23.741,0.024,-21.274,0.031,2459632.943,0.0002608,1.540776,7e-07,1.705,0.026,30.063872,0.001194,27310.0,1.09942,13.3674,1.1963,210.669,1061.0,161.0,213.771,0.837,4234.0,120.1,4.49,0.1,0.77,0.07,,,0.662,0.0763878
1001477809,3864.01,47.91,0,13.0949,0.6,213.806242,67.760539,11.652,0.047,-13.172,0.033,2458904.351,0.0044987,7.6605425,0.0002271,4.425,0.388,5.671473,0.005184,5210.0,4.77456,,,,,19.0,673.984,10.164,,,,,,,,,,
99330090,3883.01,115.83,0,11.1693,0.007,189.828966,59.703485,-14.752,0.04,3.149,0.034,2459443.719,0.0004304,7.0080817,5.9e-06,3.179,0.052,16.299202,0.000919,14900.0,0.846507,13.1807,0.56908,189.492,1033.0,169.0,295.431,1.838,6307.0,121.6,4.48,0.09,1.06,0.05,,,1.24,0.183974
86263325,3884.01,28.33,1,12.9113,0.007,181.571834,12.507026,-186.01,0.15,26.251,0.108,2459656.5,0.0007065,4.5445569,7.2e-06,1.462,0.06,33.899274,0.011435,30740.0,10.5317,5.7177,0.201745,5.65747,429.0,36.0,43.1448,0.1684,3192.0,157.0,4.92,0.01,0.3,0.01,,,0.2802,0.0201542
55748194,3885.01,93.26,0,12.293,0.019,180.258942,55.846206,-22.179,2.349,-37.628,2.349,2458923.581,0.0003694,2.5227786,7.2e-06,2.177,0.114,20.694678,0.003257,18880.0,2.9995,10.9418,0.967064,344.846,1200.0,49.0,,,5268.7,42.0,,,0.78,0.07,-0.124736,0.0403927,,
18017227,3890.01,47.27,0,11.9245,0.006,171.711327,37.705235,6.551,0.093,-2.248,0.173,2459634.771,0.0017386,0.6203033,2.3e-06,1.031,0.502,1.510223,0.143098,1390.0,131.789,7.82821,2.30594,10295.4,2806.0,16.0,695.137,35.9215,6294.0,122.5,4.03,0.1,1.78,0.12,,,1.23,0.18306
139118482,3914.01,105.86,0,11.3366,0.007,193.595291,30.214364,-6.057,0.05,-8.215,0.043,2458946.965,0.0005884,6.7136512,0.000476,3.541,0.103,12.547332,0.001841,11490.0,1.69591,12.5036,0.710705,244.013,1101.0,72.0,332.565,4.8205,6179.1,146.5,4.39,0.09,1.15,0.06,-0.076,0.019,1.18,0.171932
68035558,3917.01,44.37,0,11.483,0.0,219.734394,37.027878,,,,,2458953.314,0.0024586,8.3289771,0.0018843,2.984,0.771,6.544962,0.028926,6010.0,26.6416,,,,,20.0,,,,,,,,,,,,
23769326,3919.01,74.46,1,12.3342,0.007,208.944753,40.391806,2.188,0.026,0.91,0.031,2459682.832,0.002229,7.4332642,2.35e-05,3.051,0.325,6.534039,0.00502,6000.0,4.62312,10.213,0.57938,184.322,1026.0,31.0,604.591,8.895001,6227.0,123.1,4.28,0.09,1.32,0.06,,,1.2,0.175555
435167167,3925.01,43.16,0,12.1474,0.059,346.403126,63.453418,-7.046,0.062,-12.754,0.047,2458979.234,0.0087695,3.0330919,0.0001788,4.043,0.659,1.390633,0.003871,1280.0,3.56566,7.40327,0.548203,4283.51,2253.0,11.0,773.332,19.1705,7471.0,395.3,4.01,0.1,2.14,0.09,,,1.72,0.323354
367333043,3938.01,42.41,0,13.2875,0.006,333.663387,68.685313,5.923,0.027,0.588,0.024,2458979.96,0.0055953,2.8778095,0.0001002,2.824,0.524,5.256811,0.013293,4830.0,12.2433,7.35828,,1005.2,1568.0,15.0,617.366,5.6955,6131.0,122.0,4.46,,1.05,,,,1.16,
335489455,3948.01,23.45,0,12.5455,0.006,332.633491,61.82941,-32.736,0.03,-21.987,0.026,2458978.435,0.0064887,2.1176601,7.64e-05,3.591,0.841,2.173647,0.308877,2000.0,284.446,5.16544,1.67143,12280.2,2932.0,14.0,359.83,1.891,5814.0,152.2,4.56,0.08,0.89,0.04,,,1.046,0.127685
305550963,3957.01,106.65,0,13.2445,0.05,315.263903,63.424275,-23.138,0.118,-11.834,0.093,2459850.657,0.0031291,1.5891628,6.2e-06,1.576,0.821,3.861221,0.728451,3550.0,670.703,12.5934,,1679.03,1783.0,13.0,928.965,48.253,6227.0,122.0,3.91,,2.0,,,,1.2,
270435047,3964.01,61.72,0,12.8114,0.023,351.796938,60.231831,1.701,0.026,-2.624,0.022,2458979.203,0.013274,1.8011961,0.0001854,3.23,0.861,2.478305,0.015488,2280.0,14.2653,9.1446,0.892622,8355.02,2663.0,10.0,1153.23,21.515,7588.0,212.0,4.09,0.09,1.99,0.07,,,1.76,0.298672
155947004,3975.01,67.4,0,11.8993,0.006,227.305873,44.700876,15.141,0.032,-26.11,0.049,2458973.712,0.0018493,9.4258906,0.0001267,2.406,0.19,4.842308,1.537677,4450.0,1415.25,9.65497,2.8658,76.541,824.0,16.0,135.0,0.3895,4507.0,123.7,4.64,0.1,0.67,0.05,,,0.708,0.0847465
154293917,3976.01,100.16,1,11.8136,0.007,224.356008,44.274322,-19.913,0.032,9.882,0.046,2458978.134,0.0009736,6.6080989,5.7e-05,3.928,0.183,7.342635,0.001269,6740.0,1.16844,12.1125,0.538039,298.497,1157.0,24.0,516.087,5.8525,5993.0,102.9,4.12,0.07,1.5,0.06,0.094,0.017,1.1,0.139154
444523623,3979.01,59.02,0,12.9447,0.019,14.558693,61.099519,-0.492,0.026,-4.173,0.025,2458979.93,0.0068908,2.041659,0.0001213,3.521,0.95,3.512604,0.0189,3230.0,17.4073,8.90978,0.818121,5195.14,2365.0,13.0,871.833,14.29,6806.0,179.2,4.22,0.09,1.56,0.07,,,1.46,0.249219
312548415,3981.01,72.87,0,12.9165,0.013,12.855316,59.409908,1.598,0.023,-2.099,0.025,2458981.5,0.0079034,2.2437501,0.0001412,3.821,0.638,3.131432,0.009451,2880.0,8.70425,10.0826,0.775679,5651.55,2415.0,10.0,1172.52,27.93,7209.0,146.3,4.06,0.09,1.96,0.09,,,1.62,0.271239
20303110,3983.01,60.01,0,11.208,0.018,228.83295,40.266956,-7.83,2.0,-74.56,2.0,2458975.507,0.0007941,3.8961515,0.0001082,1.742,0.257,9.399617,0.005572,8620.0,5.13169,8.40446,0.509456,152.54,979.0,64.0,,,5477.2,22.6,,,0.87,0.05,0.104,0.021,,
20182780,3984.01,41.6,1,13.4609,0.007,226.337147,36.786975,-48.936,0.051,42.685,0.055,2459715.022,0.0011495,4.3533211,8.6e-06,1.894,0.137,23.86426,0.01137,21740.0,10.4724,7.17236,0.270225,14.9972,548.0,35.0,108.883,0.4305,3422.0,157.0,4.77,0.01,0.46,0.01,,,0.461976,0.0203091
452972453,3987.01,95.95,0,12.753,0.019,8.762379,58.136446,,,,,2458981.69,0.0072832,3.2358247,0.0001465,3.629,0.682,3.545282,0.011948,3260.0,11.0042,,,,,11.0,1308.27,,,,,,,,,,,
372505528,3994.01,38.14,0,11.0986,0.006,6.140224,62.235631,-8.743,0.043,0.395,0.042,2458977.166,0.0028761,3.8974136,7.79e-05,2.061,0.378,2.162768,0.003493,1990.0,3.21743,6.8757,0.423689,504.623,1320.0,19.0,400.234,5.4845,6827.0,188.2,4.25,0.09,1.51,0.07,,,1.473,0.251343
284528889,3999.01,67.63,0,11.6437,0.042,9.945507,62.393358,33.535,0.045,-8.554,0.042,2458981.891,0.0046321,4.112385,0.0001344,3.474,0.666,2.293324,0.005233,2110.0,4.81944,9.65749,0.752702,570.966,1361.0,16.0,525.173,8.3505,5659.0,262.1,3.78,0.09,2.14,0.12,,,1.0,0.143718
395773226,4005.01,44.16,0,11.7899,0.006,34.119911,76.253181,8.866,0.043,-49.591,0.062,2459008.271,0.0056147,3.8471662,0.0001144,2.214,0.422,1.923456,0.006966,1770.0,6.4163,7.48475,0.678934,173.747,1011.0,11.0,329.268,3.4895,5115.0,159.8,3.91,0.09,1.69,0.11,,,0.86,0.102923
379629854,4008.01,16.72,0,10.702,0.006,34.293884,70.39598,13.076,0.038,-7.418,0.045,2459008.075,0.0074598,2.8278059,2.35e-05,2.174,0.347,0.705958,0.001834,650.0,1.68872,4.22619,0.307616,885.332,1519.0,10.0,311.774,2.6125,6603.0,501.3,4.16,0.12,1.62,0.08,,,1.379,0.292712
352682207,4010.01,35.64,1,11.5163,0.006,20.21482,66.072201,38.616,0.038,-20.377,0.045,2459720.202,0.001404259,5.414623493,5.51e-05,2.941726092,0.1140096,5.423831,0.174172,4983.075629,160.40565,6.613947587,0.5147521,126.2342489,872.0,25.607063,177.504,0.988,4888.0,137.7,4.45,0.09,0.880213022,0.0571608,,,0.799,0.0969893
352682207,4010.02,35.03,1,11.5163,0.006,20.21482,66.072201,38.616,0.038,-20.377,0.045,2459721.424,0.002000964,14.70916624,0.000234053,3.627815176,0.18418574,5.494603,0.219267,5047.932631,201.932,6.547178712,0.5916236,33.30306023,612.6899904,18.941128,177.504,0.988,4888.0,137.7,4.45,0.09,0.880213022,0.0571608,,,0.799,0.0969893
352682207,4010.03,10.35,1,11.5163,0.006,20.21482,66.072201,38.616,0.038,-20.377,0.045,2459741.039,0.0037803,1.348307502,2.08e-05,1.756833082,0.33433175,1.310572,0.097113,1206.353588,89.4403,3.194987572,1.4817452,805.779628,1358.857202,11.874824,177.504,0.988,4888.0,137.7,4.45,0.09,0.880213022,0.0571608,,,0.799,0.0969893
387603144,4032.01,9.59,0,11.0498,0.006,313.098531,66.599315,-6.345,0.044,-28.165,0.043,2459007.402,0.0067776,2.4567112,7.92e-05,1.716,0.886,0.575593,0.013343,530.0,12.2897,3.05136,0.467354,614.383,1387.0,9.0,296.012,2.1815,6223.0,125.1,4.39,0.08,1.16,0.05,,,1.201,0.170375
367913453,4036.01,35.53,0,12.3618,0.011,355.51293,76.918784,10.359,0.042,3.955,0.031,2459008.757,0.0059721,2.7761628,0.0001338,2.139,0.503,1.455862,0.007369,1340.0,6.78709,6.58454,0.625656,538.633,1342.0,8.0,644.55,8.563,5778.0,147.9,3.92,0.08,1.84,0.09,,,1.04,0.129783
367287018,4037.01,78.84,0,11.3896,0.009,342.552349,75.860399,3.052,0.039,-3.596,0.037,2459740.358,0.0048842,4.7257129,2.86e-05,2.701,0.381,1.890826,0.002702,1740.0,2.48875,10.5468,0.660109,350.147,1205.0,19.0,653.395,9.3585,6139.0,130.0,3.71,0.09,2.48,0.12,,,1.16,0.169674
307956396,4044.01,52.42,0,13.2653,0.006,256.664332,63.778535,-17.339,0.034,13.465,0.04,2459001.284,0.0009478,4.1508803,2.06e-05,2.256,0.099,13.426373,0.004399,12290.0,4.05162,8.31799,,70.6022,807.0,55.0,268.508,1.1725,4460.0,122.0,4.56,,0.73,,,,0.699,
236775063,4052.01,19.01,0,13.0109,0.006,282.663177,55.801405,-13.82,0.023,-19.819,0.025,2459008.383,0.0018954,0.7409429,7e-06,1.084,0.251,2.674202,0.007622,2460.0,7.01997,4.58442,,1523.27,1740.0,14.0,427.299,2.282,5406.0,122.0,4.53,,0.87,,,,0.94,
224601047,4061.01,33.76,0,13.109,0.018,255.12889,59.625658,-25.681,2.234,3.513,2.234,2459003.792,0.0033052,7.2087245,0.0001288,3.506,0.272,5.104081,0.003533,4690.0,3.25444,,,110.913,904.0,22.0,431.258,,5144.9,1191.6,,,,,,,,
162577466,4067.01,116.12,0,13.1815,0.006,243.935867,48.325503,-12.953,0.028,15.384,0.028,2459666.709,0.003393905,3.677239121,0.000879338,4.251706373,0.2176457,15.047004,0.884439,13763.21164,814.2667,13.24961892,0.7206731,567.6066573,1244.891838,14.919447,679.411,6.8585,5801.0,122.0,4.36,,1.117920041,,,,1.04,
159334269,4068.01,88.3,0,13.3675,0.007,233.694873,79.449837,1.98,0.027,7.924,0.03,2459008.762,0.0013991,1.1578392,7.2e-06,1.363,0.333,10.539198,0.025892,9660.0,23.8474,11.2362,,2519.45,1973.0,45.0,915.093,11.8025,6409.0,122.0,4.4,,1.18,,,,1.29,
399444057,4083.01,69.11,0,11.6433,0.021,26.687843,63.612237,-2.054,0.031,-4.869,0.039,2459008.356,0.0035037,2.0714803,5.63e-05,3.108,0.46,1.80382,0.002449,1660.0,2.25536,9.7546,0.584532,4440.11,2274.0,21.0,732.131,14.4435,7047.0,184.4,3.85,0.09,2.46,0.11,,,1.56,0.258149
310002617,4087.01,125.51,1,11.2961,0.027,217.925779,83.372706,-16.728,0.038,10.376,0.039,2459765.674,0.0001942,3.1774814,9e-07,2.824,0.037,15.516952,0.000196,14190.0,0.18035,13.9016,0.65223,625.157,1393.0,338.0,301.676,2.209,6071.0,205.3,4.39,0.09,1.12,0.05,,,1.13,0.173434
289316336,4091.01,11.82,0,11.2834,0.007,277.979234,39.669309,0.669,0.039,-17.995,0.045,2459033.694,0.0071535,3.0038696,0.0001132,3.24,0.711,0.825473,0.003491,760.0,3.21494,3.44576,0.285666,1394.39,1702.0,9.0,337.362,2.514,6171.0,130.0,4.35,0.08,1.2,0.06,,,1.18,0.154908
237235093,4102.01,6.12,0,11.812,0.006,297.484569,73.086464,9.247,0.074,-9.643,0.084,2459034.031,0.0034078,2.6834113,4.48e-05,1.146,0.423,0.825473,0.00471,760.0,4.33852,2.33576,0.220728,168.322,1003.0,13.0,185.25,1.4125,5221.0,152.1,4.62,0.09,0.76,0.04,,,0.89,0.115533
230075120,4110.01,9.2,0,11.1315,0.007,244.441282,69.447713,-3.663,0.058,10.34,0.054,2459663.954,0.0026544,0.7676706,3.1e-06,1.057,0.211,0.369213,0.001051,340.0,0.968097,2.98877,0.211164,2825.39,2031.0,15.0,417.852,5.1525,6377.0,122.5,4.17,0.09,1.53,0.07,,,1.27,0.194578
229976631,4112.01,6.63,0,11.024,0.018,290.108847,61.085434,20.21,2.0,98.83,2.0,2459390.813,0.003347245,10.71662487,9.95e-05,3.854018581,0.17245468,1.421498,0.06329,1308.391367,58.290516,2.16171,0.238129,27.06064254,581.7069809,20.816416,,,4235.5,225.9,,,0.65,0.07,,,,
141616639,4126.01,5.91,0,12.3454,0.006,108.818021,81.220983,2.306,0.024,-107.544,0.029,2459032.681,0.0069174,3.2428744,0.0001546,2.417,0.494,1.597206,0.007156,1470.0,6.59101,2.3171,0.28819,113.659,909.0,9.0,107.33,0.1835,4016.0,126.2,4.72,0.11,0.58,0.06,,,0.628,0.0795975
141488193,4127.01,105.62,1,11.0383,0.006,105.404552,72.41493,3.353,0.042,-3.195,0.058,2459031.932,0.0009318,56.4043748,0.0002054,4.069,0.512,9.881602,0.002794,9060.0,2.5734,12.5447,0.610691,0.909373,272.0,47.0,319.632,3.317,6433.0,138.4,4.36,0.09,1.25,0.06,,,1.3,0.202365
71396541,4130.01,14.24,0,10.7386,0.006,116.069722,68.826258,10.168,0.077,14.425,0.111,2459031.312,0.0058646,6.269716,0.0002671,3.696,0.762,1.347148,0.003547,1240.0,3.26674,3.86288,0.340606,154.408,982.0,12.0,148.525,1.349,4812.0,125.3,4.26,0.09,1.08,0.07,,,0.779,0.0933317
420803693,4134.01,5.36,0,11.2063,0.006,70.506153,79.987529,-36.416,0.034,-3.64,0.054,2459033.325,0.0039978,0.9135968,2.36e-05,1.247,0.326,0.586456,0.003498,540.0,3.22189,2.17077,0.20325,2079.14,1881.0,11.0,228.59,1.121,5987.0,131.7,4.58,0.08,0.89,0.04,,,1.102,0.14026
288471040,4135.01,21.52,0,10.5893,0.009,271.493129,78.049292,1.263,0.044,28.005,0.062,2459766.355,0.0020393,2.5139764,7e-06,2.36,0.278,0.608183,0.000463,560.0,0.426529,4.90303,0.26506,1043.42,1583.0,31.0,421.5,4.582,6150.0,200.2,3.9,0.09,2.05,0.09,,,1.22,0.172811
417646390,4137.01,121.48,1,10.8557,0.009,77.612879,70.391079,19.859,0.035,-2.936,0.043,2459762.196,0.0004234,3.8016217,2.6e-06,3.223,0.061,9.060165,0.000709,8310.0,0.652961,13.6371,0.640087,672.585,1418.0,120.0,334.993,3.2815,6244.0,129.2,4.19,0.09,1.47,0.07,,,1.21,0.180656
408729765,4139.01,39.54,0,12.9551,0.008,24.670602,80.433347,-9.382,0.03,2.243,0.025,2459026.649,0.0034724,4.6200781,0.0001123,2.149,0.351,3.784952,0.009819,3480.0,9.0439,7.04607,0.51119,216.021,1068.0,12.0,610.592,5.668,5999.0,128.9,4.36,0.08,1.16,0.06,,,1.11,0.14784
371711170,4143.01,125.31,0,12.1158,0.007,70.100556,81.077272,10.058,0.064,-4.504,0.099,2459015.248,0.0086838,9.8482192,0.0007348,4.24,0.814,1.814695,0.006716,1670.0,6.18557,13.8742,1.27637,206.691,1056.0,9.0,1283.53,58.315,6126.0,126.4,3.46,0.09,3.31,0.21,,,1.16,0.156119
279947414,4145.01,100.78,1,11.5241,0.006,39.429743,80.267384,11.766,0.04,-13.413,0.044,2459767.637,0.000225,4.0664446,1.3e-06,1.712,0.075,21.646797,0.004075,19740.0,3.7531,12.1827,0.685761,89.3911,856.0,235.0,205.387,1.1905,5421.0,155.1,4.54,0.08,0.86,0.05,,,0.944,0.124549
137157546,4148.01,13.55,0,12.0672,0.006,30.021663,77.369001,-3.332,0.051,-5.546,0.049,2459721.117,0.005703751,3.6841446,7.21e-05,2.967,0.382,2.456541,0.002937,2260.0,2.70526,3.74263,0.281723,286.262,1145.0,21.0,204.639,1.293,4939.0,201.8,4.55,0.1,0.79,0.05,,,0.812,0.110491
461538935,4157.01,45.24,0,11.5576,0.022,345.981898,85.443022,15.327,0.042,-5.791,0.037,2459767.361,0.0023052,5.289835,1.9e-05,3.179,0.363,2.532717,0.356668,2330.0,328.449,7.64474,2.22559,2582.58,1986.0,28.0,348.692,3.26,6655.0,183.5,4.5,0.09,1.11,0.05,,,1.4,0.240727
377165123,4167.01,53.96,0,12.9474,0.006,285.797008,57.388177,13.523,0.039,14.124,0.032,2459845.365,0.0015308,14.793901,3.23e-05,3.171,0.259,8.885006,0.423418,8150.0,389.906,8.42756,0.550541,19.3352,584.0,35.0,359.643,2.5885,5095.0,127.5,4.52,0.09,0.84,0.05,,,0.85,0.106445
289988797,4178.01,69.61,0,10.0415,0.006,192.13314,-13.65338,-64.101,0.081,-23.867,0.049,2459576.857,0.0003848,2.2042212,1.3e-06,1.011,0.27,4.624212,0.001685,4250.0,1.55179,9.78883,0.537635,97.961,876.0,14.0,197.507,2.1175,5702.0,130.2,4.14,0.08,1.42,0.07,,,1.016,0.132269
426017070,4181.01,9.25,0,15.951,0.0,42.812401,-73.155511,1.758,0.085,-0.781,0.083,2458354.572,0.000710872,0.599253314,3.48e-06,2.319765811,0.10451241,26.798195,1.160626,24379.93835,1068.4048,2.991970718,1.7302551,228935.2995,5578.891818,21.224243,5885.3,1094.32,31000.0,,5.59998,,0.180000007,0.104,,,0.47,0.03
394357918,4184.01,7.07,1,14.2612,0.007,43.828475,-79.414704,79.049,0.151,165.735,0.109,2458326.79,0.001186786,4.90199384,1.4e-05,1.32438037,0.2470788,11.762238,1.029329,10774.95121,947.59814,2.555414528,0.43741205,5.05348481,382.3996541,11.158407,69.3649,0.3229,3147.0,99.0,5.04654,0.551884,0.240806997,0.00741195,,,0.210978,0.0201844
424747720,4188.01,96.4,0,13.0123,0.008,290.672257,-51.426409,-8.162,0.048,-37.911,0.045,2458655.604,0.000647638,10.28132839,2.97e-05,2.441491638,0.07057238,41.310875,0.821865,37333.96317,756.6788,11.87591193,0.42105705,10.99828092,464.4628168,51.878952,148.134,0.8115,3919.0,169.0,4.63413,0.262631,0.593316972,0.0176925,,,0.582602,0.0203219
95057860,4201.01,99.87,1,13.5011,0.008,90.474724,-13.461371,11.721,0.057,6.204,0.064,2458485.286,0.0008542,3.5809733,0.0003732,2.18,0.115,40.765178,0.021199,36850.0,19.5244,12.0428,0.469155,40.4443,702.0,50.0,189.011,0.9885,3790.0,157.0,4.64,0.01,0.61,0.02,,,0.599491,0.0204013
32408928,4213.01,61.57,0,12.6825,0.007,117.475892,-10.381904,-4.925,0.042,1.018,0.027,2459252.322,0.0015066,1.0435229,2.6e-06,1.476,0.165,5.409563,0.004878,4970.0,4.49265,9.09391,0.521429,2148.73,1896.0,24.0,656.326,10.5245,6259.0,129.6,4.34,0.09,1.23,0.06,,,1.22,0.174447
187861378,4216.01,14.53,0,11.2486,0.011,111.293211,-8.620052,-2.694,0.093,0.375,0.079,2459251.532,0.0038019,2.1816809,1.4e-05,3.83,0.474,1.390633,0.001852,1280.0,1.7059,,,13037.6,2976.0,16.0,1675.78,176.07,8582.7,1083.8,4.08,1.23,,,,,,
108939482,4217.01,80.42,0,13.5295,0.01,112.729853,-28.684266,-6.705,0.031,3.376,0.035,2459963.593,0.002762726,1.187033667,0.00023506,2.732902861,0.2345905,8.900962,0.663192,8164.576255,610.63605,10.67471486,0.9626542,3443.560462,1953.762087,10.483797,927.754,19.568,6325.0,122.0,4.41,,1.158849955,,,,1.25,
114103136,4219.01,14.48,0,16.0657,0.011,113.982909,-30.748181,-9.684,0.111,7.815,0.132,2458515.145,0.0019992,1.1471548,0.0001725,1.403,0.171,2.902793,0.003518,2670.0,3.24018,3.90118,,249.626,1107.0,26.0,695.78,36.3075,3901.0,124.0,4.47,,0.75,,,,0.605,
318054782,4222.01,105.27,0,12.9913,0.007,110.868087,3.134948,-3.72,0.058,-4.636,0.052,2459226.923,0.0017766,0.8335712,3.5e-06,1.509,0.194,3.632428,0.006675,3340.0,6.14771,12.5164,0.965677,3359.53,2120.0,15.0,1246.21,49.09,6158.0,123.6,3.87,0.09,2.09,0.13,,,1.17,0.161059
141405814,4225.01,112.95,0,9.7402,0.01,117.121112,-19.340207,-2.377,0.066,0.806,0.071,2459250.334,0.0036103,1.1355486,8.4e-06,2.63,0.345,0.42352,0.000801,390.0,0.737317,13.0419,,47965.7,4122.0,14.0,1658.75,153.26,10262.0,124.0,,,7.04,,,,,
126357909,4232.01,52.56,0,13.5184,0.006,115.809569,-26.239291,-17.136,0.028,8.553,0.032,2458513.958,0.0057291,1.2247985,0.0005312,1.645,0.33,8.326874,0.039885,7640.0,36.7347,8.32531,,1294.24,1670.0,12.0,591.382,7.0885,5699.0,122.0,4.55,,0.89,,,,1.015,
157528286,4235.01,66.3,0,13.0556,0.006,106.633113,-38.054496,-1.926,0.026,4.019,0.024,2459251.04,0.0009901,1.6562803,3.6e-06,0.929,0.114,6.108129,0.008734,5610.0,8.04431,9.54495,,291.778,1151.0,21.0,706.679,7.333,6044.0,122.0,4.29,,1.25,,,,1.12,
192520375,4251.01,112.81,0,12.5405,0.007,138.052275,-39.657928,-5.496,0.041,3.348,0.044,2459278.486,0.0024004,0.9109508,3.3e-06,1.473,0.352,5.136807,0.011588,4720.0,10.6729,13.0531,0.85219,18809.1,3262.0,21.0,1297.87,46.94,9421.0,185.2,4.31,0.07,1.79,0.08,,,2.39,0.318624
82302240,4255.01,111.85,0,12.5225,0.01,124.351447,-45.406543,-3.26,0.048,6.8,0.045,2459964.806,0.00248469,2.5057108,1.5e-05,1.962,0.404,3.447251,0.008476,3170.0,7.80667,12.9673,0.899836,2430.56,1956.0,13.0,1131.58,41.115,8330.0,168.4,4.04,0.08,2.26,0.1,,,2.06,0.312169
75208638,4257.01,32.13,0,11.7159,0.006,138.741096,-45.122969,-10.617,0.045,7.292,0.047,2459990.713,0.002073874,4.6512523,1.63e-05,2.251,0.209,3.381901,0.003565,3110.0,3.28362,6.22936,0.331398,432.038,1270.0,25.0,407.374,4.4685,7192.0,142.9,4.56,0.08,1.1,0.04,,,1.61,0.264165
74197917,4261.01,55.01,0,13.7682,0.006,137.285031,-46.184649,-2.682,2.915,2.327,2.915,2460015.835,0.003417048,1.5040804,0.0002519,2.955,0.322,6.676046,0.010771,6130.0,9.92064,,,558.567,1354.0,20.0,,,3810.2,529.9,,,,,,,,
118308828,4265.01,55.81,0,12.1162,0.006,128.701521,-56.331828,-12.294,0.043,14.66,0.04,2459301.933,0.0050935,3.7353995,0.000728,1.836,0.42,2.565366,0.013797,2360.0,12.7074,8.61993,0.724542,230.421,1085.0,14.0,538.114,6.523,5895.0,127.7,4.1,0.08,1.53,0.07,,,1.07,0.139919
341272282,4268.01,17.74,0,11.0418,0.006,119.311724,-56.962926,-22.247,3.449,6.065,2.116,2459304.023,0.0030848,0.8133123,4.3e-06,1.079,0.215,0.33663,0.001627,310.0,1.49887,4.37963,,6736.59,,10.0,433.157,,8265.0,,,,2.12,,,,,
151920165,4270.01,93.26,1,12.5695,0.006,168.563889,-37.910133,-0.632,0.026,0.544,0.027,2459303.974,0.0025651,3.4671474,0.0008057,2.405,0.261,5.191353,0.007429,4770.0,6.84251,11.6401,0.737909,391.83,1239.0,26.0,683.062,10.8785,5886.0,135.1,4.07,0.08,1.58,0.08,,,1.07,0.134524
363635669,4275.01,74.93,0,12.2951,0.007,147.713157,-62.203109,-4.721,1.173,-0.982,1.184,2460015.059,0.001834545,0.761782829,4.63e-05,2.002979668,0.13676164,3.793271,0.277605,3487.635383,255.65079,,,3748.991489,1995.714272,18.292849,689.348,,6132.7,440.6,,,,,,,,
255918903,4292.01,69.6,0,13.0566,0.006,266.633808,-70.409811,3.862,0.02,-0.178,0.023,2459388.453,0.0017585,1.7201092,5.6e-06,2.622,0.117,8.25029,0.004245,7570.0,3.90987,9.82252,,1736.59,1798.0,29.0,641.969,6.084,5878.0,122.0,4.36,,1.13,,,,1.06,
266843799,4300.01,60.66,0,9.9747,0.006,175.539949,-57.368489,-7.127,0.042,-4.654,0.044,2459331.491,0.0021495,0.8062768,2.8e-06,1.963,0.229,0.716822,0.000891,660.0,0.820279,9.05313,0.452419,18112.6,3231.0,20.0,668.389,12.815,7311.1,113.6,4.16,1.73,3.37,0.11,,,1.88,0.319429
366443426,4304.01,6.55,1,8.4642,0.006,126.615828,10.080371,-48.143,0.104,0.059,0.059,2460266.657,0.0049241,15.5718552,2.91e-05,4.931,0.297,0.412658,0.010859,380.0,10.0018,2.44317,0.137602,115.206,912.0,44.0,106.289,0.672,6352.33,149.652,4.30502,0.0955413,1.31,0.07,0.021,0.013,1.261,0.194835
366443426,4304.03,5.92,1,8.4642,0.006,126.615828,10.080371,-48.143,0.104,0.059,0.059,2458494.909,0.003387894,31.71802083,0.000129691,2.33263213,0.838543,0.318021,0.042485,292.8649645,39.129612,2.299804854,3.6733382,55.61746495,696.5022874,7.9325233,106.289,0.672,6352.33,149.652,4.30502,0.0955413,1.308830023,0.0701232,0.021,0.013,1.261,0.194835
44898913,4306.01,2.39,1,14.2683,0.008,64.13091,-28.315791,218.534,0.096,-251.131,0.117,2458413.192,0.001072491,2.729904885,1.2e-05,0.825728847,0.3995385,8.09465,1.089824,7427.724966,1003.2614,1.351360634,0.77290535,4.06697675,362.1910146,8.324998,32.4298,0.07005,2887.0,157.0,5.15917,0.0427824,0.155497998,0.00468671,,,0.127219,0.0200353
144193715,4308.01,6.64,1,10.339,0.006,327.753069,-43.562364,-72.111,0.063,-1.864,0.06,2460163.675,0.0044186,9.1512776,3.39e-05,2.616,0.642,1.166707,0.090487,1074.0,83.338,2.45142,0.193343,55.3616,759.0,10.0,108.932,0.638,5015.0,180.0,4.47652,0.304279,0.79,0.05,,,0.9,0.113319
251086776,4312.01,6.54,0,10.4779,0.008,37.547588,-3.405125,-73.952,0.092,-51.381,0.122,2458434.865,0.002668255,726.1175225,0.000421563,2.25433676,0.33717096,1.855689,0.186697,1707.692781,171.93939,2.438529589,0.47190765,0.639325879,228.0606305,10.535669,40.9223,0.1073,3808.0,157.0,4.69366,0.010723,0.550329983,0.0173641,,,0.545551,0.0209578
459952217,4314.01,11.49,0,8.22109,0.006,71.266602,5.871586,13.672,0.098,-21.479,0.068,2458448.206,0.003367054,73.580982,0.000477893,2.144159753,0.8634284,0.377299,0.052157,347.4450365,48.037334,3.399102517,4.635859,57.77548936,703.162429,7.4124866,158.797,1.3925,7802.0,152.01,4.21386,0.0738195,1.761180043,0.0496935,,,1.851,0.290116
7020254,4316.01,76.73,1,12.7462,0.006,126.5535,12.281851,15.565,0.043,-21.666,0.029,2460238.657,0.0009997,20.2730282,7.3e-06,3.651,0.089,18.817245,0.569399,17182.0,524.298,10.4386,0.555069,20.4393,592.0,201.0,413.591,4.2685,5742.0,129.041,4.58473,0.0726594,0.86,0.04,,,1.026,0.120504
404518509,4320.01,4.37,1,8.6022,0.006,51.640345,-43.613665,-2.359,0.037,-22.812,0.055,2459160.014,0.0121773,25.1290153,0.0004454,4.271,0.503,0.504985,0.032335,465.0,29.781,1.93226,0.137194,25.7431,627.0,14.0,79.208,0.1595,5871.0,125.293,4.43296,0.0790908,1.04,0.05,,,1.06,0.135938
404518509,4320.02,5.43,0,8.6022,0.006,51.640345,-43.613665,-2.359,0.037,-22.812,0.055,2458417.466,0.004318958,46.40937325,0.000364757,4.822337011,0.8341399,0.473196,0.061634,435.7347505,56.765373,2.186299675,1.712195,17.17309533,519.1966657,7.139741,79.208,0.1595,5871.0,125.293,4.43296,0.0790908,1.035629988,0.0503367,,,1.06,0.135938
143022742,4323.01,8.53,0,12.531,0.007,54.466785,-30.057438,-27.104,0.042,-60.598,0.059,2458416.548,0.013202551,14.67626584,0.000325412,3.232045549,1.1914431,3.806675,1.132012,3499.937973,1042.0787,2.852334785,1.2104801,3.139824966,339.5049488,9.150719,70.7878,0.17105,3414.0,157.0,4.77364,0.00645192,0.458860993,0.0136024,,,0.455971,0.0202541
143022742,4323.02,15.85,0,12.531,0.007,54.466785,-30.057438,-27.104,0.042,-60.598,0.059,2458412.896,0.006486537,21.96925778,0.00025938,3.566230662,0.6793756,8.655825,1.411097,7940.615239,1298.8241,4.106173921,0.9829199,1.83360458,296.7878863,9.256836,70.7878,0.17105,3414.0,157.0,4.77364,0.00645192,0.458860993,0.0136024,,,0.455971,0.0202541
443658196,4335.01,130.71,0,11.5124,0.007,199.734195,-62.974419,-10.636,0.041,-4.467,0.048,2459351.741,0.0049928,4.5006638,5.64e-05,4.588,0.523,2.293324,1.007527,2110.0,927.536,14.2378,4.97144,25501.0,3520.0,12.0,636.157,15.602,8933.0,169.165,4.45175,0.0675799,1.48,0.05,,,2.25,0.322149
166184428,4336.01,4.86,1,11.0196,0.007,206.107013,-40.337351,151.518,0.102,69.023,0.135,2459335.573,0.00147026,16.33636652,5.92e-05,1.993392181,0.45290896,4.22595,0.284284,3884.678538,261.8006,2.049240268,0.7552958,1.693298707,290.9398052,13.60391,22.5455,0.03825,3365.0,157.0,4.89744,0.00242422,0.326568007,0.00988657,,,0.30713,0.0202867
399642071,4337.01,8.3,0,11.1567,0.006,164.289787,-69.979379,-29.87,0.057,-0.01,0.046,2459307.924,0.002182042,2.288776264,1.59e-05,4.863485092,0.31661883,2.054686,0.147284,1890.646342,135.64415,2.805765364,0.42307404,99.26604964,805.0445873,13.399568,65.1329,0.14575,3953.0,123.519,4.6489,0.120623,0.617703021,0.0645854,,,0.62,0.08314
7439481,4339.01,76.29,0,14.0644,0.008,212.92874,-29.973981,-79.125,0.118,24.051,0.102,2459333.969,0.000500945,1.254080552,3.98e-05,1.343551689,0.037663072,74.161987,1.510383,66025.09943,1390.1466,10.34933191,0.37656295,73.54783829,746.8996014,38.572582,123.032,1.061,3455.0,157.0,4.82691,0.00418249,0.399724007,0.0125234,,,0.391168,0.0207321
62301521,4341.01,2.19,0,13.7827,0.008,291.534894,-43.187188,-157.84,0.149,-1098.04,0.116,2458661.049,0.009240395,18.40433341,0.012458659,7.879330953,0.83414465,9.964011,1.179399,9135.211016,1085.6766,1.283443274,0.16381204,0.263869343,182.7961243,7.571882,23.7607,0.049,2891.0,157.0,5.22041,0.0557763,0.133376002,0.00396582,,,0.10777,0.0200166
354944123,4342.01,5.79,1,11.0318,0.007,324.38942,-77.979147,120.399,0.043,-91.425,0.043,2458654.532,0.001555248,5.538328999,3.8e-05,2.226388824,0.41871506,1.528828,0.141217,1407.111865,130.05675,2.272140863,1.1171762,27.68183391,585.0169701,8.499877,61.5204,0.1022,3883.0,157.0,4.65275,0.0107329,0.598174989,0.0177148,,,0.586597,0.0202492
354944123,4342.02,6.65,1,11.0318,0.007,324.38942,-77.979147,120.399,0.043,-91.425,0.043,2458659.348,0.002449759,10.68860835,0.000114663,2.667224488,0.34568244,1.631102,0.175957,1501.172634,162.0491,2.464224525,0.4968625,11.5205083,469.8807571,8.190688,61.5204,0.1022,3883.0,157.0,4.65275,0.0107329,0.598174989,0.0177148,,,0.586597,0.0202492
389371332,4346.01,3.1,0,12.4375,0.007,86.01889,-66.359097,-44.82,0.081,35.22,0.081,2458494.061,0.005597244,3.907711594,4.62e-05,9.527836354,0.77758694,0.651237,0.052148,599.6319099,48.029163,1.572279917,0.5293573,50.38006947,679.4921442,10.342199,130.457,0.644,3917.0,157.0,4.61771,0.0115687,0.640110016,0.0189905,,,0.61966,0.0202647
300011941,4357.01,2.3,0,10.5385,0.006,106.913225,-66.406577,-13.875,0.077,10.847,0.049,2458327.104,0.002135987,1.814121521,1.72e-05,4.600615402,0.3483414,0.140508,0.016269,129.4041201,14.983914,1.318046443,0.6717385,1468.567428,1578.858547,7.3588576,189.148,1.071,5789.58,122.276,4.35115,0.0753651,1.127130032,0.0557387,-0.117411,0.1,1.04,0.128776
133505138,4359.01,6.71,0,9.5115,0.006,149.731452,-53.301515,-31.465,0.056,7.711,0.057,2459330.394,0.0027911,2.4360845,1.7e-05,2.495,0.432,0.380074,0.000851,350.0,0.784155,2.46916,0.169002,1556.22,1749.0,14.0,177.018,1.111,6529.0,131.2,4.33,0.09,1.32,0.06,,,1.35,0.217593
343708863,4375.01,35.95,0,9.4128,0.006,206.77501,-70.50753,-4.943,0.056,-2.104,0.062,2459379.131,0.0061411,5.9685742,7.46e-05,2.059,0.382,0.369213,0.001941,340.0,1.78727,6.64236,0.55943,1041.97,1582.0,9.0,689.355,18.97,10390.0,221.8,3.79,0.07,3.44,0.12,,,2.68,0.361704
394918211,4377.01,126.64,1,10.7934,0.006,164.932471,-82.22135,-16.228,0.042,12.839,0.036,2459363.905,0.004066792,4.37716023,0.000489777,8.412558293,0.22227994,1.69743,0.051667,1562.169043,47.5855,13.94264796,0.7987437,431.0953933,1162.152431,20.717003,455.82,4.8585,4913.0,122.0,,,3.413480043,,,,,
379723086,4396.01,25.78,0,10.0288,0.006,256.820009,-66.127056,27.386,0.032,-13.44,0.04,2460120.661,0.0031449,7.4398211,2.69e-05,3.068,1.006,1.479781,0.145258,1362.0,133.779,5.48138,0.410958,435.566,1272.0,16.0,205.112,1.175,5822.0,133.5,4.14,0.08,1.45,0.07,,,1.05,0.130332
107728509,4397.01,16.85,0,10.4304,0.011,265.109377,-32.124087,-0.846,0.134,-5.041,0.107,2459385.729,0.0131984,2.6646183,0.0028351,4.135,0.775,0.912402,0.003456,840.0,3.18309,4.25649,0.355755,32848.2,3750.0,9.0,458.16,17.575,11526.0,399.9,4.56,0.07,1.52,0.07,,,3.04,0.406015
464646604,4399.01,9.32,1,7.7582,0.006,287.741144,-60.272636,11.569,0.045,-100.748,0.047,2459037.871,0.001437129,7.712120841,0.001126115,2.434348126,0.3040559,0.791231,0.081058,728.4849109,74.65436,3.004038043,1.1901833,219.2841258,981.4576128,9.714047,58.5146,0.12605,5985.4,119.7,4.4,0.08,1.08958,0.0482412,,,1.1,0.139862
206541859,4406.01,99.91,1,10.5663,0.006,18.048516,-56.925387,34.476,0.04,19.112,0.037,2459064.119,0.001178204,30.08350298,5.34e-05,3.985810291,0.099308975,5.921667,0.148768,5439.210828,137.01065,12.12752552,0.66583884,58.00536084,703.8608065,56.543056,261.834,1.738,5906.5,126.206,4.16721,0.0781693,1.412930012,0.0729724,-0.07,0.1,1.07,0.131212
366484980,4411.01,7.65,1,9.15722,0.006,126.896827,11.667413,-24.887,0.094,-14.026,0.059,2460236.628,0.0033078,13.7748361,1.99e-05,4.454,0.187,0.335544,0.008028,309.0,7.39394,2.67656,0.133419,114.929,912.0,27.0,160.125,1.503,6266.98,136.509,4.19069,0.0903409,1.47,0.07,-0.082,0.028,1.221,0.184102
1405997635,4414.01,29.46,0,10.3147,0.119,267.475228,-37.531317,,,,,2459385.395,0.0044289,1.8697825,0.0006838,2.721,0.264,3.196766,0.003926,2940.0,3.61625,,,,,13.0,,,,,,,,,,,,
141412823,4421.01,10.24,0,10.4078,0.006,84.237192,-75.611421,-8.2,0.039,14.166,0.048,2460151.667,0.0076423,21.7004042,0.0001822,9.415,2.445,0.440898,0.02775,406.0,25.5586,3.16777,0.215148,224.371,1078.0,23.0,300.427,2.0575,5788.7,164.7,4.22,0.12,1.78,0.08,-0.134461,0.0482678,1.08,0.144515
344600402,4423.01,10.1,0,10.4425,0.006,252.03108,-56.686774,-7.245,0.058,-15.389,0.055,2460123.888,0.003268,1.3875331,9.7e-06,2.679,0.536,1.034113,0.058406,952.0,53.7927,3.16086,0.20806,13423.0,2998.0,19.0,182.238,1.485,5678.0,131.9,4.33,0.08,1.14,0.06,,,1.01,0.120539
158551257,4433.01,50.04,0,14.2502,0.008,287.57055,43.531709,-8.984,2.119,-9.457,2.119,2459797.232,0.003762425,0.902395084,6.07e-06,1.604586492,0.120528,5.862584,0.385014,5385.087109,354.54797,,,2991.073365,1886.151251,17.45898,833.364,,5780.0,,4.438,,,,,,,
63452790,4434.01,127.13,1,13.814,0.006,292.855719,46.391188,-2.007,0.041,3.755,0.045,2459392.814,0.000959801,2.684308099,1.08e-05,2.768335208,0.11968497,19.953402,0.720369,18209.92066,663.26434,13.97484988,0.5327162,651.2557496,1288.420547,23.728523,758.753,12.76,5616.02,121.761,4.4174,,1.018949986,,0.0914204,0.0128958,0.99,
122596693,4435.01,99.81,1,14.6147,0.007,290.581743,40.577311,1.317,0.056,-15.867,0.059,2459420.668,0.003409042,3.525653514,1.59e-05,2.511179892,0.13922079,26.244978,0.919841,23882.70294,846.8462,12.12100858,0.63119096,189.762184,946.6123519,26.39653,686.284,15.431,5003.05,263.03,4.56877,,0.783767998,,0.318,0.251,0.83,
22233480,4438.01,6.38,1,11.2695,0.007,270.317239,35.594899,29.109,0.043,-571.47,0.049,2459396.41,0.000754571,7.446303377,2.3e-05,2.003313776,0.15890975,4.401499,0.139295,4045.724178,128.28719,2.404864435,0.3086393,5.628611393,392.8439471,23.146442,30.0346,0.0233,3353.0,157.0,4.84911,0.00161128,0.375858992,0.0111301,,,0.363996,0.0201927
164786087,4440.01,104.62,1,14.6979,0.006,284.830443,44.658093,-4.972,2.12,-10.392,2.12,2459391.084,0.001751944,4.082289389,2.54e-05,3.288255679,0.1811264,18.047504,0.715166,16484.97629,658.4754,,,399.7768506,1140.444513,22.862934,1071.8,,5780.0,,4.438,,,,,,,
158241252,4443.01,3.61,1,7.9147,0.006,274.268664,21.909546,-50.671,0.027,26.134,0.052,2459415.152,0.0028258,1.849856678,1.48e-05,2.518275976,0.18107398,0.212185,0.016422,195.4102498,15.124655,1.719326482,0.13466027,1194.210365,1499.304894,12.050691,56.0739,0.09555,5834.0,128.702,4.44433,0.0782619,1.01733005,0.0490452,,,1.05,0.138412
158388163,4445.01,58.91,1,13.4584,0.007,287.130578,42.350153,-4.248,0.027,-3.627,0.028,2459394.54,0.001263557,4.225349825,2.21e-05,2.769529738,0.16871645,7.890216,0.325123,7240.815237,299.4049,8.88931966,0.6742691,342.3014046,1097.038628,23.187595,630.785,6.368,5501.0,122.0,4.39363,,1.031219959,,,,0.96,
137899948,4446.01,112.32,1,14.9826,0.008,292.872929,41.064173,4.635,0.071,-21.579,0.083,2459420.804,0.002000892,2.455238834,8.15e-06,1.732327092,0.09519274,49.003104,1.744048,44130.16059,1605.0383,12.99286305,0.65082085,77.50680348,756.7539667,27.592943,381.949,6.3825,3792.0,157.0,4.63873,0.0126343,0.614822984,0.0197802,,,0.600017,0.0211568
138644215,4455.01,80.76,1,12.8939,0.008,294.192119,39.618973,-0.485,0.024,-2.528,0.026,2459420.58,0.002229999,1.544933363,5.87e-06,1.1043459,0.18416916,5.378869,0.282177,4941.870091,259.86115,10.7011777,2.2396216,3717.199188,1991.469723,19.470558,822.96,10.3085,6136.25,132.502,4.15767,0.0885656,1.487400055,0.0734472,0.0853783,0.0126289,1.16,0.164239
299220166,4457.01,78.87,1,14.3258,0.007,289.434667,49.473455,0.166,0.039,8.565,0.039,2459770.385,0.003709571,3.217518428,1.22e-05,1.898626366,0.12947512,13.868144,0.566097,12691.80369,521.25836,10.55297726,0.6339099,393.9910424,1136.29563,22.169394,843.695,13.668,5549.0,25.0,4.50842,,0.912926972,,-0.22,0.1,0.98,
76420654,4462.01,63.99,1,10.445,0.006,274.669941,36.254856,6.882,0.056,-2.91,0.082,2459789.419,0.0018272,4.9133022,2.14e-05,5.159,0.454,2.217164,0.000665,2040.0,0.612828,9.33912,0.457334,999.403,1566.0,11.0,368.922,4.876,5918.0,112.3,3.84,0.08,2.06,0.09,,,1.08,0.138125
268604331,4466.01,119.74,1,13.3926,0.012,299.097517,43.497585,-3.56,0.026,-2.141,0.034,2459799.901,0.006698529,5.014199109,5.81e-05,4.56068713,0.33510303,6.562577,0.388791,6026.126007,358.0255,13.49117281,1.0645723,1233.097989,1511.364256,14.778816,1249.41,23.61,6669.0,122.0,4.12805,,1.696750045,,,,1.41,
48506505,4467.01,21.53,1,11.8933,0.007,285.268528,48.559884,-5.735,0.053,-23.482,0.045,2459420.812,0.002186416,7.794215506,3e-05,0.971031114,0.35073993,3.208457,0.29713,2950.73571,273.62897,4.916984204,3.60311,112.1124314,829.914194,12.189462,268.041,1.8355,5461.54,121.201,4.50982,0.0828782,0.897403002,0.047799,0.0553929,0.0136375,0.95,0.125051
75262942,4469.01,122.69,1,14.1959,0.006,299.050641,17.569963,4.131,0.041,-1.832,0.039,2459421.463,0.000737517,2.663415392,9.02e-06,1.842968764,0.096652344,41.524042,1.309725,37522.94895,1205.5743,13.68573672,0.5672584,113.6142497,832.6796495,27.384752,305.3,2.9735,4051.0,122.0,4.54826,,0.701368988,,,,0.634,
256364928,4470.01,116.88,1,6.8481,0.006,300.182122,22.709776,-3.294,0.043,-250.225,0.049,2459770.41,3.43e-05,2.218574804,1.77e-07,1.823362137,0.001635857,28.44011,0.022421,25854.21446,20.650656,13.3010355,0.9522985,348.1506195,1101.695417,1480.6505,19.7638,0.01275,5023.0,142.5,4.58,0.1,0.776484013,0.0555905,0.02,0.1,0.84,0.10566
122441491,4473.01,94.75,1,14.148,0.007,290.357978,40.567697,-4.449,0.044,-9.51,0.047,2459420.413,0.003264685,3.797007565,2.3e-05,2.525677819,0.14604452,17.977688,0.807466,16421.73149,743.4276,11.75575788,0.4925161,218.0029128,980.0208686,22.830034,646.647,10.7805,5211.36,247.58,4.54655,,0.832630992,,0.442,0.232,0.89,
264508014,4474.01,84.15,1,13.692,0.007,298.62498,48.57745,6.187,0.04,1.159,0.04,2459422.51,0.001453871,3.311902627,2.05e-05,1.181071971,0.14491338,8.305812,0.833669,7620.749384,767.54266,10.96253267,0.93211395,487.2033805,1198.249683,10.737596,698.646,9.9845,5355.0,122.0,4.33005,,1.09205997,,,,0.93,
159098316,4475.01,100.1,1,13.4231,0.007,289.607943,44.345435,-2.604,0.029,-0.413,0.036,2459422.608,0.003726418,3.578756985,1.65e-05,3.180650153,0.12019504,12.439412,0.342201,11391.73859,315.12952,12.14160424,0.3430124,445.8323379,1171.959601,31.807556,639.411,7.055,5482.59,78.16,4.36922,,1.06061995,,0.338,0.076,0.96,
126606859,4479.01,7.69,1,12.9374,0.008,316.096939,24.653674,90.926,0.07,-121.112,0.07,2459797.406,0.001633398,1.158901294,7.7e-06,1.168870168,0.19994436,3.774793,0.3008,3470.67593,277.00897,2.682972188,0.46727428,88.18561491,781.5723494,13.868706,80.6532,0.2566,3449.0,157.0,4.80176,0.00495294,0.427388996,0.012702,,,0.422022,0.0202638
239332587,4481.01,3.4,1,8.72762,0.007,311.2697,44.500235,434.079,0.047,271.143,0.059,2460559.016,0.0002797,0.9263237,4e-07,0.81,0.136,1.034113,0.096655,952.0,89.0184,1.67823,0.0761765,303.547,1162.0,64.0,12.0445,0.00435,3573.0,157.0,4.80376,0.00467167,0.43,0.01,,,0.419577,0.0201656
269269546,4488.01,124.47,1,14.3945,0.009,299.905917,45.43961,-0.429,0.041,-15.097,0.048,2459798.529,0.004089705,4.454170031,3.6e-05,2.271429969,0.2337509,23.497015,1.41388,21409.05245,1301.3839,13.8017218,1.1355016,233.7193811,997.225629,16.522558,751.776,13.0105,5353.54,33.74,4.47701,,0.922087014,,0.277,0.032,0.93,
267572272,4489.01,98.33,1,12.7678,0.007,284.296039,51.269121,-4.114,0.03,-0.854,0.027,2459911.039,0.000894916,2.797475736,3.1e-06,2.214913244,0.032511935,20.495337,0.627882,18699.85048,578.13324,12.01490883,0.6621212,412.3913581,1149.33634,29.906387,390.594,2.7045,5477.0,122.969,4.54393,0.0834737,0.867367983,0.0448141,,,0.96,0.123927
120826158,4495.01,12.86,1,9.00568,0.006,286.362495,37.02599,12.296,0.039,-25.192,0.04,2459765.915,0.003206,5.1830043,3.25e-05,2.783,0.377,0.727687,0.000751,670.0,0.692152,3.63045,0.2078,346.626,1202.0,20.0,132.214,0.4945,6156.0,132.372,4.25196,0.0864041,1.34,0.06,,,1.171,0.170474
305943739,4498.01,4.86,0,7.948,0.006,295.468588,23.377283,68.321,0.052,-164.342,0.058,2459441.27,0.005168,5.3073459,0.0001065,3.714,0.702,0.217169,0.000618,200.0,0.568889,2.05347,0.145249,494.046,1313.0,13.0,79.4746,0.2669,5821.4,107.6,4.16,0.07,1.42,0.06,-0.27,0.06,1.05,0.122055
406190563,4500.01,48.79,0,10.351,0.014,306.244087,30.348186,4.555,0.044,-2.177,0.044,2459446.222,0.0044908,1.773346,2.28e-05,3.291,0.644,0.771146,0.002237,710.0,2.06031,7.95884,0.603468,6411.52,2492.0,12.0,604.164,11.793,6802.0,154.0,3.63,0.1,3.08,0.14,,,1.46,0.251227
239372503,4502.01,10.12,0,8.716291,0.006,311.435385,43.445151,2.207,0.063,1.131,0.069,2460366.918,0.0031234,0.8560277,4.4e-06,1.587,0.116,0.26821,0.011115,247.0,10.2374,3.15801,,46825.3,,20.0,413.683,7.065,11798.0,,4.18,,2.38,,,,3.135,
349972412,4504.01,90.95,1,12.5542,0.006,114.467307,-62.078278,-8.658,0.026,-8.319,0.03,2460059.619,0.00245225,82.92941142,0.003009477,7.496750672,0.19121352,14.28163,0.300966,13067.73323,277.16165,11.4756331,0.7029209,0.263904401,182.8021957,48.181072,342.605,1.707,5271.0,130.4,4.43,0.08,0.960919023,0.0548341,,,0.9,0.10837
349972412,4504.02,7.58,1,12.5542,0.006,114.467307,-62.078278,-8.658,0.026,-8.319,0.03,2459038.46,0.001511905,2.426153785,1.09e-05,2.134464072,0.5486145,0.819856,0.066425,754.8303067,61.17742,2.660025534,2.8561234,548.0543839,1234.029846,15.1138525,342.605,1.707,5271.0,130.4,4.43,0.08,0.960919023,0.0548341,,,0.9,0.10837
243014114,4512.01,10.86,1,11.2723,0.006,60.792973,16.347166,31.845,0.073,-62.191,0.041,2459450.837,0.004824443,19.56204579,0.000286596,6.42314166,0.5325488,1.51872,0.09993,1397.814899,92.034744,3.287086844,0.3756285,10.9554543,464.0100077,13.551531,99.9293,0.3594,4246.8,108.6,4.5,0.1,0.758892,0.0609448,-0.029416,0.0317855,0.66,0.0826157
436875934,4514.01,80.35,1,13.1361,0.007,42.721741,29.022249,14.865,0.053,-27.458,0.039,2459883.37,0.001214741,2.7535993,5.3e-06,2.141,0.082,15.814361,0.003376,14460.0,3.10945,10.7107,,227.759,1082.0,59.0,361.155,4.2875,5032.08,87.55,4.49678,,0.86,,0.288,0.084,0.84,
456862677,4515.01,101.85,1,11.302,0.006,21.186178,21.513064,-4.123,0.092,3.589,0.066,2459451.623,0.000375588,15.26646582,2.69e-05,2.667379224,0.03686849,17.717695,0.222423,16186.17295,204.83841,12.26639677,0.6762973,42.29867055,650.4312952,85.68674,193.499,1.7115,5420.82,118.023,4.52994,0.0837945,0.874077976,0.0473292,0.123,0.106,0.944,0.123632
85593751,4516.01,90.85,1,10.9332,0.006,47.368947,30.673382,3.856,0.267,-44.826,0.213,2459885.542,0.000254038,3.722462595,6.93e-05,2.595677973,0.022484735,21.893388,0.129816,19962.61058,119.55813,11.46948561,0.9716158,184.988035,940.6014835,156.51118,124.73,2.078,4926.0,136.738,4.51771,0.104576,0.820640028,0.0690754,0.19,0.1,0.809,0.101693
301289516,4517.01,3.53,1,9.0684,0.006,351.771776,-1.285343,376.019,0.094,216.071,0.07,2460231.734,0.0006433,1.2089755,3e-07,1.286,0.135,0.725514,0.025675,668.0,23.6472,1.68645,0.164422,325.749,1183.0,123.0,29.661,0.0542,4199.0,127.194,4.65321,0.111146,0.63,0.06,,,0.66,0.0832528
404243877,4520.01,60.84,1,13.1749,0.006,347.704316,-7.857559,,,,,2460227.357,0.0017497,3.2047072,2.3e-06,3.331,0.288,8.116828,0.220008,7448.0,202.614,,,,,111.0,537.963,,5342.0,452.3,,,,,,,,
439842788,4521.01,98.19,1,11.4825,0.006,334.796989,-1.83443,-57.586,0.091,-56.075,0.098,2459450.368,0.000339755,3.071718164,4.27e-06,1.598342616,0.028929517,15.559495,0.431648,14228.62661,397.48376,12.00549486,0.9131838,279.7736168,1043.089176,73.11146,176.818,2.396,5082.0,130.016,4.5108,0.0861456,0.848393977,0.055201,,,0.851,0.0985124
369480087,4522.01,38.8,0,15.6615,0.009,23.304228,5.645209,-45.078,0.309,-32.668,0.186,2459447.841,0.000424202,0.364322479,1.56e-05,0.212068439,0.17750025,42.307021,6.881612,38216.78954,6318.155,6.952739141,3.9343698,329.3048956,1086.473896,7.353479,233.735,6.5175,3473.0,158.0,4.87657,0.00460571,0.347330987,0.0138193,,,0.331123,0.022815
427332229,4523.01,104.12,1,11.021,0.007,3.961707,1.200512,1.896,0.09,16.589,0.062,2459498.195,0.0003988,2.7186256,4.15e-05,2.129,0.053,14.383138,0.000805,13160.0,0.741095,12.4543,0.65872,616.33,1388.0,161.0,275.994,3.3055,6427.0,155.74,4.52834,0.0966261,1.03,0.05,0.28,0.1,1.3,0.20889
333657795,4524.01,3.44,1,8.1359,0.006,49.178124,15.656354,111.854,0.09,-202.255,0.078,2460233.367,0.0017143,0.9260632,2.6e-06,1.035,0.167,0.239974,0.017299,221.0,15.9329,1.67736,0.103673,1025.84,1576.0,18.0,63.6796,0.28505,5640.0,111.0,4.35,0.07,1.11,0.05,-0.05,0.04,1.0,0.123961
36592530,4525.01,116.8,1,10.931,0.007,342.385899,-10.675469,45.787,0.078,15.52,0.065,2460229.466,0.0003703,2.4841975,2e-06,1.511,0.197,11.307996,0.314992,10361.0,290.076,13.3413,0.68144,383.047,1232.0,73.0,294.001,4.349,6089.0,123.4,4.28,0.08,1.28,0.06,,,1.14,0.147084
39926974,4526.01,7.9,1,13.3455,0.008,335.623315,-7.956353,-254.655,0.136,-194.551,0.109,2459448.654,0.002713219,2.260265487,0.000432415,1.010349318,0.44925383,6.675695,0.935719,6129.678827,861.4576,2.726237364,1.4096905,21.30310007,547.9367777,7.13926,62.9969,0.31965,3236.0,157.0,4.88,,0.341024011,0.0103601,,,0.323833,0.0203379
380887434,4527.01,0.69,1,9.16764,0.007,19.472257,5.4712,87.767,0.105,-634.337,0.07,2459474.2,0.001356484,0.399444495,1.34e-05,0.802879642,0.19708219,0.35924,0.028736,330.8173737,26.466192,0.908661736,0.95341295,571.5071504,1247.025019,11.964,18.1037,0.0174,3702.0,157.0,4.75,0.01,0.485947996,0.014338,,,0.483997,0.0202128
376981340,4528.01,82.77,0,12.806,0.038,19.609812,6.8168,79.9,2.0,-17.57,2.0,2459448.108,0.000933973,4.024971187,0.000292887,2.542150188,0.09519731,22.401037,0.567586,20420.73148,522.62897,10.85743708,0.47342888,110.8444857,827.5576787,30.254791,220.761,,4492.0,124.206,4.51578,,0.770497024,,,,,
35022727,4530.01,107.59,1,12.2192,0.006,48.435473,25.197355,13.49,0.098,-13.586,0.064,2459450.647,0.00018659,3.652811238,1.66e-06,2.878857314,0.026534142,20.474993,0.116658,18681.46306,107.44031,12.66750036,0.6981088,340.5513253,1095.633728,181.50099,300.384,4.241,5610.0,119.488,4.51915,0.078953,0.907682002,0.0495377,0.42,0.08,0.993,0.128387
262662119,4531.01,115.71,1,12.1796,0.008,349.063465,0.30669,-0.127,0.065,-10.564,0.054,2459450.127,0.000531671,4.533469982,5e-06,3.60525133,0.07333818,13.030565,0.166424,11929.86197,153.27051,13.22170304,0.7488764,501.4020843,1206.886094,79.42073,453.099,9.8425,5846.0,131.9,4.31,0.08,1.197100043,0.0636783,,,1.06,0.12834
376939759,4532.01,93.25,1,13.0121,0.008,19.449382,6.868847,20.267,0.051,-12.702,0.036,2460231.883,0.0036665,5.8176452,3.72e-05,2.577,0.882,10.010897,2.543088,9178.0,2339.53,11.6459,,277.39,1136.0,13.0,635.722,13.43,5633.4,29.4,4.27,,1.22,,0.224,0.028,1.0,
418761354,4533.01,3.9,1,11.375,0.006,11.480235,6.34703,-1.97,0.097,10.605,0.061,2459494.881,0.0060093,2.1747824,6.3e-06,1.654,0.09,0.608183,0.000204,560.0,0.187547,1.79105,0.142077,174.942,1013.0,9.0,115.461,0.7055,4542.0,122.4,4.58,0.1,0.71,0.05,,,0.715,0.083869
437704321,4534.01,20.21,1,12.3071,0.006,333.751879,-17.2508,-12.59,0.049,-22.096,0.048,2459470.846,0.0028798,2.849282,3.3e-06,1.907,0.07,4.362555,0.001084,4010.0,0.997955,4.75272,0.44965,115.305,912.0,47.0,159.522,0.7275,4279.0,130.7,4.53,0.11,0.74,0.07,,,0.669,0.082246
262715204,4538.01,12.77,1,11.2451,0.006,349.384346,1.300152,15.023,0.076,-33.874,0.057,2460228.759,0.0022492,7.1385672,7.3e-06,2.464,0.331,2.243275,0.079606,2064.0,73.3176,3.60516,0.245269,63.7967,787.0,30.0,154.961,1.1525,5144.5,136.4,4.6,0.09,0.77,0.05,0.099,0.022,0.868,0.108059
262715204,4538.02,7.58,1,11.2451,0.006,349.384346,1.300152,15.023,0.076,-33.874,0.057,2459468.742,0.0023645,3.4715644,5.9e-06,2.13,0.364,1.140622,0.001158,1050.0,1.06639,2.65245,0.193246,304.054,1163.0,22.0,154.961,1.1525,5144.5,136.4,4.6,0.09,0.77,0.05,0.099,0.022,0.868,0.108059
102264230,4539.01,100.58,1,11.29,0.006,331.203092,-12.019067,15.024,0.09,-41.309,0.092,2459470.147,0.0011402,4.1591488,1.8e-06,3.54,0.032,13.987133,6.7e-05,12800.0,0.0613901,12.1616,0.657021,417.295,1259.0,88.0,264.78,4.802,5576.0,118.2,4.34,0.08,1.11,0.06,0.36,0.05,0.984,0.127092
435339847,4544.01,8.27,1,11.2867,0.006,55.228521,12.572448,22.558,0.117,-37.906,0.06,2458440.22,0.002133354,8.200087461,1.89e-05,2.460118054,0.39549476,1.172786,0.109651,1079.592727,100.98737,2.799754185,0.9141595,58.20250385,704.4580992,10.680461,141.731,0.8685,4865.6,101.5,4.54,0.1,0.793475986,0.0716306,0.237,0.023,0.793,0.0975742
610976842,4545.01,98.09,1,12.813,0.013,19.610142,6.816728,54.983,0.053,-34.965,0.043,2460228.933,0.0007028,4.0248735,4.6e-06,2.384,0.227,26.125187,0.683343,23775.0,629.184,11.6786,0.218228,97.8595,876.0,44.0,232.801,1.821,4492.0,124.2,4.52,0.1,0.75,0.01,,,0.71,0.0859677
206284139,4547.01,129.29,1,12.1112,0.01,338.606231,-13.731804,8.479,0.096,-21.602,0.075,2459468.23,0.0149895,3.0026215,1.86e-05,3.595,0.166,5.485947,0.153128,5040.0,141.026,14.0672,2.02594,4289.27,2254.0,49.0,491.87,11.2195,5630.0,105.1,4.11,0.07,1.45,0.07,0.18,0.1,1.0,0.125187
204650483,4551.01,52.61,1,9.02765,0.006,184.978758,-25.827853,-33.998,0.068,-16.114,0.063,2459312.392,0.0096602,9.956296,0.000254,10.474,3.442,1.112364,0.003304,1024.0,3.04272,8.32411,,1247.74,1655.0,9.0,215.986,2.436,4956.0,122.0,,,3.38,,,,,
271169413,4559.01,2.98,1,10.9139,0.007,211.013538,-30.014125,37.154,0.119,-246.151,0.179,2458597.858,0.001397005,3.964984918,1.61e-05,1.509282635,0.45993468,1.325617,0.137034,1220.193356,126.20545,1.537281412,1.0142795,17.61525919,522.5068748,9.969001,31.6354,0.07385,3476.0,157.0,4.80232,0.00517381,0.426766992,0.0128868,,,0.421338,0.020418
349576261,4562.01,115.5,1,11.5326,0.006,112.010059,-63.517779,-5.977,0.043,10.433,0.04,2459132.226,0.000852539,225.1037885,0.000346897,4.023713565,0.09311438,11.84476,0.290492,10850.13494,267.517,13.20815058,0.6689362,3.201050877,341.1480504,38.69458,339.605,2.5095,5965.99,109.137,4.28007,0.0724984,1.252310038,0.0545578,0.130362,0.0477393,1.09,0.135063
400786146,4564.01,107.04,0,10.7716,0.006,167.000935,-67.149824,-0.789,0.052,-1.28,0.038,2459323.08,0.002779148,22.15367773,0.000131672,7.589378528,0.21455182,4.863379,0.148802,4469.319877,137.04214,12.62979048,0.65055454,126.5238849,855.3874599,35.275467,333.206,2.7475,6123.0,135.602,4.07991,0.0824875,1.626700044,0.0768643,,,1.16,0.154554
149126400,4569.01,6.28,0,15.764,0.008,81.028116,-63.028858,412.58,0.109,-214.467,0.1,2459036.843,0.004928874,1.225315871,3.39e-05,3.435757953,0.65840364,6.541158,0.92843,6006.517507,854.75,2.382001166,0.4548741,72.06714126,743.1116558,7.770379,212.947,2.3335,3725.0,157.0,4.92832,0.00110036,0.297643989,0.0114841,,,0.273932,0.0217968
48451130,4571.01,87.45,1,13.7589,0.006,284.879979,49.26702,-2.631,0.033,6.42,0.033,2459413.719,0.003589635,30.35998118,0.000313222,6.082374533,0.25691837,21.21226,0.675409,19347.59906,621.8815,11.2141216,0.4613171,9.89423486,452.3403225,32.561897,436.257,3.177,4815.0,122.0,4.5293,,0.795117974,,,,0.78,
138364831,4577.01,88.55,1,14.4669,0.011,293.871914,38.422918,-0.298,0.045,-6.646,0.055,2459391.112,0.002098081,1.625512355,1.59e-05,2.659002915,0.23525885,11.016602,0.810943,10095.36145,746.6269,11.29718035,0.77843285,1238.866122,1513.128613,13.056615,938.715,30.934,5483.74,114.91,4.38272,,1.044260025,,0.388,0.111,0.96,
27769688,4579.01,23.35,1,11.3523,0.006,296.132814,48.97731,2.458,0.057,-15.926,0.058,2458733.313,0.00401534,88.49568297,0.010978528,6.951084884,0.39727047,3.086327,0.296918,2838.575657,273.43457,5.157430257,0.5870564,0.452397114,209.1701491,8.96966,223.757,1.7975,5509.61,124.841,4.47728,0.0799178,0.939951003,0.049598,0.155811,0.0136096,0.967,0.119071
273231214,4581.01,89.07,1,11.7889,0.006,297.333072,41.891119,1.967,0.038,1.365,0.044,2458719.362,0.004101746,22.3428773,8.63e-05,6.700127994,0.21941786,6.462955,0.263141,5934.920012,242.33246,11.33550324,0.8318238,99.08603602,804.6793626,20.2419,477.052,4.9495,6184.0,129.495,4.20121,0.0908924,1.428640008,0.0894347,0.11,0.07,1.183,0.16666
273231214,4581.02,59.27,1,11.7889,0.006,297.333072,41.891119,1.967,0.038,1.365,0.044,2459774.45,0.005147671,,,6.617120601,0.5140849,4.09826,0.431446,3767.521748,397.2976,8.920508561,1.2158191,138.5753642,875.0669002,9.250516,477.052,4.9495,6184.0,129.495,4.20121,0.0908924,1.428640008,0.0894347,0.11,0.07,1.183,0.16666
219854519,4582.01,73.91,1,10.5481,0.007,256.860137,68.865626,-20.084,0.04,1.059,0.045,2459394.938,0.003132663,31.0343214,0.000283251,12.05873536,0.21910295,1.708326,0.035443,1572.189109,32.64367,10.15776883,0.5360378,33.7343273,614.6639792,38.234386,383.846,3.595,5234.0,122.0,4.438,,2.569350004,,,,,
103604037,4583.01,69.61,0,10.571,0.018,150.892247,67.990199,1.96,2.0,-80.99,2.0,2459390.799,0.003178883,19.52023856,0.002530359,4.096058048,0.30676994,3.221162,0.207777,2962.403557,191.35121,,,49.62599171,676.9351246,11.220469,,,5780.0,,4.438,,,,,,,
120255950,4584.01,21.21,1,10.6114,0.006,284.472247,39.911889,10.865,0.04,17.52,0.049,2459399.639,0.001436175,31.57868471,0.000179185,2.129505509,0.47941405,2.30347,0.143613,2119.325668,132.26393,4.874338907,2.462469,27.00946468,581.4317504,19.077679,185.875,0.831,5696.0,99.3593,4.40025,0.0686936,1.051779985,0.0430553,0.11,0.1,1.014,0.125475
137683938,4587.01,44.43,1,14.5505,0.007,292.579856,37.376262,-2.58,0.07,-30.239,0.069,2459393.66,0.002058617,3.290313591,2.67e-05,1.746525348,0.22024432,16.777885,1.564134,15334.21814,1439.5836,7.529606947,0.68621206,37.0869991,629.3977311,10.759113,258.979,2.951,3579.0,157.0,4.67905,0.0107839,0.567309022,0.0175218,,,0.560561,0.0207092
164458714,4589.01,5.31,1,9.03131,0.007,283.151045,45.140084,61.515,0.042,61.846,0.048,2460364.346,0.0131725,17.8335899,0.0003153,3.642,1.183,0.313823,0.043865,289.0,40.4006,2.16267,0.253211,62.1044,782.0,10.0,147.527,0.492,6304.0,141.297,4.22164,0.0935252,1.43,0.07,0.02,0.1,1.238,0.200415
122785299,4592.01,107.82,1,14.575,0.007,291.13762,36.577344,7.99,0.044,-2.449,0.05,2459392.14,0.002544298,8.884951086,0.000154818,1.995850702,0.38120145,18.579719,2.102222,16966.96587,1934.3452,12.68384366,2.6857061,94.29369839,794.7680813,9.239769,835.356,18.3645,5160.0,123.0,4.39775,,0.977054,,,,0.87,
399954349,4593.01,13.87,1,11.6052,0.006,287.605703,49.523394,13.516,0.036,32.603,0.035,2458689.578,0.002452925,7.834468826,2.69e-05,3.126080253,0.19029874,2.192536,0.138634,2017.362877,127.67857,3.797335347,0.35556725,51.63995586,683.7010001,13.867318,153.676,0.454,4837.0,138.283,4.60493,0.0969596,0.731145978,0.0558291,0.11,0.1,0.785,0.0938175
399954349,4593.02,5.25,1,11.6052,0.006,287.605703,49.523394,13.516,0.036,32.603,0.035,2458684.472,0.001636584,3.005192862,1.31e-05,1.811164777,0.36130047,0.80139,0.102066,737.8355831,94.001976,2.143435518,0.97001,185.282957,940.9761542,7.8623304,153.676,0.454,4837.0,138.283,4.60493,0.0969596,0.731145978,0.0558291,0.11,0.1,0.785,0.0938175
158555987,4594.01,72.99,0,11.8995,0.006,287.807212,43.188801,0.685,0.036,0.621,0.039,2459747.24,0.003165051,5.546081094,1.73e-05,2.750971147,0.16848858,2.303604,0.147881,2119.448576,136.19446,10.08322393,0.6277355,1504.947568,1588.547085,15.500086,847.299,14.2685,6963.86,138.256,4.07013,0.092063,1.889369965,0.0908442,0.032,0.015,1.53,0.263806
307809773,4599.01,2.13,1,7.89863,0.008,99.291543,17.56627,-764.522,0.088,337.802,0.075,2460284.446,0.000744,2.7694936,3.6e-06,1.031,0.101,0.77332,0.047223,712.0,43.4927,1.27326,0.0588576,21.8758,602.0,37.0,10.0055,0.00505,3807.0,157.0,4.77,0.01,0.47,0.01,,,0.463011,0.020376
307809773,4599.02,4.19,1,7.89863,0.008,99.291543,17.56627,-764.522,0.088,337.802,0.075,2460277.804,0.0006833,5.7060868,6.3e-06,0.863,0.15,0.891756,0.256535,821.0,236.25,1.89602,0.173003,20.536,593.0,28.0,10.0055,0.00505,3807.0,157.0,4.77,0.01,0.47,0.01,,,0.463011,0.020376
232608943,4600.01,37.59,1,11.8787,0.006,258.450367,64.566173,7.459,0.042,0.215,0.046,2459419.383,0.003923386,82.69014391,0.000879119,7.524029799,0.19026233,7.112644,0.149642,6529.576513,137.81633,6.823692468,0.4793511,3.315928178,344.1684282,48.16501,216.056,1.1645,5073.0,123.9,4.53,0.08,0.831915021,0.0509397,,,0.849,0.100353
232608943,4600.02,38.38,1,11.8787,0.006,258.450367,64.566173,7.459,0.042,0.215,0.046,2459751.599,0.003802978,482.8191,,10.85046866,0.34173322,7.548316,0.354101,6928.144617,326.08624,6.908775166,0.550251,48.38670836,672.6687765,27.898134,216.056,1.1645,5073.0,123.9,4.53,0.08,0.831915021,0.0509397,,,0.849,0.100353
467651916,4602.01,7.13,1,7.7746,0.006,60.600332,31.329835,-115.36,0.093,-192.354,0.062,2459476.737,0.000669015,3.981298548,7.47e-06,3.468200385,0.28828946,0.519901,0.015778,478.7322035,14.531725,2.566989366,0.9067503,603.675393,1264.214066,33.698437,63.0637,0.1994,6011.9,122.6,4.36,0.08,1.156640053,0.0530076,,,1.11,0.148627
437856897,4603.01,131.3,1,8.6554,0.006,83.865929,21.294242,0.171,0.079,-23.035,0.061,2460273.681,0.0013796,7.2455997,1.74e-05,2.734,0.708,1.201489,1.376511,1106.0,1267.01,14.2395,3.94491,1192.46,1637.0,29.0,225.643,2.458,6169.1,128.7,3.65,0.08,2.68,0.15,0.287,0.116,1.176,0.164146
27039476,4604.01,2.86,1,9.3928,0.006,76.44594,21.548199,30.712,0.098,-97.082,0.056,2460257.718,0.0239963,2.2251639,2.44e-05,1.545,0.772,0.308393,0.051981,284.0,47.875,1.50436,0.179303,348.601,1203.0,31.0,90.0562,0.49265,5509.0,121.7,4.5,0.08,0.92,0.05,,,0.97,0.123457
19155785,4605.01,19.77,0,10.2207,0.006,81.715698,18.419816,44.849,0.092,-33.859,0.066,2460254.351,0.0018305,3.1442556,8.9e-06,1.81,0.723,2.277003,0.300278,2095.0,276.528,4.69096,0.42444,685.022,1425.0,34.0,148.574,1.229,5691.0,162.2,4.45,0.08,1.0,0.05,,,1.013,0.134258
68577662,4606.01,108.41,1,9.31437,0.006,73.766793,18.654323,62.064,0.077,-48.245,0.051,2459522.949,0.0019656,11.1684037,1.26e-05,5.354,0.399,10.539198,0.002336,9660.0,2.15196,12.77,0.620274,312.155,1171.0,278.0,130.72,0.7635,5981.0,139.4,4.31,0.08,1.22,0.06,,,1.1,0.145955
1950736,4610.01,2.83,0,10.0745,0.006,79.04324,30.585072,-112.604,0.088,-71.913,0.06,2460307.729,0.0043055,3.1129681,1.71e-05,2.308,0.637,0.635342,0.045709,585.0,42.0986,1.5002,0.16511,151.507,977.0,16.0,47.914,0.1197,4104.0,124.6,4.57,0.11,0.69,0.07,,,0.64,0.0784044
284326455,4618.01,116.38,1,12.2341,0.006,99.897992,25.482401,-0.073,0.05,-33.237,0.043,2459475.982,0.000149248,3.799853582,1.43e-06,1.811491357,0.017473292,27.995351,0.208286,25455.08499,191.82011,13.26706229,1.129092,88.67126005,782.6461795,164.76524,143.651,0.581,4133.4,108.675,4.48806,0.100894,0.759374976,0.0643718,0.145,0.101,0.647,0.076851
56399553,4623.01,110.53,1,11.5476,0.006,62.670422,24.401656,16.452,0.102,-21.988,0.064,2459475.969,0.000112953,3.258831642,8.6e-07,2.222034641,0.014868765,24.978285,0.119449,22743.23375,110.01012,12.87148683,1.0703219,284.4141772,1047.387918,229.15514,178.475,1.3105,5387.06,142.59,4.58431,0.106817,0.817113996,0.0678241,0.282941,0.0188692,0.935,0.120793
89702406,4627.01,115.63,0,11.5252,0.006,127.649986,-58.528508,-2.6,4.9,29.1,4.4,2459264.712,0.001781292,23.14385513,9.78e-05,5.765946654,0.18023768,7.578633,0.239037,6955.873894,220.13669,13.21716686,4.9081216,36.20338893,625.6148603,38.276844,260.383,,5356.0,18.9,4.38,2.0,1.063560009,,,,,
404421005,4628.01,5.87,1,9.66562,0.006,202.01619,-15.937975,-98.674,0.098,-36.096,0.102,2458575.158,0.002009685,6.326680037,3.58e-05,2.031060115,0.5508015,0.565599,0.074486,520.8002154,68.6017,2.290155372,2.260206,195.7303563,953.9690748,7.731756,113.123,0.696,5673.0,135.223,4.46318,0.0785692,0.975382984,0.049706,,,1.008,0.130452
307958020,4633.01,12.26,1,8.3498,0.006,256.843102,62.475548,-23.056,0.046,-67.019,0.046,2458864.835,0.005028186,271.938639,0.006732476,11.12924664,0.3885244,0.524721,0.028353,483.1688883,26.114193,3.529592316,0.5558505,1.229546728,268.5690786,16.521877,95.2016,0.23835,5490.04,148.457,4.02198,0.0885438,1.581900001,0.0978291,0.237922,0.0124109,0.96,0.124546
17150865,4634.01,34.95,0,12.5065,0.011,64.644978,19.179039,10.725,0.065,-2.569,0.042,2460232.413,0.0021584,0.8706763,6e-07,1.007,0.155,2.022438,0.071435,1861.0,65.792,6.52133,0.423479,1486.34,1729.0,29.0,568.754,9.298,6121.0,156.078,4.16573,0.0953664,1.47,0.09,-0.0665579,0.0135413,1.16,0.160438
337129672,4635.01,103.05,0,10.6029,0.006,33.630248,8.079261,122.405,0.11,-203.403,0.127,2460209.919,0.000270543,49.10770474,0.000396222,2.940231928,0.02597165,30.974135,0.256645,28125.14521,236.35126,12.35063718,0.9999361,3.16343893,340.1414927,90.2659,75.3511,0.3932,4358.0,115.996,4.55296,0.098456,0.722450018,0.0581784,,,0.68,0.0790813
405484221,4636.01,55.02,0,15.7488,0.009,56.730555,24.187804,20.298,0.457,-43.964,0.239,2459454.509,0.003254087,42.82891524,0.00427197,2.324852619,0.28903484,97.264925,8.178772,85688.82045,7504.626,8.539416006,0.7230957,0.288475375,186.9161969,11.763273,136.79,3.8355,3090.0,159.0,4.93803,0.00249581,0.289034009,0.010993,,,0.264156,0.0215732
58824746,4638.01,7.86,1,10.7434,0.006,12.820663,12.787986,5.34,0.126,-13.309,0.056,2459449.354,0.005462644,10.28295825,0.002012642,3.534891558,0.6153171,0.939704,0.105482,865.1246457,97.14795,2.718671635,1.2306396,87.40189959,779.8300521,8.948416,168.248,1.7425,5700.0,130.62,4.54131,0.0794487,0.894563019,0.0439874,,,1.015,0.130915
436873727,4641.01,69.06,1,7.1323,0.006,42.558202,25.333533,61.564,0.099,-19.888,0.089,2460239.909,0.0005067,22.09339218,1.94e-05,5.409507616,0.034828953,2.863168,0.050653,2633.600911,46.651608,9.760329341,0.37578428,192.5802083,950.1073168,53.175365,86.3501,0.4789,6798.4,109.0,4.11,0.08,1.754490018,0.0650955,,,1.46,0.248129
257774438,4648.01,7.0,1,8.97055,0.006,16.46252,11.753717,55.296,0.107,67.12,0.105,2459461.181,0.005194706,15.38866066,0.000156277,4.330064328,0.44330654,0.442099,0.045321,407.1050545,41.741627,2.538263769,0.2395857,87.10692158,779.1712437,8.780687,101.321,0.6285,6101.0,127.896,4.44514,0.0824554,1.062299967,0.0498995,,,1.147,0.156625
71401634,4669.01,28.48,0,13.1599,0.007,46.905585,-17.894406,-0.987,0.037,2.809,0.04,2459169.549,0.001666,0.2476684,2.85e-05,0.401,0.116,2.674202,0.074601,2460.0,68.7076,5.81442,,1087.04,1599.0,12.0,320.901,2.596,4886.0,122.0,4.59,,0.75,,,,0.8,
264460005,4683.01,93.35,0,12.9876,0.007,81.1665,1.757343,5.042,0.041,-19.948,0.035,2459194.816,0.0025733,3.0929206,1.83e-05,2.248,0.403,6.140886,0.010313,5640.0,9.49902,11.6629,0.750498,460.711,1290.0,14.0,757.235,15.262,5787.4,106.0,4.15,0.08,1.43,0.07,0.376,0.026,1.04,0.126391
268372005,4715.01,111.6,0,11.907,0.008,105.00193,-2.339506,-3.207,0.066,-0.582,0.058,2459214.765,0.0020006,6.4274159,3.42e-05,1.277,0.196,4.28625,0.018898,3940.0,17.406,12.9491,1.05624,41.0821,705.0,11.0,583.6,14.2765,6227.0,148.7,4.12,0.09,1.58,0.09,0.132,0.019,1.2,0.17028
142532090,4737.01,48.09,1,11.992,0.006,103.410508,-13.436384,11.298,0.061,-20.718,0.071,2459222.402,0.0050227,9.3202467,9.15e-05,4.963,0.533,2.391251,0.003517,2200.0,3.2391,7.8768,0.526547,250.474,1108.0,15.0,580.199,12.472,5916.0,160.0,4.02,0.08,1.67,0.09,,,1.077,0.144326
49705089,4759.01,71.54,1,12.2627,0.007,95.934296,-24.024654,0.599,0.028,7.779,0.04,2459226.012,0.0070672,9.6578504,0.0001249,5.943,0.619,2.500069,0.004627,2300.0,4.26169,9.98401,0.720278,258.473,1117.0,12.0,766.516,14.1815,5557.0,131.3,3.79,0.08,2.09,0.11,,,0.98,0.120076
100389539,4791.01,112.87,1,10.8961,0.006,109.388382,-19.828939,-14.285,0.048,6.141,0.048,2459246.158,0.001055,4.2809767,0.0001609,3.145,0.188,8.19559,0.002608,7520.0,2.402,13.0113,0.672296,445.261,1279.0,65.0,328.802,3.656,5964.0,130.5,4.13,0.08,1.49,0.07,,,1.093,0.140824
60074373,4817.01,99.87,0,14.6435,0.007,111.092717,-44.032701,-2.804,3.021,8.595,3.021,2459276.407,0.002877,3.190373,0.0012317,2.684,0.294,47.209741,0.080584,42550.0,74.2181,12.0669,0.719336,75.4043,820.0,11.0,,,3722.0,157.0,4.65,0.01,0.6,0.02,,,0.590457,0.0226727
332630868,4827.01,127.5,0,12.3805,0.006,136.943663,-17.051007,8.908,2.107,-3.021,2.106,2458525.418,0.0025285,736.5601487,0.0041739,4.183,0.205,3.915703,0.010499,3600.0,9.66992,13.9475,,0.0558395,,12.0,478.847,,5895.4,,,,1.31,,0.0510485,0.0810161,,
268439377,4829.01,82.68,0,13.1591,0.006,116.835959,-49.122453,1.335,0.033,2.225,0.034,2459279.26,0.0019606,0.9855374,3.8e-06,1.18,0.168,3.577961,0.00807,3290.0,7.43254,10.8393,,1493.99,1732.0,17.0,1007.8,19.7475,6198.4,88.5,4.02,,1.76,,-0.164454,0.0817319,1.19,
374200604,4838.01,42.05,0,11.869,0.007,158.073445,2.237845,-1.109,0.068,-19.544,0.066,2459525.795,0.000484569,0.760019018,9.62e-06,0.63873804,0.21088833,2.027429,0.149564,1865.588652,137.7442,7.290258938,5.471068,9667.922808,2529.024538,15.336781,515.491,12.07,5690.2,141.2,4.0,0.08,1.659989953,0.100274,0.252,0.036,1.01,0.126281
80029842,4840.01,15.48,0,12.2896,0.006,121.23238,-47.76813,-5.803,0.051,4.208,0.064,2459279.306,0.0058862,2.3992876,2.56e-05,2.545,0.418,1.281925,0.004326,1180.0,3.98393,4.05839,0.310778,1543.44,1746.0,10.0,502.28,6.543,6536.0,130.2,4.45,0.09,1.15,0.05,,,1.35,0.229447
418971787,4846.01,15.58,0,13.0246,0.006,120.497337,-35.061315,7.589,0.027,1.303,0.029,2459277.893,0.0037196,1.0638184,7.1e-06,3.191,0.39,3.501711,0.005209,3220.0,4.79803,4.08617,,4267.44,2251.0,18.0,282.469,1.3195,4963.0,122.0,4.63,,0.73,,,,0.82,
132534906,4849.01,50.15,0,12.5874,0.006,119.771898,-37.900646,1.578,0.032,20.622,0.037,2459277.979,0.0029725,3.0617364,1.97e-05,1.947,0.256,7.21147,0.017209,6620.0,15.85,8.08218,0.549472,583.235,1369.0,13.0,483.182,5.009,6783.0,131.6,4.62,0.09,0.98,0.04,,,1.46,0.248518
428685938,4856.01,45.63,0,14.379,0.007,180.231429,-23.634554,-60.995,0.121,38.976,0.059,2460022.855,0.001595616,14.4896397,0.003506,1.898,0.247,44.401089,0.103083,40070.0,94.9383,7.558,0.446523,1.21746,292.0,15.0,119.474,0.9925,3376.0,157.0,4.87,,0.35,0.01,,,0.339059,0.0205456
335590096,4860.01,60.97,1,13.7726,0.008,183.563961,-13.174841,-177.244,0.211,-5.516,0.165,2459304.246,0.0005869,1.5229985,7.04e-05,1.196,0.156,64.9419,0.113262,58060.0,104.313,8.99483,0.485033,37.1159,687.0,66.0,80.1423,0.643,3237.0,157.0,4.87,,0.35,0.01,,,0.337566,0.0205314
322807371,4862.01,71.3,1,11.6707,0.006,173.714867,-24.60548,23.791,0.063,-49.468,0.04,2459287.603,0.0024978,,,5.513,0.78,10.973431,0.011205,10056.0,10.32,9.93012,0.653946,172.857,1010.0,28.0,238.377,2.4135,5427.9,123.3,4.49,0.08,0.91,0.05,0.0162228,0.0654486,0.946,0.123492
358072664,4902.01,65.62,0,12.8989,0.006,138.943337,-60.291854,0.336,0.031,9.124,0.026,2459327.067,0.0035454,4.1934945,3.46e-05,1.873,0.33,2.946339,0.009913,2710.0,9.1303,9.49438,0.749546,137.464,953.0,9.0,727.548,8.3025,5541.0,131.8,4.01,0.08,1.63,0.09,,,0.98,0.123093
49254857,4914.01,107.2,1,11.6629,0.012,204.542672,-28.142921,-13.357,0.066,-15.313,0.057,2459317.273,0.0009292,10.5988743,0.0013519,1.638,0.205,14.119119,0.013039,12920.0,12.0092,12.6054,0.772646,18.1082,574.0,43.0,299.89,3.4375,5809.9,123.1,4.42,0.08,1.04,0.05,-0.166743,0.0825371,1.04,0.132074
454069765,4916.01,61.14,1,12.1137,0.006,176.240233,-38.139716,-21.126,0.046,-0.988,0.037,2459326.618,0.0036295,4.1197036,0.0007363,4.547,0.456,2.924566,0.002989,2690.0,2.75282,9.06392,0.541736,1047.58,1584.0,20.0,647.595,14.7305,5848.8,105.9,3.96,0.07,1.79,0.09,0.412489,0.0671756,1.06,0.133559
292797572,4934.01,111.19,0,12.6554,0.009,218.676874,-58.297303,-7.637,0.083,-8.874,0.088,2459355.677,0.0090147,2.8013515,3.86e-05,5.405,1.516,4.995001,0.34444,4590.0,317.191,12.9252,3.31566,28108.4,3607.0,15.0,824.376,21.544,7518.0,142.8,4.23,0.08,1.67,0.07,,,1.74,0.264689
319783554,4946.01,86.46,0,12.1164,0.008,205.145274,-63.742301,-6.418,0.038,-6.122,0.049,2459357.232,0.0043968,1.819376,2.88e-05,2.97,1.015,5.704216,0.088033,5240.0,81.078,11.1303,1.56849,12022.3,2917.0,12.0,664.284,14.649,7567.0,142.9,4.31,0.08,1.53,0.06,,,1.75,0.279985
277128619,4994.01,61.07,1,11.9545,0.006,283.132534,-78.43443,1.03,0.032,9.964,0.043,2459363.698,0.0017096,21.4921464,8.49e-05,4.199,0.211,6.490348,0.002299,5960.0,2.11749,9.09747,0.512649,22.7774,608.0,34.0,329.304,2.4985,5520.0,127.1,4.34,0.08,1.11,0.06,,,0.97,0.1204
282485660,5005.01,30.33,1,11.13,0.006,238.108194,-48.1451,-7.626,0.091,-24.688,0.062,2459377.176,0.0023907,6.3084728,3.53e-05,2.871,0.344,4.013777,0.004721,3690.0,4.3484,6.00429,0.358546,174.188,1012.0,22.0,207.891,1.978,5840.0,125.0,4.48,0.08,0.97,0.05,,,1.05,0.132959
361711730,5027.01,88.06,1,10.9097,0.006,243.885021,-69.217097,-22.023,0.031,-31.99,0.04,2459387.004,0.0011595,10.2436729,2.79e-05,2.999,0.286,10.265151,0.328213,9410.0,302.25,11.2818,1.9152,190.912,1035.0,50.0,204.429,1.0515,5845.9,122.8,4.5,0.08,0.96,0.05,-0.290904,0.0754052,1.06,0.130457
243244680,5065.01,26.22,1,9.66896,0.006,136.574193,19.402057,45.492,0.06,-41.791,0.045,2459575.852,0.0007485,19.4921473,7.9e-06,3.568,0.061,1.847322,0.000116,1700.0,0.107002,5.50689,0.255766,31.9085,662.0,86.0,181.69,1.286,6128.0,124.1,4.23,0.08,1.36,0.06,,,1.158,0.154946
117275513,5067.01,11.23,1,11.7421,0.006,130.878348,24.422956,1.18,0.058,-34.594,0.037,2460276.929,0.0026616,4.6886342,5.8e-06,2.651,0.107,1.596119,0.031244,1469.0,28.776,3.36071,0.226598,133.083,946.0,57.0,201.856,1.4895,4954.0,129.1,4.47,0.09,0.87,0.06,,,0.816,0.0935
366631954,5068.01,8.99,1,11.1704,0.006,130.180046,10.982951,-65.162,0.088,1.417,0.062,2460277.078,0.001291,4.7369669,2.4e-06,2.58,0.099,1.344974,0.032438,1238.0,29.8764,2.93924,0.156577,307.522,1166.0,93.0,154.83,1.246,5069.2,124.4,4.46,2.0,0.79,0.04,0.155,0.024,0.878,0.107425
319968129,5070.01,43.69,0,10.3879,0.006,95.305914,20.878513,-10.55,0.084,3.158,0.07,2460285.33,0.0028419,6.216994,2.58e-05,2.759,0.875,2.238923,0.347453,2060.0,319.965,7.46488,0.71325,699.959,1432.0,24.0,286.43,3.519,6304.0,199.3,4.16,0.1,1.54,0.07,,,1.238,0.211342
307733361,5071.01,11.71,1,10.0121,0.006,129.601086,20.106007,-36.144,0.108,-13.014,0.061,2460284.309,0.0012089,1.6739029,7e-07,1.355,0.117,0.937395,0.024251,863.0,22.3356,3.44449,0.189317,757.167,1461.0,20.0,188.959,2.4405,6115.5,141.5,4.33,0.09,1.22,0.06,0.28076,0.0100895,1.153,0.168413
7059054,5072.01,44.07,1,12.244,0.007,126.936662,17.579327,-13.871,0.062,-14.712,0.04,2460255.017,0.0081182,5.185768,1.64e-05,2.356,0.166,14.209318,0.555583,13002.0,511.58,7.50399,0.660588,126.877,935.0,256.0,169.398,1.0545,4664.8,144.3,4.68,0.11,0.65,0.06,0.110723,0.0130056,0.74,0.0906058
23113034,5075.01,21.87,0,8.3482,0.009,60.838304,25.343808,-12.418,0.115,-5.113,0.07,2460256.342,0.0014298,1.7134571,4.8e-06,1.433,0.448,0.385505,0.028126,355.0,25.9045,4.95462,0.283062,4181.14,2240.0,19.0,246.968,5.4675,8638.0,152.9,3.93,0.07,2.64,0.09,,,2.16,0.320039
303432813,5076.01,9.44,1,9.9909,0.006,50.510417,17.239209,168.793,0.081,-175.975,0.065,2460250.881,0.003289,23.4428912,0.0001199,4.392,0.276,1.763581,0.063932,1623.0,58.8818,3.02618,0.265056,12.8373,527.0,21.0,82.857,0.30515,4794.4,151.4,4.47,0.11,0.85,0.07,0.299,0.1,0.77,0.0950006
69672493,5079.01,5.59,0,9.642901,0.006,77.394839,24.324493,75.031,0.078,-186.132,0.05,2460257.097,0.001873,1.4920726,4.7e-06,1.594,0.315,0.98521,0.055807,907.0,51.3985,2.23482,0.160056,654.339,1409.0,22.0,77.3109,0.24775,5125.0,124.0,4.56,0.08,0.81,0.05,,,0.86,0.100986
17409453,5080.01,41.69,1,12.9285,0.009,66.236364,18.827362,25.965,0.052,-13.642,0.038,2460243.191,0.0079088,9.72665,2.46e-05,4.584,0.529,2.485922,0.090245,2287.0,83.1154,7.23871,0.399353,361.739,1214.0,21.0,491.242,6.9575,5583.6,118.3,4.11,0.08,1.45,0.07,0.348445,0.0130817,0.99,0.125784
203214138,5081.01,63.22,1,10.5649,0.007,134.69028,20.868979,-2.621,0.078,-29.697,0.05,2460280.381,0.0139915,5.1699026,3.11e-05,1.972,0.094,3.381901,0.001253,3110.0,1.15401,9.23587,0.555516,562.184,1356.0,79.0,306.57,4.5895,6283.4,149.9,4.18,0.09,1.48,0.08,-0.303,0.009,1.23,0.18029
437011608,5082.01,7.56,1,7.6253,0.006,106.569578,22.683148,-92.348,0.08,-78.817,0.07,2460284.803,0.0008711,4.2403543,7.4e-06,2.353,0.354,0.914575,0.028013,842.0,25.8007,2.64301,0.127163,255.637,1113.0,31.0,43.1406,0.0966,5670.0,110.1,4.5,0.07,0.93,0.04,0.09,0.1,1.01,0.127915
5882269,5083.01,11.44,1,12.0394,0.006,79.140797,20.254903,25.0,0.082,-45.938,0.059,2460251.751,0.00306,4.7948642,6.3e-06,2.245,0.325,2.478305,0.118453,2280.0,109.093,3.3985,0.328165,118.638,919.0,30.0,107.272,0.4995,4072.0,123.7,4.62,0.11,0.65,0.06,,,0.637,0.0816038
178217113,5086.01,115.59,1,11.0514,0.006,127.578723,22.235919,-14.196,0.077,1.046,0.05,2460256.813,0.0002002,2.9956366,2e-07,2.287,0.078,8.47787,0.049357,7778.0,45.4583,13.1937,0.714035,963.566,1552.0,128.0,348.646,6.2145,6135.5,142.0,4.21,0.09,1.4,0.08,0.0284445,0.0105308,1.162,0.160956
18310799,5087.01,13.58,1,10.1192,0.006,67.412861,22.882567,82.874,0.134,-35.617,0.077,2460253.013,0.0021694,17.3070631,1.58e-05,3.646,0.202,2.074651,0.056537,1909.0,52.0714,3.7275,0.296614,31.2616,658.0,64.0,59.2474,0.1871,4230.6,104.4,4.48,0.09,0.77,0.06,-0.002,0.033,0.66,0.0792569
330687113,5089.01,27.44,1,10.999,0.009,136.489426,16.325515,-9.238,0.082,-9.538,0.059,2459503.124,0.001239933,5.113835036,2.27e-05,2.455678675,0.29312152,1.401912,0.075966,1290.375031,69.96525,5.670863357,1.1660464,832.2294086,1369.873657,16.5122,371.823,6.419,6315.7,140.9,4.17,0.09,1.508759975,0.0786156,0.14626,0.0061105,1.24,0.18688
184892124,5090.01,83.21,1,16.0573,0.008,130.664165,19.41436,-36.805,0.226,-13.133,0.131,2459500.669,0.000427963,1.982804125,5.28e-06,1.113938614,0.06482997,153.832089,5.58195,132105.0435,5127.973,10.89107018,0.5742868,20.61703971,543.4709395,28.9368,185.731,4.86,3213.0,157.0,4.93347,0.00109246,0.293047011,0.0116176,,,0.268704,0.0219432
63189173,5093.01,123.0,1,12.8033,0.006,118.48315,23.938219,-23.655,0.039,-1.467,0.022,2459501.002,0.000129902,2.298405789,8.82e-07,2.087318562,0.021480763,34.002395,0.201213,30832.05373,185.30644,13.70588688,1.0186243,203.7820374,963.6320245,187.14374,202.152,0.948,4221.54,100.121,4.45733,0.0928819,0.794583976,0.0584924,-0.011483,0.0318496,0.66,0.0799454
19028197,5094.01,16.01,1,10.2479,0.007,119.773502,15.391209,-185.734,0.106,-57.263,0.06,2459500.536,0.000115135,3.336651063,1.29e-06,1.858003384,0.03204808,7.370914,0.046777,6765.870433,43.08213,4.130507815,0.15417208,29.65837591,595.1913226,169.63156,29.4214,0.05075,3552.0,157.0,4.74,0.01,0.499698013,0.0149283,,,0.497757,0.0203467
434226736,5095.01,16.52,1,13.0275,0.008,63.273935,15.247703,122.148,0.223,-18.337,0.118,2459501.775,0.000439765,3.484554324,4.62e-06,0.915860065,0.064584024,14.983507,1.155232,13705.5318,1063.4423,4.208319325,1.2849267,9.504140723,447.8143065,20.878653,44.9565,0.16585,3204.0,157.0,4.93668,0.00702832,0.290215999,0.00869257,,,0.265494,0.0201666
26826078,5096.01,86.01,1,10.2832,0.006,111.91643,24.336119,-4.985,0.068,-96.235,0.06,2460285.253,8.1e-05,2.8753183,4e-07,1.615,0.037,26.015087,0.058062,23676.0,53.4753,11.1331,0.873749,85.1168,846.0,216.0,71.0374,0.19885,4604.0,127.2,4.64,0.1,0.68,0.05,0.21104,0.0887045,0.73,0.0866324
203214081,5097.01,4.79,1,11.5219,0.007,134.718851,21.074796,175.512,0.103,-318.469,0.067,2460261.803,0.002404528,5.7459945,6.1e-06,1.185,0.127,3.970187,7.1e-05,3650.0,0.0651263,2.06081,0.0618536,3.99828,393.0,21.0,27.9276,0.04505,3413.0,157.0,4.91,,0.32,0.01,,,0.294283,0.0201546
366410512,5101.01,25.49,1,11.6718,0.008,126.488211,11.511093,-15.968,0.073,-9.524,0.048,2460247.82,0.0031022,10.1367283,1.16e-05,5.341,0.689,1.150404,0.044427,1059.0,40.9179,5.44119,0.285221,992.258,1563.0,24.0,518.625,11.2775,6283.0,128.818,4.17177,0.086253,1.51,0.07,,,1.23,0.184813
97735297,5107.01,28.51,0,9.4098,0.02,92.674931,31.328397,-3.453,0.332,-2.91,0.269,2459547.91,0.0033759,1.8354365,0.0001606,1.633,0.382,0.33663,0.001118,310.0,1.02976,5.7988,0.788472,6809.52,2530.0,13.0,650.943,82.0725,9758.0,344.1,3.8,0.12,3.27,0.39,,,2.49,0.34668
350348197,5108.01,32.81,1,9.18458,0.006,166.269504,11.246407,67.555,0.108,-46.579,0.111,2460285.357,0.0011628,6.7535728,2.26e-05,2.173,0.21,1.890826,0.064238,1740.0,59.1636,6.28796,0.328078,122.785,927.0,39.0,130.919,1.679,5880.0,130.1,4.22,0.08,1.32,0.07,,,1.065,0.138975
239977528,5110.01,87.58,1,10.2592,0.006,94.404269,31.610331,-6.299,0.082,-1.756,0.068,2460227.48,0.002712,30.1584857,0.000152,3.852,0.199,2.492452,0.099261,2293.0,91.4186,11.2128,0.618438,15.1027,549.0,23.0,392.259,8.099,6083.0,149.4,3.74,0.09,2.38,0.12,,,1.139,0.16475
203289099,5111.01,4.35,1,11.7538,0.007,136.361492,21.668589,14.473,0.08,-25.94,0.057,2460280.324,0.0042669,3.3557219,6.6e-06,1.599,0.088,1.196054,0.026356,1101.0,24.2749,1.9149,0.0624086,37.2966,688.0,41.0,75.1691,0.30675,3807.0,157.0,4.68,0.01,0.56,0.02,,,0.555026,0.0204108
75427473,5119.01,12.8,0,8.96861,0.006,85.222404,25.872525,20.218,0.095,20.66,0.073,2460258.206,0.0078513,1.4713984,1.75e-05,3.028,0.453,0.256264,0.014971,236.0,13.7886,3.62613,,2280.57,1925.0,16.0,179.327,1.703,5110.7,14.5,,,2.66,,-0.264,0.013,,
366568760,5121.01,73.47,1,11.6522,0.007,127.762837,10.847557,-1.278,0.107,-6.778,0.067,2460269.511,0.0066926,8.4071591,2.23e-05,5.002,0.226,0.578852,0.024446,533.0,22.5152,10.1248,,114.149,910.0,16.0,878.43,49.94,4642.6,29.9,,,4.71,,0.313,0.028,,
332022997,5123.01,6.84,1,11.1983,0.006,132.16988,20.455016,-4.872,0.074,-15.641,0.044,2459501.145,0.00123152,3.281029861,1.58e-05,1.973485429,0.3763437,1.264103,0.093868,1163.604026,86.45212,2.504482632,1.9360542,161.2475751,908.8517497,11.232783,123.438,0.71,4783.6,103.0,4.59,0.08,0.735345006,0.0434171,-0.023,0.026,0.772,0.0891363
332022997,5123.02,9.38,1,11.1983,0.006,132.16988,20.455016,-4.872,0.074,-15.641,0.044,2459572.872,0.0019385,8.43889971,6.15e-05,2.52740408,0.36365741,1.378895,0.155721,1269.203073,143.41447,3.016125511,0.46864223,45.75715376,663.3374243,7.91934,123.438,0.71,4783.6,103.0,4.59,0.08,0.735345006,0.0434171,-0.023,0.026,0.772,0.0891363
306902029,5124.01,53.46,0,10.4406,0.014,98.039425,17.38055,7.881,0.079,-4.025,0.067,2459549.902,0.0034951,1.0754572,8.38e-05,1.832,0.258,0.749417,0.000902,690.0,0.830544,8.40705,0.567744,3593.53,2156.0,22.0,588.788,17.201,6290.0,152.2,3.49,0.09,3.29,0.18,,,1.23,0.179822
27064468,5126.01,17.98,1,9.56225,0.006,151.659783,18.634063,-54.591,0.101,-10.621,0.092,2460282.115,0.0042282,5.4589863,7.8e-05,3.39,0.164,1.336278,0.000503,1230.0,0.463667,4.40571,0.225116,402.195,1247.0,32.0,160.414,1.598,6223.0,130.6,4.33,0.08,1.24,0.06,,,1.201,0.164762
27064468,5126.02,9.39,1,9.56225,0.006,151.659783,18.634063,-54.591,0.101,-10.621,0.092,2460258.339,0.0094753,17.9051919,0.0002375,4.555,0.739,0.837425,0.046776,771.0,43.0811,3.00633,0.193885,76.5725,824.0,14.0,160.414,1.598,6223.0,130.6,4.33,0.08,1.24,0.06,,,1.201,0.164762
312221462,5133.01,41.2,0,10.3703,0.029,88.396157,33.232368,-3.125,0.104,-3.281,0.082,2459507.391,0.0051778,30.4408598,0.000641,4.586,1.174,1.629827,0.028341,1500.0,26.1023,7.19468,0.989414,371.746,1223.0,12.0,404.955,8.775,8158.9,134.1,4.34,0.09,1.58,0.1,-0.171,0.017,1.99,0.311066
95010343,5134.01,8.13,0,9.16636,0.006,114.312857,24.515713,-20.777,0.074,-17.203,0.061,2460272.399,0.0034227,6.880459,3.88e-05,2.037,0.391,0.48326,0.035482,445.0,32.68,2.77633,0.170915,123.942,929.0,10.0,149.969,0.9485,6474.0,128.7,4.32,0.09,1.31,0.06,,,1.319,0.211935
172110606,5135.01,10.93,0,8.96147,0.006,97.83249,32.39678,64.652,0.07,-10.055,0.057,2460310.709,0.0016921,2.0197299,5.5e-06,2.563,0.588,0.462622,0.017488,426.0,16.1069,3.29943,0.183988,1353.12,1689.0,31.0,152.97,0.912,5810.0,139.5,3.96,0.08,1.77,0.09,,,1.045,0.133942
175236511,5136.01,7.79,1,12.0789,0.007,129.813701,23.357437,13.176,0.07,-10.366,0.047,2459550.097,0.0039616,7.8092052,1.71e-05,3.393,0.534,0.521278,0.00011,480.0,0.101394,2.70889,0.135045,230.628,1085.0,15.0,446.821,8.546,5906.9,108.1,4.3,0.08,1.22,0.06,-0.063,0.041,1.07,0.1433
38087018,5138.01,106.61,1,14.6026,0.007,169.632755,-1.774058,-28.15,0.078,21.666,0.058,2459526.192,0.000779381,1.729268124,5.25e-06,1.827809907,0.1063093,25.311606,1.06172,23043.20552,977.4027,12.6001269,0.57371575,313.9308182,1073.564736,24.345505,495.317,10.556,4377.0,122.0,4.50156,,0.766494989,,,,0.68,
350020859,5141.01,38.98,1,8.74761,0.006,154.671098,10.128846,5.348,0.079,-42.449,0.071,2459556.003,0.001643715,11.81417262,0.000711305,5.564935226,0.14044397,1.635149,0.03764,1504.894167,34.66735,6.972493222,0.58439887,275.6427299,1039.217341,34.01303,132.345,0.8035,5609.0,128.932,3.93083,0.0760211,1.785979986,0.0933392,,,0.992,0.125112
393495970,5142.01,106.94,1,11.0658,0.008,160.602369,7.435077,-32.17,0.079,-1.165,0.067,2459576.374,0.0002262,1.755428535,1.7e-05,1.772998636,0.021282302,16.097077,0.144361,14716.59227,132.95274,12.62298499,0.7464507,867.7365296,1384.256972,87.35919,185.932,1.469,5306.0,130.7,4.43,0.08,0.965222001,0.0564422,,,0.91,0.109865
281885301,5145.01,35.45,1,12.3049,0.007,174.960254,0.603596,-18.788,0.104,4.415,0.066,2459554.042,0.002273397,7.917785529,0.000612804,3.150639045,0.20482807,6.69833,0.276704,6150.398431,254.82172,6.593078569,0.72927785,88.70662597,782.7242061,22.755013,289.827,5.5745,5322.0,104.314,4.5528,0.0768234,0.840475976,0.0425352,0.05,0.1,0.92,0.113896
173103335,5146.01,5.12,1,10.5459,0.007,172.335371,-1.455136,94.034,0.094,-78.139,0.057,2459528.179,0.002452629,10.05460031,5.45e-05,2.640620986,0.40308276,1.435227,0.110152,1321.020031,101.448135,2.112866621,0.54714215,11.54856367,470.166566,9.39614,44.0727,0.10815,3920.0,157.0,4.6932,0.00973992,0.550855994,0.0164328,,,0.546024,0.0203319
40954422,5150.01,126.51,0,10.0768,0.006,301.393952,39.588455,-1.886,0.046,2.989,0.047,2460336.484,0.0020682,1.7578288,5.3e-06,3.218,0.39,2.299852,0.673244,2116.0,619.888,13.9433,1.9048,29799.8,3660.0,40.0,434.304,5.3045,6640.0,178.4,3.76,0.09,2.59,0.11,,,1.396,0.248221
257527578,5152.01,92.86,1,10.6509,0.008,46.292637,-21.933647,19.845,0.08,-1.076,0.082,2459084.832,0.0841835,54.3212423,0.007034,4.024,0.721,4.033392,0.007007,3708.0,6.4541,11.6348,0.753551,6.76453,449.0,16.0,382.898,7.296,6207.0,129.4,3.99,0.08,1.82,0.09,,,1.19,0.167014
124029677,5153.01,89.82,1,11.215,0.007,91.54032,-19.953444,8.695,0.041,-34.562,0.059,2459197.093,0.0017019,20.9108406,6.69e-05,4.478,0.243,6.464135,0.002134,5936.0,1.96593,11.3547,0.545364,49.5559,739.0,34.0,390.484,4.457,6408.0,125.6,4.27,0.09,1.38,0.06,,,1.29,0.198849
388811663,5155.01,8.39,1,11.7603,0.006,18.424101,3.097073,162.635,0.086,31.577,0.07,2459456.73,0.003599428,9.795653526,8.22e-05,2.707309167,0.906212,1.775321,0.233141,1633.795371,214.70784,2.823759908,3.3757446,21.964027,552.1381323,7.801178,109.218,0.9235,4147.0,124.6,4.55,0.11,0.706632018,0.0674497,,,0.649,0.0794256
60286662,5162.01,38.51,1,13.2027,0.007,125.223914,16.090796,9.738,0.068,-34.554,0.034,2459504.355,0.002527873,8.562328894,6.07e-05,3.096168469,0.4399975,4.702143,0.379706,4321.46949,349.6607,6.92239107,1.2588531,133.8066806,867.4395087,11.320312,564.454,13.7,5545.3,88.6,4.41,,1.023040056,,-0.422,0.086,0.98,
115010361,5163.01,22.59,1,11.6271,0.007,201.616856,-2.281902,-38.804,0.067,-4.082,0.053,2459674.578,0.0036536,15.4658691,3.93e-05,3.16,0.279,2.587132,0.001254,2380.0,1.15527,5.07911,0.266584,33.0649,668.0,27.0,268.515,3.679,5480.8,106.3,4.41,0.08,1.02,0.05,-0.232,0.028,0.96,0.126936
6892385,5164.01,11.68,1,11.2089,0.006,125.420299,13.497512,6.963,0.065,-4.878,0.04,2460256.367,0.0150878,8.2669589,5.23e-05,3.328,0.529,1.42977,0.063713,1316.0,58.6805,3.44807,0.224015,140.125,958.0,82.0,197.989,1.5425,5411.1,139.0,4.49,0.09,0.92,0.05,0.32768,0.0150921,0.941,0.119116
363548415,5168.01,22.86,1,11.9186,0.006,171.515187,1.230624,3.434,0.066,-26.977,0.057,2459528.162,0.002821229,6.7713411,8.4e-06,2.836,0.368,3.185877,0.0014,2930.0,1.28903,5.07965,0.345574,144.17,965.0,31.0,249.645,2.465,5231.0,137.3,4.49,0.09,0.89,0.06,0.13,0.1,0.89,0.109648
330690135,5170.01,28.01,1,11.5559,0.007,136.789275,15.205677,-5.996,0.076,-10.886,0.059,2459558.616,0.004437971,14.75650149,0.001687662,4.937503318,0.37319934,2.433126,0.14796,2238.483003,136.26735,5.739561697,0.9270195,102.1266495,810.7827881,12.945139,343.99,5.1565,5790.7,105.0,4.3,0.07,1.201740026,0.0541709,0.118188,0.0272167,1.04,0.134105
98669309,5173.01,111.88,1,14.1768,0.008,186.085306,-6.378954,-18.592,0.079,-14.043,0.046,2459552.707,0.003681751,4.00357733,0.000887978,2.095815328,0.29475176,15.609307,1.237897,14273.85131,1139.4954,12.96278785,1.9405705,365.8185403,1115.414222,10.604074,876.565,27.908,5318.0,122.0,4.33106,,1.084920049,,,,0.92,
49428710,5174.01,20.7,1,10.6309,0.007,174.109497,-2.023351,6.788,0.085,-70.792,0.054,2459527.297,0.00232198,12.21933924,6.69e-05,4.887693533,0.27608815,1.814838,0.080292,1670.131063,73.94849,4.804545841,0.42492387,100.9111624,808.3726382,19.858253,197.243,2.1815,5643.77,110.947,4.35958,0.0736267,1.094570041,0.0513442,0.415,0.02,1.0,0.125268
149969625,5178.01,10.32,1,10.7875,0.006,184.900488,0.968327,29.168,0.098,-14.59,0.072,2459560.413,0.003892966,14.06660141,0.005214573,2.707837251,0.75385404,1.576357,0.20343,1450.825031,187.34854,3.190877669,2.8080952,37.08194988,629.3763076,7.6214685,134.591,1.189,5141.67,104.391,4.53051,0.0751918,0.837606013,0.0416307,0.105,0.043,0.868,0.101607
28643432,5184.01,79.16,0,11.649,0.009,282.699884,34.494757,-7.173,0.039,-7.145,0.045,2459418.221,0.001655,2.2751393,1.11e-05,2.087,0.591,3.643322,0.008163,3350.0,7.51845,10.5509,0.714627,1207.23,1642.0,24.0,504.97,6.169,5810.0,123.9,3.99,0.08,1.71,0.08,,,1.04,0.13
193628179,5198.01,115.07,0,11.9993,0.008,266.562261,46.498341,6.191,0.042,-10.148,0.047,2459415.349,0.0007658,3.2623468,8.3e-06,2.91,0.215,9.312006,0.0025,8540.0,2.30303,13.2175,0.746512,689.893,1427.0,71.0,504.372,5.6395,5957.4,142.7,4.18,0.08,1.41,0.08,0.341,0.032,1.09,0.140991
298049015,5199.01,104.0,0,14.9652,0.008,185.336268,81.647682,-3.769,0.098,3.148,0.076,2459438.721,0.0047744,3.9131371,0.0006544,1.846,0.355,41.904324,0.25688,37860.0,236.567,12.4444,1.12235,25.4932,625.0,10.0,372.355,6.7285,3773.0,157.0,4.64,0.01,0.62,0.02,,,0.603055,0.0212929
419411415,5205.01,85.22,1,13.6136,0.009,313.770682,24.360977,41.772,0.079,52.161,0.075,2459443.471,0.0005016,1.6306523,5.68e-05,1.202,0.083,76.518468,0.040249,68050.0,37.07,11.1125,0.428663,30.1966,653.0,84.0,86.4493,0.41585,3262.0,157.0,4.83,,0.4,0.01,,,0.388752,0.0203937
424699834,5212.01,93.8,0,12.8257,0.007,294.459175,58.986723,-7.142,0.038,-12.713,0.03,2459826.176,0.003511263,2.401140656,0.000132574,3.692641101,0.25668642,3.47338,0.300334,3193.989304,276.5797,11.6862609,5.5325575,1918.620188,1687.978855,18.24495,790.407,9.6785,5911.0,129.0,4.11,0.08,1.508780003,0.0740277,,,1.08,0.130424
259172249,5218.01,64.64,1,14.5179,0.007,292.663464,71.762961,7.893,0.043,17.451,0.052,2459825.392,0.001491764,4.291487861,9.49e-05,2.346265572,0.13660301,21.027518,0.82401,19180.72338,758.653,9.387578092,0.6077101,49.17921105,675.4063492,23.207605,377.483,3.627,3937.0,157.0,4.59,0.01,0.675706983,0.0205381,,,0.646066,0.0205255
105387356,5231.01,76.61,0,11.4186,0.017,300.767548,31.059697,2.811,0.039,-5.302,0.05,2459445.816,0.0058876,1.5163046,2.22e-05,3.619,0.489,1.281925,0.00354,1180.0,3.26034,10.3854,0.792852,7863.45,2623.0,12.0,876.326,22.547,6529.0,165.8,3.58,0.09,3.11,0.15,,,1.35,0.235575
69356857,5232.01,112.16,1,11.7791,0.009,294.337425,35.276493,-14.119,0.039,-35.952,0.04,2459440.07,0.0013954,4.0966887,1.85e-05,4.557,0.195,6.119048,0.001928,5620.0,1.7761,12.9734,0.639339,1193.86,1637.0,26.0,609.388,8.6305,6212.0,128.4,4.04,0.08,1.74,0.08,,,1.2,0.168151
219016883,5238.01,21.48,1,11.637,0.006,223.358891,68.859472,-7.542,0.037,-18.493,0.032,2459661.516,0.0013815,4.8721904,1.11e-05,2.584,0.15,2.369489,0.000747,2180.0,0.68771,4.89644,0.255533,195.925,1042.0,25.0,290.646,1.5395,5430.5,134.1,4.42,0.08,1.02,0.05,,,1.0,0.127538
185226925,5257.01,112.25,0,12.1624,0.012,301.240411,46.707217,0.04,0.045,-4.161,0.046,2459790.753,0.0067541,3.1979646,3.31e-05,5.69,0.851,2.238923,0.176029,2060.0,162.116,12.9757,4.17196,3205.65,2096.0,17.0,1021.21,29.701,5990.0,139.8,3.54,0.09,2.93,0.17,,,1.1,0.145949
147895461,5258.01,70.79,0,12.4322,0.006,163.757949,67.043652,11.007,0.032,5.387,0.035,2459445.918,0.0016045,0.5919629,2.1e-06,1.0,0.116,2.663318,0.004165,2450.0,3.83586,9.90447,0.622673,3301.1,2111.0,18.0,908.659,17.7455,6337.0,123.6,4.0,0.09,1.85,0.09,,,1.25,0.192077
326347927,5260.01,14.88,0,11.9625,0.006,303.964054,21.899468,8.839,0.042,21.922,0.042,2459445.564,0.0118663,7.2617331,0.0002188,6.258,1.237,1.423247,0.006228,1310.0,5.73631,3.97249,0.406198,306.111,1165.0,9.0,256.473,2.2245,4780.0,131.1,4.25,0.09,1.09,0.08,,,0.771,0.0901005
274122380,5262.01,15.0,0,11.8225,0.006,298.455751,42.967308,2.555,0.04,12.077,0.042,2459444.494,0.0063583,2.873138,3.39e-05,2.908,0.566,1.347148,0.005053,1240.0,4.65408,3.97027,0.326139,953.868,1548.0,10.0,355.201,2.954,5856.0,131.0,4.37,0.08,1.11,0.05,,,1.058,0.132052
202468443,5268.01,103.86,0,14.5982,0.007,229.00618,62.718259,-9.674,0.103,-20.267,0.116,2459690.597,0.00012,2.0685871,1e-06,0.598,0.0,42.130039,0.001277,38060.0,1.17599,12.5176,0.383319,6.13725,438.0,28.0,97.0798,0.5954,3162.0,157.0,4.92,,0.31,0.01,,,0.284947,0.020289
172871230,5273.01,48.58,0,12.2794,0.006,299.878862,41.742074,-8.779,0.058,-17.725,0.055,2459442.295,0.0027177,3.4100261,1.98e-05,2.233,0.265,5.660559,0.008829,5200.0,8.13195,7.9526,0.515343,406.598,1251.0,15.0,437.517,6.3985,6109.0,170.1,4.43,0.08,1.08,0.05,,,1.15,0.161664
399956873,5283.01,60.35,0,11.7513,0.009,287.537943,52.288047,-4.527,0.057,0.688,0.054,2459831.192,0.002330773,6.949428,2.77e-05,2.725,0.207,3.316556,0.003031,3050.0,2.79174,9.02158,0.508686,208.013,1058.0,25.0,624.699,11.5895,6817.0,241.6,4.18,0.09,1.61,0.07,,,1.42,0.234928
250111245,5293.01,97.44,1,13.9766,0.006,355.828682,-2.045095,-16.78,0.113,0.39,0.059,2459466.497,0.0009681,2.9304371,0.0002822,1.73,0.087,56.639992,0.036549,50830.0,33.6627,11.8933,,31.8905,662.0,21.0,162.229,1.3055,3692.0,122.0,4.77,,0.5,,,,0.545,
241102583,5296.01,82.31,0,12.4323,0.007,328.978312,-0.937407,44.386,0.045,-7.432,0.051,2459820.898,0.0005478,1.7386091,3.7e-06,1.691,0.07,20.805346,0.660432,18980.0,608.095,10.8015,2.15843,444.5,1279.0,74.0,271.346,2.0485,5362.8,134.0,4.65,0.09,0.75,0.05,0.373,0.132,0.928,0.116726
58825110,5301.01,100.34,1,11.1893,0.007,12.990801,13.078371,5.761,0.088,-5.445,0.053,2459494.147,0.0017136,5.8588751,2.5e-05,3.581,0.201,2.924566,0.001333,2690.0,1.22771,12.1366,0.740487,429.794,1268.0,26.0,629.161,20.002,6418.0,133.4,3.82,0.09,2.31,0.13,,,1.29,0.204501
246965431,5319.01,13.78,1,12.0828,0.006,35.213556,23.520441,41.969,0.122,-86.743,0.084,2459884.042,0.003151656,4.0785273,1.7e-05,1.561,0.553,4.929559,0.04375,4530.0,40.2943,3.74681,0.617629,38.7885,695.0,24.0,61.171,0.2085,3580.0,124.3,4.77,0.18,0.48,0.07,,,0.5,0.0961848
16005254,5344.01,68.58,1,13.2239,0.007,63.266216,20.915157,40.291,0.1,-22.02,0.075,2459522.825,0.0011749,3.7927572,0.000182,1.47,0.096,26.865037,0.017872,24440.0,16.4604,9.66312,0.390388,13.7486,536.0,30.0,138.367,1.3235,3575.0,157.0,4.67,0.01,0.58,0.02,,,0.57434,0.0204236
113919944,5353.01,71.92,0,12.55,0.009,54.165272,19.565919,4.558,0.048,-14.963,0.03,2459524.202,0.0025809,1.2297408,0.0001024,1.234,0.139,4.373456,0.007153,4020.0,6.58768,9.99875,0.673167,1036.94,1580.0,8.0,647.462,10.3255,6186.6,135.1,4.19,0.09,1.45,0.08,-0.224,0.043,1.18,0.175127
366602797,5361.01,51.37,0,13.0581,0.008,76.575162,31.273775,-1.088,0.054,-7.303,0.032,2459523.395,0.0069489,1.3574339,0.0003208,2.315,0.373,3.676004,0.009167,3380.0,8.44277,8.22797,,3506.27,2143.0,16.0,703.628,13.5575,6332.0,122.0,4.25,,1.4,,,,1.25,
9155187,5373.01,94.95,1,11.4556,0.006,116.716387,39.094469,-21.525,0.074,-23.906,0.044,2459582.167,0.000546269,4.187837478,0.000184153,2.99059036,0.05615697,12.46514,0.150976,11415.16552,139.04398,11.76950648,0.6327308,397.4799328,1138.802866,72.59221,276.211,3.8655,5521.95,115.726,4.34199,0.0811434,1.10007,0.0542789,0.299,0.051,0.97,0.128046
241174783,5381.01,32.82,0,9.54224,0.006,116.368498,44.129824,2.341,0.073,-16.876,0.051,2459603.311,0.0036062,4.080286422,3.43e-05,1.478916487,0.57551175,0.561061,0.069129,516.622925,63.66809,6.300966993,7.320291,4280.323561,2062.950938,7.5044556,390.33,6.9965,6802.3,102.5,3.75,0.08,2.681849957,0.109739,-0.116,0.022,1.464,0.24407
407591297,5388.01,4.32,1,10.5737,0.007,152.176517,35.547557,192.536,0.065,133.121,0.058,2459630.896,0.0015028,2.594675,9.2e-06,0.313,0.218,1.16236,0.28321,1070.0,260.812,1.89426,0.558897,3.30231,375.0,10.0,18.5226,0.01665,3495.0,157.0,4.91164,0.00411282,0.31,0.01,,,0.291486,0.0202015
8260536,5398.01,86.64,1,9.58055,0.006,161.879557,36.329434,1.33,0.055,6.743,0.066,2459616.492,0.0004521,10.590923,0.0006842,4.105,0.076,11.230104,0.000596,10290.0,0.549075,11.1189,0.439777,118.413,919.0,81.0,130.855,0.682,6017.1,99.5,4.44,0.07,1.05,0.04,0.13,0.017,1.113,0.142779
8260536,5398.02,11.0,1,9.58055,0.006,161.879557,36.329434,1.33,0.055,6.743,0.066,2459628.618,0.0019911,4.7728997,0.0009118,2.906,0.316,0.999337,0.00109,920.0,1.00431,3.30213,0.172879,370.603,1222.0,16.0,130.855,0.682,6017.1,99.5,4.44,0.07,1.05,0.04,0.13,0.017,1.113,0.142779
115564354,5418.01,7.06,0,11.6985,0.006,84.006338,32.316823,9.888,0.085,-12.72,0.067,2459550.466,0.0030904,1.6421819,1.44e-05,2.459,0.37,1.194967,0.002255,1100.0,2.07706,2.54445,0.190702,1746.99,1801.0,18.0,205.719,2.2795,5627.0,220.5,4.64,0.09,0.79,0.04,,,0.997,0.134612
436099179,5424.01,38.0,0,12.5284,0.007,83.837234,12.115939,-7.404,0.067,-1.81,0.053,2459548.985,0.0024655,0.8999342,4.2e-06,1.606,0.306,1.869074,0.005617,1720.0,5.17331,6.8761,0.547096,3729.32,2177.0,17.0,740.068,18.949,6211.0,120.8,4.09,0.08,1.64,0.09,,,1.2,0.164309
5800958,5429.01,48.11,0,11.9696,0.016,78.988494,22.074955,-4.087,0.089,-4.084,0.058,2459545.885,0.0059403,4.2318085,0.0005616,2.558,0.364,1.934333,0.004834,1780.0,4.4521,7.88895,0.591489,1128.72,1614.0,9.0,809.167,32.202,8064.0,170.6,4.17,0.08,1.91,0.09,,,1.96,0.299276
307377219,5434.01,93.06,0,12.4151,0.015,98.83772,14.490329,-0.628,0.073,1.683,0.061,2459542.814,0.002432,4.1629444,2.14e-05,2.064,0.347,3.991982,0.007048,3670.0,6.49134,11.633,0.835716,243.425,1100.0,18.0,744.34,22.7195,6005.0,142.1,3.94,0.08,1.88,0.1,,,1.11,0.143678
29374525,5440.01,11.63,0,11.8338,0.006,86.300794,18.461741,11.994,0.07,23.754,0.06,2459545.297,0.0037122,3.813812,0.0003866,2.572,0.456,2.510952,0.003706,2310.0,3.4131,3.44278,0.283758,177.52,1016.0,20.0,151.894,0.9895,4689.0,123.2,4.61,0.09,0.71,0.05,,,0.748,0.0940551
239722954,5447.01,36.24,0,13.1472,0.029,86.45835,35.331499,-2.854,0.053,-6.52,0.04,2459550.516,0.0037135,1.4958429,1.86e-05,1.534,0.335,3.076989,0.014392,2830.0,13.2558,6.70553,,825.738,1493.0,12.0,602.413,12.609,5666.0,122.0,4.24,,1.27,,,,1.01,
6653897,5450.01,10.31,0,11.4541,0.006,81.051235,20.590643,-10.316,0.087,-5.865,0.067,2459549.123,0.0040174,0.8857522,8.66e-05,1.579,0.314,0.825473,0.003143,760.0,2.8949,3.19978,0.418552,3880.86,2198.0,11.0,317.566,5.05,6238.2,142.5,4.42,0.12,1.13,0.13,-0.13,0.017,1.208,0.176704
87044036,5456.01,28.87,0,12.3128,0.011,98.853985,24.835858,9.391,0.084,-10.713,0.067,2459550.184,0.0045965,1.0711292,0.0001034,2.213,0.533,2.206285,0.009023,2030.0,8.31045,5.8474,0.513334,5277.35,2374.0,19.0,555.611,13.6265,6070.0,139.1,4.26,0.08,1.31,0.07,,,1.13,0.153137
83275782,5467.01,77.82,1,11.8423,0.006,94.393712,28.445251,0.743,0.066,-13.796,0.057,2459545.353,0.0015017,2.6570006,0.0001021,2.125,0.109,4.40616,0.001521,4050.0,1.40049,10.4864,0.646518,688.584,1427.0,31.0,565.359,11.4265,6328.7,108.0,4.11,0.09,1.63,0.09,0.0297836,0.029275,1.25,0.185073
95122849,5478.02,61.76,0,12.0515,0.007,114.741958,29.428761,-6.593,0.079,-15.467,0.063,2459593.124,0.0030262,10.1197017,0.000152,2.129,0.345,2.793934,0.006239,2570.0,5.74598,9.15067,0.68646,34.3345,674.0,14.0,591.13,15.4905,5656.0,124.9,3.95,0.08,1.75,0.1,,,1.0,0.12579
323658120,5496.01,63.42,0,10.7717,0.006,137.037665,10.636648,22.043,0.086,-70.632,0.062,2459517.121,0.0021317,43.8418559,0.0029343,4.599,0.472,5.038632,0.002376,4630.0,2.18812,9.29872,0.486802,8.83961,480.0,37.0,257.828,2.9805,5767.0,126.1,4.21,0.08,1.32,0.06,,,1.033,0.130278
374180079,5520.01,10.25,1,10.6269,0.006,157.935686,0.937278,56.872,0.151,-68.828,0.242,2459267.669,0.00253029,14.69808003,6.46e-05,3.73706956,0.36075485,2.06232,0.109964,1897.66415,101.27584,3.17788403,1.0234563,16.36065512,512.9439621,17.847313,77.5586,0.3565,4362.0,123.91,4.53943,0.0982321,0.733789027,0.0625578,,,0.68,0.0810144
374180079,5520.02,12.36,1,10.6269,0.006,157.935686,0.937278,56.872,0.151,-68.828,0.242,2459263.38,0.004939683,19.4834833,0.000179188,4.666330101,0.30628428,1.640356,0.112131,1509.683272,103.27081,3.548343316,0.35506374,11.23550754,466.947359,14.835018,77.5586,0.3565,4362.0,123.91,4.53943,0.0982321,0.733789027,0.0625578,,,0.68,0.0810144
443616612,5523.02,16.68,1,13.7701,0.007,169.117028,-3.975441,-29.088,0.074,-1.886,0.068,2459281.404,0.002966865,3.471280262,2.03e-05,2.438201522,0.27505884,4.657347,0.477416,4280.388311,439.62018,4.231426504,0.3520446,38.85305842,636.760408,10.950912,182.536,1.9095,3696.0,157.0,4.68275,0.0105474,0.563000023,0.0172668,,,0.556799,0.0206319
277833995,5524.01,6.04,1,11.758,0.007,156.405499,2.513883,50.922,0.07,-109.198,0.067,2458518.127,0.001054961,2.297991508,8.34e-06,0.984865049,0.42044082,1.472131,0.176146,1354.964092,162.22302,2.327106516,1.436356,68.55156463,733.8783781,9.132032,77.6888,0.32415,3650.0,157.0,4.66,0.01,0.590524971,0.0175564,,,0.580289,0.0202907
458686847,5528.01,6.59,1,12.7482,0.007,133.855734,10.469218,11.549,0.056,18.058,0.034,2459230.014,0.001507202,1.291603357,1.1e-05,1.307787085,0.17523538,1.702461,0.207766,1566.795954,191.34113,2.451177479,0.24347977,127.2980722,856.6929763,9.714793,101.632,0.373,3689.0,157.0,4.72452,0.00883165,0.514744997,0.0154963,,,0.512437,0.0204314
366411016,5529.01,17.04,1,11.8964,0.006,126.464358,10.246577,97.098,0.072,-89.333,0.045,2459235.707,0.008464318,8.865288609,0.000188434,3.290451772,0.56824654,1.847262,0.393842,1699.944221,362.6764,4.285396942,6.5190644,53.98607382,691.3376127,7.7792764,203.896,1.727,5368.0,127.01,4.71954,0.0869785,0.697439015,0.0389547,,,0.93,0.120087
176868951,5534.01,5.21,1,11.3328,0.006,182.751404,-9.765239,-39.485,0.091,-5.371,0.083,2459280.989,0.000637595,0.36930572,7.68e-06,1.002778096,0.21695538,0.820751,0.068463,755.6535935,63.054474,2.134181856,1.6865956,3842.339214,2008.022965,10.460236,152.509,1.071,5129.0,129.027,4.61786,0.0850693,0.755721986,0.0461005,,,0.864,0.105297
411697517,5535.01,91.88,1,14.4087,0.006,78.339119,16.414199,1.477,2.146,1.462,2.146,2459174.356,0.003083919,3.386317136,2.91e-05,3.267105728,0.4641135,6.81791,0.585388,6259.851804,539.0171,,,512.9234115,1213.760165,11.276282,1314.53,,5780.0,,4.438,,,,,,,
456305193,5540.01,69.0,0,10.2003,0.006,117.737465,67.043203,-8.61,0.043,-27.029,0.058,2460338.238,0.0006179,1.0995742,7e-07,0.952,0.15,3.445072,0.212243,3168.0,195.464,9.72799,0.528396,1068.72,1592.0,39.0,242.868,2.3905,6040.0,128.6,4.13,0.08,1.51,0.07,,,1.122,0.148483
466206508,5542.01,124.41,1,11.8452,0.006,302.798423,-61.135466,-6.145,0.052,-3.022,0.045,2458979.846,0.0018634,75.1247037,0.0007741,8.599,0.749,12.197013,0.00798,11171.0,7.34945,13.8062,0.849997,7.6236,462.0,23.0,348.849,3.641,5392.9,124.1,4.2,0.08,1.27,0.07,-0.18,0.09,0.94,0.114093
388804061,5555.01,6.98,1,11.2373,0.007,172.560141,7.587832,-80.377,0.083,-133.142,0.063,2459537.25,0.002272218,32.93737168,0.003586171,2.305958914,0.6349487,3.471369,0.278782,3192.142944,256.73434,2.533629389,1.2296988,1.087333562,260.4416558,13.458305,38.0266,0.07955,3464.0,157.0,4.7864,0.00578809,0.444516003,0.0131784,,,0.440668,0.020249
55315929,5556.01,3.23,1,8.89098,0.006,140.339084,14.367869,-33.463,0.09,-14.008,0.074,2459526.091,0.001872405,0.71957121,5.3e-05,1.75752192,0.3487001,0.173341,0.019607,159.6403985,18.0582,1.610841744,2.4331791,6635.85666,2301.939995,9.630962,109.86,0.8055,5910.0,127.006,4.27216,0.0781593,1.255049944,0.0581457,,,1.075,0.138058
323687123,5557.01,1.38,1,12.4289,0.007,137.201544,11.86225,-458.496,0.104,192.629,0.068,2459502.343,0.001181319,4.017980538,1.92e-05,1.119561622,0.3302883,3.054029,0.302188,2808.911842,278.28647,1.101762401,0.3346851,4.643993485,374.4058708,9.523334,21.8182,0.0307,3166.0,157.0,5.07428,0.027277,0.194356993,0.00588941,,,0.163462,0.0200743
14570099,5558.01,9.27,1,11.0384,0.006,125.986485,22.663226,-126.231,0.065,43.543,0.039,2459521.873,0.004866634,26.19445485,0.000273622,3.835408826,0.4252375,1.306679,0.125221,1202.771668,115.325836,2.994593491,0.34173682,8.813784665,439.4509003,10.987817,105.58,0.4845,4678.0,132.02,4.60838,0.096305,0.709927022,0.0543568,,,0.746,0.0860493
456945304,5559.01,7.24,1,10.3729,0.006,67.82053,19.83169,-33.984,0.16,-27.029,0.063,2460258.422,0.0027085,2.1408063,2.6e-06,1.569,0.184,0.682057,0.022086,628.0,20.3419,2.59639,0.149349,428.205,1267.0,13.0,144.202,1.1885,5372.0,131.712,4.40929,0.0856318,1.0,0.05,,,0.931,0.118434
17307715,5562.01,5.53,1,11.4529,0.006,65.469614,21.353263,200.606,0.123,-76.763,0.066,2459476.992,0.003712032,13.85327454,0.000120838,3.196954196,0.9259182,1.160331,0.131155,1068.133055,120.79104,2.209883905,1.3686349,9.756070661,450.7528526,8.807528,72.7998,0.28525,3893.47,115.364,4.58272,0.123487,0.65576601,0.0672839,-0.831,0.051,0.6,0.0822316
137543637,5576.01,64.36,0,12.574,0.007,136.221429,79.355104,24.31,0.039,-27.61,0.049,2459605.678,0.0015318,1.2833113,5.4e-06,1.353,0.191,4.842308,0.009729,4450.0,8.9606,9.39506,0.560254,3343.46,2118.0,12.0,974.619,24.9615,8055.0,120.7,4.49,0.08,1.32,0.05,,,1.95,0.303335
154220877,5616.01,84.73,1,14.6877,0.007,184.901638,48.68329,-43.117,0.034,28.563,0.046,2459634.535,0.0033056,2.0034478,0.0004688,1.285,0.25,27.109911,0.113187,24660.0,104.244,10.9523,0.809749,58.2268,769.0,13.0,390.415,5.8005,3927.0,157.0,4.61,0.01,0.65,0.02,,,0.629592,0.0208323
347430350,5631.01,131.41,1,9.32423,0.006,218.276625,21.894688,29.242,0.059,-6.951,0.062,2459689.309,0.0002022,2.2438471,3.96e-05,2.574,0.014,11.252045,0.000116,10310.0,0.106845,14.2892,0.719444,1356.33,1690.0,231.0,161.997,0.806,6458.0,143.7,4.31,0.09,1.33,0.07,-0.12,0.1,1.312,0.209995
420779000,5632.01,40.17,1,10.9016,0.006,213.156551,4.059417,37.839,0.093,-142.891,0.083,2459666.19,0.001220194,4.234215312,0.000380789,2.516625742,0.0950988,6.684138,0.217049,6137.406987,199.88913,7.096299381,0.49714726,185.0743088,940.7111326,30.451473,141.837,1.1425,5061.9,112.299,4.49667,0.0805666,0.859777987,0.0484824,0.028,0.0357771,0.846,0.0998598
119585136,5634.01,67.24,1,14.9839,0.008,175.643637,20.965292,-61.148,0.121,-25.733,0.13,2459663.423,0.0042523,2.2054776,0.0007857,1.633,0.285,31.147146,0.159443,28280.0,146.842,9.6722,0.790385,64.0804,788.0,10.0,306.144,9.566,3770.0,157.0,4.71,0.01,0.53,0.02,,,0.523612,0.0232803
23863106,5648.01,69.4,0,13.8994,0.007,211.009596,38.620245,-44.646,0.036,14.535,0.049,2459685.754,0.0018991,3.3078803,0.0006629,1.508,0.194,36.343995,0.062571,32920.0,57.6281,9.74504,0.518787,19.3914,584.0,19.0,163.236,0.971,3571.0,157.0,4.73,0.01,0.51,0.02,,,0.510037,0.0204373
461239485,5672.01,83.52,1,11.4063,0.006,222.767322,5.947363,-28.621,0.065,-2.758,0.067,2459693.716,0.001044558,3.039085066,0.00022817,1.645507588,0.054360945,13.478651,0.421221,12337.55707,387.88367,10.91473171,0.60455334,336.0383887,1091.985755,31.328146,199.173,1.4405,5316.0,104.7,4.52626,0.0747204,0.864673018,0.0424071,0.3,0.03,0.916,0.110656
175772482,5673.01,110.97,1,12.2688,0.009,223.819979,-2.057687,-27.064,0.065,-4.687,0.063,2459695.205,0.001345912,2.838621506,0.000298055,2.332647017,0.09237583,16.707186,0.692456,15270.09878,637.57184,12.90077515,0.79183584,702.3850325,1312.99648,19.525824,398.276,5.7385,5878.0,132.908,4.4413,0.0814645,1.025730014,0.0489799,,,1.06,0.1417
368805700,5674.01,119.98,1,12.1159,0.006,221.943887,1.065023,-28.082,0.069,18.018,0.062,2459695.99,0.001042497,3.57718909,0.000283238,3.066997825,0.07727827,17.158556,0.529098,15679.39212,487.19873,13.50735058,0.71603334,545.3337575,1232.495508,20.421024,392.791,7.674,5849.09,103.81,4.40819,0.0739753,1.063580036,0.0492513,-0.284,0.013,1.056,0.133294
311133118,5676.01,110.34,1,10.5319,0.006,222.210077,22.152614,-51.908,0.067,16.02,0.096,2459701.925,0.000404129,3.506164942,3.85e-05,1.600965799,0.020450115,20.14088,0.303077,18379.43605,279.10486,12.85761953,1.1121958,174.9015383,927.5090521,108.076965,100.848,0.462,4906.0,128.638,4.56858,0.0875436,0.771085978,0.0519598,,,0.803,0.0930625
209464063,5678.01,23.11,1,10.6691,0.006,47.384187,-34.198481,-5.565,0.032,-89.146,0.038,2459140.665,0.0039163,119.3355264,0.0067392,6.863,1.522,2.608899,0.004089,2400.0,3.76642,5.11487,0.335164,3.83692,389.0,9.0,165.393,0.7005,5516.0,130.7,4.48,0.08,0.94,0.05,,,0.97,0.130808
368739874,5680.01,106.52,1,12.9463,0.008,221.058269,5.605373,13.65,0.041,-4.688,0.042,2459714.265,0.0086829,3.3575477,0.002457,1.788,0.152,28.870173,0.036088,26240.0,33.2381,12.6518,0.903055,101.253,883.0,20.0,306.779,2.5795,5013.0,122.8,4.61,0.09,0.75,0.05,,,0.83,0.0994439
193634953,5688.01,64.57,1,14.2085,0.008,266.9231,47.705049,-0.8,0.075,65.114,0.085,2459750.623,0.0019354,2.9479689,0.0002123,1.584,0.177,26.47558,0.038413,24090.0,35.3795,9.41494,0.472349,27.6969,639.0,19.0,226.318,1.988,3588.0,157.0,4.67,0.01,0.58,0.02,,,0.569725,0.0204108
103865797,5695.01,63.94,0,14.2399,0.008,242.15447,19.253248,6.252,0.089,-29.901,0.084,2459740.631,0.0017479,2.2232698,0.000159,0.648,0.236,34.97517,1.395851,31700.0,1284.8,9.36074,1.4427,5.11732,419.0,15.0,100.029,0.76205,3157.0,157.0,4.87,,0.36,0.01,,,0.344323,0.0203532
141985686,5702.01,15.81,0,9.83993,0.006,255.456895,14.707465,-17.019,0.041,-47.146,0.046,2459738.417,0.0040117,3.1291319,3.82e-05,1.993,0.515,0.738552,0.004672,680.0,4.30352,4.10795,0.403543,516.613,1328.0,9.0,222.812,1.3525,6236.0,146.4,4.13,0.08,1.57,0.07,,,1.207,0.182031
148673433,5704.01,11.16,1,10.6147,0.006,169.824869,44.989078,47.358,0.038,-15.646,0.07,2458901.788,0.001109676,3.77110663,1.19e-05,2.337506115,0.16431303,1.790414,0.117069,1647.673031,107.819115,3.34096413,0.44461805,125.0643329,852.9098252,11.196726,89.637,0.26945,4590.0,126.013,4.5426,0.0950234,0.757520974,0.059314,,,0.73,0.0845683
219041246,5713.01,4.13,1,12.7022,0.007,208.458732,52.602763,108.488,0.064,-19.401,0.059,2458745.678,0.001879673,10.44198961,6.12e-05,1.714348998,0.47330454,4.34341,0.528974,3992.437264,487.0845,1.860547303,0.81836313,2.411121716,317.8151042,8.136899,40.8668,0.0729,3271.0,157.0,4.93417,0.00695235,0.292425007,0.00864785,,,0.267999,0.020108
230055368,5720.01,2.52,1,11.6196,0.007,170.313577,25.273294,-350.367,0.115,-91.492,0.117,2458900.645,0.001369892,1.434460238,1.54e-05,0.934887725,0.24850394,1.116949,0.178391,1028.218785,164.2908,1.393219042,0.27903435,53.97073702,691.2885073,7.4162726,35.8256,0.12685,3421.0,157.0,4.85368,0.00119494,0.371030003,0.0109547,,,0.358453,0.0201653
71582156,5726.01,6.5,1,9.16067,0.006,123.39505,68.57459,-44.62,0.031,-50.059,0.043,2458843.596,0.001093892,5.491130234,1.3e-05,1.906209843,0.28083926,0.487009,0.035143,448.451647,32.36731,2.430674987,1.2403625,337.3312542,1093.034562,13.045012,108.848,0.3585,5874.0,119.318,4.37711,0.075839,1.106490016,0.0514447,,,1.064,0.131071
258557847,5742.01,39.6,0,10.042,0.006,278.191584,18.146175,-0.294,0.079,-11.645,0.087,2459765.579,0.0087042,3.965824,7.48e-05,2.911,0.676,0.738552,0.063217,680.0,58.2236,7.03413,0.519109,624.031,1392.0,10.0,438.137,7.3595,6199.0,156.7,3.62,0.09,2.8,0.14,,,1.19,0.173762
318209162,5746.01,107.1,0,10.5295,0.006,142.378244,50.963802,-67.76,0.048,-196.425,0.05,2458891.862,0.000669132,711.7642825,8.54e-05,3.417644265,0.046283357,23.019024,0.433068,20978.13679,398.79102,12.63389721,1.1483275,2.454211692,319.2256315,62.410282,85.5353,0.235,4661.56,137.074,4.57751,0.104786,0.732648015,0.0592965,-0.280335,0.0126844,0.74,0.0912293
4918918,5747.01,2.85,1,10.7818,0.008,148.37832,35.570548,-87.855,0.078,-177.216,0.071,2458870.475,0.000774703,0.573476552,1.37e-05,0.900450829,0.10233048,0.88892,0.096619,818.3903403,88.985146,1.496953064,0.13053058,225.4185164,988.2507357,9.799914,28.5321,0.0512,3466.0,157.0,4.80761,0.00448927,0.420908004,0.0124246,,,0.41487,0.0201954
302814895,5784.01,26.92,0,9.96017,0.006,293.330825,29.299805,-11.751,0.091,-24.846,0.12,2459795.902,0.0071079,8.6800186,0.0001078,2.41,0.467,0.945002,0.003983,870.0,3.66824,5.59572,0.467629,106.576,895.0,9.0,309.386,5.673,6521.0,144.2,4.02,0.09,1.86,0.08,,,1.341,0.218999
40292751,5786.01,38.14,1,9.77301,0.006,293.322326,30.704247,-0.84,0.041,0.436,0.054,2460319.525,0.0041886,12.7791964,6.89e-05,5.242,1.048,3.270816,0.164197,3008.0,151.22,6.85813,0.388709,374.462,1225.0,19.0,192.475,1.1305,6280.0,134.5,4.28,0.08,1.33,0.06,,,1.227,0.177094
446616059,5787.01,24.19,0,9.77017,0.006,290.80532,11.979134,3.874,0.062,-66.12,0.048,2460530.955,0.0070379,3.1072375,4.38e-05,4.485,1.656,0.800483,1.124482,737.0,1035.15,5.27608,2.04378,24167.8,3473.0,16.0,174.979,1.436,6030.0,132.8,4.25,0.08,1.31,0.06,,,1.118,0.153253
110936761,5791.01,19.52,0,10.4519,0.006,297.923094,2.519482,29.772,0.082,-2.327,0.047,2459793.645,0.00551,2.2906144,0.0008934,1.949,0.432,1.510223,0.004663,1390.0,4.29441,4.657,0.363754,638.802,1400.0,11.0,198.263,2.309,5651.0,144.3,4.27,0.08,1.22,0.06,,,1.003,0.126015
374530847,5797.01,98.11,1,10.9984,0.006,307.725559,6.429331,5.936,0.101,-48.279,0.082,2459770.231,0.000283592,2.152163019,3.98e-05,1.753196599,0.023042234,18.601442,0.194205,16986.63301,178.85364,11.99944272,0.6179496,473.405643,1189.674375,68.14215,153.242,1.6225,5147.0,99.0122,4.51349,0.0740522,0.854669988,0.0431834,0.1,0.1,0.869,0.101287
305243225,5798.01,129.15,1,11.734,0.006,306.123908,16.762146,13.263,0.05,-5.412,0.049,2459770.52,0.000340243,1.212913854,9.7e-06,2.186278481,0.020771975,15.987632,0.137487,14617.26796,126.622475,14.10495771,0.74225575,2796.234196,1854.655002,126.76937,364.813,4.7125,5918.23,136.811,4.34796,0.0819789,1.151759982,0.0596583,0.156301,0.0280899,1.078,0.136618
328081248,5799.01,4.62,1,11.1798,0.007,301.630179,15.989142,177.635,0.044,244.205,0.036,2459772.334,0.002254558,4.16454482,0.000753748,1.572542249,0.18608984,2.839914,0.230794,2612.239748,212.54678,1.988139278,0.1830108,13.32653006,487.3029274,12.77098,27.8123,0.02505,3521.0,157.0,4.8805,0.000953871,0.34335801,0.0102719,,,0.32653,0.020234
243921117,5801.01,95.36,1,10.3622,0.007,303.1668,-2.144437,-132.759,0.09,-50.429,0.063,2459770.027,0.000120864,3.06781599,2.49e-05,2.110332453,0.010753254,38.160671,0.129028,34536.78482,118.83254,11.79968678,0.353619,72.44198298,744.0760606,216.99556,49.7876,0.11605,3965.0,157.0,4.62,0.01,0.636572003,0.0188828,,,0.616961,0.0202632
466382581,5803.01,12.17,1,9.937,0.006,327.24875,6.278178,43.77,0.077,-37.309,0.076,2460550.945,0.0013965,5.3829728,1.44e-05,1.382,0.465,1.171055,0.179979,1078.0,165.753,3.5038,0.265655,73.722,816.0,16.0,84.0126,0.4491,5134.0,121.2,4.61,0.08,0.76,0.05,,,0.87,0.10319
303055194,5804.01,36.44,0,9.78095,0.006,330.671188,11.991029,14.211,0.078,-18.094,0.076,2459822.908,0.0027262,1.7615631,0.0003172,1.171,0.25,1.140622,0.003104,1050.0,2.85857,6.69058,0.460359,636.482,1399.0,16.0,263.608,3.4985,6270.7,106.6,3.94,0.08,1.95,0.08,-0.413,0.008,1.223,0.173992
388909695,5812.01,87.59,1,10.4106,0.006,327.570011,4.194573,26.43,0.071,2.87,0.071,2460549.461,0.0007995,10.1466193,1.5e-05,5.519,0.291,8.897047,0.159234,8161.0,146.649,11.2199,0.571708,212.215,1063.0,55.0,194.333,1.554,5660.0,132.0,4.27,0.07,1.22,0.06,,,1.005,0.119412
248853232,5823.01,101.85,1,8.8628,0.006,315.025966,-5.094857,33.676,0.08,-93.436,0.043,2459798.775,0.000131971,3.868149218,3.93e-05,2.161019457,0.010707278,18.90341,0.082277,17259.99354,75.777336,12.26589028,0.89079314,180.5563786,934.9167883,236.89902,49.9605,0.13165,4746.0,125.37,4.4323,0.0935477,0.877591014,0.0636256,,,0.76,0.0891518
272366748,5824.01,126.98,1,14.8018,0.008,296.393195,45.568533,2.16,0.052,-6.358,0.052,2459800.057,0.005218857,3.85558969,4.92e-05,3.23796437,0.37446895,18.410701,1.365653,16813.92374,1257.0226,13.96546218,1.28814,456.1749634,1178.698175,11.369815,1257.16,48.67,5741.0,124.0,4.40631,,1.052680016,,,,1.03,
224418572,5830.01,58.97,0,11.8512,0.006,282.101495,15.49419,-3.182,0.069,-18.668,0.074,2459791.236,0.0029381,2.8465928,1.99e-05,2.664,0.459,2.293324,0.181068,2110.0,166.756,8.8779,2.80583,536.42,1340.0,20.0,487.216,9.4445,5308.0,134.1,3.82,0.08,1.94,0.11,,,0.913,0.109566
151728428,5850.01,125.23,0,10.9951,0.008,304.882706,-8.298523,21.376,0.076,-37.573,0.046,2459786.271,0.0013008,3.9997367,0.0004463,0.384,0.111,8.129955,29.834179,7460.0,27104.2,13.8899,11.5657,3.03288,367.0,13.0,64.193,0.17225,3827.0,157.0,4.62,0.01,0.64,0.02,,,0.618234,0.020339
41422753,5855.01,100.13,0,12.3924,0.006,294.008142,32.214606,31.57,0.037,10.179,0.046,2459792.21,0.0032393,2.4710528,1.71e-05,3.033,0.243,5.900696,8.601844,5420.0,7891.29,12.1002,9.53041,5313.3,2378.0,22.0,438.754,4.7475,6114.0,133.2,4.52,0.08,0.97,0.05,,,1.152,0.15946
341297143,5866.01,116.48,0,11.1838,0.007,311.306229,12.167609,9.033,0.049,-2.139,0.037,2459813.908,0.0008213,3.8421028,0.0003158,1.184,0.315,9.72822,0.595592,8920.0,548.41,13.2581,0.741939,120.549,923.0,39.0,356.406,4.456,6247.0,127.8,4.28,0.09,1.32,0.06,,,1.21,0.177054
380517859,5867.01,75.59,0,14.9156,0.007,303.667055,30.776057,22.136,0.07,-4.718,0.076,2459823.57,0.005557,1.109435,0.0002011,2.723,0.862,29.98574,22.335388,27240.0,20361.5,10.2843,2.90063,1164.27,1627.0,16.0,254.311,3.175,3613.0,157.0,4.75,0.01,0.49,0.02,,,0.488511,0.0214147
106114491,5876.01,42.06,0,10.6372,0.006,301.080672,32.50162,3.752,0.075,13.328,0.068,2459813.86,0.0040267,9.7216312,0.000124,3.272,0.681,1.988717,0.186425,1830.0,171.689,7.28362,0.54134,176.156,1014.0,13.0,387.926,9.017,6702.0,182.2,4.13,0.09,1.7,0.08,,,1.422,0.245281
232941965,5882.01,130.11,1,10.6338,0.006,311.888638,34.737492,-14.123,0.036,-17.042,0.036,2459818.905,0.0065211,7.1487697,8.07e-05,6.864,2.244,2.064861,2.467586,1900.0,2270.15,14.1861,5.37763,4792.5,2317.0,10.0,416.104,3.9625,5706.0,131.0,3.7,0.08,2.35,0.11,,,1.017,0.129447
15682927,5886.01,92.31,0,12.3886,0.03,306.988834,37.146334,-2.162,0.051,-4.982,0.051,2459823.16,0.0016785,0.9655766,2.4e-06,1.224,0.24,3.414575,0.325762,3140.0,299.993,11.5845,0.754258,3796.11,2186.0,16.0,832.543,23.6575,7542.0,254.4,4.11,0.09,1.92,0.08,,,1.74,0.310692
277987172,5887.01,79.72,0,12.4276,0.018,302.761752,19.706749,-7.444,0.041,-9.412,0.035,2459824.052,0.0037945,6.3989216,3.59e-05,2.781,0.977,4.166353,0.437218,3830.0,402.612,10.6347,0.805931,280.377,1139.0,13.0,726.81,16.0295,6243.0,169.8,4.12,0.09,1.59,0.08,,,1.21,0.1777
375199523,5892.01,120.83,0,11.6866,0.007,309.343258,6.152848,7.265,0.051,-1.6,0.046,2459822.065,0.0023093,1.9447712,0.0004041,1.345,0.625,3.131432,0.509948,2880.0,469.569,13.5597,1.39117,425.174,1265.0,16.0,593.047,11.4055,5369.0,126.4,3.68,0.08,2.32,0.14,,,0.93,0.119039
126171392,5899.01,95.71,0,12.935,0.009,315.252899,29.702279,-12.419,0.029,-15.77,0.026,2459823.081,0.0016523,0.7835688,2.4e-06,1.095,0.199,8.108077,0.704856,7440.0,648.986,11.8563,0.785012,1710.79,1791.0,18.0,675.895,7.8055,5932.0,131.2,4.26,0.08,1.28,0.06,,,1.08,0.141001
294173437,5901.01,97.15,0,12.5454,0.007,300.768857,50.507747,-6.544,0.031,-4.755,0.031,2459820.581,0.004657,5.555905,3.62e-05,3.459,1.218,4.079164,0.438894,3750.0,404.155,11.9323,0.962172,409.941,1253.0,22.0,853.753,12.221,5867.0,120.0,3.88,0.08,1.95,0.09,,,1.06,0.136665
452483795,5908.01,92.69,0,13.0008,0.02,303.89385,24.521157,0.49,0.027,-9.983,0.027,2459823.085,0.0029474,2.4515393,1.25e-05,3.005,0.83,8.19559,0.738534,7520.0,679.984,11.6029,,3082.85,2075.0,19.0,841.296,15.005,7143.0,122.0,4.4,,1.32,,,,1.59,
273774284,5910.01,56.12,0,13.4177,0.017,297.982441,42.754529,2.177,0.031,-1.418,0.027,2459821.923,0.011025,17.2182695,0.0004637,7.888,1.174,5.234991,0.530656,4810.0,488.633,8.64247,,236.125,1092.0,10.0,932.309,14.3535,6330.0,122.0,4.31,,1.29,,,,1.25,
329709756,5915.01,111.18,0,14.3196,0.007,314.751697,47.54196,-35.412,0.05,32.729,0.056,2459849.155,0.0028093,12.5482879,0.0012589,3.396,0.269,54.845585,3.00329,49260.0,2762.31,13.0082,0.600255,8.90508,481.0,22.0,273.689,2.295,3923.0,157.0,4.66,0.01,0.59,0.02,,,0.576314,0.0208602
296898634,5940.01,89.57,0,14.1736,0.007,312.075178,47.930643,-8.321,0.056,7.397,0.047,2459849.326,0.0074304,2.8534013,0.000763,5.176,1.575,17.324694,29.216992,15830.0,26551.0,11.4232,3.78502,961.087,1551.0,17.0,196.44,1.0825,3662.0,157.0,4.72,0.01,0.52,0.02,,,0.5153,0.0204789
188876052,5960.01,131.08,1,9.7758,0.006,343.041493,35.447178,74.747,0.063,15.048,0.054,2459827.43,0.000248164,3.076329037,5.4e-05,3.9016058,0.020103214,10.353759,0.056854,9490.839684,52.363537,14.22874853,0.60035616,1519.96446,1592.495112,162.07138,211.553,1.6955,6401.79,103.038,4.23563,0.0839922,1.431100011,0.0598895,0.048,0.0357771,1.285,0.197155
239541449,5962.01,21.12,0,10.9417,0.006,341.769762,29.851994,456.903,0.055,-57.725,0.062,2459826.818,0.000712921,1.926118317,9.56e-05,1.068842037,0.04956464,4.192384,0.148166,3853.883136,136.45651,4.862440485,0.28903854,395.0450985,1137.054861,26.105602,127.29,0.661,5383.13,114.93,4.7447,0.0799491,0.678983986,0.0348945,-1.115,0.101,0.934,0.112102
404610583,5966.01,99.14,0,10.5332,0.007,336.147609,16.878856,-28.915,0.072,-48.469,0.083,2459826.813,0.000387523,3.538103874,8.98e-05,2.441937023,0.025615627,12.936938,0.194645,11844.65348,179.25853,12.0728557,0.60394794,591.3277978,1257.699312,62.636166,202.773,2.362,6084.0,129.616,4.45887,0.0815947,1.042440057,0.0510854,,,1.14,0.150742
91051152,5969.01,91.66,1,11.5549,0.006,349.622955,24.889277,-33.729,0.078,-2.522,0.044,2459830.349,0.00045309,7.919260453,0.000343949,2.505387286,0.04167438,23.567197,0.263986,21472.30612,243.1104,11.52852644,1.0425813,38.03281012,633.3727192,58.602276,115.936,0.571,4302.0,130.566,4.5054,0.106037,0.758607984,0.0676784,,,0.672,0.0818166
431701493,5970.01,107.28,1,11.5189,0.006,348.993046,31.462751,25.11,0.052,-25.269,0.048,2459825.8,0.000203617,3.092759545,4.21e-05,2.216720384,0.01771064,32.177283,0.178621,29201.5224,164.50282,12.64734436,0.88992214,174.0310286,926.352806,167.78441,140.998,0.746,4713.98,115.719,4.56492,0.0886398,0.750340998,0.0524523,0.042809,0.0423999,0.754,0.0873359
348054109,5976.01,2.72,0,12.0575,0.007,281.676903,21.828321,97.43,2.0,-49.47,2.0,2459010.512,0.000694317,0.437802368,7.38e-06,1.531581058,0.20483291,1.589108,0.142177,1462.551762,130.94102,1.455123436,0.3340848,211.8109673,972.9866029,13.224767,,,3256.0,157.0,4.85874,0.00239245,0.365716994,0.0118964,,,0.352341,0.0209649
137151335,5979.01,2.74,1,9.4087,0.006,291.418127,38.672312,-28.726,0.041,-5.588,0.045,2460332.777,0.0055837,4.7267257,3.12e-05,3.014,0.522,0.307307,0.022051,283.0,20.3096,1.45952,0.108313,333.088,1190.0,11.0,95.9115,0.22115,5655.0,141.264,4.50815,0.0855087,0.92,0.05,-0.15,0.1,1.0,0.132461
164652245,5980.01,4.57,1,9.0638,0.006,284.05925,44.518373,-60.521,0.053,48.694,0.05,2458708.933,0.004528523,79.58399947,0.000445419,4.399675215,0.49973997,0.636118,0.053721,585.7148869,49.477192,1.974883716,0.7087615,3.762826469,355.2207257,11.099208,63.9207,0.11935,5391.0,104.083,4.61444,0.0764828,0.791369975,0.0363166,-0.3,0.1,0.94,0.120529
299087490,5982.01,106.05,1,13.2147,0.007,288.902283,49.370408,3.714,0.028,-18.08,0.034,2459409.912,0.002204213,38.47876131,0.003233638,5.186973683,0.23243478,26.345305,1.029334,23972.89571,947.60205,12.56093758,0.5219885,0.49629677,214.0696563,27.975418,442.871,2.999,5439.49,142.2,4.59877,,0.810042977,,0.115,0.137,0.95,
120692092,5984.01,26.06,1,14.0672,0.007,285.930736,39.09812,5.045,0.032,-3.15,0.035,2459392.151,0.002978124,3.413078089,4.83e-05,2.578792783,0.609458,4.37109,0.549912,4017.82984,506.35962,5.500802721,2.2570944,304.4148279,1065.335012,7.8737493,658.924,8.7845,5410.0,122.0,4.53617,,0.865984976,,,,0.94,
158657354,5986.01,38.18,1,11.7942,0.006,288.153973,44.068815,-4.087,0.04,-2.587,0.042,2459406.493,0.007583581,38.58358886,0.001133454,11.04037648,0.71893275,1.631139,0.187133,1501.206365,172.34116,6.887227616,1.0315099,76.56265518,754.4387662,8.700123,639.239,10.255,6373.72,114.774,4.05962,0.0844427,1.742310047,0.074485,0.23,0.028,1.27,0.201451
377780790,5988.01,4.69,1,10.4767,0.006,285.679298,50.241484,-18.394,0.045,41.448,0.046,2458683.868,0.001300567,0.837499677,7.27e-06,1.96408115,0.20313032,0.270335,0.026901,248.9571168,24.776567,2.004623455,0.2530015,3684.520638,1987.078379,9.27727,185.506,0.808,5706.0,141.0,4.37,0.09,1.089740038,0.061206,-0.12,0.1,1.017,0.128175
159054620,5992.01,97.86,1,15.0277,0.007,289.603838,46.31491,0.533,0.067,-9.1,0.061,2459391.643,0.0050239,8.027682093,0.000136015,2.957425717,0.51070786,12.307452,1.404835,11271.57658,1293.0641,11.98097704,2.4002044,161.117342,908.6681834,8.653823,1351.17,54.325,5368.0,122.0,4.30215,,1.127719998,,,,0.93,
27534138,5993.01,41.02,1,11.2877,0.007,295.486582,51.013524,4.172,0.048,6.655,0.052,2459419.055,0.03214427,28.54105573,0.002546796,10.65812308,1.1830771,1.391274,0.216821,1280.589826,199.67946,7.184368269,0.8309613,94.82834398,795.8922782,7.3322496,455.982,5.1315,6197.21,158.77,4.08307,0.0960215,1.64162004,0.0935502,0.127796,0.0136617,1.19,0.169905
63283780,5994.01,13.85,1,13.0702,0.006,292.50342,43.083219,7.462,0.028,14.509,0.029,2459397.43,0.002775388,7.972664371,8.91e-05,2.53955489,0.6674513,3.895162,0.379431,3581.149392,349.40784,3.792766095,2.113839,32.2210236,607.6515119,8.613391,232.75,0.827,4564.61,82.6977,4.68645,,0.637494981,,0.277245,0.0127133,0.72,
120317234,5999.01,8.69,1,10.4081,0.007,284.635189,40.71983,1.132,0.041,-2.375,0.046,2460326.536,0.004731,6.8834027,3.07e-05,1.92,0.377,0.837425,0.053383,771.0,49.1664,2.87691,0.205273,87.7838,852.0,9.0,228.439,1.3455,6133.77,125.783,4.32058,0.0809883,1.23,0.06,0.0865293,0.0122051,1.16,0.15672
102734241,6002.01,3.02,1,12.6396,0.007,299.614252,32.28717,-37.998,0.072,-346.561,0.074,2458692.76,0.00281244,10.90483925,4.88e-05,1.553064768,0.61305636,4.385203,0.636501,4030.776099,586.06696,1.548948197,0.9517032,1.823954483,296.3966212,7.6758533,32.0266,0.04475,3272.0,157.0,4.99712,0.0152628,0.242120996,0.00723231,,,0.212382,0.0200954
121731834,6003.01,8.87,1,10.593,0.006,288.688722,41.151108,0.97,0.056,-14.189,0.056,2458686.104,0.0049597,5.859939222,4.46e-05,4.084239118,0.51406616,0.314311,0.040101,289.4487735,36.93408,2.918961393,0.45745295,649.7355768,1287.668025,7.2082953,303.728,2.6845,6149.0,97.451,4.14765,0.0742718,1.509199977,0.0579346,0.16,0.1,1.167,0.155353
48353358,6004.01,5.1,1,12.1042,0.006,283.62826,48.390808,-10.822,0.049,-48.674,0.047,2458685.778,0.002167726,9.8786838,3.18e-05,1.885204172,0.25458682,1.878586,0.176244,1728.745382,162.31392,2.108318856,0.3531921,6.794873259,411.7798487,9.8170185,66.4074,0.10605,3759.27,115.535,4.86726,0.135649,0.460619003,0.0505553,-0.0214533,0.00939257,0.57,0.0845327
123357864,6005.01,12.45,1,10.8515,0.006,281.482473,47.207826,-41.143,0.04,-43.143,0.036,2458697.414,0.014780549,16.14558982,0.000278872,4.543171079,0.6499666,0.99883,0.175413,919.5336262,161.5487,3.563466951,5.18916,19.53197973,536.1746979,8.10099,107.796,0.2195,4816.0,105.098,4.59996,0.0795555,0.732994974,0.0426181,0.06,0.1,0.78,0.0931707
123309556,6006.01,7.36,1,12.1773,0.006,281.194732,47.497261,-5.584,0.038,25.253,0.041,2459392.21,0.001230748,2.508081549,1.55e-05,1.172439832,0.35740787,1.404456,0.13311,1292.715252,122.591095,2.616310537,3.7120283,223.5290118,986.1732636,9.532586,191.904,0.8175,4715.0,138.878,4.57812,0.099608,0.739515007,0.0594975,0.33,0.1,0.755,0.0917611
286201103,6008.01,2.09,1,12.2936,0.007,310.448734,49.646899,158.442,0.102,44.404,0.093,2458711.373,0.000504771,0.857372698,1.4e-05,0.547859808,0.10237745,2.223375,0.293242,2045.709122,270.04935,1.246547836,0.15803361,42.01220201,649.3272227,8.719756,23.1008,0.0292,3098.0,157.0,5.00721,0.0168336,0.235047996,0.00699863,,,0.204861,0.0200791
53728859,6013.01,103.14,1,12.3396,0.008,13.000916,34.728402,25.519,0.067,2.859,0.051,2459853.923,0.000725833,3.257389802,0.000148265,3.140082633,0.061754107,15.05469,0.238725,13770.19314,219.84996,12.35693611,0.6672009,554.7122128,1237.760678,40.388447,401.319,5.4685,5698.38,110.615,4.40322,0.0743345,1.046129942,0.0524472,0.158,0.032,1.01,0.12546
288246496,6015.01,125.05,1,11.5639,0.006,356.666714,31.155911,30.262,0.051,-5.852,0.032,2459854.005,0.000938166,4.304829014,0.00025673,3.531126633,0.06810165,8.208086,0.14036,7531.42212,129.26822,13.83954023,0.7188342,925.4934848,1406.737585,37.088776,431.052,7.4285,6001.0,143.081,4.12263,0.0823983,1.512840033,0.0744724,,,1.107,0.151247
334597566,6020.01,120.8,0,12.0471,0.006,331.313408,64.098143,-6.183,1.557,0.041,1.557,2459872.941,0.0026203,9.1099373,2.72e-05,9.51,0.378,9.615388,0.20942,8817.0,192.864,13.5278,,1223.52,,38.0,507.236,,6511.0,,4.438,,1.48,,,,,
341444900,6023.01,42.62,0,8.629,0.032,325.228645,55.06675,0.197,0.061,-7.928,0.057,2460419.862,0.0111897,9.0330414,0.0001392,5.965,3.12,0.24649,0.024853,227.0,22.8905,7.35267,,2661.86,2001.0,17.0,475.345,7.5705,7527.0,122.0,,,5.64,,,,,
56231866,6024.01,129.97,0,9.3185,0.007,356.038387,26.42567,-7.384,0.097,-7.741,0.046,2460605.496,0.0019019,2.7218347,1.35e-05,1.663,0.721,0.608183,0.107891,560.0,99.3662,14.1545,,616.895,1388.0,15.0,365.845,6.553,4758.0,122.0,,,5.53,,,,,
250707118,6028.01,93.26,1,11.2791,0.006,33.131092,51.778775,-9.805,0.101,1.898,0.083,2459885.017,0.000784601,5.723858193,0.000311899,3.854514135,0.07626595,9.46779,0.154001,8682.246603,141.82971,11.64707573,0.7574461,434.1768781,1164.223664,51.948875,313.576,4.37,6086.0,115.011,4.31517,0.0871291,1.23052001,0.0756281,0.14,0.08,1.141,0.161213
419523962,6029.01,84.94,1,11.6593,0.006,8.386256,61.860766,-0.489,0.042,4.045,0.039,2459904.819,0.0052733,5.7998626,4.33e-05,5.684,0.604,2.59475,0.104513,2387.0,96.2553,11.022,,806.794,1484.0,19.0,603.119,11.5015,5852.0,122.0,3.64892,,2.55,,,,1.057,
388076422,6034.01,100.15,1,13.2297,0.007,317.900139,68.402076,-2.426,0.048,-5.041,0.056,2459883.905,0.000741994,2.57617956,2.61e-05,1.587937868,0.030522976,55.581565,1.148705,49904.25287,1057.4371,12.14508691,0.4152841,45.3541068,661.8718403,56.127953,117.992,0.374,3628.0,157.0,4.73924,0.00816489,0.497904986,0.0149054,,,0.495981,0.0203684
352924930,6037.01,23.63,0,10.3755,0.034,21.805455,67.966855,13.207,0.041,-4.369,0.04,2459902.326,0.0140046,4.0158199,6.79e-05,6.39,3.509,0.358352,0.076443,330.0,70.4041,5.20076,0.608479,17781.5,3217.0,13.0,480.772,6.0325,6950.0,265.7,3.78,0.09,2.64,0.11,,,1.52,0.281712
194736418,6038.01,19.35,1,9.3229,0.006,51.657269,40.81727,10.37,0.094,-39.997,0.063,2459900.54,0.0024808,5.8267724,3.09e-05,4.598,0.606,0.879803,0.04941,810.0,45.5073,4.615,0.267509,744.793,1455.0,16.0,179.147,1.437,6305.0,140.1,4.11,0.09,1.62,0.08,,,1.239,0.185961
272050287,6039.01,74.91,0,10.244,0.006,355.433763,63.018844,14.989,0.053,2.322,0.049,2459908.575,0.0013353,8.503614,1.67e-05,1.203,0.227,1.727694,0.13027,1590.0,119.976,10.2441,0.560612,33.4398,669.0,21.0,425.467,5.5605,6255.0,144.3,3.88,0.09,2.31,0.09,,,1.472,0.255306
453064665,6043.01,109.21,1,11.8889,0.024,74.504382,48.300855,14.732,0.08,-43.776,0.061,2459911.851,0.000786454,2.645212085,0.000151883,3.055983574,0.07064725,11.413149,0.21918,10456.84182,201.85162,12.78036574,0.75549006,970.5163576,1423.542588,32.981808,348.815,4.8835,5596.0,181.613,4.24644,0.0841986,1.24059999,0.0658794,,,0.99,0.130567
353459965,6049.01,66.82,1,11.0878,0.006,66.248142,39.460602,14.403,0.129,-9.377,0.089,2459918.201,0.000908886,10.86149107,0.001275425,5.551146681,0.08914274,12.085168,0.170462,11069.13203,156.98859,9.573136473,2.0672128,79.75779387,762.1896249,75.71807,192.516,2.0315,5663.55,98.6637,4.53693,0.187925,0.895094991,0.192698,0.283699,0.0280899,1.006,0.119981
392681545,6054.01,6.95,1,7.4961,0.006,56.337007,60.350917,-54.987,0.048,-4.789,0.05,2459913.122,0.005121751,7.490327062,0.002637212,5.800712995,0.4518768,0.244969,0.022756,225.5988767,20.958628,2.527772559,0.7809674,526.6956422,1221.826896,8.938365,79.407,0.2038,6111.67,119.142,4.08398,0.0776287,1.612110019,0.0704171,,,1.15,0.15759
392681545,6054.02,8.26,1,7.4961,0.006,56.337007,60.350917,-54.987,0.048,-4.789,0.05,2459919.917,0.005012165,12.57599476,0.006745347,6.529918034,0.53116393,0.309137,0.026901,284.6855263,24.776178,2.798179678,0.9795008,263.9394474,1028.006416,8.120321,79.407,0.2038,6111.67,119.142,4.08398,0.0776287,1.612110019,0.0704171,,,1.15,0.15759
259099556,6069.01,14.81,0,8.92071,0.006,291.148444,67.527964,66.372,0.142,43.603,0.15,2459937.955,0.007657576,1.629092568,0.000805347,4.631518917,0.33059466,0.447147,0.045425,411.7525108,41.837414,3.945589973,0.3306372,2815.376435,1857.820999,9.041644,122.51,1.1125,5658.0,131.02,4.08591,0.0801153,1.503700018,0.0784422,,,1.005,0.128225
271431851,6081.01,103.82,1,14.4952,0.008,295.094957,43.537565,-4.263,0.047,-1.241,0.052,2459397.093,0.008386364,7.886421825,0.000244047,4.942937779,0.9122589,6.797933,0.99512,6241.567244,916.1197,12.40482907,3.1102912,358.1159257,1109.495789,7.481163,1506.58,56.63,5597.0,123.0,4.04717,,1.560510039,,,,0.99,
299089652,6083.01,30.85,1,11.9363,0.006,288.848855,51.209038,31.935,0.041,-2.513,0.046,2459752.894,0.010351788,,,9.305509477,0.8226749,3.92471,0.51529,3608.26635,474.4871,6.076207119,0.6943608,0.799530268,241.1728841,7.213671,298.532,1.9595,5576.31,102.913,4.48425,0.0737161,0.940603018,0.0414573,0.039,0.021,0.984,0.125262
294283951,6084.01,81.1,0,11.7056,0.01,301.752501,50.34803,2.083,0.053,3.856,0.047,2459422.142,0.003066902,4.372406283,4.69e-05,1.414838759,0.28113922,1.784456,0.30541,1642.195033,281.2538,10.7278887,29.522633,2515.017554,1806.154946,8.109731,819.949,17.331,8096.0,140.794,4.28307,0.0751696,1.677770019,0.0627135,,,1.97,0.298859
18318288,6086.01,0.86,1,12.4106,0.007,265.370424,30.303776,-110.595,0.061,2.165,0.071,2458984.76,0.001364061,1.38885844,1.38e-05,0.826700235,0.63512415,1.491211,0.261988,1372.513683,241.27072,0.965061868,1.7210847,31.52573857,604.3465776,8.86141,31.4566,0.0405,3300.0,157.0,4.97775,0.0124862,0.256455988,0.00765628,,,0.227881,0.0201097
48448369,6087.01,22.32,1,11.8216,0.007,284.739116,49.598445,12.889,0.04,14.216,0.037,2459806.509,0.006343114,,,2.299635727,0.59975916,2.279306,0.288508,2097.116467,265.69083,5.02186247,2.04793,18.53318782,529.1847026,7.295672,334.797,2.3875,5819.72,144.003,4.41305,0.0826292,1.054640055,0.0595176,-0.206727,0.0133151,1.05,0.131175
122375047,6088.01,7.77,1,11.3992,0.006,290.420969,37.851656,25.284,0.033,-30.711,0.037,2459398.896,0.005168345,9.286673261,0.000181147,3.25938081,0.50267756,0.775329,0.098591,713.8494352,90.801575,2.699625146,0.56892985,93.88144685,793.897973,7.342691,218.562,0.9705,5511.0,101.51,4.50367,0.070297,0.911822975,0.0407035,-0.12,0.1,0.967,0.12012
350814622,6089.01,16.17,1,11.7266,0.006,285.615449,50.135771,6.003,0.039,4.672,0.043,2459391.483,0.002903434,3.213563587,4.19e-05,4.314161137,0.5770433,0.711099,0.064874,654.7322821,59.74978,4.154955421,1.930678,1364.581536,1550.135357,9.909683,487.916,5.8295,5772.0,103.434,4.04527,0.070765,1.595209956,0.068191,0.12,0.1,1.03,0.127999
268159158,6090.01,91.81,1,14.5892,0.008,298.635648,44.170939,-1.673,0.049,-0.74,0.049,2459420.878,0.004794222,4.708035279,8.13e-05,2.907942333,0.5383143,10.53773,1.185371,9658.660356,1091.1713,11.54036047,2.0736494,363.7711103,1113.850235,8.718572,1065.37,36.405,5490.0,123.0,4.3011,,1.14715004,,,,0.96,
339591840,6092.01,23.15,0,12.9805,0.007,284.022658,14.12202,-26.952,0.07,-49.861,0.073,2459746.251,0.008838637,,,4.667253613,0.734923,14.04839,1.923896,12855.69612,1770.4044,5.130685619,0.59278667,0.674928977,231.1714878,10.6106615,76.6119,0.2585,3476.0,157.0,4.81846,0.00388038,0.408955991,0.012138,,,0.401554,0.0202386
35883621,6094.01,100.85,0,9.65609,0.006,117.671104,-6.494944,2.895,0.114,-8.173,0.068,2459984.008,0.0045334,3.0519843,2.51e-05,2.868,0.945,0.968909,1.579972,892.0,1454.15,12.1856,3.97345,10790.5,2839.0,16.0,310.559,7.186,6251.1,109.3,3.79,0.08,2.33,0.12,0.291,0.026,1.214,0.173926
262781201,6096.01,6.45,0,9.34567,0.006,141.403549,3.661936,-25.891,0.086,2.717,0.083,2460283.552,0.003305,1.3154261,5.1e-06,2.121,0.971,0.309479,0.033933,285.0,31.2532,2.42354,0.179737,11290.9,2871.0,17.0,181.94,1.5435,6613.8,98.6,4.28,0.08,1.42,0.05,0.039,0.01,1.384,0.23168
402740809,6147.01,63.85,0,12.95,0.006,352.024332,23.749185,-6.761,0.183,-45.038,0.147,2459851.468,0.0020923,1.5801759,0.0002246,0.645,0.269,6.738316,2.369445,6187.0,2179.96,9.31686,1.59442,56.4235,763.0,11.0,320.803,13.105,4547.0,124.3,4.31,0.1,0.98,0.09,,,0.716,0.088438
117068362,6152.01,89.18,0,12.1566,0.009,319.267299,33.138041,0.779,0.039,0.674,0.049,2459849.027,0.0019552,4.2005957,2.37e-05,2.587,0.415,4.840127,0.330831,4448.0,304.66,11.3204,0.688064,1013.24,1571.0,16.0,950.289,31.499,7803.0,139.6,4.26,0.09,1.67,0.08,,,1.85,0.307148
86005116,6157.01,96.36,0,14.9131,0.008,327.043547,23.112359,-13.051,0.119,-27.705,0.11,2459852.548,0.0011829,0.4916402,2.28e-05,0.453,0.161,32.078285,20.200238,29113.0,18433.1,11.7778,2.07623,109.834,901.0,16.0,221.034,3.335,3522.0,157.0,4.77,0.01,0.46,0.02,,,0.461082,0.0219981
26583436,6172.01,44.1,0,13.0091,0.007,292.031505,49.388635,0.468,0.031,5.103,0.039,2459851.702,0.0051646,6.1429164,6.72e-05,4.475,0.654,4.211041,0.239154,3871.0,220.245,7.50153,,592.787,1374.0,18.0,869.253,12.8745,6291.9,20.2,4.25,,1.38,,0.0142717,0.0191102,1.23,
199162630,6181.01,77.3,0,11.8563,0.007,333.847555,46.302271,0.993,0.039,-1.698,0.043,2459847.835,0.0029428,2.7649802,0.0006825,1.659,0.516,3.888462,0.386704,3575.0,356.104,10.4307,0.747897,1119.71,1611.0,14.0,873.578,19.013,7776.0,122.7,4.2,0.08,1.78,0.06,,,1.84,0.282351
345333936,6186.01,81.72,0,12.4033,0.017,355.780987,56.810046,-5.735,0.04,-0.823,0.039,2459880.954,0.0014553,1.4252334,2.8e-06,1.673,0.261,7.518639,0.393883,6901.0,362.714,10.7664,0.657638,1265.88,1661.0,28.0,543.454,8.5685,6033.0,167.1,4.23,0.08,1.35,0.07,,,1.12,0.152973
437740083,6242.01,88.92,0,11.0999,0.008,2.950371,27.442815,23.292,0.051,14.009,0.059,2459879.464,0.0007606,5.6020298,7.8e-06,1.893,0.256,6.693525,0.332,6146.0,305.737,11.3612,0.748923,89.7874,857.0,35.0,328.625,3.9325,5750.6,142.0,4.14,0.08,1.44,0.08,0.199169,0.0108998,1.03,0.129513
52005579,6251.01,0.87,1,10.1769,0.007,3.957914,13.557617,618.003,0.163,329.319,0.139,2459458.901,0.001739737,12.76147058,4.96e-05,1.049776114,1.95206,1.320243,0.271299,1215.24958,249.84457,0.970576265,3.7154806,1.901725116,299.5067987,9.489927,12.21,0.01305,3376.0,157.0,4.9613,0.0101873,0.269427001,0.0080644,,,0.242168,0.0201353
261135533,6255.01,0.85,1,10.4458,0.007,331.503161,39.298828,69.188,0.067,-458.917,0.083,2458738.712,0.000466235,0.238182334,7.55e-06,0.476353558,0.16656613,0.536461,0.053271,493.9763957,49.063408,0.961738557,0.28935423,588.9943508,1256.456716,11.5334835,20.3167,0.0236,3423.0,157.0,4.85554,0.00118834,0.369076997,0.0109958,,,0.356208,0.0202346
168281028,6269.01,34.28,1,11.8134,0.007,154.271062,-25.276298,-21.752,0.066,-7.54,0.07,2459991.435,0.001906701,4.37446138,0.000637542,3.048449441,0.15113048,3.557246,0.176716,3270.982856,162.74796,6.46377652,0.6338399,419.4378829,1154.214864,17.267347,343.525,5.049,5677.0,129.358,4.34735,0.0775018,1.115630031,0.058093,,,1.01,0.125335
142211778,6273.01,122.07,1,13.9069,0.006,180.546219,-35.548609,-2.416,0.04,1.487,0.025,2460016.847,0.003919048,3.052057025,0.000940863,3.481779199,0.28988293,10.257581,0.790196,9403.092601,727.53284,13.64534276,1.2313935,1077.344058,1461.195597,11.614146,1096.19,41.565,5726.0,122.0,4.16246,,1.387079954,,,,1.02,
49043968,6275.01,119.29,1,11.6337,0.008,164.34914,-29.997123,-49.031,0.053,1.227,0.055,2460017.859,0.000767925,6.246225205,0.00042169,4.250836068,0.058976885,14.504751,0.228051,13270.52927,210.02043,13.46147557,0.65420496,339.10135,1094.465634,60.30014,362.087,5.308,6132.0,127.507,4.38741,0.084278,1.141720057,0.0533769,,,1.16,0.159949
397362481,6276.01,0.83,1,6.7213,0.006,175.256304,-44.404149,-660.418,0.233,241.799,0.117,2460017.108,0.001671944,6.207472032,0.000981945,1.5587404,0.15797926,0.25073,0.031379,230.9041397,28.900988,0.955851376,0.83626235,45.92007056,663.9270852,7.184499,12.7781,0.0114,4633.87,143.288,4.70763,0.105376,0.630715013,0.0536482,-0.505455,0.027136,0.74,0.0868159
397362481,6276.02,0.63,1,6.7213,0.006,175.256304,-44.404149,-660.418,0.233,241.799,0.117,2460014.847,0.002137227,4.465347099,0.000704106,1.569148622,0.11201358,0.202792,0.027286,186.7606727,25.131464,0.885684603,0.46845463,71.24405191,740.9807105,7.353104,12.7781,0.0114,4633.87,143.288,4.70763,0.105376,0.630715013,0.0536482,-0.505455,0.027136,0.74,0.0868159
157230659,6278.01,79.6,1,11.6634,0.006,176.249942,-35.640563,-18.414,0.044,7.138,0.032,2460019.141,0.002268425,7.533765702,0.002164911,5.584383609,0.2017168,5.111908,0.245322,4697.175309,225.92403,10.61111896,0.77257526,422.1623374,1156.084613,7.1724796,446.442,7.5795,5869.0,123.928,4.09453,0.076669,1.529049993,0.0744673,,,1.06,0.135145
449951606,6279.01,117.89,0,10.3879,0.007,168.212865,-58.942432,-8.314,0.058,2.737,0.06,2460032.93,0.0051966,5.1681189,3.04e-05,3.736,0.88,1.911492,0.133909,1759.0,123.327,13.3663,0.923549,1947.87,1850.0,17.0,860.379,31.018,8254.0,144.8,3.67,0.08,3.44,0.17,,,2.03,0.311209
354285962,6286.01,59.24,0,12.4721,0.012,346.44125,72.410554,-8.426,0.029,-1.219,0.026,2459907.595,0.0174707,5.6289226,0.0001592,9.272,1.955,2.010472,0.108895,1850.0,100.291,8.93102,0.646382,4560.18,2289.0,20.0,1111.47,21.04,6683.0,144.5,3.72,0.09,2.72,0.12,,,1.41,0.243085
285233023,6298.01,47.3,0,12.4487,0.015,12.471055,60.946038,-5.379,0.035,-7.593,0.035,2459904.857,0.0041351,2.8577028,1.82e-05,2.264,0.631,2.930009,0.346994,2695.0,319.542,7.78724,0.648829,771.67,1468.0,11.0,594.839,9.627,6240.0,159.7,4.2,0.09,1.45,0.07,,,1.21,0.180008
256349966,6343.01,74.01,0,12.0913,0.028,322.717404,68.495293,-4.844,0.047,-4.931,0.045,2459906.004,0.003002,14.5877856,4.9e-05,3.517,0.735,3.669468,0.304178,3374.0,280.119,10.1617,0.651811,82.7417,840.0,28.0,655.707,11.3195,6544.0,212.1,4.13,0.1,1.66,0.08,,,1.35,0.234901
98613492,6355.01,28.94,0,11.8275,0.006,79.724105,47.54723,-1.017,0.073,-19.097,0.067,2459934.889,0.0011195,1.0617107,1.9e-06,1.067,0.355,2.575161,0.293566,2369.0,270.348,5.85456,0.446364,916.847,1533.0,22.0,317.292,4.4925,5589.0,150.0,4.38,0.08,1.06,0.06,,,0.987,0.128232
274002141,6368.01,87.93,0,14.5853,0.008,86.975303,41.942327,20.81,0.137,-126.002,0.115,2459935.162,2.4e-05,1.6197991,1e-06,0.95,0.002,34.297007,0.822078,31095.0,756.875,11.4253,0.367142,31.7825,661.0,12.0,100.741,1.1189,3192.0,157.0,4.92,,0.31,0.01,,,0.282616,0.0205617
187532854,6377.01,66.5,0,12.2059,0.006,77.869302,37.923226,14.737,0.071,-10.008,0.053,2459934.874,0.0015851,1.6513066,4e-06,0.82,0.237,1.90279,0.526426,1751.0,484.739,9.54979,0.916504,231.366,1086.0,10.0,536.017,11.7625,5887.6,129.7,4.13,0.09,1.47,0.1,-0.653582,0.0356921,1.068,0.136539
328513434,6383.01,88.99,1,14.4506,0.007,60.424695,60.891368,41.134,0.063,-51.191,0.07,2459933.595,0.0010596,1.7904917,0.0001515,1.223,0.086,52.626682,3.286259,47315.0,3022.18,11.4109,0.480695,31.6712,660.0,28.0,171.319,1.323,3425.0,157.0,4.78,0.01,0.46,0.01,,,0.453737,0.0204697
353586703,6398.01,101.42,0,12.1953,0.007,96.518294,39.794575,-2.866,0.082,0.484,0.075,2459961.599,0.0006417,3.0043128,2.7e-06,0.714,0.221,6.534039,1.956173,6000.0,1800.08,12.1874,1.36016,61.8402,781.0,19.0,502.17,10.247,6405.0,122.9,4.41,0.09,1.17,0.06,,,1.29,0.208437
347442932,6447.01,64.94,0,13.346,0.007,133.25514,-13.050699,-20.093,0.039,9.174,0.041,2459986.82,0.000819,0.6646521,6e-07,1.272,0.124,7.842298,0.51773,7197.0,476.733,9.44803,,3611.53,2159.0,32.0,707.586,12.494,6256.0,122.0,4.55,,0.97,,,,1.22,
142277868,6508.01,71.85,1,14.3088,0.008,180.764269,-33.6655,-413.185,0.129,-35.015,0.078,2460038.985,3.09e-05,18.9926881,7e-07,1.506,0.001,274.940021,1.117417,223710.0,1028.65,10.231,0.309282,0.172006,179.0,56.0,48.4666,0.22785,3003.0,157.0,5.05,0.02,0.21,0.01,,,0.174017,0.0200756
255851356,6542.01,74.14,0,9.9747,0.006,198.58223,-59.692251,-53.253,0.035,-15.592,0.039,2460065.683,0.0059521,2.4018591,3.16e-05,3.471,1.279,0.71139,1.802939,655.0,1659.19,10.1612,3.45898,25813.2,3531.0,14.0,260.511,1.9645,6071.0,128.5,3.95,0.08,1.86,0.09,,,1.13,0.149759
166527623,6551.01,64.55,1,9.1871,0.006,207.526001,-40.835896,-28.843,0.108,-22.425,0.107,2460044.635,0.000693633,6.959397214,0.000367873,4.855326945,0.046882056,5.253392,0.273926,4826.865604,252.26306,9.380052656,0.54557335,341.0877558,1096.064929,20.406057,127.28,1.096,5854.0,,4.438,,1.337290049,0.0659899,,,1.03,0.133363
162729620,6585.01,70.64,0,12.3613,0.006,170.889648,-45.647015,-38.33,0.039,10.283,0.035,2460051.304,0.0057569,13.4364908,9.87e-05,5.375,1.684,5.153171,2.240893,4735.0,2061.81,9.8672,2.22858,690.534,1428.0,24.0,590.249,10.105,6229.0,136.6,4.28,0.08,1.31,0.06,,,1.2,0.166115
75650448,6628.01,70.99,1,12.0836,0.006,225.83705,-35.230579,-30.179,0.09,-15.946,0.065,2460093.83,0.0018913,18.184189,3.78e-05,3.696,0.213,10.191718,0.374056,9343.0,344.459,9.90639,0.625776,20.0861,589.0,27.0,320.527,5.885,5265.0,125.7,4.32,0.08,1.09,0.06,,,0.9,0.112219
15827263,6645.01,3.74,0,10.4263,0.006,280.505862,17.310927,9.0,2.6,24.5,2.7,2460505.21,0.0076094,3.9525732,3.04e-05,2.378,0.77,0.930875,0.081756,857.0,75.297,,,,,9.0,,,4536.1,210.1,,,,,,,,
174328045,6651.01,20.67,1,9.60892,0.006,15.78859,35.389041,10.396,0.191,-21.221,0.099,2459872.883,0.0027312,5.0569858,2.6e-05,3.589,0.553,0.86133,0.046396,793.0,42.7317,4.79388,0.273095,448.021,1281.0,18.0,212.128,2.538,5818.9,107.5,3.95,0.07,1.8,0.08,0.203757,0.0123592,1.047,0.132419
425817867,6681.01,124.91,1,12.0491,0.006,305.872437,-44.0587,-40.976,0.061,-52.291,0.041,2460129.99,0.000447932,3.77834012,0.000139536,2.82962999,0.035698865,27.023544,0.239253,24582.41171,220.33632,13.8305377,0.7528685,269.1657299,1033.057966,117.05939,274.96,3.0635,5443.0,125.717,4.54284,0.0835976,0.863922,0.0462512,,,0.95,0.128189
35377903,6693.01,95.92,0,10.3313,0.008,315.423021,-10.408225,17.45,0.072,-23.412,0.056,2459797.576,0.001252054,2.993259069,0.000283979,4.737132893,0.09419502,3.65854,0.146175,3363.969159,134.62326,11.84140521,0.65931356,2649.76222,1829.875218,21.003218,341.393,5.1975,6106.0,127.175,3.91186,0.0816372,1.965399981,0.0901207,,,1.15,0.159614
303364023,6711.01,1.09,0,13.0055,0.007,138.38301,-69.304692,-151.783,0.074,136.245,0.069,2458543.252,0.003791116,10.34699445,4.87e-05,2.593471318,1.207885,1.739934,0.248288,1601.254739,228.65567,1.031872732,1.1519709,2.106640952,307.2680329,7.8731074,42.3968,0.0755,3278.0,157.0,4.97813,0.0123963,0.256166995,0.00770436,,,0.227565,0.0201351
261264800,6714.01,1.11,0,14.5913,0.01,90.934682,-81.457413,110.626,0.143,236.727,0.229,2458326.238,0.002585829,4.767442109,2.04e-05,1.321030998,0.27549106,5.331681,1.056175,4898.621861,972.3002,1.036506337,0.16558619,1.352940883,275.0676104,7.140531,26.741,0.06305,2824.0,157.0,5.24293,0.0613344,0.125968993,0.00371849,,,0.101248,0.0200114
92449173,6719.01,130.4,1,12.2247,0.006,314.575438,-35.796622,12.088,0.074,-8.249,0.048,2460155.277,0.001097848,2.17648747,0.000162543,3.440372281,0.0828076,8.846346,0.242487,8114.682956,223.31345,14.18483905,0.91223466,2054.795607,1717.164521,24.540974,559.084,16.4895,5646.0,132.236,4.05052,0.0824235,1.562330008,0.0886432,,,1.0,0.125278
281541545,6720.01,56.01,1,13.7813,0.006,6.613593,-56.34428,42.581,0.035,8.264,0.03,2460158.118,0.002519714,4.147035923,0.0010062,2.319769434,0.23871939,14.082808,0.949368,12886.98799,874.01807,8.628540447,1.2575701,90.53206467,786.7202987,10.971245,324.413,2.37,4247.0,122.0,4.47839,,0.775547981,,,,0.66,
121490076,6726.01,13.09,1,8.9988,0.006,343.572379,-43.010229,2.012,0.049,27.564,0.059,2460160.496,0.0027941,14.2456603,4.1e-05,3.403,0.91,1.177576,1.170175,1084.0,1077.19,3.68209,1.04832,180.487,1021.0,9.0,46.2122,0.0862,4760.0,126.0,4.57,0.09,0.76,0.05,,,0.77,0.0903512
299876474,6750.01,82.61,0,14.4757,0.007,244.02137,-60.038009,-28.934,0.057,0.542,0.056,2460122.22,0.0040922,2.5950111,2.17e-05,2.524,0.507,31.806574,2.960928,28870.0,2723.4,10.8614,0.716671,131.825,943.0,11.0,317.495,3.9555,3875.0,157.0,4.62,0.01,0.64,0.02,,,0.618846,0.021516
197643976,6821.01,18.97,1,12.5638,0.006,328.51748,-38.377419,-23.662,0.042,5.488,0.036,2460179.095,0.0030049,3.535713,9.2e-06,2.148,0.289,3.388436,0.236623,3116.0,217.914,4.58576,0.338194,191.782,1036.0,12.0,322.148,3.5925,5222.0,128.1,4.52,0.09,0.86,0.05,,,0.89,0.114024
4610830,6833.01,10.94,1,11.5018,0.007,348.949031,-10.849739,-1.018,0.084,-10.522,0.082,2460219.145,0.005467,8.2616616,1.9e-05,2.862,0.202,1.459124,0.041952,1343.0,38.6387,3.30997,0.197543,66.2634,794.0,25.0,202.585,2.0085,5281.0,128.8,4.53,0.08,0.86,0.05,,,0.91,0.112104
49735922,6834.01,14.74,1,12.1093,0.007,352.713934,-11.077356,0.39,0.086,-23.23,0.062,2460226.787,0.0777312,6.3392677,0.0002037,3.02,0.177,1.889739,0.098778,1739.0,90.9737,3.91968,0.252457,120.002,922.0,31.0,290.495,4.2445,5289.0,120.9,4.46,0.08,0.93,0.05,,,0.91,0.114574
301235044,6835.01,3.4,1,10.0298,0.006,350.917046,-1.189183,116.168,0.069,25.358,0.06,2460232.513,0.0005955,0.2803246,1e-07,0.868,0.134,0.550608,0.034737,507.0,31.9939,1.64829,0.145724,3967.92,2211.0,47.0,61.8736,0.1658,4477.0,124.7,4.56,0.1,0.72,0.06,,,0.7,0.0857046
422618449,6836.01,7.31,1,9.3742,0.006,353.954352,0.444704,-232.909,0.07,-187.564,0.049,2460229.092,0.0021988,9.100412,5.03e-05,2.181,0.416,1.178663,0.080905,1085.0,74.5135,2.59387,0.219784,28.6373,644.0,13.0,62.4491,0.18255,5013.7,147.2,4.58,0.1,0.77,0.06,-0.144,0.134,0.83,0.100714
278892590,6838.01,1.89,1,13.8529,0.011,346.626392,-5.043462,901.0,8.0,-492.0,8.0,2460209.808,0.001093316,1.510944712,0.000126047,0.640149871,0.1254012,11.672831,1.282117,10693.48816,1180.1766,1.203891718,0.23403676,98.19305293,802.8602204,7.9035006,,,5780.0,,5.27596,0.0719093,0.114827,0.00335728,,,0.0907782,0.0200069
434100688,6849.01,107.93,0,9.9309,0.008,352.949174,-17.448458,7.256,0.1,-15.108,0.097,2458371.511,1.01e-05,1825.048364,1e-06,3.62,0.017,2.800465,0.100441,2576.0,92.5051,12.7111,0.640568,0.0187275,103.0,13.0,319.053,6.462,6290.0,129.0,3.89,0.09,2.09,0.1,,,1.23,0.184727
344224831,6866.01,63.36,0,12.5227,0.007,21.602425,4.317341,-5.473,0.064,-15.368,0.039,2460224.828,0.0011964,8.0179256,1.86e-05,1.018,0.162,9.46971,0.754263,8684.0,694.461,9.29428,0.661693,8.84387,480.0,15.0,361.951,4.0395,5356.0,125.0,4.46,0.09,0.94,0.05,,,0.93,0.119966
150096001,6872.01,6.67,1,12.3252,0.007,70.149378,25.009813,185.658,0.082,-46.363,0.038,2460251.644,0.0060784,11.0248821,2.91e-05,2.917,0.537,2.111638,0.640628,1943.0,589.866,2.46843,0.314121,48.3251,734.0,24.0,75.1703,0.2012,3798.0,157.0,4.77,0.01,0.46,0.01,,,0.456853,0.0202341
377024332,6876.01,8.25,0,9.089871,0.006,147.221565,8.974037,14.174,0.085,-62.19,0.089,2460282.741,0.0073027,15.1771428,0.0002928,4.556,1.184,0.584283,0.042593,538.0,39.2285,2.80249,0.190838,115.579,913.0,11.0,140.69,1.222,6200.0,104.4,4.25,0.08,1.36,0.05,-0.05,0.04,1.19,0.171777
365007485,6877.01,71.21,1,11.6575,0.006,164.189386,9.673946,-34.648,0.061,-3.8,0.052,2459521.374,0.0161377,33.5920255,0.0003531,6.385,0.613,3.645501,1.711078,3352.0,1574.72,9.88421,0.974762,134.883,949.0,70.0,246.599,2.535,5468.0,125.9,4.5,0.08,0.91,0.05,,,0.956,0.114612
262135904,6878.01,16.05,0,10.1063,0.007,106.486751,11.772439,-4.53,0.116,-1.69,0.092,2460285.266,0.0033566,2.0990836,1.06e-05,2.343,0.314,0.54409,0.034409,501.0,31.6913,4.13797,0.253738,5728.08,2423.0,14.0,532.485,17.051,8853.0,128.7,4.18,0.07,2.0,0.08,,,2.23,0.308654
293075732,6882.01,49.79,0,12.7726,0.006,254.242045,-68.709846,-13.909,0.02,-20.77,0.025,2460098.203,0.003693938,0.5666806,6.1e-06,0.722,0.573,1.662448,0.183554,1530.0,169.045,8.04611,2.39727,1116.17,1610.0,9.0,733.941,9.72,5517.0,123.9,3.99,0.08,1.65,0.08,,,0.97,0.127322
393818343,6883.01,14.09,1,8.9797,0.006,310.2917,3.638297,-56.707,0.062,-88.925,0.042,2459811.24,0.002798734,,,3.956997192,0.47626913,1.299383,0.126001,1196.05978,116.04427,3.832401153,1.3715508,108.6208553,823.3757159,51.343384,93.7345,0.35135,5657.0,125.246,4.35534,0.0765444,1.099930048,0.0560351,,,1.0,0.123635
252537013,6895.01,13.71,0,10.4505,0.006,344.835029,52.066799,-31.0,2.2,-22.5,2.0,2460600.031,0.0041067,7.0469712,2.16e-05,2.551,0.508,1.108016,0.076017,1020.0,70.0121,3.77076,,125.316,,13.0,203.968,,5940.0,,,,1.2,,,,,
84126162,6920.01,70.12,0,13.3268,0.012,95.862582,25.543291,-1.146,0.054,-7.973,0.044,2460254.527,0.0043304,3.6688102,2.49e-05,2.151,0.302,9.210168,0.621644,8447.0,572.391,9.85973,,265.932,1125.0,14.0,684.507,13.484,5821.5,48.9,4.36,,1.12,,-0.111,0.047,1.05,
400466395,6952.01,74.6,0,12.2479,0.006,92.092038,33.732462,8.053,0.074,5.595,0.06,2460311.735,0.0009658,5.1391542,9.2e-06,0.633,0.342,6.720837,4.541729,6171.0,4174.35,10.2495,2.52458,26.3552,631.0,16.0,388.991,6.8705,5974.6,136.0,4.48,0.09,1.0,0.06,-0.639035,0.00911108,1.097,0.146502
435339558,6962.01,19.25,1,11.2235,0.006,55.255931,13.519187,7.923,0.07,-41.247,0.051,2459456.139,0.004967917,21.99036194,0.000258542,3.873238143,1.2711391,1.219208,0.143861,1122.302109,132.492,4.603465524,3.8416066,56.47005814,699.156353,7.2423134,256.011,2.328,5294.0,309.719,4.14669,0.0964606,1.334169984,0.0797588,,,0.91,0.130096
56658270,6963.01,60.85,1,12.8131,0.007,63.928339,29.166542,12.336,0.139,-17.754,0.09,2459475.616,0.002632271,8.834926096,4.97e-05,6.244281077,0.25792173,6.67851,0.439138,6132.255344,404.37946,9.059590395,0.62581956,41.41987062,647.0263001,13.213384,159.244,1.693,3303.0,,3.84689,,1.149979949,,,,0.339,
27635334,6967.01,25.13,1,11.6736,0.006,123.381848,16.419516,-6.874,0.073,-22.723,0.042,2459502.376,0.002955589,4.733557505,4.2315e-05,3.208923448,1.0638787,1.010477,0.134718,930.2503519,124.07247,5.385266629,6.4387536,850.4828102,1377.324062,8.475602,477.295,9.893,5496.0,131.305,3.93163,0.0816434,1.758960009,0.102414,,,0.964,0.118776
17129975,6969.01,92.68,0,12.367,0.018,308.160533,40.778443,-2.017,0.047,-15.301,0.05,2460340.479,0.001777458,1.514229218,0.000175099,1.719041575,0.09229366,5.738549,0.336209,5271.455864,309.6118,11.60427109,0.681158,4024.597942,2031.423044,15.659901,658.741,13.1045,6616.0,162.337,4.2907,0.0922661,1.391960025,0.0613819,,,1.38,0.238599
271749758,6970.01,91.73,1,13.9354,0.008,295.49671,42.537932,9.742,0.034,10.024,0.037,2460342.997,0.007356733,11.71444698,0.005512424,3.513182206,0.47744966,13.947534,1.958655,12763.9935,1802.3618,11.53373999,1.3575621,53.79538271,690.7263119,8.963072,587.91,7.1065,5165.0,122.0,4.48308,,0.885628998,,,,0.87,
436575927,6977.01,4.41,1,11.4398,0.006,71.110002,16.518582,39.144,0.081,-22.761,0.052,2460250.886,0.0065438,5.0957983,1.46e-05,1.772,0.137,0.775493,0.033557,714.0,30.9066,1.92318,0.17682,28.5068,643.0,26.0,98.0152,0.4771,4197.0,117.6,4.56,0.11,0.7,0.06,,,0.66,0.0806281
26078330,6979.01,12.34,1,11.584,0.006,52.888852,22.434819,-7.59,0.074,-10.771,0.052,2459451.225,0.002256088,8.754707978,4.69e-05,3.464440251,0.73480296,1.65992,0.171365,1527.674894,157.82033,3.543810817,1.7096419,117.8260362,840.2916858,10.061081,214.753,1.823,5888.0,136.6,4.57,0.08,0.889347017,0.0416884,,,1.068,0.131233
113921235,6982.01,94.75,1,11.3281,0.006,54.274323,19.499595,27.627,0.084,-7.059,0.05,2459518.397,0.000849788,59.84739922,0.001196422,4.369666421,0.09147935,12.440523,0.185675,11392.75077,170.99811,11.75567728,0.6124999,0.46883424,211.0447631,67.36197,245.962,2.89,5765.3,102.7,4.38,0.07,1.092149973,0.0517085,0.116,0.021,1.032,0.124078
83181153,6984.01,12.38,1,12.7079,0.007,94.206431,24.595834,-28.044,0.066,-115.639,0.055,2460256.948,0.009787953,,,5.128945211,0.8196901,3.706344,0.56113,3407.848686,516.6861,3.550689516,0.43816376,0.027922883,104.2581018,7.561934,99.0504,0.51275,3683.0,157.0,4.72407,0.00861635,0.515263021,0.0152997,,,0.512936,0.020283
261141602,6989.01,30.87,0,11.9409,0.006,76.241952,43.258963,16.962,0.198,-18.032,0.166,2460310.065,0.0014544,1.4956727,4.4e-06,1.965,0.254,4.033392,0.197672,3708.0,182.046,6.10516,0.480293,658.968,1411.0,24.0,239.055,7.909,4812.0,159.3,4.28,0.09,1.06,0.08,,,0.779,0.0922405
55390413,6994.01,40.3,0,13.2387,0.008,97.425171,65.731761,-2.176,0.021,-16.32,0.027,2460309.127,0.0023214,1.8819016,4.3e-06,1.162,0.191,5.559062,0.571971,5107.0,526.666,7.09086,,128.796,938.0,11.0,375.707,2.6985,4704.0,122.0,4.36,,0.95,,,,0.75,
41875043,6996.01,30.67,0,12.9691,0.008,285.826291,34.882431,-2.509,0.028,-4.915,0.037,2460337.887,0.0031088,0.9602835,4e-06,1.497,0.368,3.405862,0.271196,3132.0,249.75,6.0323,0.415323,2118.57,1890.0,15.0,564.394,5.611,5708.0,130.3,4.38,0.08,1.08,0.05,,,1.02,0.128272
289441015,7007.01,30.99,0,12.695,0.213,315.213643,48.803268,3.343,0.029,-0.72,0.027,2460394.09,0.0080738,1.5342604,1.15e-05,3.271,0.587,1.921281,0.125664,1768.0,115.734,6.09992,0.434538,15822.4,3124.0,10.0,625.983,6.103,8194.0,1362.5,4.28,0.16,1.7,0.08,,,2.01,0.582487
201175570,7041.01,66.32,1,10.264,0.006,357.802172,-50.869862,2.072,0.044,-1.746,0.04,2460160.363,0.013765347,9.699466577,0.005101619,15.79600676,0.98390627,0.557084,0.059422,512.9617961,54.72791,9.529592632,2.9982812,143.2589795,882.3689413,8.977671,439.52,5.7325,4696.0,122.0,4.438,,4.210589886,,,,,
345724317,7042.01,10.52,0,10.4875,0.006,249.91015,20.743061,3.558,0.062,-7.532,0.067,2460478.507,0.0032861,2.817627,1.16e-05,1.455,0.289,0.942828,0.082897,868.0,76.3479,3.22711,0.239891,327.873,1185.0,9.0,237.065,2.6065,6320.6,104.4,4.4,0.08,1.17,0.05,-0.105,0.011,1.246,0.184685
325670253,7057.01,121.75,1,12.8999,0.006,269.57207,5.761371,-14.871,0.036,-0.301,0.039,2460480.136,0.001185252,3.377741925,0.00030052,2.814743518,0.09157818,18.937042,0.708958,17290.43499,652.76117,13.62393371,0.97167355,370.3984667,1118.889104,15.525996,403.458,3.942,5080.0,143.488,4.33326,0.0891976,1.040799975,0.0629548,,,0.851,0.106082
104866616,7059.01,118.26,1,11.1323,0.006,270.444183,-2.97098,-4.569,0.078,-4.414,0.071,2460481.357,0.001024626,4.462664656,0.000359042,3.080270495,0.07152198,8.703119,0.214965,7983.827052,197.9701,13.39344025,0.556061,1405.47983,1561.621947,40.222755,290.736,5.025,7587.0,408.241,4.39508,0.0913315,1.395140052,0.0530453,,,1.763,0.321014
383723559,7065.01,9.37,0,9.58671,0.006,279.71524,43.093727,-19.119,0.038,-59.62,0.04,2460530.687,0.0047793,2.6667526,1.27e-05,2.594,0.6,0.206309,0.017905,190.0,16.4909,3.01006,0.208297,1172.14,1630.0,12.0,280.342,1.714,6173.0,126.5,3.83,0.09,2.18,0.1,,,1.178,0.170457
405010127,7066.01,42.99,1,13.8215,0.006,291.063681,0.746014,-3.196,0.069,-22.735,0.054,2460509.504,0.00355848,13.23412611,0.005107075,2.370515674,0.36909488,20.152022,2.360885,18389.50925,2172.0933,7.38532555,1.2427559,16.10891378,510.9593066,8.3981695,338.386,3.9865,5025.0,155.0,4.88331,,0.548928976,,0.06,0.09,0.84,
139158696,7067.01,117.29,1,14.5293,0.008,295.287232,41.222003,5.352,0.046,10.157,0.049,2460509.909,0.006282563,15.35735216,0.00895015,3.589446743,0.60598874,23.123564,3.05802,21072.39707,2812.5781,13.3280613,2.0405557,47.24047723,668.6491835,7.589142,872.343,20.8455,5462.0,124.0,4.49258,,0.915391028,,,,0.95,
137685450,7068.01,59.77,1,11.4605,0.006,292.627494,37.860165,7.174,0.039,7.025,0.044,2460517.615,0.005808659,,,20.5949466,0.5034784,4.52203,0.242852,4156.28182,223.64984,8.964682005,0.56839865,165.7019266,915.0643564,17.3525,397.292,4.0805,6181.58,118.847,4.23853,0.0820649,1.36796999,0.0642663,0.107011,0.0121899,1.182,0.162907
371579161,7104.01,123.43,0,12.0545,0.008,343.176738,54.140988,,,,,2460423.293,0.0040181,2.2215349,7.6e-06,2.869,0.879,3.849236,0.239271,3539.0,220.352,,,,,19.0,892.821,,,,,,,,,,,
326470400,7164.01,10.06,0,9.8447,0.006,210.09769,-61.7412,-6.704,0.035,23.44,0.053,2460087.797,0.0158962,736.5528811,0.0050184,4.735,1.644,1.555889,0.893629,1432.0,822.724,3.13923,1.18599,0.22955,192.0,13.0,108.2,0.4255,5659.0,134.6,4.57,0.08,0.86,0.05,,,1.0,0.12201
239277658,7165.01,109.94,1,14.1223,0.023,300.102351,45.762192,-0.943,0.038,8.225,0.038,2460534.505,0.00607261,3.250965679,0.001442562,3.226116111,0.46960762,7.86555,0.97343,7218.261236,896.1608,12.82971612,2.3534684,1175.136445,1493.281977,7.5902185,1188.0,32.645,5757.0,134.0,4.09896,,1.499590039,,0.26,0.1,1.03,
257052211,7350.01,40.92,0,10.5702,0.016,329.918472,41.516288,5.56,0.046,4.745,0.053,2460580.285,0.0026605,2.2175244,8.9e-06,2.462,0.422,1.827746,0.107581,1682.0,99.0808,7.18798,0.411387,2781.41,2023.0,18.0,466.499,7.5385,7406.0,168.5,4.1,0.08,1.92,0.07,,,1.69,0.273219
11755687,7383.01,107.41,1,12.4821,0.006,90.643666,-0.57711,5.933,0.042,-40.68,0.043,2460663.455,0.000978001,3.052268551,0.000187921,2.256438837,0.059386015,17.350294,0.400671,15853.20481,368.96384,12.65581119,0.76818264,426.5350511,1159.066706,19.201805,363.66,3.033,5370.0,140.501,4.43994,0.0820357,0.962287009,0.0543518,,,0.93,0.12187
